row_id,crop,region,year,window,trend_residual_t_ha,trend_residual_z,event,retrospective_trend_residual_t_ha,retrospective_trend_residual_z,retrospective_event,prospective_target_sha256,retrospective_target_sha256,target_delta_t_ha,rank_prospective,rank_retrospective
Barley|Colorado|2016|spring,Barley,Colorado,2016,spring,-0.5095273846155033,-1.3352944037451613,True,0.009966040326040648,0.017758769222926178,False,18cef212091e3fad94a3b884b402621de0979a04cb851adee1b1f312c060d2bc,7990df1639b81648dd5c9d71ed2a5673e7bfe2a93f856810661b2d609ce470a5,0.5194934249415439,55.0,141.0
Barley|Minnesota|2016|spring,Barley,Minnesota,2016,spring,0.2596310769230761,0.5071141850153177,False,0.08673182325183282,0.16876095177819025,False,18cef212091e3fad94a3b884b402621de0979a04cb851adee1b1f312c060d2bc,7990df1639b81648dd5c9d71ed2a5673e7bfe2a93f856810661b2d609ce470a5,-0.17289925367124326,202.0,171.0
Barley|Montana|2016|spring,Barley,Montana,2016,spring,0.3439889230769162,1.0676508716149997,False,0.4411706435006466,1.2376521079914358,False,18cef212091e3fad94a3b884b402621de0979a04cb851adee1b1f312c060d2bc,7990df1639b81648dd5c9d71ed2a5673e7bfe2a93f856810661b2d609ce470a5,0.09718172042373041,225.0,289.0
Barley|North Dakota|2016|spring,Barley,North Dakota,2016,spring,0.25977169230768604,0.7601347845359875,False,0.12116764478765285,0.338487971143574,False,18cef212091e3fad94a3b884b402621de0979a04cb851adee1b1f312c060d2bc,7990df1639b81648dd5c9d71ed2a5673e7bfe2a93f856810661b2d609ce470a5,-0.1386040475200332,203.0,190.0
Barley|Washington|2016|spring,Barley,Washington,2016,spring,0.6643498461538346,1.3956179916897797,False,0.6897732175032196,1.1308929953483102,False,18cef212091e3fad94a3b884b402621de0979a04cb851adee1b1f312c060d2bc,7990df1639b81648dd5c9d71ed2a5673e7bfe2a93f856810661b2d609ce470a5,0.025423371349384993,287.0,321.0
Canola|Minnesota|2016|spring,Canola,Minnesota,2016,spring,-0.007122807017545307,-0.024627011356157174,False,-0.16940738916254383,-0.5614594385715206,False,18cef212091e3fad94a3b884b402621de0979a04cb851adee1b1f312c060d2bc,7990df1639b81648dd5c9d71ed2a5673e7bfe2a93f856810661b2d609ce470a5,-0.16228458214499852,124.0,87.0
Canola|Montana|2016|spring,Canola,Montana,2016,spring,0.11610514705883856,0.3929253267883942,False,0.4294175824175821,1.2996025682170542,False,18cef212091e3fad94a3b884b402621de0979a04cb851adee1b1f312c060d2bc,7990df1639b81648dd5c9d71ed2a5673e7bfe2a93f856810661b2d609ce470a5,0.31331243535874354,158.0,284.0
Canola|North Dakota|2016|spring,Canola,North Dakota,2016,spring,0.18139300000000302,1.020429425479767,False,0.14478201680671843,0.7540906437520256,False,18cef212091e3fad94a3b884b402621de0979a04cb851adee1b1f312c060d2bc,7990df1639b81648dd5c9d71ed2a5673e7bfe2a93f856810661b2d609ce470a5,-0.036610983193284596,177.0,203.0
Canola|Oklahoma|2016|spring,Canola,Oklahoma,2016,spring,0.6501000000000023,2.1161829719009733,False,0.27098480392157054,0.7124090366715641,False,18cef212091e3fad94a3b884b402621de0979a04cb851adee1b1f312c060d2bc,7990df1639b81648dd5c9d71ed2a5673e7bfe2a93f856810661b2d609ce470a5,-0.3791151960784318,283.0,243.0
Canola|Washington|2016|spring,Canola,Washington,2016,spring,1.2553899999999967,10.225376183602073,False,0.3628547619047586,0.9889394111695972,False,18cef212091e3fad94a3b884b402621de0979a04cb851adee1b1f312c060d2bc,7990df1639b81648dd5c9d71ed2a5673e7bfe2a93f856810661b2d609ce470a5,-0.892535238095238,322.0,265.0
Oats|Colorado|2016|spring,Oats,Colorado,2016,spring,0.3700559999999782,1.6061406312353874,False,0.4383304433497428,1.6398501473042195,False,18cef212091e3fad94a3b884b402621de0979a04cb851adee1b1f312c060d2bc,7990df1639b81648dd5c9d71ed2a5673e7bfe2a93f856810661b2d609ce470a5,0.06827444334976462,231.0,287.0
Oats|Illinois|2016|spring,Oats,Illinois,2016,spring,0.15521876923075606,0.5660242636428483,False,0.09793586443588165,0.3156442083702578,False,18cef212091e3fad94a3b884b402621de0979a04cb851adee1b1f312c060d2bc,7990df1639b81648dd5c9d71ed2a5673e7bfe2a93f856810661b2d609ce470a5,-0.05728290479487441,168.0,177.0
Oats|Iowa|2016|spring,Oats,Iowa,2016,spring,0.16343753846153763,0.5563878508437117,False,0.08225293007293732,0.2764719285288243,False,18cef212091e3fad94a3b884b402621de0979a04cb851adee1b1f312c060d2bc,7990df1639b81648dd5c9d71ed2a5673e7bfe2a93f856810661b2d609ce470a5,-0.08118460838860031,173.0,169.0
Oats|Kansas|2016|spring,Oats,Kansas,2016,spring,0.2778387692307751,0.9430750458889086,False,0.140744624624626,0.47517209075913247,False,18cef212091e3fad94a3b884b402621de0979a04cb851adee1b1f312c060d2bc,7990df1639b81648dd5c9d71ed2a5673e7bfe2a93f856810661b2d609ce470a5,-0.1370941446061491,208.0,200.0
Oats|Minnesota|2016|spring,Oats,Minnesota,2016,spring,0.01924276923076107,0.06846152778472081,False,-0.0008905319605290174,-0.002919597581309839,False,18cef212091e3fad94a3b884b402621de0979a04cb851adee1b1f312c060d2bc,7990df1639b81648dd5c9d71ed2a5673e7bfe2a93f856810661b2d609ce470a5,-0.020133301191290087,135.0,136.0
Oats|Montana|2016|spring,Oats,Montana,2016,spring,-0.255666769230777,-0.9982417247054851,False,0.0052004461604435726,0.018918951046166633,False,18cef212091e3fad94a3b884b402621de0979a04cb851adee1b1f312c060d2bc,7990df1639b81648dd5c9d71ed2a5673e7bfe2a93f856810661b2d609ce470a5,0.2608672153912206,86.0,139.0
Oats|Nebraska|2016|spring,Oats,Nebraska,2016,spring,-0.33155353846154245,-0.9640581377716058,False,-0.045340853710851725,-0.12895795766857068,False,18cef212091e3fad94a3b884b402621de0979a04cb851adee1b1f312c060d2bc,7990df1639b81648dd5c9d71ed2a5673e7bfe2a93f856810661b2d609ce470a5,0.2862126847506907,74.0,123.0
Oats|North Dakota|2016|spring,Oats,North Dakota,2016,spring,0.10842953846152126,0.3465266949628797,False,-0.09008669669668423,-0.24081339247584588,False,18cef212091e3fad94a3b884b402621de0979a04cb851adee1b1f312c060d2bc,7990df1639b81648dd5c9d71ed2a5673e7bfe2a93f856810661b2d609ce470a5,-0.1985162351582055,155.0,114.0
Oats|Oklahoma|2016|spring,Oats,Oklahoma,2016,spring,0.1963378461538472,1.466663560161155,False,0.06612180290297953,0.28634423935063336,False,18cef212091e3fad94a3b884b402621de0979a04cb851adee1b1f312c060d2bc,7990df1639b81648dd5c9d71ed2a5673e7bfe2a93f856810661b2d609ce470a5,-0.13021604325086766,187.0,160.0
Oats|South Dakota|2016|spring,Oats,South Dakota,2016,spring,0.09558061538458551,0.3073097471763181,False,0.2046014371514473,0.6977995601001038,False,18cef212091e3fad94a3b884b402621de0979a04cb851adee1b1f312c060d2bc,7990df1639b81648dd5c9d71ed2a5673e7bfe2a93f856810661b2d609ce470a5,0.10902082176686179,151.0,217.0
Oats|Texas|2016|spring,Oats,Texas,2016,spring,0.19282676923076547,0.9988786803572889,False,0.10006543543543955,0.5484686937787996,False,18cef212091e3fad94a3b884b402621de0979a04cb851adee1b1f312c060d2bc,7990df1639b81648dd5c9d71ed2a5673e7bfe2a93f856810661b2d609ce470a5,-0.09276133379532592,185.0,179.0
Oats|Washington|2016|spring,Oats,Washington,2016,spring,-0.36551353846154067,-0.9079757974474088,False,-0.10350029556650409,-0.23435382191676704,False,18cef212091e3fad94a3b884b402621de0979a04cb851adee1b1f312c060d2bc,7990df1639b81648dd5c9d71ed2a5673e7bfe2a93f856810661b2d609ce470a5,0.2620132428950366,67.0,108.0
Wheat|Colorado|2016|winter,Wheat,Colorado,2016,winter,0.9569996923076922,2.3648192501943273,False,0.82591148863149,1.851181754020445,False,18cef212091e3fad94a3b884b402621de0979a04cb851adee1b1f312c060d2bc,7990df1639b81648dd5c9d71ed2a5673e7bfe2a93f856810661b2d609ce470a5,-0.13108820367620222,313.0,326.0
Wheat|Illinois|2016|winter,Wheat,Illinois,2016,winter,0.4122187692307149,0.9759662889742964,False,0.19706084084087205,0.46133115447936696,False,18cef212091e3fad94a3b884b402621de0979a04cb851adee1b1f312c060d2bc,7990df1639b81648dd5c9d71ed2a5673e7bfe2a93f856810661b2d609ce470a5,-0.21515792838984282,241.0,215.0
Wheat|Iowa|2016|winter,Wheat,Iowa,2016,winter,0.5427403076922674,1.1289715127563316,False,0.37790157635467114,0.7825029556702771,False,18cef212091e3fad94a3b884b402621de0979a04cb851adee1b1f312c060d2bc,7990df1639b81648dd5c9d71ed2a5673e7bfe2a93f856810661b2d609ce470a5,-0.1648387313375963,266.0,273.0
Wheat|Kansas|2016|winter,Wheat,Kansas,2016,winter,1.245912615384615,3.0339386005512345,False,0.9878279150579119,2.1615197940838446,False,18cef212091e3fad94a3b884b402621de0979a04cb851adee1b1f312c060d2bc,7990df1639b81648dd5c9d71ed2a5673e7bfe2a93f856810661b2d609ce470a5,-0.25808470032670305,321.0,329.0
Wheat|Minnesota|2016|spring,Wheat,Minnesota,2016,spring,0.06901661538455839,0.14877407967240935,False,0.1361028957529018,0.3030010472897587,False,18cef212091e3fad94a3b884b402621de0979a04cb851adee1b1f312c060d2bc,7990df1639b81648dd5c9d71ed2a5673e7bfe2a93f856810661b2d609ce470a5,0.06708628036834341,149.0,197.0
Wheat|Montana|2016|spring,Wheat,Montana,2016,spring,0.5056507692307601,1.6369277685834527,False,0.5386087816387839,1.5098126511240808,False,18cef212091e3fad94a3b884b402621de0979a04cb851adee1b1f312c060d2bc,7990df1639b81648dd5c9d71ed2a5673e7bfe2a93f856810661b2d609ce470a5,0.03295801240802376,261.0,302.0
Wheat|Nebraska|2016|winter,Wheat,Nebraska,2016,winter,0.6704923076923008,2.1086369086015817,False,0.6327527284427332,1.6859080917780442,False,18cef212091e3fad94a3b884b402621de0979a04cb851adee1b1f312c060d2bc,7990df1639b81648dd5c9d71ed2a5673e7bfe2a93f856810661b2d609ce470a5,-0.03773957924956761,289.0,317.0
Wheat|North Dakota|2016|spring,Wheat,North Dakota,2016,spring,0.16210338461537166,0.47121579643327965,False,0.1004840326040517,0.27691569668104876,False,18cef212091e3fad94a3b884b402621de0979a04cb851adee1b1f312c060d2bc,7990df1639b81648dd5c9d71ed2a5673e7bfe2a93f856810661b2d609ce470a5,-0.06161935201131996,171.0,181.0
Wheat|Oklahoma|2016|winter,Wheat,Oklahoma,2016,winter,0.7009809230769246,1.7497862676457723,False,0.44021803946804106,1.0854742259858272,False,18cef212091e3fad94a3b884b402621de0979a04cb851adee1b1f312c060d2bc,7990df1639b81648dd5c9d71ed2a5673e7bfe2a93f856810661b2d609ce470a5,-0.26076288360888356,292.0,288.0
Wheat|South Dakota|2016|spring,Wheat,South Dakota,2016,spring,0.2249199999999636,0.6942926536703906,False,0.4036628099528148,1.0800069644245296,False,18cef212091e3fad94a3b884b402621de0979a04cb851adee1b1f312c060d2bc,7990df1639b81648dd5c9d71ed2a5673e7bfe2a93f856810661b2d609ce470a5,0.1787428099528512,193.0,277.0
Wheat|Texas|2016|winter,Wheat,Texas,2016,winter,0.15185015384615586,0.6510705331624338,False,0.02002111111111393,0.0865256826621563,False,18cef212091e3fad94a3b884b402621de0979a04cb851adee1b1f312c060d2bc,7990df1639b81648dd5c9d71ed2a5673e7bfe2a93f856810661b2d609ce470a5,-0.13182904273504192,166.0,144.0
Wheat|Washington|2016|winter,Wheat,Washington,2016,winter,0.7188430769230747,1.600964282119383,False,0.692637558987566,1.3233458229933845,False,18cef212091e3fad94a3b884b402621de0979a04cb851adee1b1f312c060d2bc,7990df1639b81648dd5c9d71ed2a5673e7bfe2a93f856810661b2d609ce470a5,-0.026205517935508738,294.0,322.0
Barley|Colorado|2017|spring,Barley,Colorado,2017,spring,-0.45714365811976965,-1.1980148404693742,True,0.09482740454740846,0.16897563508410177,False,18cef212091e3fad94a3b884b402621de0979a04cb851adee1b1f312c060d2bc,7990df1639b81648dd5c9d71ed2a5673e7bfe2a93f856810661b2d609ce470a5,0.5519710626671781,59.0,175.0
Barley|Minnesota|2017|spring,Barley,Minnesota,2017,spring,0.786356170940171,1.5359192492824716,False,0.603106482196492,1.1735118684585626,False,18cef212091e3fad94a3b884b402621de0979a04cb851adee1b1f312c060d2bc,7990df1639b81648dd5c9d71ed2a5673e7bfe2a93f856810661b2d609ce470a5,-0.18324968874367897,302.0,313.0
Barley|Montana|2017|spring,Barley,Montana,2017,spring,-0.15672813675214714,-0.48644279098664295,False,-0.05301418275417946,-0.14872502512524333,False,18cef212091e3fad94a3b884b402621de0979a04cb851adee1b1f312c060d2bc,7990df1639b81648dd5c9d71ed2a5673e7bfe2a93f856810661b2d609ce470a5,0.10371395399796768,103.0,122.0
Barley|North Dakota|2017|spring,Barley,North Dakota,2017,spring,0.1263450940170867,0.3697065679662422,False,-0.02070969111969445,-0.057853574214473735,False,18cef212091e3fad94a3b884b402621de0979a04cb851adee1b1f312c060d2bc,7990df1639b81648dd5c9d71ed2a5673e7bfe2a93f856810661b2d609ce470a5,-0.14705478513678116,161.0,129.0
Barley|Washington|2017|spring,Barley,Washington,2017,spring,-0.6376738119658238,-1.3395789130699003,True,-0.6096975804375759,-0.9996078500894379,False,18cef212091e3fad94a3b884b402621de0979a04cb851adee1b1f312c060d2bc,7990df1639b81648dd5c9d71ed2a5673e7bfe2a93f856810661b2d609ce470a5,0.027976231528247908,39.0,36.0
Canola|Minnesota|2017|spring,Canola,Minnesota,2017,spring,0.39062017543859673,1.3505641066470517,False,0.2146028571428764,0.7112487848548007,False,18cef212091e3fad94a3b884b402621de0979a04cb851adee1b1f312c060d2bc,7990df1639b81648dd5c9d71ed2a5673e7bfe2a93f856810661b2d609ce470a5,-0.17601731829572032,237.0,222.0
Canola|Montana|2017|spring,Canola,Montana,2017,spring,-0.8248975490195913,-2.7916345418451827,True,-0.4816502442002448,-1.4576811010414288,True,18cef212091e3fad94a3b884b402621de0979a04cb851adee1b1f312c060d2bc,7990df1639b81648dd5c9d71ed2a5673e7bfe2a93f856810661b2d609ce470a5,0.3432473048193465,21.0,48.0
Canola|North Dakota|2017|spring,Canola,North Dakota,2017,spring,-0.10666138461537678,-0.600025444333263,False,-0.14555487394958355,-0.7581160355323427,False,18cef212091e3fad94a3b884b402621de0979a04cb851adee1b1f312c060d2bc,7990df1639b81648dd5c9d71ed2a5673e7bfe2a93f856810661b2d609ce470a5,-0.03889348933420678,109.0,96.0
Canola|Oklahoma|2017|spring,Canola,Oklahoma,2017,spring,0.4523714285714402,1.4725437842138065,False,-0.007923529411763441,-0.020830666050583917,False,18cef212091e3fad94a3b884b402621de0979a04cb851adee1b1f312c060d2bc,7990df1639b81648dd5c9d71ed2a5673e7bfe2a93f856810661b2d609ce470a5,-0.46029495798320363,251.0,131.0
Canola|Washington|2017|spring,Canola,Washington,2017,spring,1.143280000000023,9.31222017316439,False,0.004314047619046191,0.011757684230852014,False,18cef212091e3fad94a3b884b402621de0979a04cb851adee1b1f312c060d2bc,7990df1639b81648dd5c9d71ed2a5673e7bfe2a93f856810661b2d609ce470a5,-1.1389659523809768,317.0,138.0
Oats|Colorado|2017|spring,Oats,Colorado,2017,spring,-0.18478030769233067,-0.8019952656809958,False,-0.11240926108375726,-0.4205373962571837,False,18cef212091e3fad94a3b884b402621de0979a04cb851adee1b1f312c060d2bc,7990df1639b81648dd5c9d71ed2a5673e7bfe2a93f856810661b2d609ce470a5,0.07237104660857341,98.0,104.0
Oats|Illinois|2017|spring,Oats,Illinois,2017,spring,0.06405805128203834,0.23359553414193088,False,0.002716881166896279,0.008756422482210138,False,18cef212091e3fad94a3b884b402621de0979a04cb851adee1b1f312c060d2bc,7990df1639b81648dd5c9d71ed2a5673e7bfe2a93f856810661b2d609ce470a5,-0.06134117011514206,147.0,137.0
Oats|Iowa|2017|spring,Oats,Iowa,2017,spring,0.18681866666666647,0.6359838591708584,False,0.10016928785929391,0.3366931265458925,False,18cef212091e3fad94a3b884b402621de0979a04cb851adee1b1f312c060d2bc,7990df1639b81648dd5c9d71ed2a5673e7bfe2a93f856810661b2d609ce470a5,-0.08664937880737256,179.0,180.0
Oats|Kansas|2017|spring,Oats,Kansas,2017,spring,0.17130574358974981,0.5814673468508951,False,0.02579660660660843,0.08709268669013333,False,18cef212091e3fad94a3b884b402621de0979a04cb851adee1b1f312c060d2bc,7990df1639b81648dd5c9d71ed2a5673e7bfe2a93f856810661b2d609ce470a5,-0.14550913698314139,174.0,147.0
Oats|Minnesota|2017|spring,Oats,Minnesota,2017,spring,0.2538855384615304,0.903268736276136,False,0.2319501244101283,0.7604455002491297,False,18cef212091e3fad94a3b884b402621de0979a04cb851adee1b1f312c060d2bc,7990df1639b81648dd5c9d71ed2a5673e7bfe2a93f856810661b2d609ce470a5,-0.02193541405140209,200.0,226.0
Oats|Montana|2017|spring,Oats,Montana,2017,spring,-0.26152755555556384,-1.0211249545698426,True,0.015420433290433078,0.056098729518910706,False,18cef212091e3fad94a3b884b402621de0979a04cb851adee1b1f312c060d2bc,7990df1639b81648dd5c9d71ed2a5673e7bfe2a93f856810661b2d609ce470a5,0.2769479888459969,85.0,143.0
Oats|Nebraska|2017|spring,Oats,Nebraska,2017,spring,-0.749179726495733,-2.1783896963762692,True,-0.44552278421278246,-1.267151004991884,True,18cef212091e3fad94a3b884b402621de0979a04cb851adee1b1f312c060d2bc,7990df1639b81648dd5c9d71ed2a5673e7bfe2a93f856810661b2d609ce470a5,0.3036569422829505,29.0,55.0
Oats|North Dakota|2017|spring,Oats,North Dakota,2017,spring,-0.19199647863249458,-0.6135957611646562,False,-0.4028181381381244,-1.0767849854951559,True,18cef212091e3fad94a3b884b402621de0979a04cb851adee1b1f312c060d2bc,7990df1639b81648dd5c9d71ed2a5673e7bfe2a93f856810661b2d609ce470a5,-0.2108216595056298,97.0,60.0
Oats|Oklahoma|2017|spring,Oats,Oklahoma,2017,spring,0.16210646153846242,1.2109516563547669,False,0.024189732620320425,0.10475501700133974,False,18cef212091e3fad94a3b884b402621de0979a04cb851adee1b1f312c060d2bc,7990df1639b81648dd5c9d71ed2a5673e7bfe2a93f856810661b2d609ce470a5,-0.137916728918142,172.0,146.0
Oats|South Dakota|2017|spring,Oats,South Dakota,2017,spring,-0.37259859829062236,-1.1979749301489415,True,-0.2569343414843317,-0.8762825567528437,False,18cef212091e3fad94a3b884b402621de0979a04cb851adee1b1f312c060d2bc,7990df1639b81648dd5c9d71ed2a5673e7bfe2a93f856810661b2d609ce470a5,0.11566425680629067,66.0,80.0
Oats|Texas|2017|spring,Oats,Texas,2017,spring,0.011869777777773871,0.06148766589875188,False,-0.08655366366366013,-0.4744093167116162,False,18cef212091e3fad94a3b884b402621de0979a04cb851adee1b1f312c060d2bc,7990df1639b81648dd5c9d71ed2a5673e7bfe2a93f856810661b2d609ce470a5,-0.098423441441434,131.0,115.0
Oats|Washington|2017|spring,Oats,Washington,2017,spring,-1.0498706666666686,-2.607994110958527,True,-0.7727029064039421,-1.749617026026762,True,18cef212091e3fad94a3b884b402621de0979a04cb851adee1b1f312c060d2bc,7990df1639b81648dd5c9d71ed2a5673e7bfe2a93f856810661b2d609ce470a5,0.2771677602627265,9.0,22.0
Wheat|Colorado|2017|winter,Wheat,Colorado,2017,winter,0.6186087863247867,1.5286295053163481,False,0.4805386572286574,1.0770698877638283,False,18cef212091e3fad94a3b884b402621de0979a04cb851adee1b1f312c060d2bc,7990df1639b81648dd5c9d71ed2a5673e7bfe2a93f856810661b2d609ce470a5,-0.13807012909612926,276.0,295.0
Wheat|Illinois|2017|winter,Wheat,Illinois,2017,winter,0.48930762393157323,1.1584813248230559,False,0.2604578678678777,0.6097473671785979,False,18cef212091e3fad94a3b884b402621de0979a04cb851adee1b1f312c060d2bc,7990df1639b81648dd5c9d71ed2a5673e7bfe2a93f856810661b2d609ce470a5,-0.2288497560636955,257.0,237.0
Wheat|Iowa|2017|winter,Wheat,Iowa,2017,winter,0.8372404444444079,1.7415706880593886,False,0.6629838916256041,1.3728094488600968,False,18cef212091e3fad94a3b884b402621de0979a04cb851adee1b1f312c060d2bc,7990df1639b81648dd5c9d71ed2a5673e7bfe2a93f856810661b2d609ce470a5,-0.1742565528188038,307.0,319.0
Wheat|Kansas|2017|winter,Wheat,Kansas,2017,winter,0.6374859145299139,1.5523505416974637,False,0.3646802187902183,0.7979765497714971,False,18cef212091e3fad94a3b884b402621de0979a04cb851adee1b1f312c060d2bc,7990df1639b81648dd5c9d71ed2a5673e7bfe2a93f856810661b2d609ce470a5,-0.2728056957396956,281.0,266.0
Wheat|Minnesota|2017|spring,Wheat,Minnesota,2017,spring,0.5392127179486739,1.1623414943413877,False,0.6104061776061815,1.3589256133286063,False,18cef212091e3fad94a3b884b402621de0979a04cb851adee1b1f312c060d2bc,7990df1639b81648dd5c9d71ed2a5673e7bfe2a93f856810661b2d609ce470a5,0.07119345965750767,265.0,314.0
Wheat|Montana|2017|spring,Wheat,Montana,2017,spring,-0.5228147008547082,-1.692492039426055,True,-0.4874620806520815,-1.3664396894393,True,18cef212091e3fad94a3b884b402621de0979a04cb851adee1b1f312c060d2bc,7990df1639b81648dd5c9d71ed2a5673e7bfe2a93f856810661b2d609ce470a5,0.03535262020262664,51.0,43.0
Wheat|Nebraska|2017|winter,Wheat,Nebraska,2017,winter,0.10962991452990556,0.34477604204026596,False,0.07040893178894114,0.18759774948511718,False,18cef212091e3fad94a3b884b402621de0979a04cb851adee1b1f312c060d2bc,7990df1639b81648dd5c9d71ed2a5673e7bfe2a93f856810661b2d609ce470a5,-0.039220982740964416,156.0,162.0
Wheat|North Dakota|2017|spring,Wheat,North Dakota,2017,spring,-0.3514419487179623,-1.0216011106624034,True,-0.41714954525953374,-1.1495881878159087,True,18cef212091e3fad94a3b884b402621de0979a04cb851adee1b1f312c060d2bc,7990df1639b81648dd5c9d71ed2a5673e7bfe2a93f856810661b2d609ce470a5,-0.06570759654157143,71.0,58.0
Wheat|Oklahoma|2017|winter,Wheat,Oklahoma,2017,winter,0.3689926153846166,0.9210781492149775,False,0.09274107679107857,0.22867769950667022,False,18cef212091e3fad94a3b884b402621de0979a04cb851adee1b1f312c060d2bc,7990df1639b81648dd5c9d71ed2a5673e7bfe2a93f856810661b2d609ce470a5,-0.276251538593538,230.0,173.0
Wheat|South Dakota|2017|spring,Wheat,South Dakota,2017,spring,-0.9525659829060222,-2.9404213234397703,True,-0.7632565980265857,-2.0421064838944254,True,18cef212091e3fad94a3b884b402621de0979a04cb851adee1b1f312c060d2bc,7990df1639b81648dd5c9d71ed2a5673e7bfe2a93f856810661b2d609ce470a5,0.1893093848794365,11.0,23.0
Wheat|Texas|2017|winter,Wheat,Texas,2017,winter,-0.04741336752136549,-0.2032888718864036,False,-0.18745222222222013,-0.8101164517943383,False,18cef212091e3fad94a3b884b402621de0979a04cb851adee1b1f312c060d2bc,7990df1639b81648dd5c9d71ed2a5673e7bfe2a93f856810661b2d609ce470a5,-0.14003885470085464,117.0,86.0
Wheat|Washington|2017|winter,Wheat,Washington,2017,winter,0.380880170940169,0.8482735231349933,False,0.35421419991420944,0.6767578162907962,False,18cef212091e3fad94a3b884b402621de0979a04cb851adee1b1f312c060d2bc,7990df1639b81648dd5c9d71ed2a5673e7bfe2a93f856810661b2d609ce470a5,-0.02666597102595958,234.0,263.0
Barley|Colorado|2018|spring,Barley,Colorado,2018,spring,0.13324006837596336,0.3491759678261523,False,0.7176887687687756,1.2788699224052016,False,18cef212091e3fad94a3b884b402621de0979a04cb851adee1b1f312c060d2bc,7990df1639b81648dd5c9d71ed2a5673e7bfe2a93f856810661b2d609ce470a5,0.5844487003928123,163.0,324.0
Barley|Kansas|2018|spring,Barley,Kansas,2018,spring,-0.6520192136752152,-1.4578616025895081,True,-0.7517882946111063,-1.3021481987500316,True,18cef212091e3fad94a3b884b402621de0979a04cb851adee1b1f312c060d2bc,7990df1639b81648dd5c9d71ed2a5673e7bfe2a93f856810661b2d609ce470a5,-0.0997690809358911,38.0,24.0
Barley|Minnesota|2018|spring,Barley,Minnesota,2018,spring,0.775081264957266,1.5138969828172781,False,0.5814811411411513,1.1314337360938065,False,18cef212091e3fad94a3b884b402621de0979a04cb851adee1b1f312c060d2bc,7990df1639b81648dd5c9d71ed2a5673e7bfe2a93f856810661b2d609ce470a5,-0.1936001238161147,298.0,311.0
Barley|Montana|2018|spring,Barley,Montana,2018,spring,0.09575480341879716,0.2971976493223953,False,0.206000990990995,0.5779114374548271,False,18cef212091e3fad94a3b884b402621de0979a04cb851adee1b1f312c060d2bc,7990df1639b81648dd5c9d71ed2a5673e7bfe2a93f856810661b2d609ce470a5,0.11024618757219784,152.0,219.0
Barley|North Dakota|2018|spring,Barley,North Dakota,2018,spring,0.584718495726487,1.7109826856608163,False,0.4292129729729721,1.1990282444189884,False,18cef212091e3fad94a3b884b402621de0979a04cb851adee1b1f312c060d2bc,7990df1639b81648dd5c9d71ed2a5673e7bfe2a93f856810661b2d609ce470a5,-0.15550552275351492,270.0,283.0
Barley|South Dakota|2018|spring,Barley,South Dakota,2018,spring,0.5849523076923187,1.3929318841959717,False,0.48372318897981037,1.0242520878422599,False,18cef212091e3fad94a3b884b402621de0979a04cb851adee1b1f312c060d2bc,7990df1639b81648dd5c9d71ed2a5673e7bfe2a93f856810661b2d609ce470a5,-0.10122911871250828,271.0,296.0
Barley|Washington|2018|spring,Barley,Washington,2018,spring,0.4277025299145176,0.8984864665742974,False,0.4582316216216249,0.7512772574945245,False,18cef212091e3fad94a3b884b402621de0979a04cb851adee1b1f312c060d2bc,7990df1639b81648dd5c9d71ed2a5673e7bfe2a93f856810661b2d609ce470a5,0.03052909170710727,245.0,292.0
Canola|Minnesota|2018|spring,Canola,Minnesota,2018,spring,0.3399631578947391,1.1754181363507001,False,0.15021310344829697,0.4978446639493687,False,18cef212091e3fad94a3b884b402621de0979a04cb851adee1b1f312c060d2bc,7990df1639b81648dd5c9d71ed2a5673e7bfe2a93f856810661b2d609ce470a5,-0.1897500544464421,222.0,204.0
Canola|Montana|2018|spring,Canola,Montana,2018,spring,-0.5665002450980212,-1.9171612936164009,True,-0.19331807081807084,-0.5850637505420518,False,18cef212091e3fad94a3b884b402621de0979a04cb851adee1b1f312c060d2bc,7990df1639b81648dd5c9d71ed2a5673e7bfe2a93f856810661b2d609ce470a5,0.3731821742799504,47.0,85.0
Canola|North Dakota|2018|spring,Canola,North Dakota,2018,spring,0.27778423076923575,1.5626799436096517,False,0.2366082352941139,1.232363386042358,False,18cef212091e3fad94a3b884b402621de0979a04cb851adee1b1f312c060d2bc,7990df1639b81648dd5c9d71ed2a5673e7bfe2a93f856810661b2d609ce470a5,-0.04117599547512185,207.0,230.0
Canola|Oklahoma|2018|spring,Canola,Oklahoma,2018,spring,0.17614285714287803,0.5733741192243391,False,-0.36533186274509744,-0.9604439682122915,False,18cef212091e3fad94a3b884b402621de0979a04cb851adee1b1f312c060d2bc,7990df1639b81648dd5c9d71ed2a5673e7bfe2a93f856810661b2d609ce470a5,-0.5414747198879755,175.0,66.0
Canola|Washington|2018|spring,Canola,Washington,2018,spring,1.513170000000049,12.325040409547384,False,0.12777333333333352,0.34823873983775977,False,18cef212091e3fad94a3b884b402621de0979a04cb851adee1b1f312c060d2bc,7990df1639b81648dd5c9d71ed2a5673e7bfe2a93f856810661b2d609ce470a5,-1.3853966666667155,325.0,195.0
Oats|Colorado|2018|spring,Oats,Colorado,2018,spring,-0.739616615384632,-3.2101311625973463,True,-0.6631489655172533,-2.480924939818572,True,18cef212091e3fad94a3b884b402621de0979a04cb851adee1b1f312c060d2bc,7990df1639b81648dd5c9d71ed2a5673e7bfe2a93f856810661b2d609ce470a5,0.07646764986737864,32.0,25.0
Oats|Illinois|2018|spring,Oats,Illinois,2018,spring,0.18809733333332757,0.6859199768225189,False,0.12269789789791075,0.3954514627890629,False,18cef212091e3fad94a3b884b402621de0979a04cb851adee1b1f312c060d2bc,7990df1639b81648dd5c9d71ed2a5673e7bfe2a93f856810661b2d609ce470a5,-0.06539943543541682,180.0,192.0
Oats|Iowa|2018|spring,Oats,Iowa,2018,spring,-0.3279002051282047,-1.1162655295706636,True,-0.4200143543543424,-1.4117695072402083,True,18cef212091e3fad94a3b884b402621de0979a04cb851adee1b1f312c060d2bc,7990df1639b81648dd5c9d71ed2a5673e7bfe2a93f856810661b2d609ce470a5,-0.0921141492261377,76.0,56.0
Oats|Kansas|2018|spring,Oats,Kansas,2018,spring,-0.00692728205127513,-0.02351344578900502,False,-0.16085141141140924,-0.543055208437022,False,18cef212091e3fad94a3b884b402621de0979a04cb851adee1b1f312c060d2bc,7990df1639b81648dd5c9d71ed2a5673e7bfe2a93f856810661b2d609ce470a5,-0.1539241293601341,125.0,92.0
Oats|Minnesota|2018|spring,Oats,Minnesota,2018,spring,-0.33627169230770004,-1.19638049648991,True,-0.36000921921921414,-1.1802855958782992,True,18cef212091e3fad94a3b884b402621de0979a04cb851adee1b1f312c060d2bc,7990df1639b81648dd5c9d71ed2a5673e7bfe2a93f856810661b2d609ce470a5,-0.023737526911514095,73.0,68.0
Oats|Montana|2018|spring,Oats,Montana,2018,spring,-0.4108883418803506,-1.6042987842889465,True,-0.11785957957958093,-0.4287669841384692,False,18cef212091e3fad94a3b884b402621de0979a04cb851adee1b1f312c060d2bc,7990df1639b81648dd5c9d71ed2a5673e7bfe2a93f856810661b2d609ce470a5,0.2930287623007697,63.0,101.0
Oats|Nebraska|2018|spring,Oats,Nebraska,2018,spring,-0.05500591452991621,-0.15994068340877038,False,0.2660952852852869,0.7568252850830952,False,18cef212091e3fad94a3b884b402621de0979a04cb851adee1b1f312c060d2bc,7990df1639b81648dd5c9d71ed2a5673e7bfe2a93f856810661b2d609ce470a5,0.32110119981520313,115.0,240.0
Oats|North Dakota|2018|spring,Oats,North Dakota,2018,spring,0.65527750427349,2.0941816322495757,False,0.43215042042043583,1.1551939700008844,False,18cef212091e3fad94a3b884b402621de0979a04cb851adee1b1f312c060d2bc,7990df1639b81648dd5c9d71ed2a5673e7bfe2a93f856810661b2d609ce470a5,-0.22312708385305413,285.0,285.0
Oats|Oklahoma|2018|spring,Oats,Oklahoma,2018,spring,0.37897507692307775,2.830982138292432,False,0.23335766233766142,1.0105686685035713,False,18cef212091e3fad94a3b884b402621de0979a04cb851adee1b1f312c060d2bc,7990df1639b81648dd5c9d71ed2a5673e7bfe2a93f856810661b2d609ce470a5,-0.14561741458541633,233.0,228.0
Oats|South Dakota|2018|spring,Oats,South Dakota,2018,spring,0.020022188034169996,0.06437511955682379,False,0.14232987987988954,0.4854204787221114,False,18cef212091e3fad94a3b884b402621de0979a04cb851adee1b1f312c060d2bc,7990df1639b81648dd5c9d71ed2a5673e7bfe2a93f856810661b2d609ce470a5,0.12230769184571955,136.0,201.0
Oats|Texas|2018|spring,Oats,Texas,2018,spring,0.18971278632478228,0.9827476672817071,False,0.0856272372372402,0.4693314804960477,False,18cef212091e3fad94a3b884b402621de0979a04cb851adee1b1f312c060d2bc,7990df1639b81648dd5c9d71ed2a5673e7bfe2a93f856810661b2d609ce470a5,-0.10408554908754208,182.0,170.0
Oats|Washington|2018|spring,Oats,Washington,2018,spring,-0.9092277948717975,-2.2586217615491537,True,-0.6169055172413802,-1.396847853774112,True,18cef212091e3fad94a3b884b402621de0979a04cb851adee1b1f312c060d2bc,7990df1639b81648dd5c9d71ed2a5673e7bfe2a93f856810661b2d609ce470a5,0.2923222776304173,17.0,33.0
Wheat|Colorado|2018|winter,Wheat,Colorado,2018,winter,0.13911788034188044,0.34377089577259157,False,-0.005934174174171414,-0.01330074119032738,False,18cef212091e3fad94a3b884b402621de0979a04cb851adee1b1f312c060d2bc,7990df1639b81648dd5c9d71ed2a5673e7bfe2a93f856810661b2d609ce470a5,-0.14505205451605185,165.0,132.0
Wheat|Illinois|2018|winter,Wheat,Illinois,2018,winter,-0.2406035213675688,-0.5696512225813447,False,-0.48314510510508857,-1.1310714405160316,True,18cef212091e3fad94a3b884b402621de0979a04cb851adee1b1f312c060d2bc,7990df1639b81648dd5c9d71ed2a5673e7bfe2a93f856810661b2d609ce470a5,-0.24254158373751977,90.0,46.0
Wheat|Iowa|2018|winter,Wheat,Iowa,2018,winter,0.1229405811965476,0.25573264407571183,False,-0.06073379310346372,-0.12575859849794463,False,18cef212091e3fad94a3b884b402621de0979a04cb851adee1b1f312c060d2bc,7990df1639b81648dd5c9d71ed2a5673e7bfe2a93f856810661b2d609ce470a5,-0.18367437430001132,159.0,119.0
Wheat|Kansas|2018|winter,Wheat,Kansas,2018,winter,-0.0381407863247869,-0.09287714279257514,False,-0.32566747747747593,-0.7126106562959909,False,18cef212091e3fad94a3b884b402621de0979a04cb851adee1b1f312c060d2bc,7990df1639b81648dd5c9d71ed2a5673e7bfe2a93f856810661b2d609ce470a5,-0.28752669115268903,118.0,72.0
Wheat|Minnesota|2018|spring,Wheat,Minnesota,2018,spring,-0.053191179487225515,-0.1146603427422269,False,0.022109459459460634,0.04922150505445218,False,18cef212091e3fad94a3b884b402621de0979a04cb851adee1b1f312c060d2bc,7990df1639b81648dd5c9d71ed2a5673e7bfe2a93f856810661b2d609ce470a5,0.07530063894668615,116.0,145.0
Wheat|Montana|2018|spring,Wheat,Montana,2018,spring,0.20381982905981966,0.6598196982544118,False,0.24156705705705628,0.6771538290368149,False,18cef212091e3fad94a3b884b402621de0979a04cb851adee1b1f312c060d2bc,7990df1639b81648dd5c9d71ed2a5673e7bfe2a93f856810661b2d609ce470a5,0.03774722799723662,188.0,233.0
Wheat|Nebraska|2018|winter,Wheat,Nebraska,2018,winter,0.2886675213675103,0.90783292050743,False,0.24796513513514196,0.660678980922019,False,18cef212091e3fad94a3b884b402621de0979a04cb851adee1b1f312c060d2bc,7990df1639b81648dd5c9d71ed2a5673e7bfe2a93f856810661b2d609ce470a5,-0.040702386232368326,214.0,234.0
Wheat|North Dakota|2018|spring,Wheat,North Dakota,2018,spring,0.26481271794871786,0.7697799530216208,False,0.19501687687689495,0.5374310019754339,False,18cef212091e3fad94a3b884b402621de0979a04cb851adee1b1f312c060d2bc,7990df1639b81648dd5c9d71ed2a5673e7bfe2a93f856810661b2d609ce470a5,-0.0697958410718229,204.0,214.0
Wheat|Oklahoma|2018|winter,Wheat,Oklahoma,2018,winter,-0.03019569230769026,-0.07537438752274768,False,-0.3219358858858845,-0.793818233735539,False,18cef212091e3fad94a3b884b402621de0979a04cb851adee1b1f312c060d2bc,7990df1639b81648dd5c9d71ed2a5673e7bfe2a93f856810661b2d609ce470a5,-0.29174019357819425,119.0,73.0
Wheat|South Dakota|2018|spring,Wheat,South Dakota,2018,spring,-0.3545519658119938,-1.0944461373275058,True,-0.1546760060060004,-0.4138383809382337,False,18cef212091e3fad94a3b884b402621de0979a04cb851adee1b1f312c060d2bc,7990df1639b81648dd5c9d71ed2a5673e7bfe2a93f856810661b2d609ce470a5,0.19987595980599338,69.0,93.0
Wheat|Texas|2018|winter,Wheat,Texas,2018,winter,0.1567231111111127,0.6719637545666578,False,0.008474444444446227,0.03662419566370564,False,18cef212091e3fad94a3b884b402621de0979a04cb851adee1b1f312c060d2bc,7990df1639b81648dd5c9d71ed2a5673e7bfe2a93f856810661b2d609ce470a5,-0.14824866666666647,169.0,140.0
Wheat|Washington|2018|winter,Wheat,Washington,2018,winter,0.6549172649572625,1.4585925393173067,False,0.6277908408408486,1.199450385212442,False,18cef212091e3fad94a3b884b402621de0979a04cb851adee1b1f312c060d2bc,7990df1639b81648dd5c9d71ed2a5673e7bfe2a93f856810661b2d609ce470a5,-0.027126424116413972,284.0,316.0
Barley|Colorado|2019|spring,Barley,Colorado,2019,spring,-0.35237620512830325,-0.9234557139178025,False,0.2645501329901432,0.47140936680645135,False,18cef212091e3fad94a3b884b402621de0979a04cb851adee1b1f312c060d2bc,7990df1639b81648dd5c9d71ed2a5673e7bfe2a93f856810661b2d609ce470a5,0.6169263381184464,70.0,239.0
Barley|Kansas|2019|spring,Barley,Kansas,2019,spring,-0.5528432820512841,-1.2361123357226693,True,-0.6586933666558441,-1.1409014839253264,True,18cef212091e3fad94a3b884b402621de0979a04cb851adee1b1f312c060d2bc,7990df1639b81648dd5c9d71ed2a5673e7bfe2a93f856810661b2d609ce470a5,-0.10585008460456002,48.0,27.0
Barley|Minnesota|2019|spring,Barley,Minnesota,2019,spring,0.2796063589743576,0.5461301186929645,False,0.07565580008581074,0.1472094595884343,False,18cef212091e3fad94a3b884b402621de0979a04cb851adee1b1f312c060d2bc,7990df1639b81648dd5c9d71ed2a5673e7bfe2a93f856810661b2d609ce470a5,-0.20395055888854685,211.0,166.0
Barley|Montana|2019|spring,Barley,Montana,2019,spring,0.24063774358973422,0.7468760749298886,False,0.3574161647361658,1.0026888149353517,False,18cef212091e3fad94a3b884b402621de0979a04cb851adee1b1f312c060d2bc,7990df1639b81648dd5c9d71ed2a5673e7bfe2a93f856810661b2d609ce470a5,0.11677842114643155,196.0,264.0
Barley|North Dakota|2019|spring,Barley,North Dakota,2019,spring,0.4512918974358944,1.3205544690910906,False,0.2873356370656386,0.8026866990609791,False,18cef212091e3fad94a3b884b402621de0979a04cb851adee1b1f312c060d2bc,7990df1639b81648dd5c9d71ed2a5673e7bfe2a93f856810661b2d609ce470a5,-0.1639562603702558,250.0,248.0
Barley|South Dakota|2019|spring,Barley,South Dakota,2019,spring,-0.05695076923075826,-0.13561540188458646,False,-0.16392830855268725,-0.3471074286218436,False,18cef212091e3fad94a3b884b402621de0979a04cb851adee1b1f312c060d2bc,7990df1639b81648dd5c9d71ed2a5673e7bfe2a93f856810661b2d609ce470a5,-0.106977539321929,114.0,90.0
Barley|Washington|2019|spring,Barley,Washington,2019,spring,0.2555788717948584,0.5369015644960139,False,0.28866082368082857,0.473263523790845,False,18cef212091e3fad94a3b884b402621de0979a04cb851adee1b1f312c060d2bc,7990df1639b81648dd5c9d71ed2a5673e7bfe2a93f856810661b2d609ce470a5,0.033081951885970184,201.0,249.0
Canola|Minnesota|2019|spring,Canola,Minnesota,2019,spring,0.5470061403508737,1.8912665185404882,False,0.3435233497537027,1.1385242877680024,False,18cef212091e3fad94a3b884b402621de0979a04cb851adee1b1f312c060d2bc,7990df1639b81648dd5c9d71ed2a5673e7bfe2a93f856810661b2d609ce470a5,-0.203482790597171,268.0,262.0
Canola|Montana|2019|spring,Canola,Montana,2019,spring,-0.22980294117645128,-0.7777036423108123,False,0.17331410256410296,0.5245231262596758,False,18cef212091e3fad94a3b884b402621de0979a04cb851adee1b1f312c060d2bc,7990df1639b81648dd5c9d71ed2a5673e7bfe2a93f856810661b2d609ce470a5,0.40311704374055424,93.0,208.0
Canola|North Dakota|2019|spring,Canola,North Dakota,2019,spring,0.07932984615384875,0.44627140702325246,False,0.03587134453781182,0.18683428986129436,False,18cef212091e3fad94a3b884b402621de0979a04cb851adee1b1f312c060d2bc,7990df1639b81648dd5c9d71ed2a5673e7bfe2a93f856810661b2d609ce470a5,-0.043458501616036926,150.0,154.0
Canola|Oklahoma|2019|spring,Canola,Oklahoma,2019,spring,0.852714285714316,2.7757259672747736,False,0.23005980392156866,0.6048187238427187,False,18cef212091e3fad94a3b884b402621de0979a04cb851adee1b1f312c060d2bc,7990df1639b81648dd5c9d71ed2a5673e7bfe2a93f856810661b2d609ce470a5,-0.6226544817927473,308.0,225.0
Canola|Washington|2019|spring,Canola,Washington,2019,spring,1.9391600000000753,15.794805184201417,False,0.3073326190476211,0.837617061213986,False,18cef212091e3fad94a3b884b402621de0979a04cb851adee1b1f312c060d2bc,7990df1639b81648dd5c9d71ed2a5673e7bfe2a93f856810661b2d609ce470a5,-1.6318273809524542,328.0,255.0
Oats|Illinois|2019|spring,Oats,Illinois,2019,spring,-0.47696338461539023,-1.7393054325805897,True,-0.5464210853710676,-1.7610979585694717,True,18cef212091e3fad94a3b884b402621de0979a04cb851adee1b1f312c060d2bc,7990df1639b81648dd5c9d71ed2a5673e7bfe2a93f856810661b2d609ce470a5,-0.06945770075567737,57.0,38.0
Oats|Iowa|2019|spring,Oats,Iowa,2019,spring,-0.5197190769230793,-1.7692715086978632,True,-0.6172979965679857,-2.074887392300722,True,18cef212091e3fad94a3b884b402621de0979a04cb851adee1b1f312c060d2bc,7990df1639b81648dd5c9d71ed2a5673e7bfe2a93f856810661b2d609ce470a5,-0.09757891964490639,54.0,32.0
Oats|Kansas|2019|spring,Oats,Kansas,2019,spring,0.5321396923076995,1.8062549950527413,False,0.36980057057057314,1.2484946458921027,False,18cef212091e3fad94a3b884b402621de0979a04cb851adee1b1f312c060d2bc,7990df1639b81648dd5c9d71ed2a5673e7bfe2a93f856810661b2d609ce470a5,-0.1623391217371264,264.0,269.0
Oats|Minnesota|2019|spring,Oats,Minnesota,2019,spring,-0.24502892307693047,-0.8717588525915104,False,-0.2705685628485637,-0.8870555540778996,False,18cef212091e3fad94a3b884b402621de0979a04cb851adee1b1f312c060d2bc,7990df1639b81648dd5c9d71ed2a5673e7bfe2a93f856810661b2d609ce470a5,-0.025539639771633205,89.0,79.0
Oats|Montana|2019|spring,Oats,Montana,2019,spring,0.013650871794862462,0.05329933899988662,False,0.3227604075504049,1.1741854759565602,False,18cef212091e3fad94a3b884b402621de0979a04cb851adee1b1f312c060d2bc,7990df1639b81648dd5c9d71ed2a5673e7bfe2a93f856810661b2d609ce470a5,0.30910953575554245,132.0,259.0
Oats|Nebraska|2019|spring,Oats,Nebraska,2019,spring,-0.2933321025641069,-0.852921678528199,False,0.045213354783355975,0.12859532662064999,False,18cef212091e3fad94a3b884b402621de0979a04cb851adee1b1f312c060d2bc,7990df1639b81648dd5c9d71ed2a5673e7bfe2a93f856810661b2d609ce470a5,0.3385454573474629,80.0,156.0
Oats|North Dakota|2019|spring,Oats,North Dakota,2019,spring,0.7852514871794707,2.5095615680735635,False,0.5498189789789887,1.469737246791616,False,18cef212091e3fad94a3b884b402621de0979a04cb851adee1b1f312c060d2bc,7990df1639b81648dd5c9d71ed2a5673e7bfe2a93f856810661b2d609ce470a5,-0.235432508200482,300.0,303.0
Oats|Oklahoma|2019|spring,Oats,Oklahoma,2019,spring,0.45244369230769355,3.3798001227561967,False,0.29912559205500244,1.2953804398373099,False,18cef212091e3fad94a3b884b402621de0979a04cb851adee1b1f312c060d2bc,7990df1639b81648dd5c9d71ed2a5673e7bfe2a93f856810661b2d609ce470a5,-0.1533181002526911,252.0,252.0
Oats|South Dakota|2019|spring,Oats,South Dakota,2019,spring,-0.01775702564105197,-0.05709219425296906,False,0.11119410124411067,0.3792309380331152,False,18cef212091e3fad94a3b884b402621de0979a04cb851adee1b1f312c060d2bc,7990df1639b81648dd5c9d71ed2a5673e7bfe2a93f856810661b2d609ce470a5,0.12895112688516264,120.0,186.0
Oats|Texas|2019|spring,Oats,Texas,2019,spring,0.18815579487179068,0.9746821607439163,False,0.07840813813814229,0.4297628738546815,False,18cef212091e3fad94a3b884b402621de0979a04cb851adee1b1f312c060d2bc,7990df1639b81648dd5c9d71ed2a5673e7bfe2a93f856810661b2d609ce470a5,-0.10974765673364839,181.0,167.0
Wheat|Colorado|2019|winter,Wheat,Colorado,2019,winter,1.004526974358975,2.4822627900488343,False,0.8524929944229962,1.9107610178918797,False,18cef212091e3fad94a3b884b402621de0979a04cb851adee1b1f312c060d2bc,7990df1639b81648dd5c9d71ed2a5673e7bfe2a93f856810661b2d609ce470a5,-0.1520339799359789,315.0,328.0
Wheat|Illinois|2019|winter,Wheat,Illinois,2019,winter,-0.2308146666667108,-0.5464751983223476,False,-0.48704807807805484,-1.1402085324914701,True,18cef212091e3fad94a3b884b402621de0979a04cb851adee1b1f312c060d2bc,7990df1639b81648dd5c9d71ed2a5673e7bfe2a93f856810661b2d609ce470a5,-0.25623341141134404,92.0,44.0
Wheat|Kansas|2019|winter,Wheat,Kansas,2019,winter,0.9003325128205129,2.192411835507588,False,0.5980848262548233,1.3087018202104648,False,18cef212091e3fad94a3b884b402621de0979a04cb851adee1b1f312c060d2bc,7990df1639b81648dd5c9d71ed2a5673e7bfe2a93f856810661b2d609ce470a5,-0.30224768656568957,311.0,312.0
Wheat|Minnesota|2019|spring,Wheat,Minnesota,2019,spring,-0.24879507692312464,-0.5363093856460779,False,-0.16938725868726,-0.3771008434160137,False,18cef212091e3fad94a3b884b402621de0979a04cb851adee1b1f312c060d2bc,7990df1639b81648dd5c9d71ed2a5673e7bfe2a93f856810661b2d609ce470a5,0.07940781823586462,88.0,88.0
Wheat|Montana|2019|spring,Wheat,Montana,2019,spring,0.4664543589743513,1.5100384285847945,False,0.5065961947661943,1.4200758879981896,False,18cef212091e3fad94a3b884b402621de0979a04cb851adee1b1f312c060d2bc,7990df1639b81648dd5c9d71ed2a5673e7bfe2a93f856810661b2d609ce470a5,0.04014183579184305,255.0,299.0
Wheat|Nebraska|2019|winter,Wheat,Nebraska,2019,winter,0.8039051282051219,2.5282080120825694,False,0.7617213384813426,2.029532407369023,False,18cef212091e3fad94a3b884b402621de0979a04cb851adee1b1f312c060d2bc,7990df1639b81648dd5c9d71ed2a5673e7bfe2a93f856810661b2d609ce470a5,-0.04218378972377934,303.0,325.0
Wheat|North Dakota|2019|spring,Wheat,North Dakota,2019,spring,0.2825673846153842,0.821390716199648,False,0.20868329901330984,0.5750931728593883,False,18cef212091e3fad94a3b884b402621de0979a04cb851adee1b1f312c060d2bc,7990df1639b81648dd5c9d71ed2a5673e7bfe2a93f856810661b2d609ce470a5,-0.07388408560207438,212.0,221.0
Wheat|Oklahoma|2019|winter,Wheat,Oklahoma,2019,winter,0.7811160000000013,1.9498191822952196,False,0.47388715143715254,1.1684943432405965,False,18cef212091e3fad94a3b884b402621de0979a04cb851adee1b1f312c060d2bc,7990df1639b81648dd5c9d71ed2a5673e7bfe2a93f856810661b2d609ce470a5,-0.3072288485628487,299.0,294.0
Wheat|South Dakota|2019|spring,Wheat,South Dakota,2019,spring,-0.15323794871797958,-0.4730214389935554,False,0.0572045860145991,0.1530518783734644,False,18cef212091e3fad94a3b884b402621de0979a04cb851adee1b1f312c060d2bc,7990df1639b81648dd5c9d71ed2a5673e7bfe2a93f856810661b2d609ce470a5,0.21044253473257868,104.0,158.0
Wheat|Texas|2019|winter,Wheat,Texas,2019,winter,0.29365958974359163,1.259090628622777,False,0.13720111111111244,0.5929451035464964,False,18cef212091e3fad94a3b884b402621de0979a04cb851adee1b1f312c060d2bc,7990df1639b81648dd5c9d71ed2a5673e7bfe2a93f856810661b2d609ce470a5,-0.1564584786324792,215.0,199.0
Wheat|Washington|2019|winter,Wheat,Washington,2019,winter,0.236154358974356,0.525948855768422,False,0.20856748176749118,0.3984867731006385,False,18cef212091e3fad94a3b884b402621de0979a04cb851adee1b1f312c060d2bc,7990df1639b81648dd5c9d71ed2a5673e7bfe2a93f856810661b2d609ce470a5,-0.027586877206864813,195.0,220.0
Barley|Colorado|2020|spring,Barley,Colorado,2020,spring,-0.08479247863257022,-0.2222116526341206,False,0.5646114972115104,1.006097201251596,False,18cef212091e3fad94a3b884b402621de0979a04cb851adee1b1f312c060d2bc,7990df1639b81648dd5c9d71ed2a5673e7bfe2a93f856810661b2d609ce470a5,0.6494039758440806,111.0,306.0
Barley|Kansas|2020|spring,Barley,Kansas,2020,spring,0.40713264957265016,0.9103152859973126,False,0.2952015612994141,0.5113090800556745,False,18cef212091e3fad94a3b884b402621de0979a04cb851adee1b1f312c060d2bc,7990df1639b81648dd5c9d71ed2a5673e7bfe2a93f856810661b2d609ce470a5,-0.11193108827323606,240.0,250.0
Barley|Minnesota|2020|spring,Barley,Minnesota,2020,spring,-0.8077685470085472,-1.5777421303021166,True,-1.0220695409695297,-1.9887213487567366,True,18cef212091e3fad94a3b884b402621de0979a04cb851adee1b1f312c060d2bc,7990df1639b81648dd5c9d71ed2a5673e7bfe2a93f856810661b2d609ce470a5,-0.21430099396098257,22.0,6.0
Barley|Montana|2020|spring,Barley,Montana,2020,spring,0.43942068376067134,1.3638458815077543,False,0.5627313384813402,1.5786762731488322,False,18cef212091e3fad94a3b884b402621de0979a04cb851adee1b1f312c060d2bc,7990df1639b81648dd5c9d71ed2a5673e7bfe2a93f856810661b2d609ce470a5,0.12331065472066882,248.0,305.0
Barley|North Dakota|2020|spring,Barley,North Dakota,2020,spring,-0.058734700854705224,-0.17186741473776837,False,-0.23114169884169478,-0.6457060779279657,False,18cef212091e3fad94a3b884b402621de0979a04cb851adee1b1f312c060d2bc,7990df1639b81648dd5c9d71ed2a5673e7bfe2a93f856810661b2d609ce470a5,-0.17240699798698955,113.0,82.0
Barley|South Dakota|2020|spring,Barley,South Dakota,2020,spring,0.0005461538461655202,0.0013005421057341437,False,-0.11217980608518419,-0.23753337283420053,False,18cef212091e3fad94a3b884b402621de0979a04cb851adee1b1f312c060d2bc,7990df1639b81648dd5c9d71ed2a5673e7bfe2a93f856810661b2d609ce470a5,-0.1127259599313497,127.0,105.0
Barley|Washington|2020|spring,Barley,Washington,2020,spring,1.3208552136752,2.774756871390174,False,1.3564900257400296,2.2239846799532894,False,18cef212091e3fad94a3b884b402621de0979a04cb851adee1b1f312c060d2bc,7990df1639b81648dd5c9d71ed2a5673e7bfe2a93f856810661b2d609ce470a5,0.035634812064829546,323.0,332.0
Canola|Minnesota|2020|spring,Canola,Minnesota,2020,spring,-0.26585087719298395,-0.9191759029198374,False,-0.48306640394087674,-1.601005678029631,True,18cef212091e3fad94a3b884b402621de0979a04cb851adee1b1f312c060d2bc,7990df1639b81648dd5c9d71ed2a5673e7bfe2a93f856810661b2d609ce470a5,-0.2172155267478928,84.0,47.0
Canola|Montana|2020|spring,Canola,Montana,2020,spring,-0.061105637254895484,-0.20679490182140994,False,0.3719462759462768,1.12566964011383,False,18cef212091e3fad94a3b884b402621de0979a04cb851adee1b1f312c060d2bc,7990df1639b81648dd5c9d71ed2a5673e7bfe2a93f856810661b2d609ce470a5,0.4330519132011723,112.0,270.0
Canola|North Dakota|2020|spring,Canola,North Dakota,2020,spring,0.2508754615384685,1.4113042018416728,False,0.2051344537815094,1.0684336060487891,False,18cef212091e3fad94a3b884b402621de0979a04cb851adee1b1f312c060d2bc,7990df1639b81648dd5c9d71ed2a5673e7bfe2a93f856810661b2d609ce470a5,-0.04574100775695911,198.0,218.0
Canola|Oklahoma|2020|spring,Canola,Oklahoma,2020,spring,1.0696857142857539,3.4820038361132655,False,0.36585147058823475,0.9618099980324861,False,18cef212091e3fad94a3b884b402621de0979a04cb851adee1b1f312c060d2bc,7990df1639b81648dd5c9d71ed2a5673e7bfe2a93f856810661b2d609ce470a5,-0.7038342436975191,316.0,268.0
Canola|Washington|2020|spring,Canola,Washington,2020,spring,2.499550000000044,20.359282007761,False,0.6212919047619081,1.693294714486758,False,18cef212091e3fad94a3b884b402621de0979a04cb851adee1b1f312c060d2bc,7990df1639b81648dd5c9d71ed2a5673e7bfe2a93f856810661b2d609ce470a5,-1.878258095238136,330.0,315.0
Oats|Illinois|2020|spring,Oats,Illinois,2020,spring,-0.7475241025641082,-2.725938247069229,True,-0.8210400686400532,-2.646186297521485,True,18cef212091e3fad94a3b884b402621de0979a04cb851adee1b1f312c060d2bc,7990df1639b81648dd5c9d71ed2a5673e7bfe2a93f856810661b2d609ce470a5,-0.07351596607594502,30.0,17.0
Oats|Iowa|2020|spring,Oats,Iowa,2020,spring,0.18506205128205,0.6300038409461238,False,0.08201836121837136,0.2756834860558675,False,18cef212091e3fad94a3b884b402621de0979a04cb851adee1b1f312c060d2bc,7990df1639b81648dd5c9d71ed2a5673e7bfe2a93f856810661b2d609ce470a5,-0.10304369006367864,178.0,168.0
Oats|Kansas|2020|spring,Oats,Kansas,2020,spring,0.10280666666667404,0.3489592260748472,False,-0.06794744744744641,-0.22939938737596519,False,18cef212091e3fad94a3b884b402621de0979a04cb851adee1b1f312c060d2bc,7990df1639b81648dd5c9d71ed2a5673e7bfe2a93f856810661b2d609ce470a5,-0.17075411411412045,153.0,117.0
Oats|Minnesota|2020|spring,Oats,Minnesota,2020,spring,-0.11798615384616129,-0.41976870651438153,False,-0.1453279064779065,-0.4764556726270273,False,18cef212091e3fad94a3b884b402621de0979a04cb851adee1b1f312c060d2bc,7990df1639b81648dd5c9d71ed2a5673e7bfe2a93f856810661b2d609ce470a5,-0.02734175263174521,107.0,97.0
Oats|Montana|2020|spring,Oats,Montana,2020,spring,-0.35090991452992415,-1.370115167295812,True,-0.02571960531960893,-0.09356657851196842,False,18cef212091e3fad94a3b884b402621de0979a04cb851adee1b1f312c060d2bc,7990df1639b81648dd5c9d71ed2a5673e7bfe2a93f856810661b2d609ce470a5,0.3251903092103152,72.0,128.0
Oats|Nebraska|2020|spring,Oats,Nebraska,2020,spring,-0.3164582905982902,-0.9201656894757003,False,0.03953142428142531,0.11243484235150696,False,18cef212091e3fad94a3b884b402621de0979a04cb851adee1b1f312c060d2bc,7990df1639b81648dd5c9d71ed2a5673e7bfe2a93f856810661b2d609ce470a5,0.35598971487971554,77.0,155.0
Oats|North Dakota|2020|spring,Oats,North Dakota,2020,spring,0.4847254700854551,1.5491195249590508,False,0.23698753753754875,0.633498340837871,False,18cef212091e3fad94a3b884b402621de0979a04cb851adee1b1f312c060d2bc,7990df1639b81648dd5c9d71ed2a5673e7bfe2a93f856810661b2d609ce470a5,-0.24773793254790633,256.0,231.0
Oats|Oklahoma|2020|spring,Oats,Oklahoma,2020,spring,0.2747123076923088,2.052128711366091,False,0.11369352177234515,0.4923562816150897,False,18cef212091e3fad94a3b884b402621de0979a04cb851adee1b1f312c060d2bc,7990df1639b81648dd5c9d71ed2a5673e7bfe2a93f856810661b2d609ce470a5,-0.16101878591996366,205.0,187.0
Oats|South Dakota|2020|spring,Oats,South Dakota,2020,spring,-0.23483623931625974,-0.7550429032261254,False,-0.09924167739166823,-0.338466825021579,False,18cef212091e3fad94a3b884b402621de0979a04cb851adee1b1f312c060d2bc,7990df1639b81648dd5c9d71ed2a5673e7bfe2a93f856810661b2d609ce470a5,0.13559456192459152,91.0,111.0
Oats|Texas|2020|spring,Oats,Texas,2020,spring,0.007198803418799082,0.037291146285379384,False,-0.10821096096095739,-0.5931151366357343,False,18cef212091e3fad94a3b884b402621de0979a04cb851adee1b1f312c060d2bc,7990df1639b81648dd5c9d71ed2a5673e7bfe2a93f856810661b2d609ce470a5,-0.11540976437975647,129.0,106.0
Wheat|Colorado|2020|winter,Wheat,Colorado,2020,winter,-0.47706393162393135,-1.1788613707463311,True,-0.6360798369798364,-1.4256968265067393,True,18cef212091e3fad94a3b884b402621de0979a04cb851adee1b1f312c060d2bc,7990df1639b81648dd5c9d71ed2a5673e7bfe2a93f856810661b2d609ce470a5,-0.15901590535590504,56.0,31.0
Wheat|Illinois|2020|winter,Wheat,Illinois,2020,winter,-0.22092581196585215,-0.5230624147593523,False,-0.49085105105102045,-1.1491115185164247,True,18cef212091e3fad94a3b884b402621de0979a04cb851adee1b1f312c060d2bc,7990df1639b81648dd5c9d71ed2a5673e7bfe2a93f856810661b2d609ce470a5,-0.2699252390851683,94.0,41.0
Wheat|Kansas|2020|winter,Wheat,Kansas,2020,winter,0.4264058119658123,1.038346539274029,False,0.10943712998712929,0.23946531482767294,False,18cef212091e3fad94a3b884b402621de0979a04cb851adee1b1f312c060d2bc,7990df1639b81648dd5c9d71ed2a5673e7bfe2a93f856810661b2d609ce470a5,-0.316968681978683,243.0,184.0
Wheat|Minnesota|2020|spring,Wheat,Minnesota,2020,spring,-0.5788989743590096,-1.247890260246416,True,-0.4953839768339807,-1.1028557692392922,True,18cef212091e3fad94a3b884b402621de0979a04cb851adee1b1f312c060d2bc,7990df1639b81648dd5c9d71ed2a5673e7bfe2a93f856810661b2d609ce470a5,0.08351499752502889,46.0,40.0
Wheat|Montana|2020|spring,Wheat,Montana,2020,spring,0.4063888888888827,1.3155903195361334,False,0.4489253324753322,1.2584145849220487,False,18cef212091e3fad94a3b884b402621de0979a04cb851adee1b1f312c060d2bc,7990df1639b81648dd5c9d71ed2a5673e7bfe2a93f856810661b2d609ce470a5,0.04253644358644948,239.0,291.0
Wheat|Nebraska|2020|winter,Wheat,Nebraska,2020,winter,-0.2948572649572734,-0.9272990972829349,False,-0.3385224581724495,-0.9019601588856357,False,18cef212091e3fad94a3b884b402621de0979a04cb851adee1b1f312c060d2bc,7990df1639b81648dd5c9d71ed2a5673e7bfe2a93f856810661b2d609ce470a5,-0.043665193215176146,79.0,70.0
Wheat|North Dakota|2020|spring,Wheat,North Dakota,2020,spring,0.19272205128205,0.5602207202558005,False,0.11474972114973836,0.3162293366683077,False,18cef212091e3fad94a3b884b402621de0979a04cb851adee1b1f312c060d2bc,7990df1639b81648dd5c9d71ed2a5673e7bfe2a93f856810661b2d609ce470a5,-0.07797233013231164,184.0,189.0
Wheat|Oklahoma|2020|winter,Wheat,Oklahoma,2020,winter,0.7854276923076946,1.9605820144093935,False,0.46271018876018966,1.1409345800711694,False,18cef212091e3fad94a3b884b402621de0979a04cb851adee1b1f312c060d2bc,7990df1639b81648dd5c9d71ed2a5673e7bfe2a93f856810661b2d609ce470a5,-0.32271750354750495,301.0,293.0
Wheat|South Dakota|2020|spring,Wheat,South Dakota,2020,spring,0.04797606837603485,0.14809457507324708,False,0.2689851780351846,0.7196745859221696,False,18cef212091e3fad94a3b884b402621de0979a04cb851adee1b1f312c060d2bc,7990df1639b81648dd5c9d71ed2a5673e7bfe2a93f856810661b2d609ce470a5,0.22100910965914977,143.0,242.0
Wheat|Texas|2020|winter,Wheat,Texas,2020,winter,0.02709606837607037,0.11617671261688023,False,-0.13757222222221976,-0.5945489427167535,False,18cef212091e3fad94a3b884b402621de0979a04cb851adee1b1f312c060d2bc,7990df1639b81648dd5c9d71ed2a5673e7bfe2a93f856810661b2d609ce470a5,-0.16466829059829013,137.0,98.0
Wheat|Washington|2020|winter,Wheat,Washington,2020,winter,0.7455914529914498,1.6605366645557071,False,0.7175441226941306,1.37093203401893,False,18cef212091e3fad94a3b884b402621de0979a04cb851adee1b1f312c060d2bc,7990df1639b81648dd5c9d71ed2a5673e7bfe2a93f856810661b2d609ce470a5,-0.028047330297319206,296.0,323.0
Barley|Colorado|2021|spring,Barley,Colorado,2021,spring,-2.023008752136837,-5.3016036959313775,True,-1.3411271385671224,-2.3897923922889537,True,18cef212091e3fad94a3b884b402621de0979a04cb851adee1b1f312c060d2bc,7990df1639b81648dd5c9d71ed2a5673e7bfe2a93f856810661b2d609ce470a5,0.6818816135697148,2.0,5.0
Barley|Kansas|2021|spring,Barley,Kansas,2021,spring,1.2058085811965813,2.696089307998641,False,1.0877964892546763,1.8841371290867386,False,18cef212091e3fad94a3b884b402621de0979a04cb851adee1b1f312c060d2bc,7990df1639b81648dd5c9d71ed2a5673e7bfe2a93f856810661b2d609ce470a5,-0.11801209194190498,320.0,331.0
Barley|Minnesota|2021|spring,Barley,Minnesota,2021,spring,-0.388643452991452,-0.7591025321814316,False,-0.6132948820248774,-1.1933362418854032,True,18cef212091e3fad94a3b884b402621de0979a04cb851adee1b1f312c060d2bc,7990df1639b81648dd5c9d71ed2a5673e7bfe2a93f856810661b2d609ce470a5,-0.2246514290334254,65.0,35.0
Barley|Montana|2021|spring,Barley,Montana,2021,spring,-0.9221963760683844,-2.8622542723256554,True,-0.7923534877734855,-2.2228540789473072,True,18cef212091e3fad94a3b884b402621de0979a04cb851adee1b1f312c060d2bc,7990df1639b81648dd5c9d71ed2a5673e7bfe2a93f856810661b2d609ce470a5,0.12984288829489898,14.0,19.0
Barley|North Dakota|2021|spring,Barley,North Dakota,2021,spring,-0.730261299145305,-2.136864915301484,True,-0.9111190347490283,-2.545257309267406,True,18cef212091e3fad94a3b884b402621de0979a04cb851adee1b1f312c060d2bc,7990df1639b81648dd5c9d71ed2a5673e7bfe2a93f856810661b2d609ce470a5,-0.1808577356037233,33.0,11.0
Barley|South Dakota|2021|spring,Barley,South Dakota,2021,spring,-1.2869569230769113,-3.0645974178864024,True,-1.4054313036176809,-2.975908494453759,True,18cef212091e3fad94a3b884b402621de0979a04cb851adee1b1f312c060d2bc,7990df1639b81648dd5c9d71ed2a5673e7bfe2a93f856810661b2d609ce470a5,-0.11847438054076953,6.0,4.0
Barley|Washington|2021|spring,Barley,Washington,2021,spring,-1.4875684444444555,-3.124975939944646,True,-1.4493807722007666,-2.3762803792345286,True,18cef212091e3fad94a3b884b402621de0979a04cb851adee1b1f312c060d2bc,7990df1639b81648dd5c9d71ed2a5673e7bfe2a93f856810661b2d609ce470a5,0.03818767224368891,5.0,2.0
Canola|Minnesota|2021|spring,Canola,Minnesota,2021,spring,-0.1484078947368419,-0.513118339444655,False,-0.3793561576354565,-1.2572833826055192,True,18cef212091e3fad94a3b884b402621de0979a04cb851adee1b1f312c060d2bc,7990df1639b81648dd5c9d71ed2a5673e7bfe2a93f856810661b2d609ce470a5,-0.2309482628986146,105.0,62.0
Canola|Montana|2021|spring,Canola,Montana,2021,spring,-0.9124083333333255,-3.0877902627156564,True,-0.4494215506715493,-1.3601431924994283,True,18cef212091e3fad94a3b884b402621de0979a04cb851adee1b1f312c060d2bc,7990df1639b81648dd5c9d71ed2a5673e7bfe2a93f856810661b2d609ce470a5,0.4629867826617762,16.0,53.0
Canola|North Dakota|2021|spring,Canola,North Dakota,2021,spring,-0.47437892307691865,-2.6686267492961835,True,-0.5224024369747928,-2.7209096729316196,True,18cef212091e3fad94a3b884b402621de0979a04cb851adee1b1f312c060d2bc,7990df1639b81648dd5c9d71ed2a5673e7bfe2a93f856810661b2d609ce470a5,-0.04802351389787418,58.0,39.0
Canola|Oklahoma|2021|spring,Canola,Oklahoma,2021,spring,1.1745571428571917,3.8233776730334395,False,0.38954313725490075,1.024094514296462,False,18cef212091e3fad94a3b884b402621de0979a04cb851adee1b1f312c060d2bc,7990df1639b81648dd5c9d71ed2a5673e7bfe2a93f856810661b2d609ce470a5,-0.785014005602291,319.0,275.0
Canola|Washington|2021|spring,Canola,Washington,2021,spring,1.4795400000000705,12.051118041952995,False,-0.6451488095238043,-1.7583153117739763,True,18cef212091e3fad94a3b884b402621de0979a04cb851adee1b1f312c060d2bc,7990df1639b81648dd5c9d71ed2a5673e7bfe2a93f856810661b2d609ce470a5,-2.1246888095238745,324.0,29.0
Oats|Illinois|2021|spring,Oats,Illinois,2021,spring,0.12971517948717404,0.47302229824651437,False,0.05214094809096137,0.16804863446752144,False,18cef212091e3fad94a3b884b402621de0979a04cb851adee1b1f312c060d2bc,7990df1639b81648dd5c9d71ed2a5673e7bfe2a93f856810661b2d609ce470a5,-0.07757423139621267,162.0,157.0
Oats|Iowa|2021|spring,Oats,Iowa,2021,spring,0.13674317948717896,0.4655126629327701,False,0.02823471900472807,0.09490369775015424,False,18cef212091e3fad94a3b884b402621de0979a04cb851adee1b1f312c060d2bc,7990df1639b81648dd5c9d71ed2a5673e7bfe2a93f856810661b2d609ce470a5,-0.10850846048245089,164.0,150.0
Oats|Kansas|2021|spring,Oats,Kansas,2021,spring,0.03217364102564879,0.10920779008157269,False,-0.14699546546546394,-0.4962757394367661,False,18cef212091e3fad94a3b884b402621de0979a04cb851adee1b1f312c060d2bc,7990df1639b81648dd5c9d71ed2a5673e7bfe2a93f856810661b2d609ce470a5,-0.17916910649111273,139.0,95.0
Oats|Minnesota|2021|spring,Oats,Minnesota,2021,spring,-0.45714338461539183,-1.6264153122731255,True,-0.48628725010724905,-1.5942864963448722,True,18cef212091e3fad94a3b884b402621de0979a04cb851adee1b1f312c060d2bc,7990df1639b81648dd5c9d71ed2a5673e7bfe2a93f856810661b2d609ce470a5,-0.029143865491857213,60.0,45.0
Oats|Montana|2021|spring,Oats,Montana,2021,spring,-0.715370700854711,-2.793139227180463,True,-0.37409961818961945,-1.3609548382124501,True,18cef212091e3fad94a3b884b402621de0979a04cb851adee1b1f312c060d2bc,7990df1639b81648dd5c9d71ed2a5673e7bfe2a93f856810661b2d609ce470a5,0.34127108266509154,34.0,64.0
Oats|Nebraska|2021|spring,Oats,Nebraska,2021,spring,-0.5905844786324805,-1.7172423353077404,True,-0.21715050622050525,-0.6176170825427224,False,18cef212091e3fad94a3b884b402621de0979a04cb851adee1b1f312c060d2bc,7990df1639b81648dd5c9d71ed2a5673e7bfe2a93f856810661b2d609ce470a5,0.3734339724119753,45.0,84.0
Oats|North Dakota|2021|spring,Oats,North Dakota,2021,spring,-0.6048005470085607,-1.932863845408624,True,-0.8648439039038913,-2.3118396178113616,True,18cef212091e3fad94a3b884b402621de0979a04cb851adee1b1f312c060d2bc,7990df1639b81648dd5c9d71ed2a5673e7bfe2a93f856810661b2d609ce470a5,-0.26004335689533065,44.0,15.0
Oats|Oklahoma|2021|spring,Oats,Oklahoma,2021,spring,0.2763809230769241,2.0645934369830865,False,0.10766145148968609,0.4662340571601401,False,18cef212091e3fad94a3b884b402621de0979a04cb851adee1b1f312c060d2bc,7990df1639b81648dd5c9d71ed2a5673e7bfe2a93f856810661b2d609ce470a5,-0.168719471587238,206.0,183.0
Oats|South Dakota|2021|spring,Oats,South Dakota,2021,spring,-0.6313154529914677,-2.029798526266854,True,-0.48907745602744734,-1.6680138635498167,True,18cef212091e3fad94a3b884b402621de0979a04cb851adee1b1f312c060d2bc,7990df1639b81648dd5c9d71ed2a5673e7bfe2a93f856810661b2d609ce470a5,0.1422379969640204,40.0,42.0
Oats|Texas|2021|spring,Oats,Texas,2021,spring,0.005641811965807486,0.029225639747588548,False,-0.11543006006005707,-0.6326837432771103,False,18cef212091e3fad94a3b884b402621de0979a04cb851adee1b1f312c060d2bc,7990df1639b81648dd5c9d71ed2a5673e7bfe2a93f856810661b2d609ce470a5,-0.12107187202586456,128.0,102.0
Wheat|Colorado|2021|winter,Wheat,Colorado,2021,winter,0.19334516239316324,0.4777706467770676,False,0.027347331617334714,0.061295770803528014,False,18cef212091e3fad94a3b884b402621de0979a04cb851adee1b1f312c060d2bc,7990df1639b81648dd5c9d71ed2a5673e7bfe2a93f856810661b2d609ce470a5,-0.16599783077582853,186.0,148.0
Wheat|Illinois|2021|winter,Wheat,Illinois,2021,winter,0.46136304273500617,1.0923199288772782,False,0.17774597597598518,0.4161139065030095,False,18cef212091e3fad94a3b884b402621de0979a04cb851adee1b1f312c060d2bc,7990df1639b81648dd5c9d71ed2a5673e7bfe2a93f856810661b2d609ce470a5,-0.283617066759021,254.0,210.0
Wheat|Kansas|2021|winter,Wheat,Kansas,2021,winter,0.894079111111111,2.177184092729616,False,0.5623894337194355,1.2305947973710565,False,18cef212091e3fad94a3b884b402621de0979a04cb851adee1b1f312c060d2bc,7990df1639b81648dd5c9d71ed2a5673e7bfe2a93f856810661b2d609ce470a5,-0.33168967739167554,310.0,304.0
Wheat|Minnesota|2021|spring,Wheat,Minnesota,2021,spring,-0.9763028717949083,-2.104544832045115,True,-0.8886806949807009,-1.9784382969647576,True,18cef212091e3fad94a3b884b402621de0979a04cb851adee1b1f312c060d2bc,7990df1639b81648dd5c9d71ed2a5673e7bfe2a93f856810661b2d609ce470a5,0.08762217681420736,10.0,13.0
Wheat|Montana|2021|spring,Wheat,Montana,2021,spring,-0.918076581196589,-2.97206123454155,True,-0.8731455298155295,-2.4475764453317597,True,18cef212091e3fad94a3b884b402621de0979a04cb851adee1b1f312c060d2bc,7990df1639b81648dd5c9d71ed2a5673e7bfe2a93f856810661b2d609ce470a5,0.04493105138105946,15.0,14.0
Wheat|Nebraska|2021|winter,Wheat,Nebraska,2021,winter,0.22038034188033873,0.693075994292206,False,0.17523374517375157,0.46689326756136945,False,18cef212091e3fad94a3b884b402621de0979a04cb851adee1b1f312c060d2bc,7990df1639b81648dd5c9d71ed2a5673e7bfe2a93f856810661b2d609ce470a5,-0.04514659670658716,192.0,209.0
Wheat|North Dakota|2021|spring,Wheat,North Dakota,2021,spring,-0.8789232820512836,-2.554928358456213,True,-0.9609838567138467,-2.6482965231873656,True,18cef212091e3fad94a3b884b402621de0979a04cb851adee1b1f312c060d2bc,7990df1639b81648dd5c9d71ed2a5673e7bfe2a93f856810661b2d609ce470a5,-0.08206057466256311,19.0,9.0
Wheat|Oklahoma|2021|winter,Wheat,Oklahoma,2021,winter,0.722539384615386,1.8036004282166296,False,0.3843332260832266,0.9476754101386913,False,18cef212091e3fad94a3b884b402621de0979a04cb851adee1b1f312c060d2bc,7990df1639b81648dd5c9d71ed2a5673e7bfe2a93f856810661b2d609ce470a5,-0.3382061585321594,295.0,274.0
Wheat|South Dakota|2021|spring,Wheat,South Dakota,2021,spring,-1.1967099145299507,-3.6940552295607336,True,-0.9651342299442298,-2.5822336471029295,True,18cef212091e3fad94a3b884b402621de0979a04cb851adee1b1f312c060d2bc,7990df1639b81648dd5c9d71ed2a5673e7bfe2a93f856810661b2d609ce470a5,0.23157568458572086,7.0,8.0
Wheat|Texas|2021|winter,Wheat,Texas,2021,winter,0.5003325470085485,2.145218624338066,False,0.3274544444444465,1.4151671797368326,False,18cef212091e3fad94a3b884b402621de0979a04cb851adee1b1f312c060d2bc,7990df1639b81648dd5c9d71ed2a5673e7bfe2a93f856810661b2d609ce470a5,-0.17287810256410197,259.0,260.0
Wheat|Washington|2021|winter,Wheat,Washington,2021,winter,-1.502371452991456,-3.3459917914358828,True,-1.530879236379226,-2.9248812985697747,True,18cef212091e3fad94a3b884b402621de0979a04cb851adee1b1f312c060d2bc,7990df1639b81648dd5c9d71ed2a5673e7bfe2a93f856810661b2d609ce470a5,-0.028507783387770047,4.0,1.0
Barley|Colorado|2022|spring,Barley,Colorado,2022,spring,-2.1320250256411324,-5.587297506161589,True,-1.417665774345755,-2.5261787528657567,True,18cef212091e3fad94a3b884b402621de0979a04cb851adee1b1f312c060d2bc,7990df1639b81648dd5c9d71ed2a5673e7bfe2a93f856810661b2d609ce470a5,0.7143592512953774,1.0,3.0
Barley|Kansas|2022|spring,Barley,Kansas,2022,spring,-0.5243154871794877,-1.1723265210137512,True,-0.6484085827900616,-1.123087542312562,True,18cef212091e3fad94a3b884b402621de0979a04cb851adee1b1f312c060d2bc,7990df1639b81648dd5c9d71ed2a5673e7bfe2a93f856810661b2d609ce470a5,-0.12409309561057391,50.0,28.0
Barley|Minnesota|2022|spring,Barley,Minnesota,2022,spring,0.5147816410256429,1.0054769846635578,False,0.27977977691978184,0.5443895870167167,False,18cef212091e3fad94a3b884b402621de0979a04cb851adee1b1f312c060d2bc,7990df1639b81648dd5c9d71ed2a5673e7bfe2a93f856810661b2d609ce470a5,-0.2350018641058611,263.0,246.0
Barley|Montana|2022|spring,Barley,Montana,2022,spring,-0.7773134358974474,-2.412575846718162,True,-0.6409383140283111,-1.7980767014667727,True,18cef212091e3fad94a3b884b402621de0979a04cb851adee1b1f312c060d2bc,7990df1639b81648dd5c9d71ed2a5673e7bfe2a93f856810661b2d609ce470a5,0.13637512186913625,27.0,30.0
Barley|North Dakota|2022|spring,Barley,North Dakota,2022,spring,0.42761210256410287,1.251263486640987,False,0.23830362934362448,0.6657132946178498,False,18cef212091e3fad94a3b884b402621de0979a04cb851adee1b1f312c060d2bc,7990df1639b81648dd5c9d71ed2a5673e7bfe2a93f856810661b2d609ce470a5,-0.1893084732204784,244.0,232.0
Barley|South Dakota|2022|spring,Barley,South Dakota,2022,spring,0.5459400000000123,1.3000328793607594,False,0.4217171988498212,0.8929584755113885,False,18cef212091e3fad94a3b884b402621de0979a04cb851adee1b1f312c060d2bc,7990df1639b81648dd5c9d71ed2a5673e7bfe2a93f856810661b2d609ce470a5,-0.12422280115019113,267.0,281.0
Barley|Washington|2022|spring,Barley,Washington,2022,spring,0.976607897435886,2.051587067233616,False,1.0173484298584343,1.6679572125459263,False,18cef212091e3fad94a3b884b402621de0979a04cb851adee1b1f312c060d2bc,7990df1639b81648dd5c9d71ed2a5673e7bfe2a93f856810661b2d609ce470a5,0.04074053242254827,314.0,330.0
Canola|Minnesota|2022|spring,Canola,Minnesota,2022,spring,0.6191350877192932,2.1406514031195867,False,0.3744540886699639,1.241036671627856,False,18cef212091e3fad94a3b884b402621de0979a04cb851adee1b1f312c060d2bc,7990df1639b81648dd5c9d71ed2a5673e7bfe2a93f856810661b2d609ce470a5,-0.24468099904932927,278.0,271.0
Canola|Montana|2022|spring,Canola,Montana,2022,spring,-0.7998110294117553,-2.7067362478023087,True,-0.30688937728937615,-0.9287794427009841,False,18cef212091e3fad94a3b884b402621de0979a04cb851adee1b1f312c060d2bc,7990df1639b81648dd5c9d71ed2a5673e7bfe2a93f856810661b2d609ce470a5,0.49292165212237915,25.0,75.0
Canola|North Dakota|2022|spring,Canola,North Dakota,2022,spring,0.044566692307693945,0.25071069019792896,False,-0.005739327731095312,-0.02989303118510421,False,18cef212091e3fad94a3b884b402621de0979a04cb851adee1b1f312c060d2bc,7990df1639b81648dd5c9d71ed2a5673e7bfe2a93f856810661b2d609ce470a5,-0.050306020038789256,142.0,133.0
Canola|Oklahoma|2022|spring,Canola,Oklahoma,2022,spring,0.30432857142862946,0.9906398103679624,False,-0.5618651960784333,-1.4771228396754164,True,18cef212091e3fad94a3b884b402621de0979a04cb851adee1b1f312c060d2bc,7990df1639b81648dd5c9d71ed2a5673e7bfe2a93f856810661b2d609ce470a5,-0.8661937675070628,218.0,37.0
Canola|Washington|2022|spring,Canola,Washington,2022,spring,2.3986300000000966,19.537270549609676,False,0.02751047619048319,0.07497819232685914,False,18cef212091e3fad94a3b884b402621de0979a04cb851adee1b1f312c060d2bc,7990df1639b81648dd5c9d71ed2a5673e7bfe2a93f856810661b2d609ce470a5,-2.3711195238096137,329.0,149.0
Oats|Illinois|2022|spring,Oats,Illinois,2022,spring,0.1102544615384562,0.4020564053878462,False,0.02862196482198298,0.09224769169368956,False,18cef212091e3fad94a3b884b402621de0979a04cb851adee1b1f312c060d2bc,7990df1639b81648dd5c9d71ed2a5673e7bfe2a93f856810661b2d609ce470a5,-0.08163249671647321,157.0,152.0
Oats|Iowa|2022|spring,Oats,Iowa,2022,spring,0.303524307692308,1.0332830439409193,False,0.18955107679108485,0.6371268684127869,False,18cef212091e3fad94a3b884b402621de0979a04cb851adee1b1f312c060d2bc,7990df1639b81648dd5c9d71ed2a5673e7bfe2a93f856810661b2d609ce470a5,-0.11397323090122313,217.0,211.0
Oats|Kansas|2022|spring,Oats,Kansas,2022,spring,-0.2895593846153768,-0.982858622249695,False,-0.4771434834834818,-1.6108982296384742,True,18cef212091e3fad94a3b884b402621de0979a04cb851adee1b1f312c060d2bc,7990df1639b81648dd5c9d71ed2a5673e7bfe2a93f856810661b2d609ce470a5,-0.187584098868105,81.0,49.0
Oats|Minnesota|2022|spring,Oats,Minnesota,2022,spring,-0.33000061538462244,-1.174069388256949,True,-0.36094659373659166,-1.1833587661798919,True,18cef212091e3fad94a3b884b402621de0979a04cb851adee1b1f312c060d2bc,7990df1639b81648dd5c9d71ed2a5673e7bfe2a93f856810661b2d609ce470a5,-0.030945978351969217,75.0,67.0
Oats|Montana|2022|spring,Oats,Montana,2022,spring,-0.6136314871794961,-2.395902118756516,True,-0.2562796310596336,-0.9323318893341446,False,18cef212091e3fad94a3b884b402621de0979a04cb851adee1b1f312c060d2bc,7990df1639b81648dd5c9d71ed2a5673e7bfe2a93f856810661b2d609ce470a5,0.35735185611986253,43.0,81.0
Oats|Nebraska|2022|spring,Oats,Nebraska,2022,spring,-0.793110666666671,-2.3061276797145553,True,-0.4022324367224359,-1.1440250745733815,True,18cef212091e3fad94a3b884b402621de0979a04cb851adee1b1f312c060d2bc,7990df1639b81648dd5c9d71ed2a5673e7bfe2a93f856810661b2d609ce470a5,0.39087822994423504,26.0,61.0
Oats|North Dakota|2022|spring,Oats,North Dakota,2022,spring,0.24247343589741988,0.7749135480055951,False,-0.02987534534533154,-0.07986066231532228,False,18cef212091e3fad94a3b884b402621de0979a04cb851adee1b1f312c060d2bc,7990df1639b81648dd5c9d71ed2a5673e7bfe2a93f856810661b2d609ce470a5,-0.2723487812427514,197.0,127.0
Oats|Oklahoma|2022|spring,Oats,Oklahoma,2022,spring,-0.6186504615384607,-4.6213814921059795,True,-0.795070618792973,-3.4430986690178775,True,18cef212091e3fad94a3b884b402621de0979a04cb851adee1b1f312c060d2bc,7990df1639b81648dd5c9d71ed2a5673e7bfe2a93f856810661b2d609ce470a5,-0.17642015725451232,41.0,18.0
Oats|South Dakota|2022|spring,Oats,South Dakota,2022,spring,-0.20279466666668933,-0.652023189966787,False,-0.05391323466322584,-0.18387276235858316,False,18cef212091e3fad94a3b884b402621de0979a04cb851adee1b1f312c060d2bc,7990df1639b81648dd5c9d71ed2a5673e7bfe2a93f856810661b2d609ce470a5,0.1488814320034635,95.0,121.0
Oats|Texas|2022|spring,Oats,Texas,2022,spring,0.3627848205128157,1.879293130373518,False,0.23605084084084482,1.2938183477440117,False,18cef212091e3fad94a3b884b402621de0979a04cb851adee1b1f312c060d2bc,7990df1639b81648dd5c9d71ed2a5673e7bfe2a93f856810661b2d609ce470a5,-0.12673397967197086,228.0,229.0
Wheat|Colorado|2022|winter,Wheat,Colorado,2022,winter,-0.6157457435897433,-1.5215547082935477,True,-0.788725499785498,-1.7678338105610667,True,18cef212091e3fad94a3b884b402621de0979a04cb851adee1b1f312c060d2bc,7990df1639b81648dd5c9d71ed2a5673e7bfe2a93f856810661b2d609ce470a5,-0.17297975619575467,42.0,20.0
Wheat|Illinois|2022|winter,Wheat,Illinois,2022,winter,0.40395189743586446,0.9563937008505111,False,0.10664300300301921,0.2496576158033191,False,18cef212091e3fad94a3b884b402621de0979a04cb851adee1b1f312c060d2bc,7990df1639b81648dd5c9d71ed2a5673e7bfe2a93f856810661b2d609ce470a5,-0.29730889443284525,238.0,182.0
Wheat|Kansas|2022|winter,Wheat,Kansas,2022,winter,-0.11784758974358933,-0.286972253984785,False,-0.4642582625482654,-1.015868663729977,True,18cef212091e3fad94a3b884b402621de0979a04cb851adee1b1f312c060d2bc,7990df1639b81648dd5c9d71ed2a5673e7bfe2a93f856810661b2d609ce470a5,-0.3464106728046761,108.0,51.0
Wheat|Minnesota|2022|spring,Wheat,Minnesota,2022,spring,-0.1631067692308079,-0.35159735587501345,False,-0.07137741312740786,-0.15890500206331754,False,18cef212091e3fad94a3b884b402621de0979a04cb851adee1b1f312c060d2bc,7990df1639b81648dd5c9d71ed2a5673e7bfe2a93f856810661b2d609ce470a5,0.09172935610340005,100.0,116.0
Wheat|Montana|2022|spring,Wheat,Montana,2022,spring,-0.5209420512820575,-1.6864297682443832,True,-0.4736163921063916,-1.327627853386048,True,18cef212091e3fad94a3b884b402621de0979a04cb851adee1b1f312c060d2bc,7990df1639b81648dd5c9d71ed2a5673e7bfe2a93f856810661b2d609ce470a5,0.04732565917566589,52.0,50.0
Wheat|Nebraska|2022|winter,Wheat,Nebraska,2022,winter,-0.9456820512820565,-2.9740834522005,True,-0.9923100514800476,-2.643913601858626,True,18cef212091e3fad94a3b884b402621de0979a04cb851adee1b1f312c060d2bc,7990df1639b81648dd5c9d71ed2a5673e7bfe2a93f856810661b2d609ce470a5,-0.04662800019799107,12.0,7.0
Wheat|North Dakota|2022|spring,Wheat,North Dakota,2022,spring,0.2081313846153825,0.6050138706048871,False,0.12198256542258212,0.33616173845290037,False,18cef212091e3fad94a3b884b402621de0979a04cb851adee1b1f312c060d2bc,7990df1639b81648dd5c9d71ed2a5673e7bfe2a93f856810661b2d609ce470a5,-0.08614881919280037,189.0,191.0
Wheat|Oklahoma|2022|winter,Wheat,Oklahoma,2022,winter,-0.012948923076922192,-0.03232305906606456,False,-0.3666437365937325,-0.904057286413239,False,18cef212091e3fad94a3b884b402621de0979a04cb851adee1b1f312c060d2bc,7990df1639b81648dd5c9d71ed2a5673e7bfe2a93f856810661b2d609ce470a5,-0.3536948135168103,122.0,65.0
Wheat|South Dakota|2022|spring,Wheat,South Dakota,2022,spring,-0.16819589743592234,-0.5191942733739919,False,0.07394636207636962,0.19784479537679595,False,18cef212091e3fad94a3b884b402621de0979a04cb851adee1b1f312c060d2bc,7990df1639b81648dd5c9d71ed2a5673e7bfe2a93f856810661b2d609ce470a5,0.24214225951229196,99.0,165.0
Wheat|Texas|2022|winter,Wheat,Texas,2022,winter,0.031969025641027216,0.1370699340211042,False,-0.14911888888888747,-0.6444504297152042,False,18cef212091e3fad94a3b884b402621de0979a04cb851adee1b1f312c060d2bc,7990df1639b81648dd5c9d71ed2a5673e7bfe2a93f856810661b2d609ce470a5,-0.18108791452991468,138.0,94.0
Wheat|Washington|2022|winter,Wheat,Washington,2022,winter,0.12336564102563763,0.27475257293733785,False,0.09439740454741319,0.18035465935724473,False,18cef212091e3fad94a3b884b402621de0979a04cb851adee1b1f312c060d2bc,7990df1639b81648dd5c9d71ed2a5673e7bfe2a93f856810661b2d609ce470a5,-0.02896823647822444,160.0,174.0
Barley|Colorado|2023|spring,Barley,Colorado,2023,spring,-1.1650412991453987,-3.053168826352241,True,-0.41820441012438714,-0.7452102705227075,False,18cef212091e3fad94a3b884b402621de0979a04cb851adee1b1f312c060d2bc,7990df1639b81648dd5c9d71ed2a5673e7bfe2a93f856810661b2d609ce470a5,0.7468368890210115,8.0,57.0
Barley|Kansas|2023|spring,Barley,Kansas,2023,spring,-0.8017395555555566,-1.7926240343951594,True,-0.931913654834803,-1.614137511493745,True,18cef212091e3fad94a3b884b402621de0979a04cb851adee1b1f312c060d2bc,7990df1639b81648dd5c9d71ed2a5673e7bfe2a93f856810661b2d609ce470a5,-0.1301740992792464,24.0,10.0
Barley|Minnesota|2023|spring,Barley,Minnesota,2023,spring,0.6111067350427382,1.193620184344834,False,0.36575443586444134,0.7116772644609866,False,18cef212091e3fad94a3b884b402621de0979a04cb851adee1b1f312c060d2bc,7990df1639b81648dd5c9d71ed2a5673e7bfe2a93f856810661b2d609ce470a5,-0.24535229917829682,275.0,267.0
Barley|Montana|2023|spring,Barley,Montana,2023,spring,-0.3634304957265031,-1.1279923843568402,True,-0.2205231402831367,-0.6186516112373991,False,18cef212091e3fad94a3b884b402621de0979a04cb851adee1b1f312c060d2bc,7990df1639b81648dd5c9d71ed2a5673e7bfe2a93f856810661b2d609ce470a5,0.1429073554433664,68.0,83.0
Barley|North Dakota|2023|spring,Barley,North Dakota,2023,spring,0.2941855042735031,0.8608352700712404,False,0.09642629343629094,0.26937174925984053,False,18cef212091e3fad94a3b884b402621de0979a04cb851adee1b1f312c060d2bc,7990df1639b81648dd5c9d71ed2a5673e7bfe2a93f856810661b2d609ce470a5,-0.19775921083721215,216.0,176.0
Barley|South Dakota|2023|spring,Barley,South Dakota,2023,spring,0.44203692307693565,1.0526111548731842,False,0.3120657013173247,0.6607786300101683,False,18cef212091e3fad94a3b884b402621de0979a04cb851adee1b1f312c060d2bc,7990df1639b81648dd5c9d71ed2a5673e7bfe2a93f856810661b2d609ce470a5,-0.12997122175961096,249.0,256.0
Barley|Washington|2023|spring,Barley,Washington,2023,spring,-0.7020157606837731,-1.474743814169852,True,-0.6587223680823655,-1.079984686329346,True,18cef212091e3fad94a3b884b402621de0979a04cb851adee1b1f312c060d2bc,7990df1639b81648dd5c9d71ed2a5673e7bfe2a93f856810661b2d609ce470a5,0.04329339260140763,35.0,26.0
Canola|Minnesota|2023|spring,Canola,Minnesota,2023,spring,0.6581780701754352,2.2756420002194666,False,0.3997643349753841,1.324921304706719,False,18cef212091e3fad94a3b884b402621de0979a04cb851adee1b1f312c060d2bc,7990df1639b81648dd5c9d71ed2a5673e7bfe2a93f856810661b2d609ce470a5,-0.25841373520005106,286.0,276.0
Canola|Montana|2023|spring,Canola,Montana,2023,spring,-0.39581372549018545,-1.3395206101995412,True,0.12704279609279756,0.384486222352956,False,18cef212091e3fad94a3b884b402621de0979a04cb851adee1b1f312c060d2bc,7990df1639b81648dd5c9d71ed2a5673e7bfe2a93f856810661b2d609ce470a5,0.522856521582983,64.0,194.0
Canola|North Dakota|2023|spring,Canola,North Dakota,2023,spring,0.014312307692314175,0.08051413183396029,False,-0.03827621848739726,-0.1993599680137568,False,18cef212091e3fad94a3b884b402621de0979a04cb851adee1b1f312c060d2bc,7990df1639b81648dd5c9d71ed2a5673e7bfe2a93f856810661b2d609ce470a5,-0.05258852617971144,133.0,126.0
Canola|Oklahoma|2023|spring,Canola,Oklahoma,2023,spring,0.4989000000000674,1.6240019761291098,False,-0.4484735294117672,-1.1790203378098034,True,18cef212091e3fad94a3b884b402621de0979a04cb851adee1b1f312c060d2bc,7990df1639b81648dd5c9d71ed2a5673e7bfe2a93f856810661b2d609ce470a5,-0.9473735294118346,258.0,54.0
Canola|Washington|2023|spring,Canola,Washington,2023,spring,2.5780200000001225,20.998434198815616,False,-0.039530238095229375,-0.10773734973209796,False,18cef212091e3fad94a3b884b402621de0979a04cb851adee1b1f312c060d2bc,7990df1639b81648dd5c9d71ed2a5673e7bfe2a93f856810661b2d609ce470a5,-2.617550238095352,331.0,124.0
Oats|Illinois|2023|spring,Oats,Illinois,2023,spring,0.3417937435897387,1.2463927719044188,False,0.2561029815529978,0.8254118482456729,False,18cef212091e3fad94a3b884b402621de0979a04cb851adee1b1f312c060d2bc,7990df1639b81648dd5c9d71ed2a5673e7bfe2a93f856810661b2d609ce470a5,-0.08569076203674086,223.0,235.0
Oats|Iowa|2023|spring,Oats,Iowa,2023,spring,0.21930543589743712,0.7465780585408999,False,0.09986743457744174,0.33567852489106487,False,18cef212091e3fad94a3b884b402621de0979a04cb851adee1b1f312c060d2bc,7990df1639b81648dd5c9d71ed2a5673e7bfe2a93f856810661b2d609ce470a5,-0.11943800131999538,191.0,178.0
Oats|Kansas|2023|spring,Oats,Kansas,2023,spring,0.6081075897435979,2.0641147190890803,False,0.4121084984985006,1.3913316929396706,False,18cef212091e3fad94a3b884b402621de0979a04cb851adee1b1f312c060d2bc,7990df1639b81648dd5c9d71ed2a5673e7bfe2a93f856810661b2d609ce470a5,-0.1959990912450973,273.0,280.0
Oats|Minnesota|2023|spring,Oats,Minnesota,2023,spring,0.22754215384615417,0.8095447854163961,False,0.19479406263406585,0.6386298295033562,False,18cef212091e3fad94a3b884b402621de0979a04cb851adee1b1f312c060d2bc,7990df1639b81648dd5c9d71ed2a5673e7bfe2a93f856810661b2d609ce470a5,-0.032748091212088326,194.0,213.0
Oats|Montana|2023|spring,Oats,Montana,2023,spring,-0.655392273504283,-2.5589556101873225,True,-0.2819596439296477,-1.02575443258595,True,18cef212091e3fad94a3b884b402621de0979a04cb851adee1b1f312c060d2bc,7990df1639b81648dd5c9d71ed2a5673e7bfe2a93f856810661b2d609ce470a5,0.3734326295746353,37.0,78.0
Oats|Nebraska|2023|spring,Oats,Nebraska,2023,spring,-0.7444368547008542,-2.1645988492887165,True,-0.3361143672243665,-0.955972788177659,False,18cef212091e3fad94a3b884b402621de0979a04cb851adee1b1f312c060d2bc,7990df1639b81648dd5c9d71ed2a5673e7bfe2a93f856810661b2d609ce470a5,0.4083224874764877,31.0,71.0
Oats|North Dakota|2023|spring,Oats,North Dakota,2023,spring,0.3724474188034046,1.1902934838295958,False,0.08779321321322886,0.23468261447542957,False,18cef212091e3fad94a3b884b402621de0979a04cb851adee1b1f312c060d2bc,7990df1639b81648dd5c9d71ed2a5673e7bfe2a93f856810661b2d609ce470a5,-0.28465420559017574,232.0,172.0
Oats|Oklahoma|2023|spring,Oats,Oklahoma,2023,spring,0.8177181538461546,6.10843727901875,False,0.633597310924368,2.7438292981431935,False,18cef212091e3fad94a3b884b402621de0979a04cb851adee1b1f312c060d2bc,7990df1639b81648dd5c9d71ed2a5673e7bfe2a93f856810661b2d609ce470a5,-0.18412084292178665,305.0,318.0
Oats|South Dakota|2023|spring,Oats,South Dakota,2023,spring,-0.45577388034189736,-1.4653991855342912,True,-0.300249013299005,-1.0240085911295558,True,18cef212091e3fad94a3b884b402621de0979a04cb851adee1b1f312c060d2bc,7990df1639b81648dd5c9d71ed2a5673e7bfe2a93f856810661b2d609ce470a5,0.15552486704289237,61.0,76.0
Oats|Texas|2023|spring,Oats,Texas,2023,spring,0.3253278290598238,1.6852589185160225,False,0.19293174174174532,1.0574782383257106,False,18cef212091e3fad94a3b884b402621de0979a04cb851adee1b1f312c060d2bc,7990df1639b81648dd5c9d71ed2a5673e7bfe2a93f856810661b2d609ce470a5,-0.1323960873180785,221.0,212.0
Wheat|Colorado|2023|winter,Wheat,Colorado,2023,winter,0.458163350427351,1.132156592664581,False,0.2782016688116693,0.6235557445696065,False,18cef212091e3fad94a3b884b402621de0979a04cb851adee1b1f312c060d2bc,7990df1639b81648dd5c9d71ed2a5673e7bfe2a93f856810661b2d609ce470a5,-0.1799616816156817,253.0,245.0
Wheat|Illinois|2023|winter,Wheat,Illinois,2023,winter,0.8845407521367221,2.0942325283258487,False,0.5735400300300526,1.342691338699578,False,18cef212091e3fad94a3b884b402621de0979a04cb851adee1b1f312c060d2bc,7990df1639b81648dd5c9d71ed2a5673e7bfe2a93f856810661b2d609ce470a5,-0.3110007221066695,309.0,308.0
Wheat|Kansas|2023|winter,Wheat,Kansas,2023,winter,-0.25547429059828985,-0.6221088879939807,False,-0.6166059588159594,-1.3492289140792377,True,18cef212091e3fad94a3b884b402621de0979a04cb851adee1b1f312c060d2bc,7990df1639b81648dd5c9d71ed2a5673e7bfe2a93f856810661b2d609ce470a5,-0.3611316682176695,87.0,34.0
Wheat|Minnesota|2023|spring,Wheat,Minnesota,2023,spring,-0.1569106666667066,-0.33824086988401436,False,-0.061074131274128085,-0.13596717127878202,False,18cef212091e3fad94a3b884b402621de0979a04cb851adee1b1f312c060d2bc,7990df1639b81648dd5c9d71ed2a5673e7bfe2a93f856810661b2d609ce470a5,0.09583653539257853,102.0,118.0
Wheat|Montana|2023|spring,Wheat,Montana,2023,spring,0.06449247863247054,0.20877952840627045,False,0.11421274560274641,0.32015788473773704,False,18cef212091e3fad94a3b884b402621de0979a04cb851adee1b1f312c060d2bc,7990df1639b81648dd5c9d71ed2a5673e7bfe2a93f856810661b2d609ce470a5,0.04972026697027587,148.0,188.0
Wheat|Nebraska|2023|winter,Wheat,Nebraska,2023,winter,-0.2959444444444448,-0.9307181772136419,False,-0.34405384813383977,-0.9166980093531295,False,18cef212091e3fad94a3b884b402621de0979a04cb851adee1b1f312c060d2bc,7990df1639b81648dd5c9d71ed2a5673e7bfe2a93f856810661b2d609ce470a5,-0.04810940368939498,78.0,69.0
Wheat|North Dakota|2023|spring,Wheat,North Dakota,2023,spring,0.05098605128204836,0.14821055599094637,False,-0.039251012440989275,-0.10816864305558127,False,18cef212091e3fad94a3b884b402621de0979a04cb851adee1b1f312c060d2bc,7990df1639b81648dd5c9d71ed2a5673e7bfe2a93f856810661b2d609ce470a5,-0.09023706372303764,144.0,125.0
Wheat|Oklahoma|2023|winter,Wheat,Oklahoma,2023,winter,-0.008637230769228843,-0.021560226951890457,False,-0.3778206992706954,-0.9316170495826661,False,18cef212091e3fad94a3b884b402621de0979a04cb851adee1b1f312c060d2bc,7990df1639b81648dd5c9d71ed2a5673e7bfe2a93f856810661b2d609ce470a5,-0.36918346850146655,123.0,63.0
Wheat|South Dakota|2023|spring,Wheat,South Dakota,2023,spring,-0.5520818803419081,-1.704189906393315,True,-0.29937304590304503,-0.8009778621272229,False,18cef212091e3fad94a3b884b402621de0979a04cb851adee1b1f312c060d2bc,7990df1639b81648dd5c9d71ed2a5673e7bfe2a93f856810661b2d609ce470a5,0.25270883443886305,49.0,77.0
Wheat|Texas|2023|winter,Wheat,Texas,2023,winter,0.5052055042735053,2.16611184574229,False,0.31590777777778056,1.3652656927383895,False,18cef212091e3fad94a3b884b402621de0979a04cb851adee1b1f312c060d2bc,7990df1639b81648dd5c9d71ed2a5673e7bfe2a93f856810661b2d609ce470a5,-0.18929772649572474,260.0,257.0
Wheat|Washington|2023|winter,Wheat,Washington,2023,winter,-0.7525972649572652,-1.676139589706665,True,-0.7820259545259476,-1.4941303239562054,True,18cef212091e3fad94a3b884b402621de0979a04cb851adee1b1f312c060d2bc,7990df1639b81648dd5c9d71ed2a5673e7bfe2a93f856810661b2d609ce470a5,-0.029428689568682387,28.0,21.0
Barley|Colorado|2024|spring,Barley,Colorado,2024,spring,-0.5208575726496658,-1.364986893554741,True,0.2584569540969799,0.46055175894438477,False,18cef212091e3fad94a3b884b402621de0979a04cb851adee1b1f312c060d2bc,7990df1639b81648dd5c9d71ed2a5673e7bfe2a93f856810661b2d609ce470a5,0.7793145267466457,53.0,236.0
Barley|Kansas|2024|spring,Barley,Kansas,2024,spring,1.6647363760683778,3.7222143001341275,False,1.528481273120459,2.6474329952776543,False,18cef212091e3fad94a3b884b402621de0979a04cb851adee1b1f312c060d2bc,7990df1639b81648dd5c9d71ed2a5673e7bfe2a93f856810661b2d609ce470a5,-0.13625510294791887,326.0,333.0
Barley|Minnesota|2024|spring,Barley,Minnesota,2024,spring,0.38463182905983295,0.7512669855867007,False,0.12892909480910042,0.2508675124781782,False,18cef212091e3fad94a3b884b402621de0979a04cb851adee1b1f312c060d2bc,7990df1639b81648dd5c9d71ed2a5673e7bfe2a93f856810661b2d609ce470a5,-0.25570273425073253,236.0,196.0
Barley|Montana|2024|spring,Barley,Montana,2024,spring,-0.27234755555556633,-0.8452949661001091,False,-0.12290796653796265,-0.3448037763066331,False,18cef212091e3fad94a3b884b402621de0979a04cb851adee1b1f312c060d2bc,7990df1639b81648dd5c9d71ed2a5673e7bfe2a93f856810661b2d609ce470a5,0.14943958901760368,83.0,100.0
Barley|North Dakota|2024|spring,Barley,North Dakota,2024,spring,0.42975890598290345,1.2575453872580036,False,0.22354895752895754,0.6244953693525003,False,18cef212091e3fad94a3b884b402621de0979a04cb851adee1b1f312c060d2bc,7990df1639b81648dd5c9d71ed2a5673e7bfe2a93f856810661b2d609ce470a5,-0.2062099484539459,246.0,224.0
Barley|South Dakota|2024|spring,Barley,South Dakota,2024,spring,0.7147338461538597,1.7019773235006985,False,0.579014203784828,1.2260245541829642,False,18cef212091e3fad94a3b884b402621de0979a04cb851adee1b1f312c060d2bc,7990df1639b81648dd5c9d71ed2a5673e7bfe2a93f856810661b2d609ce470a5,-0.13571964236903167,293.0,309.0
Barley|Washington|2024|spring,Barley,Washington,2024,spring,-0.013239418803431935,-0.027812411169441394,False,0.03260683397683861,0.05345936781710426,False,18cef212091e3fad94a3b884b402621de0979a04cb851adee1b1f312c060d2bc,7990df1639b81648dd5c9d71ed2a5673e7bfe2a93f856810661b2d609ce470a5,0.04584625278027055,121.0,153.0
Canola|Minnesota|2024|spring,Canola,Minnesota,2024,spring,0.15912105263157716,0.5501589416235518,False,-0.11302541871919569,-0.37459516053046843,False,18cef212091e3fad94a3b884b402621de0979a04cb851adee1b1f312c060d2bc,7990df1639b81648dd5c9d71ed2a5673e7bfe2a93f856810661b2d609ce470a5,-0.27214647135077286,170.0,103.0
Canola|Montana|2024|spring,Canola,Montana,2024,spring,-0.8660164215686152,-2.930789840665035,True,-0.31322503052502837,-0.9479538583595851,False,18cef212091e3fad94a3b884b402621de0979a04cb851adee1b1f312c060d2bc,7990df1639b81648dd5c9d71ed2a5673e7bfe2a93f856810661b2d609ce470a5,0.5527913910435869,20.0,74.0
Canola|North Dakota|2024|spring,Canola,North Dakota,2024,spring,0.05135792307692677,0.2889148751011427,False,-0.0035131092436997413,-0.018297871998076743,False,18cef212091e3fad94a3b884b402621de0979a04cb851adee1b1f312c060d2bc,7990df1639b81648dd5c9d71ed2a5673e7bfe2a93f856810661b2d609ce470a5,-0.05487103232062651,145.0,134.0
Canola|Oklahoma|2024|spring,Canola,Oklahoma,2024,spring,1.7021714285714769,5.540849396091832,False,0.6736181372548988,1.7709171927778948,False,18cef212091e3fad94a3b884b402621de0979a04cb851adee1b1f312c060d2bc,7990df1639b81648dd5c9d71ed2a5673e7bfe2a93f856810661b2d609ce470a5,-1.028553291316578,327.0,320.0
Canola|Washington|2024|spring,Canola,Washington,2024,spring,3.0263100000001484,24.64983646372712,False,0.16232904761905775,0.44241831614779525,False,18cef212091e3fad94a3b884b402621de0979a04cb851adee1b1f312c060d2bc,7990df1639b81648dd5c9d71ed2a5673e7bfe2a93f856810661b2d609ce470a5,-2.8639809523810906,333.0,206.0
Oats|Illinois|2024|spring,Oats,Illinois,2024,spring,0.42993302564102054,1.5678034651364894,False,0.340183998284012,1.0964023185692677,False,18cef212091e3fad94a3b884b402621de0979a04cb851adee1b1f312c060d2bc,7990df1639b81648dd5c9d71ed2a5673e7bfe2a93f856810661b2d609ce470a5,-0.08974902735700852,247.0,261.0
Oats|Iowa|2024|spring,Oats,Iowa,2024,spring,0.278486564102566,0.9480474458218813,False,0.15358379236379838,0.5162321540149057,False,18cef212091e3fad94a3b884b402621de0979a04cb851adee1b1f312c060d2bc,7990df1639b81648dd5c9d71ed2a5673e7bfe2a93f856810661b2d609ce470a5,-0.12490277173876763,209.0,205.0
Oats|Kansas|2024|spring,Oats,Kansas,2024,spring,0.609174564102573,2.067736376697695,False,0.40476048048048296,1.3665238319370252,False,18cef212091e3fad94a3b884b402621de0979a04cb851adee1b1f312c060d2bc,7990df1639b81648dd5c9d71ed2a5673e7bfe2a93f856810661b2d609ce470a5,-0.20441408362209001,274.0,279.0
Oats|Minnesota|2024|spring,Oats,Minnesota,2024,spring,0.6056849230769235,2.1548933364398746,False,0.5711347190047231,1.8724578320779206,False,18cef212091e3fad94a3b884b402621de0979a04cb851adee1b1f312c060d2bc,7990df1639b81648dd5c9d71ed2a5673e7bfe2a93f856810661b2d609ce470a5,-0.03455020407220033,272.0,307.0
Oats|Montana|2024|spring,Oats,Montana,2024,spring,-0.8047530598290698,-3.1421294399064266,True,-0.41523965679965813,-1.510620146243317,True,18cef212091e3fad94a3b884b402621de0979a04cb851adee1b1f312c060d2bc,7990df1639b81648dd5c9d71ed2a5673e7bfe2a93f856810661b2d609ce470a5,0.3895134030294116,23.0,59.0
Oats|Nebraska|2024|spring,Oats,Nebraska,2024,spring,-0.19376304273504452,-0.5634047490938608,False,0.23200370227370293,0.6598623794682369,False,18cef212091e3fad94a3b884b402621de0979a04cb851adee1b1f312c060d2bc,7990df1639b81648dd5c9d71ed2a5673e7bfe2a93f856810661b2d609ce470a5,0.42576674500874745,96.0,227.0
Oats|North Dakota|2024|spring,Oats,North Dakota,2024,spring,1.1480214017093888,3.668927007580897,False,0.8510617717717817,2.2749981959812517,False,18cef212091e3fad94a3b884b402621de0979a04cb851adee1b1f312c060d2bc,7990df1639b81648dd5c9d71ed2a5673e7bfe2a93f856810661b2d609ce470a5,-0.29695962993760716,318.0,327.0
Oats|South Dakota|2024|spring,Oats,South Dakota,2024,spring,0.00854690598289487,0.027479918456004962,False,0.17071520806521612,0.5822295226701092,False,18cef212091e3fad94a3b884b402621de0979a04cb851adee1b1f312c060d2bc,7990df1639b81648dd5c9d71ed2a5673e7bfe2a93f856810661b2d609ce470a5,0.16216830208232125,130.0,207.0
Oats|Texas|2024|spring,Oats,Texas,2024,spring,0.036870837606832074,0.1909978254539162,False,-0.10118735735735451,-0.5546180604243034,False,18cef212091e3fad94a3b884b402621de0979a04cb851adee1b1f312c060d2bc,7990df1639b81648dd5c9d71ed2a5673e7bfe2a93f856810661b2d609ce470a5,-0.1380581949641866,140.0,110.0
Wheat|Colorado|2024|winter,Wheat,Colorado,2024,winter,0.052572444444444866,0.12991052102869705,False,-0.13437116259115944,-0.3011768789745648,False,18cef212091e3fad94a3b884b402621de0979a04cb851adee1b1f312c060d2bc,7990df1639b81648dd5c9d71ed2a5673e7bfe2a93f856810661b2d609ce470a5,-0.1869436070356043,146.0,99.0
Wheat|Illinois|2024|winter,Wheat,Illinois,2024,winter,0.7599296068375665,1.7992040480132838,False,0.43523705705708693,1.0189158492756356,False,18cef212091e3fad94a3b884b402621de0979a04cb851adee1b1f312c060d2bc,7990df1639b81648dd5c9d71ed2a5673e7bfe2a93f856810661b2d609ce470a5,-0.32469254978047957,297.0,286.0
Wheat|Kansas|2024|winter,Wheat,Kansas,2024,winter,0.2793990085470086,0.6803682910978743,False,-0.09645365508365344,-0.21105546978071596,False,18cef212091e3fad94a3b884b402621de0979a04cb851adee1b1f312c060d2bc,7990df1639b81648dd5c9d71ed2a5673e7bfe2a93f856810661b2d609ce470a5,-0.37585266363066205,210.0,112.0
Wheat|Minnesota|2024|spring,Wheat,Minnesota,2024,spring,0.2190854358974086,0.47226648124732806,False,0.3190291505791514,0.7102432773873145,False,18cef212091e3fad94a3b884b402621de0979a04cb851adee1b1f312c060d2bc,7990df1639b81648dd5c9d71ed2a5673e7bfe2a93f856810661b2d609ce470a5,0.09994371468174279,190.0,258.0
Wheat|Montana|2024|spring,Wheat,Montana,2024,spring,-0.15697299145299803,-0.5081638638025319,False,-0.10485811668811573,-0.29393525791960884,False,18cef212091e3fad94a3b884b402621de0979a04cb851adee1b1f312c060d2bc,7990df1639b81648dd5c9d71ed2a5673e7bfe2a93f856810661b2d609ce470a5,0.0521148747648823,101.0,107.0
Wheat|Nebraska|2024|winter,Wheat,Nebraska,2024,winter,0.35389316239316004,1.11296158861588,False,0.30430235521236115,0.8107840234245112,False,18cef212091e3fad94a3b884b402621de0979a04cb851adee1b1f312c060d2bc,7990df1639b81648dd5c9d71ed2a5673e7bfe2a93f856810661b2d609ce470a5,-0.04959080718079889,226.0,253.0
Wheat|North Dakota|2024|spring,Wheat,North Dakota,2024,spring,0.6740407179487145,1.9593584334484309,False,0.5797154096954253,1.5975901085211361,False,18cef212091e3fad94a3b884b402621de0979a04cb851adee1b1f312c060d2bc,7990df1639b81648dd5c9d71ed2a5673e7bfe2a93f856810661b2d609ce470a5,-0.09432530825328911,291.0,310.0
Wheat|Oklahoma|2024|winter,Wheat,Oklahoma,2024,winter,0.6681744615384626,1.6678948865821102,False,0.2835023380523416,0.6990501373692087,False,18cef212091e3fad94a3b884b402621de0979a04cb851adee1b1f312c060d2bc,7990df1639b81648dd5c9d71ed2a5673e7bfe2a93f856810661b2d609ce470a5,-0.384672123486121,288.0,247.0
Wheat|South Dakota|2024|spring,Wheat,South Dakota,2024,spring,0.18043213675210623,0.556965619033696,False,0.4437075461175546,1.1871473620041761,False,18cef212091e3fad94a3b884b402621de0979a04cb851adee1b1f312c060d2bc,7990df1639b81648dd5c9d71ed2a5673e7bfe2a93f856810661b2d609ce470a5,0.26327540936544835,176.0,290.0
Wheat|Texas|2024|winter,Wheat,Texas,2024,winter,0.10414198290598398,0.44651766638238766,False,-0.09336555555555348,-0.40350000490688415,False,18cef212091e3fad94a3b884b402621de0979a04cb851adee1b1f312c060d2bc,7990df1639b81648dd5c9d71ed2a5673e7bfe2a93f856810661b2d609ce470a5,-0.19750753846153746,154.0,113.0
Wheat|Washington|2024|winter,Wheat,Washington,2024,winter,0.1535398290598291,0.34195471876792805,False,0.12365068640069588,0.23624566302440908,False,18cef212091e3fad94a3b884b402621de0979a04cb851adee1b1f312c060d2bc,7990df1639b81648dd5c9d71ed2a5673e7bfe2a93f856810661b2d609ce470a5,-0.029889142659133228,167.0,193.0
Barley|Colorado|2025|spring,Barley,Colorado,2025,spring,-1.6520738461539324,-4.329512069322385,True,-0.8402816816816525,-1.4973217024062762,True,18cef212091e3fad94a3b884b402621de0979a04cb851adee1b1f312c060d2bc,7990df1639b81648dd5c9d71ed2a5673e7bfe2a93f856810661b2d609ce470a5,0.8117921644722799,3.0,16.0
Barley|Kansas|2025|spring,Barley,Kansas,2025,spring,0.36501230769230864,0.8161376485483031,False,0.22267620107572084,0.385690248456505,False,18cef212091e3fad94a3b884b402621de0979a04cb851adee1b1f312c060d2bc,7990df1639b81648dd5c9d71ed2a5673e7bfe2a93f856810661b2d609ce470a5,-0.1423361066165878,229.0,223.0
Barley|Minnesota|2025|spring,Barley,Minnesota,2025,spring,0.6423569230769282,1.2546583844876813,False,0.3763037537537599,0.7322039046359867,False,18cef212091e3fad94a3b884b402621de0979a04cb851adee1b1f312c060d2bc,7990df1639b81648dd5c9d71ed2a5673e7bfe2a93f856810661b2d609ce470a5,-0.26605316932316825,282.0,272.0
Barley|Montana|2025|spring,Barley,Montana,2025,spring,-0.12746461538462217,-0.3956165404925938,False,0.02850720720720812,0.0799736011738915,False,18cef212091e3fad94a3b884b402621de0979a04cb851adee1b1f312c060d2bc,7990df1639b81648dd5c9d71ed2a5673e7bfe2a93f856810661b2d609ce470a5,0.1559718225918303,106.0,151.0
Barley|North Dakota|2025|spring,Barley,North Dakota,2025,spring,0.6191323076923112,1.8116831711960903,False,0.4044716216216244,1.1299120225352945,False,18cef212091e3fad94a3b884b402621de0979a04cb851adee1b1f312c060d2bc,7990df1639b81648dd5c9d71ed2a5673e7bfe2a93f856810661b2d609ce470a5,-0.21466068607068678,277.0,278.0
Barley|South Dakota|2025|spring,Barley,South Dakota,2025,spring,0.34183076923078337,0.8139928182166328,False,0.200362706252331,0.4242548732003025,False,18cef212091e3fad94a3b884b402621de0979a04cb851adee1b1f312c060d2bc,7990df1639b81648dd5c9d71ed2a5673e7bfe2a93f856810661b2d609ce470a5,-0.14146806297845238,224.0,216.0
Barley|Washington|2025|spring,Barley,Washington,2025,spring,-0.9386630769230906,-1.9718753392853352,True,-0.8902639639639607,-1.4596004241831328,True,18cef212091e3fad94a3b884b402621de0979a04cb851adee1b1f312c060d2bc,7990df1639b81648dd5c9d71ed2a5673e7bfe2a93f856810661b2d609ce470a5,0.04839911295912991,13.0,12.0
Canola|Minnesota|2025|spring,Canola,Minnesota,2025,spring,0.42236403508771936,1.460318082873213,False,0.1364848275862247,0.4523456447142723,False,18cef212091e3fad94a3b884b402621de0979a04cb851adee1b1f312c060d2bc,7990df1639b81648dd5c9d71ed2a5673e7bfe2a93f856810661b2d609ce470a5,-0.28587920750149465,242.0,198.0
Canola|Montana|2025|spring,Canola,Montana,2025,spring,-0.6862191176470454,-2.322316261425233,True,-0.10349285714285461,-0.31321396338210955,False,18cef212091e3fad94a3b884b402621de0979a04cb851adee1b1f312c060d2bc,7990df1639b81648dd5c9d71ed2a5673e7bfe2a93f856810661b2d609ce470a5,0.5827262605041907,36.0,109.0
Canola|North Dakota|2025|spring,Canola,North Dakota,2025,spring,0.32370353846153943,1.8209997947995282,False,0.26654999999999784,1.3883137251806366,False,18cef212091e3fad94a3b884b402621de0979a04cb851adee1b1f312c060d2bc,7990df1639b81648dd5c9d71ed2a5673e7bfe2a93f856810661b2d609ce470a5,-0.057153538461541586,220.0,241.0
Canola|Oklahoma|2025|spring,Canola,Oklahoma,2025,spring,0.9440428571429147,3.073015565344673,False,-0.16569019607843516,-0.4355934032681918,False,18cef212091e3fad94a3b884b402621de0979a04cb851adee1b1f312c060d2bc,7990df1639b81648dd5c9d71ed2a5673e7bfe2a93f856810661b2d609ce470a5,-1.1097330532213499,312.0,89.0
Canola|Washington|2025|spring,Canola,Washington,2025,spring,2.9479000000001747,24.01117298340947,False,-0.16251166666665462,-0.44291603367105653,False,18cef212091e3fad94a3b884b402621de0979a04cb851adee1b1f312c060d2bc,7990df1639b81648dd5c9d71ed2a5673e7bfe2a93f856810661b2d609ce470a5,-3.1104116666668293,332.0,91.0
Oats|Illinois|2025|spring,Oats,Illinois,2025,spring,0.6257723076923027,2.2819554067140326,False,0.5319650150150337,1.714506498842658,False,18cef212091e3fad94a3b884b402621de0979a04cb851adee1b1f312c060d2bc,7990df1639b81648dd5c9d71ed2a5673e7bfe2a93f856810661b2d609ce470a5,-0.09380729267726906,280.0,301.0
Oats|Iowa|2025|spring,Oats,Iowa,2025,spring,0.6246676923076948,2.12654643533053,False,0.49430015015016204,1.6614619766483714,False,18cef212091e3fad94a3b884b402621de0979a04cb851adee1b1f312c060d2bc,7990df1639b81648dd5c9d71ed2a5673e7bfe2a93f856810661b2d609ce470a5,-0.13036754215753277,279.0,297.0
Oats|Kansas|2025|spring,Oats,Kansas,2025,spring,0.32334153846154745,1.097526227411166,False,0.11051246246246338,0.37310439374350923,False,18cef212091e3fad94a3b884b402621de0979a04cb851adee1b1f312c060d2bc,7990df1639b81648dd5c9d71ed2a5673e7bfe2a93f856810661b2d609ce470a5,-0.21282907599908407,219.0,185.0
Oats|Minnesota|2025|spring,Oats,Minnesota,2025,spring,0.5534276923076931,1.9689736378062108,False,0.5170753753753807,1.6952249691342187,False,18cef212091e3fad94a3b884b402621de0979a04cb851adee1b1f312c060d2bc,7990df1639b81648dd5c9d71ed2a5673e7bfe2a93f856810661b2d609ce470a5,-0.036352316932312334,269.0,300.0
Oats|Montana|2025|spring,Oats,Montana,2025,spring,-0.4160138461538565,-1.624311131772993,True,-0.010419669669672116,-0.03790621310478866,False,18cef212091e3fad94a3b884b402621de0979a04cb851adee1b1f312c060d2bc,7990df1639b81648dd5c9d71ed2a5673e7bfe2a93f856810661b2d609ce470a5,0.4055941764841844,62.0,130.0
Oats|Nebraska|2025|spring,Oats,Nebraska,2025,spring,-0.8982892307692278,-2.611955363269692,True,-0.45507822822822774,-1.2943284938125954,True,18cef212091e3fad94a3b884b402621de0979a04cb851adee1b1f312c060d2bc,7990df1639b81648dd5c9d71ed2a5673e7bfe2a93f856810661b2d609ce470a5,0.4432110025410001,18.0,52.0
Oats|North Dakota|2025|spring,Oats,North Dakota,2025,spring,0.3812953846153695,1.2185704311768613,False,0.07203033033034156,0.19254638968956453,False,18cef212091e3fad94a3b884b402621de0979a04cb851adee1b1f312c060d2bc,7990df1639b81648dd5c9d71ed2a5673e7bfe2a93f856810661b2d609ce470a5,-0.30926505428502793,235.0,163.0
Oats|South Dakota|2025|spring,Oats,South Dakota,2025,spring,-0.10093230769231276,-0.324516449638273,False,0.06787942942943737,0.23150490365640317,False,18cef212091e3fad94a3b884b402621de0979a04cb851adee1b1f312c060d2bc,7990df1639b81648dd5c9d71ed2a5673e7bfe2a93f856810661b2d609ce470a5,0.16881173712175013,110.0,161.0
Oats|Texas|2025|spring,Oats,Texas,2025,spring,0.2864138461538406,1.483677218798508,False,0.14269354354354769,0.7821176323016326,False,18cef212091e3fad94a3b884b402621de0979a04cb851adee1b1f312c060d2bc,7990df1639b81648dd5c9d71ed2a5673e7bfe2a93f856810661b2d609ce470a5,-0.1437203026102929,213.0,202.0
Wheat|Colorado|2025|winter,Wheat,Colorado,2025,winter,0.2521815384615391,0.6231598207303576,False,0.05825600600600778,0.13057386519603775,False,18cef212091e3fad94a3b884b402621de0979a04cb851adee1b1f312c060d2bc,7990df1639b81648dd5c9d71ed2a5673e7bfe2a93f856810661b2d609ce470a5,-0.19392553245553135,199.0,159.0
Wheat|Illinois|2025|winter,Wheat,Illinois,2025,winter,0.8370184615384249,1.9817190838620433,False,0.4986340840840926,1.1673320619748666,False,18cef212091e3fad94a3b884b402621de0979a04cb851adee1b1f312c060d2bc,7990df1639b81648dd5c9d71ed2a5673e7bfe2a93f856810661b2d609ce470a5,-0.33838437745433225,306.0,298.0
Wheat|Kansas|2025|winter,Wheat,Kansas,2025,winter,0.8142723076923084,1.9828454701897327,False,0.4236986486486458,0.9271179745177913,False,18cef212091e3fad94a3b884b402621de0979a04cb851adee1b1f312c060d2bc,7990df1639b81648dd5c9d71ed2a5673e7bfe2a93f856810661b2d609ce470a5,-0.3905736590436626,304.0,282.0
Wheat|Minnesota|2025|spring,Wheat,Minnesota,2025,spring,0.19158153846150938,0.41297833728908717,False,0.29563243243243065,0.6581559939949733,False,18cef212091e3fad94a3b884b402621de0979a04cb851adee1b1f312c060d2bc,7990df1639b81648dd5c9d71ed2a5673e7bfe2a93f856810661b2d609ce470a5,0.10405089397092127,183.0,251.0
Wheat|Montana|2025|spring,Wheat,Montana,2025,spring,0.018261538461533444,0.059117519884750475,False,0.07277102102102218,0.20398963388316985,False,18cef212091e3fad94a3b884b402621de0979a04cb851adee1b1f312c060d2bc,7990df1639b81648dd5c9d71ed2a5673e7bfe2a93f856810661b2d609ce470a5,0.05450948255948873,134.0,164.0
Wheat|Nebraska|2025|winter,Wheat,Nebraska,2025,winter,-0.005169230769235256,-0.016256757406515387,False,-0.056241441441438056,-0.1498498496446434,False,18cef212091e3fad94a3b884b402621de0979a04cb851adee1b1f312c060d2bc,7990df1639b81648dd5c9d71ed2a5673e7bfe2a93f856810661b2d609ce470a5,-0.0510722106722028,126.0,120.0
Wheat|North Dakota|2025|spring,Wheat,North Dakota,2025,spring,0.3622953846153947,1.0531507939252238,False,0.2638818318318541,0.7272102781854597,False,18cef212091e3fad94a3b884b402621de0979a04cb851adee1b1f312c060d2bc,7990df1639b81648dd5c9d71ed2a5673e7bfe2a93f856810661b2d609ce470a5,-0.09841355278354058,227.0,238.0
Wheat|Oklahoma|2025|winter,Wheat,Oklahoma,2025,winter,0.6724861538461542,1.6786577186962799,False,0.2723253753753787,0.6714903741997815,False,18cef212091e3fad94a3b884b402621de0979a04cb851adee1b1f312c060d2bc,7990df1639b81648dd5c9d71ed2a5673e7bfe2a93f856810661b2d609ce470a5,-0.40016077847077547,290.0,244.0
Wheat|South Dakota|2025|spring,Wheat,South Dakota,2025,spring,-0.2773538461538654,-0.8561476874083568,False,-0.003511861861860144,-0.00939604832396922,False,18cef212091e3fad94a3b884b402621de0979a04cb851adee1b1f312c060d2bc,7990df1639b81648dd5c9d71ed2a5673e7bfe2a93f856810661b2d609ce470a5,0.27384198429200524,82.0,135.0
Wheat|Texas|2025|winter,Wheat,Texas,2025,winter,0.510078461538463,2.1870050671465178,False,0.30436111111111286,1.3153642057399388,False,18cef212091e3fad94a3b884b402621de0979a04cb851adee1b1f312c060d2bc,7990df1639b81648dd5c9d71ed2a5673e7bfe2a93f856810661b2d609ce470a5,-0.20571735042735018,262.0,254.0
Wheat|Washington|2025|winter,Wheat,Washington,2025,winter,0.04417692307692267,0.09838819933109998,False,0.013827327327335048,0.026418341922632586,False,18cef212091e3fad94a3b884b402621de0979a04cb851adee1b1f312c060d2bc,7990df1639b81648dd5c9d71ed2a5673e7bfe2a93f856810661b2d609ce470a5,-0.03034959574958762,141.0,142.0
