county_fips,year,yield_bu_acre,trend_yield_bu_acre,target_residual_bu_acre,selected_prediction_residual,zero_prediction_residual,metadata_prediction_residual
08001,2022,19.8,38.27314401622721,-18.47314401622721,-3.1685473559275903,0.0,-7.806697102022393e-14
08001,2025,38.9,39.449229208924976,-0.5492292089249773,1.5032172352490438,0.0,-7.806697102022393e-14
08005,2022,10.3,27.358301362614142,-17.05830136261414,-0.4982443920366711,0.0,-7.806697102022393e-14
08005,2025,36.5,27.33488556687397,9.165114433126028,2.126146082076462,0.0,-7.806697102022393e-14
08009,2025,34.9,18.705800721620903,16.194199278379095,5.4363680048146295,0.0,-7.806697102022393e-14
08017,2023,30.3,35.70380731003513,-5.4038073100351305,2.8957435622871057,0.0,-7.806697102022393e-14
08017,2025,36.2,36.68580474511055,-0.485804745110542,3.1313082664258043,0.0,-7.806697102022393e-14
08033,2022,8.7,14.745091918140844,-6.0450919181408445,1.3659287611277633,0.0,-7.806697102022393e-14
08033,2023,20.6,14.662920568851888,5.937079431148113,0.8344573378427603,0.0,-7.806697102022393e-14
08033,2025,17.6,14.498577870274032,3.101422129725968,2.1886042386549738,0.0,-7.806697102022393e-14
08039,2022,24.0,38.40266860306792,-14.402668603067925,-0.4982443920366711,0.0,-7.806697102022393e-14
08039,2023,43.7,38.98161931560298,4.718380684397019,0.9113737108244436,0.0,-7.806697102022393e-14
08039,2025,42.8,40.13952074067333,2.660479259326664,2.126146082076462,0.0,-7.806697102022393e-14
08061,2022,22.9,33.47894018366856,-10.578940183668555,-3.625153508824814,0.0,-7.806697102022393e-14
08061,2023,28.6,33.95590717299592,-5.35590717299592,1.2368312902332386,0.0,-7.806697102022393e-14
08061,2025,36.8,34.90984115165054,1.8901588483494576,3.5493568169491465,0.0,-7.806697102022393e-14
08063,2022,31.7,49.91547530404637,-18.215475304046368,-0.7783549511445812,0.0,-8.151999866766612e-13
08063,2023,49.9,50.82194092827058,-0.9219409282705796,6.00749204676015,0.0,-8.151999866766612e-13
08063,2025,41.3,52.63487217671923,-11.33487217671923,0.5243229242916875,0.0,-8.151999866766612e-13
08069,2022,28.4,44.35064714946043,-15.95064714946043,-1.679131507506634,0.0,-7.806697102022393e-14
08069,2025,47.5,45.31429892141728,2.185701078582724,-4.5224796203891,0.0,-7.806697102022393e-14
08073,2022,23.2,32.95757944557141,-9.757579445571412,0.9152588060921982,0.0,-7.806697102022393e-14
08073,2023,41.3,33.10160919540243,8.198390804597565,-3.141017528560075,0.0,-7.806697102022393e-14
08073,2025,35.4,33.38966869506436,2.01033130493564,4.246972601660718,0.0,-7.806697102022393e-14
08075,2022,24.0,44.74913479052816,-20.74913479052816,-5.184263414154771,0.0,-7.806697102022393e-14
08075,2023,43.9,45.45309653916206,-1.5530965391620626,4.117772525324753,0.0,-7.806697102022393e-14
08075,2025,41.8,46.86102003642986,-5.061020036429866,2.4218377681473475,0.0,-7.806697102022393e-14
08077,2023,126.4,132.05694618272946,-5.656946182729456,-3.862695057120432,0.0,-1.199915254918339e-13
08077,2025,103.3,134.3154568210275,-31.015456821027517,-0.3434491937843347,0.0,-1.199915254918339e-13
08087,2022,27.9,41.79033057851228,-13.890330578512284,-3.825970724269931,0.0,-7.806697102022393e-14
08095,2022,21.3,48.15694460778627,-26.85694460778627,-2.914516139742748,0.0,-8.764238976958335e-14
08095,2023,46.3,48.829413148301455,-2.529413148301458,2.352390595555105,0.0,-8.764238976958335e-14
08095,2025,41.1,50.1743502293316,-9.074350229331593,1.044522267592708,0.0,-8.764238976958335e-14
08099,2022,18.3,48.820392697210536,-30.520392697210536,-0.9753372284379308,0.0,-2.509244092631401e-13
08099,2023,18.5,49.85312607647347,-31.353126076473472,0.3825768184447741,0.0,-2.509244092631401e-13
08099,2025,31.3,51.91859283499889,-20.61859283499889,0.5019859082312778,0.0,-2.509244092631401e-13
08115,2023,42.4,43.99083299471772,-1.5908329947177222,2.701439310769932,0.0,-7.806697102022393e-14
08121,2022,18.4,38.8984037194889,-20.4984037194889,-0.9159945596192884,0.0,-7.806697102022393e-14
08121,2023,46.8,39.27614877954306,7.523851220456933,2.982955007787522,0.0,-7.806697102022393e-14
08121,2025,37.0,40.031638899651625,-3.0316388996516253,3.2581427063708817,0.0,-7.806697102022393e-14
08123,2023,46.9,36.78050645819173,10.119493541808277,2.9659175301296985,0.0,-7.806697102022393e-14
08123,2025,34.7,37.10603331067307,-2.4060333106730667,1.7080209965846356,0.0,-7.806697102022393e-14
08125,2022,36.5,53.727630375113904,-17.227630375113904,-1.811434013374843,0.0,-7.806697102022393e-14
08125,2023,52.4,54.50596980786781,-2.1059698078678157,4.600881822892818,0.0,-7.806697102022393e-14
08125,2025,48.0,56.062648673375634,-8.062648673375634,3.1625093543779887,0.0,-7.806697102022393e-14
17001,2022,72.9,62.78051334702312,10.119486652976889,1.4245983072932178,0.0,-7.806697102022393e-14
17001,2023,78.0,62.93392197125311,15.066078028746889,0.0714121340925498,0.0,-7.806697102022393e-14
17001,2024,76.4,63.08733059548311,13.312669404516896,-1.7166734575987432,0.0,-7.806697102022393e-14
17001,2025,94.3,63.24073921971311,31.05926078028689,1.840831652707004,0.0,-7.806697102022393e-14
17003,2022,72.3,54.29970094539885,18.000299054601143,-5.680852055248256,0.0,-7.806697102022393e-14
17005,2022,74.3,72.51941377997741,1.7805862200225846,-5.344328480896414,0.0,-7.806697102022393e-14
17007,2024,113.6,81.48714605067045,32.11285394932955,3.545534709963991,0.0,-7.806697102022393e-14
17009,2022,71.9,62.61682070240299,9.283179297597016,1.3935101195086124,0.0,-7.806697102022393e-14
17009,2024,67.4,62.79519408502775,4.60480591497226,-0.8726503664404774,0.0,-7.806697102022393e-14
17009,2025,88.2,62.88438077634014,25.315619223659866,1.778781847171549,0.0,-7.806697102022393e-14
17011,2022,96.8,77.94716535433099,18.85283464566901,3.002520646236837,0.0,-7.806697102022393e-14
17011,2023,88.1,78.44496062992164,9.655039370078356,0.6133602069204557,0.0,-7.806697102022393e-14
17011,2024,117.8,78.94275590551217,38.85724409448783,1.6594864810745942,0.0,-7.806697102022393e-14
17011,2025,102.8,79.4405511811027,23.35944881889729,-0.4458319851593499,0.0,-7.806697102022393e-14
17013,2022,77.7,62.75192307692362,14.948076923076384,-2.546158498040091,0.0,-7.806697102022393e-14
17015,2022,83.6,76.64182156133768,6.958178438662316,2.6869758034607623,0.0,-7.806697102022393e-14
17015,2024,104.6,76.28903345724831,28.31096654275169,1.3818213897046816,0.0,-7.806697102022393e-14
17015,2025,111.6,76.11263940520365,35.48736059479634,-2.2693135131041737,0.0,-7.806697102022393e-14
17017,2023,82.0,60.536598196393015,21.463401803606985,1.5544226920328112,0.0,-7.806697102022393e-14
17017,2024,64.2,60.96222444889804,3.237775551101961,0.6023490681767852,0.0,-7.806697102022393e-14
17019,2022,79.1,75.16928406466491,3.930715935335087,-1.351134567948309,0.0,-7.806697102022393e-14
17019,2023,93.7,74.96628175519606,18.73371824480394,-0.0345791482453929,0.0,-7.806697102022393e-14
17019,2024,90.5,74.76327944572722,15.73672055427278,-0.0540103466334952,0.0,-7.806697102022393e-14
17019,2025,102.1,74.56027713625838,27.539722863741616,1.5099931061644778,0.0,-7.806697102022393e-14
17021,2024,91.2,68.90614570614576,22.29385429385424,-4.2869191009874354,0.0,-7.806697102022393e-14
17023,2022,93.0,78.6365044966949,14.363495503305105,1.2882764594070586,0.0,4.918907994561359e-13
17023,2023,80.6,79.66628562141045,0.933714378589542,1.4430795020541785,0.0,4.918907994561359e-13
17023,2024,95.3,80.69606674612601,14.60393325387399,-4.1391352337543,0.0,4.918907994561359e-13
17023,2025,104.5,81.72584787084156,22.77415212915844,0.9642534235559316,0.0,4.918907994561359e-13
17025,2022,85.4,73.73103198551598,11.668968014484022,-1.4679075343755663,0.0,-7.806697102022393e-14
17025,2023,90.8,74.78503922751997,16.014960772480023,0.8914187456717806,0.0,-7.806697102022393e-14
17025,2024,87.5,75.83904646952351,11.66095353047649,-5.612945187127353,0.0,-7.806697102022393e-14
17025,2025,91.7,76.89305371152705,14.806946288472956,-0.1012927760219895,0.0,-7.806697102022393e-14
17027,2022,80.7,75.71124798278697,4.988752017213031,-4.171592470948072,0.0,-7.806697102022393e-14
17029,2024,90.7,63.18543774747053,27.514562252529476,-3.948178544840944,0.0,-7.806697102022393e-14
17033,2022,80.3,66.98181818181774,13.318181818182254,2.4242646520410056,0.0,-7.806697102022393e-14
17033,2023,84.5,67.32924901185731,17.170750988142686,1.082264641877465,0.0,-7.806697102022393e-14
17033,2024,84.3,67.67667984189677,16.623320158103226,-3.852641195514968,0.0,-7.806697102022393e-14
17033,2025,96.8,68.02411067193623,28.77588932806377,0.1275766740028765,0.0,-7.806697102022393e-14
17035,2023,94.1,81.66441978251078,12.435580217489218,2.0255573353919054,0.0,-7.806697102022393e-14
17035,2024,94.3,82.75510204081547,11.544897959184524,-3.948178544840944,0.0,-7.806697102022393e-14
17035,2025,96.7,83.84578429912062,12.85421570087938,1.5098307412105298,0.0,-7.806697102022393e-14
17037,2022,73.0,81.9350649350655,-8.935064935065498,1.1951082166650149,0.0,-7.806697102022393e-14
17037,2023,91.1,82.25431959345053,8.845680406549462,2.43789793943018,0.0,-7.806697102022393e-14
17037,2024,92.5,82.57357425183568,9.92642574816432,1.210560544545704,0.0,-7.806697102022393e-14
17037,2025,99.8,82.89282891022083,16.90717108977917,-3.43644015545944,0.0,-7.806697102022393e-14
17041,2022,88.3,68.96296992481075,19.337030075189247,-1.351134567948309,0.0,-7.806697102022393e-14
17045,2022,72.1,74.645149489088,-2.545149489088004,1.2882764594070586,0.0,-7.806697102022393e-14
17045,2024,93.2,76.02160968840667,17.178390311593333,-4.1391352337543,0.0,-7.806697102022393e-14
17045,2025,110.2,76.70983978806612,33.49016021193388,0.9642534235559316,0.0,-7.806697102022393e-14
17047,2022,71.3,71.75381353504054,-0.4538135350405383,0.5733135464787172,0.0,-7.806697102022393e-14
17047,2025,88.7,74.5938513552228,14.106148644777209,-2.3237941597698377,0.0,-7.806697102022393e-14
17049,2022,78.3,76.16237600095565,2.137623999044351,-0.1688529725871846,0.0,1.0023022449387754e-12
17049,2023,80.7,76.98845464324086,3.711545356759146,0.8378509934343955,0.0,1.0023022449387754e-12
17049,2024,96.3,77.81453328552607,18.48546671447393,-3.6192483497412526,0.0,1.0023022449387754e-12
17049,2025,92.5,78.64061192781128,13.859388072188722,2.024852318018576,0.0,1.0023022449387754e-12
17051,2023,93.8,69.16873949579781,24.63126050420219,0.8378509934343955,0.0,-7.806697102022393e-14
17051,2024,83.3,69.82840336134404,13.471596638655951,-3.6192483497412526,0.0,-7.806697102022393e-14
17055,2022,73.9,72.46863335340163,1.4313666465983772,-0.7821084475921882,0.0,-7.806697102022393e-14
17055,2023,73.7,73.46122817579771,0.2387718242022884,0.0758687120867696,0.0,-7.806697102022393e-14
17055,2024,77.7,74.45382299819403,3.2461770018059752,-6.595229138723136,0.0,-7.806697102022393e-14
17055,2025,77.7,75.44641782059011,2.2535821794098894,-3.022965621182266,0.0,-7.806697102022393e-14
17057,2022,80.6,62.14638880959232,18.45361119040767,2.5077110944537733,0.0,-7.806697102022393e-14
17057,2023,83.2,62.15569511847047,21.04430488152953,6.310806312923538,0.0,-7.806697102022393e-14
17057,2024,84.9,62.16500142734861,22.734998572651392,2.2327627779534844,0.0,-7.806697102022393e-14
17057,2025,93.8,62.17430773622675,31.62569226377325,4.076035665466558,0.0,-7.806697102022393e-14
17059,2022,97.4,86.42981999320727,10.97018000679273,-0.2035800438069386,0.0,-7.806697102022393e-14
17059,2023,100.5,88.07186120230972,12.42813879769028,0.5974966220023809,0.0,-7.806697102022393e-14
17059,2025,100.3,91.35594362051415,8.944056379485843,-4.146934338791999,0.0,-7.806697102022393e-14
17061,2022,84.5,72.14870460048428,12.35129539951572,1.4615189850089474,0.0,-7.806697102022393e-14
17061,2023,83.2,73.03151331719141,10.168486682808592,0.4877933973964966,0.0,-7.806697102022393e-14
17061,2024,98.9,73.91432203389832,24.98567796610169,-3.0880562283956143,0.0,-7.806697102022393e-14
17061,2025,101.9,74.79713075060545,27.10286924939456,3.040803532533848,0.0,-7.806697102022393e-14
17067,2022,79.6,68.87280000000004,10.727199999999954,3.4812597533779885,0.0,-7.806697102022393e-14
17067,2023,77.7,69.07360000000006,8.626399999999947,4.343890989572261,0.0,-7.806697102022393e-14
17073,2022,84.7,76.48091286307135,8.21908713692865,2.6457908271156847,0.0,-7.806697102022393e-14
17073,2023,95.0,76.96078838174355,18.039211618256445,0.0124683169031215,0.0,-7.806697102022393e-14
17073,2024,94.2,77.44066390041576,16.759336099584246,1.1733814086075292,0.0,-7.806697102022393e-14
17073,2025,100.6,77.92053941908796,22.67946058091204,-0.1876747993895347,0.0,-7.806697102022393e-14
17075,2022,79.1,70.79995295777917,8.300047042220825,1.5384354393750084,0.0,-7.806697102022393e-14
17075,2023,87.2,70.61114900623267,16.588850993767338,0.2561839433558219,0.0,-7.806697102022393e-14
17077,2022,76.4,67.93139021699199,8.46860978300802,-4.143922544204387,0.0,-7.806697102022393e-14
17077,2025,79.6,70.36951084957741,9.230489150422583,-1.8386287859579609,0.0,-7.806697102022393e-14
17079,2022,82.6,70.82621500944583,11.773784990554162,1.8920359188410365,0.0,-8.081472671856227e-14
17079,2023,85.0,71.57573415765114,13.42426584234886,0.6050989367084884,0.0,-8.081472671856227e-14
17079,2024,84.1,72.32525330585645,11.774746694143545,-3.438491647738937,0.0,-8.081472671856227e-14
17079,2025,94.6,73.07477245406199,21.52522754593801,-0.2460837927248836,0.0,-8.081472671856227e-14
17081,2022,73.7,59.90330562901386,13.796694370986144,-1.4679075343755663,0.0,-7.806697102022393e-14
17083,2022,77.9,72.87157742402314,5.028422575976862,-2.546158498040091,0.0,-7.806697102022393e-14
17083,2023,83.1,73.72405209840804,9.375947901591957,0.5567011972248309,0.0,-7.806697102022393e-14
17083,2024,79.3,74.57652677279316,4.723473227206839,-9.566035202873392,0.0,-7.806697102022393e-14
17083,2025,94.4,75.42900144717805,18.970998552821957,1.3480416989487305,0.0,-7.806697102022393e-14
17089,2022,90.6,73.21528189910947,17.384718100890524,1.077264482948426,0.0,-7.806697102022393e-14
17089,2023,91.4,73.1469299246744,18.25307007532561,0.9900212733785596,0.0,-7.806697102022393e-14
17089,2024,85.0,73.07857795023929,11.921422049760707,0.7346287248255249,0.0,-7.806697102022393e-14
17089,2025,97.3,73.01022597580422,24.28977402419578,-0.9075326486423368,0.0,-7.806697102022393e-14
17091,2024,105.9,83.79510119595216,22.10489880404785,3.219028734765434,0.0,-7.806697102022393e-14
17091,2025,95.6,84.29135234590626,11.308647654093733,1.878671926094881,0.0,-7.806697102022393e-14
17093,2024,102.9,80.9507996237063,21.949200376293703,2.5311028029122347,0.0,-7.806697102022393e-14
17095,2022,84.2,73.82131877603797,10.378681223962031,1.4502877076241514,0.0,-7.806697102022393e-14
17095,2023,102.9,74.05534405976158,28.844655940238425,1.8837078463661912,0.0,-7.806697102022393e-14
17095,2024,84.9,74.28936934348519,10.610630656514816,0.5847475824295375,0.0,-7.806697102022393e-14
17097,2025,96.6,64.8658416223314,31.734158377668592,5.739738927052111,0.0,-7.806697102022393e-14
17099,2022,94.1,82.41568150208616,11.684318497913836,1.3379481466025505,0.0,-7.806697102022393e-14
17099,2024,99.8,83.20441585535468,16.595584144645315,1.6819943816476135,0.0,-7.806697102022393e-14
17101,2024,77.8,69.8806060606064,7.919393939393601,-6.221459978954969,0.0,-7.806697102022393e-14
17101,2025,92.1,70.5839826839831,21.5160173160169,0.6941247068964589,0.0,-7.806697102022393e-14
17103,2024,100.0,71.66454711802277,28.335452881977236,1.6594864810745942,0.0,-7.806697102022393e-14
17103,2025,90.5,71.68776303751035,18.81223696248965,-0.4458319851593499,0.0,-7.806697102022393e-14
17105,2022,86.0,71.65496054844135,14.345039451558648,1.2696150403401003,0.0,-7.806697102022393e-14
17105,2023,85.7,71.49602250679084,14.203977493209166,1.7147575331145728,0.0,-7.806697102022393e-14
17105,2024,93.5,71.33708446514032,22.16291553485968,2.2553680131744818,0.0,-7.806697102022393e-14
17105,2025,90.9,71.1781464234898,19.7218535765102,1.9482171848919283,0.0,-7.806697102022393e-14
17107,2022,102.5,76.88953616448448,25.61046383551552,0.0237559873666058,0.0,-7.806697102022393e-14
17107,2023,95.0,76.96486354179449,18.035136458205518,0.918341871459476,0.0,-7.806697102022393e-14
17111,2022,83.4,76.07651201053022,7.323487989469783,-3.998040422085237,0.0,-7.806697102022393e-14
17111,2023,95.5,76.44153339914499,19.058466600855013,0.5125569735083161,0.0,-7.806697102022393e-14
17111,2024,91.6,76.80655478775964,14.793445212240355,3.545534709963991,0.0,-7.806697102022393e-14
17111,2025,90.8,77.17157617637429,13.62842382362571,-1.1170961614477577,0.0,-7.806697102022393e-14
17113,2025,100.4,74.53103916449048,25.86896083550953,1.6925775976677575,0.0,-7.806697102022393e-14
17117,2022,63.5,64.34873377651172,-0.8487337765117218,-6.071155023113908,0.0,-7.806697102022393e-14
17117,2023,93.1,64.62845837290297,28.471541627097025,1.1572944817426096,0.0,-7.806697102022393e-14
17117,2024,77.6,64.90818296929422,12.691817030705778,-2.4948522391085075,0.0,-7.806697102022393e-14
17117,2025,88.9,65.18790756568546,23.712092434314545,2.387637977456986,0.0,-7.806697102022393e-14
17119,2022,78.1,74.47625067240506,3.623749327594936,-6.76975539191321,0.0,-7.806697102022393e-14
17119,2023,83.8,75.49451317912917,8.305486820870826,0.6226943615113248,0.0,-7.806697102022393e-14
17119,2024,85.1,76.51277568585328,8.58722431414671,-9.247992227255912,0.0,-7.806697102022393e-14
17119,2025,82.8,77.5310381925774,5.268961807422599,-0.875450407142097,0.0,-7.806697102022393e-14
17121,2022,83.4,70.30086683280979,13.099133167190216,-1.4679075343755663,0.0,-7.806697102022393e-14
17121,2023,86.9,70.94602340448591,15.953976595514092,0.8914187456717806,0.0,-7.806697102022393e-14
17121,2024,86.1,71.59117997616227,14.508820023837728,-5.612945187127353,0.0,-7.806697102022393e-14
17121,2025,77.7,72.23633654783862,5.463663452161384,-0.1012927760219895,0.0,-7.806697102022393e-14
17123,2022,72.1,67.10382352941178,4.99617647058821,1.8258342990612777,0.0,-7.806697102022393e-14
17123,2023,73.0,67.42779411764707,5.572205882352932,1.168871730009772,0.0,-7.806697102022393e-14
17125,2022,66.5,69.50389610389561,-3.003896103895613,-2.6975449483774097,0.0,-7.806697102022393e-14
17125,2024,91.2,71.10378317334767,20.096216826652338,0.6023490681767852,0.0,-7.806697102022393e-14
17125,2025,86.9,71.90372670807392,14.996273291926087,0.6377847702884668,0.0,-7.806697102022393e-14
17127,2023,83.4,67.45784045272035,15.942159547279658,-2.693203246954336,0.0,-7.806697102022393e-14
17129,2022,87.5,82.34848249027243,5.151517509727569,-2.6975449483774097,0.0,-7.806697102022393e-14
17129,2023,86.3,82.84361867704285,3.4563813229571423,1.5544226920328112,0.0,-7.806697102022393e-14
17129,2024,91.9,83.33875486381328,8.561245136186727,0.6023490681767852,0.0,-7.806697102022393e-14
17133,2022,70.3,70.7688311688305,-0.4688311688305049,-7.349079713774079,0.0,-7.806697102022393e-14
17133,2023,76.5,71.70841332580403,4.791586674195969,3.17011313025018,0.0,-7.806697102022393e-14
17133,2025,79.8,73.58757763975086,6.212422360249136,2.1155319854838104,0.0,-7.806697102022393e-14
17135,2022,77.5,74.42155207624228,3.0784479237577216,-5.344328480896414,0.0,-7.806697102022393e-14
17135,2023,86.7,75.14185159972772,11.558148400272287,0.5754412655741269,0.0,-7.806697102022393e-14
17135,2024,88.6,75.86215112321293,12.73784887678707,-6.3497212234043525,0.0,-7.806697102022393e-14
17135,2025,96.1,76.58245064669836,19.517549353301632,0.6341292242221567,0.0,-7.806697102022393e-14
17137,2023,76.3,71.08863253620751,5.2113674637924845,1.1572944817426096,0.0,-7.806697102022393e-14
17137,2024,69.5,71.18903671269791,-1.689036712697913,-2.4948522391085075,0.0,-7.806697102022393e-14
17137,2025,99.6,71.28944088918831,28.31055911081168,2.387637977456986,0.0,-7.806697102022393e-14
17139,2023,98.9,64.97663185378545,33.92336814621456,2.246004396256505,0.0,-7.806697102022393e-14
17141,2022,97.7,84.98927531543268,12.710724684567325,4.0859265227270924,0.0,-7.806697102022393e-14
17141,2023,90.2,85.55871886121076,4.641281138789239,2.930320129141755,0.0,-7.806697102022393e-14
17141,2024,111.4,86.12816240698885,25.27183759301116,0.6447375431555581,0.0,-7.806697102022393e-14
17141,2025,106.9,86.69760595276693,20.20239404723307,-2.864886681950691,0.0,-7.806697102022393e-14
17143,2022,74.8,65.45833333333334,9.341666666666654,1.4502877076241514,0.0,-7.806697102022393e-14
17143,2024,96.6,65.775,30.82499999999999,0.5847475824295375,0.0,-7.806697102022393e-14
17143,2025,96.3,65.93333333333337,30.36666666666663,2.49863373700841,0.0,-7.806697102022393e-14
17145,2022,75.8,70.3354338216177,5.464566178382299,-4.143922544204387,0.0,-7.806697102022393e-14
17145,2023,83.7,71.53304151859265,12.166958481407349,-0.730020232016178,0.0,-7.806697102022393e-14
17145,2025,81.2,73.92825691254257,7.271743087457438,-1.8386287859579609,0.0,-7.806697102022393e-14
17153,2023,98.2,78.53180645161365,19.668193548386355,-0.9280013287384976,0.0,-1.4663426671907133e-13
17153,2024,79.9,80.0081290322587,-0.108129032258688,-2.730658310116715,0.0,-1.4663426671907133e-13
17153,2025,97.3,81.48445161290374,15.815548387096255,-8.885824717454671,0.0,-1.4663426671907133e-13
17157,2022,79.2,82.06103896103878,-2.8610389610387728,-4.415718768033212,0.0,-7.806697102022393e-14
17157,2023,87.9,83.67148503670205,4.228514963297954,2.568656144497377,0.0,-7.806697102022393e-14
17157,2024,90.9,85.28193111236533,5.618068887634678,-6.9857142115462025,0.0,-7.806697102022393e-14
17157,2025,90.9,86.89237718802906,4.007622811970947,-0.0331362784851252,0.0,-7.806697102022393e-14
17159,2022,80.3,75.04284023668606,5.257159763313936,0.5733135464787172,0.0,-7.806697102022393e-14
17159,2023,83.9,76.04903711672887,7.850962883271137,1.8939301236090809,0.0,-7.806697102022393e-14
17159,2024,83.5,77.0552339967719,6.4447660032280965,-5.613636962974781,0.0,-7.806697102022393e-14
17159,2025,92.4,78.06143087681494,14.338569123185067,-2.3237941597698377,0.0,-7.806697102022393e-14
17163,2022,84.0,77.24025974025881,6.759740259741193,-7.349079713774079,0.0,-7.806697102022393e-14
17163,2023,85.9,78.50621118012305,7.39378881987696,3.17011313025018,0.0,-7.806697102022393e-14
17163,2024,83.4,79.77216261998774,3.6278373800122665,-8.807103440455613,0.0,-7.806697102022393e-14
17163,2025,91.2,81.03811405985198,10.161885940148023,2.1155319854838104,0.0,-7.806697102022393e-14
17167,2023,88.1,70.97010431484176,17.129895685158232,0.918341871459476,0.0,-7.806697102022393e-14
17167,2024,81.0,71.18955666192574,9.810443338074265,-2.6372619524154337,0.0,-7.806697102022393e-14
17169,2022,71.2,60.51928197812646,10.680718021873544,1.3935101195086124,0.0,-7.806697102022393e-14
17169,2023,90.1,60.56074655254396,29.539253447456037,2.128792382847432,0.0,-7.806697102022393e-14
17169,2024,84.0,60.60221112696146,23.397788873038536,-0.8726503664404774,0.0,-7.806697102022393e-14
17169,2025,104.6,60.64367570137897,43.95632429862103,1.778781847171549,0.0,-7.806697102022393e-14
17173,2022,78.7,70.03440457170939,8.665595428290615,-1.539708594608322,0.0,-7.806697102022393e-14
17173,2023,88.8,70.45108762443147,18.34891237556853,2.246004396256505,0.0,-7.806697102022393e-14
17173,2024,93.2,70.86777067715366,22.332229322846345,-4.28285895304461,0.0,-7.806697102022393e-14
17177,2022,90.6,88.11168831168743,2.488311688312564,-3.615553001604152,0.0,-7.806697102022393e-14
17177,2023,104.4,89.28345567475935,15.116544325240652,0.7458528834539395,0.0,-7.806697102022393e-14
17177,2024,106.1,90.45522303783082,15.644776962169177,4.3883993386031,0.0,-7.806697102022393e-14
17179,2022,90.4,76.01030105186851,14.389698948131496,1.9490239729344423,0.0,-7.806697102022393e-14
17179,2023,108.5,76.48937250634799,32.01062749365201,2.2345371833701195,0.0,-7.806697102022393e-14
17185,2022,78.4,72.56289711073396,5.837102889266049,0.5733135464787172,0.0,-7.806697102022393e-14
17185,2023,89.9,73.48921427637652,16.41078572362349,1.8939301236090809,0.0,-7.806697102022393e-14
17185,2025,82.1,75.34184860766163,6.7581513923383625,-2.3237941597698377,0.0,-7.806697102022393e-14
17189,2022,84.7,78.62337662337632,6.076623376623687,-4.171592470948072,0.0,-7.806697102022393e-14
17189,2023,93.5,79.85979672501344,13.64020327498656,2.8331859505016057,0.0,-7.806697102022393e-14
17189,2024,97.0,81.09621682665102,15.903783173348984,-8.163972974408198,0.0,-7.806697102022393e-14
17189,2025,85.4,82.3326369282886,3.067363071711412,0.0923518543220638,0.0,-7.806697102022393e-14
17191,2022,73.1,69.37440235380677,3.725597646193222,0.5733135464787172,0.0,-7.806697102022393e-14
17191,2023,79.2,70.15630746598026,9.04369253401974,1.8939301236090809,0.0,-7.806697102022393e-14
17191,2024,70.9,70.93821257815375,-0.0382125781537467,-5.613636962974781,0.0,-7.806697102022393e-14
17191,2025,91.1,71.72011769032747,19.379882309672524,-2.3237941597698377,0.0,-7.806697102022393e-14
17193,2022,82.8,71.30470422203985,11.495295777960152,-0.2035800438069386,0.0,-7.806697102022393e-14
17195,2023,80.7,57.76147786946842,22.93852213053158,0.7001067143652909,0.0,-7.806697102022393e-14
17197,2022,78.3,70.95816733067736,7.341832669322642,0.8159402216909399,0.0,-7.806697102022393e-14
17197,2024,89.0,70.98605577689251,18.013944223107487,2.5311028029122347,0.0,-7.806697102022393e-14
17201,2022,81.2,75.18374851720102,6.016251482798978,-3.615553001604152,0.0,-7.806697102022393e-14
17201,2023,90.9,75.51115065243243,15.388849347567572,0.7458528834539395,0.0,-7.806697102022393e-14
17201,2024,101.3,75.83855278766373,25.461447212336267,4.3883993386031,0.0,-7.806697102022393e-14
17203,2024,82.6,65.05405405405412,17.545945945945874,1.0673562833547854,0.0,-7.806697102022393e-14
17203,2025,93.2,64.84864864864869,28.351351351351312,1.442575365297652,0.0,-7.806697102022393e-14
20001,2022,53.5,45.98342245989284,7.516577540107164,1.708233178991004,0.0,-7.806697102022393e-14
20001,2023,56.6,46.555080213903466,10.044919786096536,-0.6506696057242801,0.0,-7.806697102022393e-14
20001,2025,65.9,47.69839572192495,18.20160427807505,1.8792425594996245,0.0,-7.806697102022393e-14
20003,2023,53.3,43.67402904787534,9.62597095212466,-0.6506696057242801,0.0,-7.806697102022393e-14
20005,2022,58.7,42.08061842337312,16.61938157662688,2.3777658659421026,0.0,-7.806697102022393e-14
20005,2023,68.1,42.01062841690671,26.08937158309328,1.244014377300704,0.0,-7.806697102022393e-14
20007,2022,28.0,36.59273153575617,-8.592731535756172,-0.3808183811048189,0.0,-7.806697102022393e-14
20007,2025,36.0,36.89768464243844,-0.8976846424384348,0.2290522881878495,0.0,-7.806697102022393e-14
20009,2022,40.2,46.172727272727,-5.972727272726999,0.5998317666719718,0.0,-7.806697102022393e-14
20009,2023,17.5,46.65256916996009,-29.15256916996009,0.4213923308747875,0.0,-7.806697102022393e-14
20009,2025,45.6,47.61225296442649,-2.0122529644264877,-0.5255975720885389,0.0,-7.806697102022393e-14
20011,2022,49.6,50.28746324826534,-0.6874632482653382,1.708233178991004,0.0,-7.806697102022393e-14
20011,2023,55.7,50.92121016111946,4.778789838880542,-0.6506696057242801,0.0,-7.806697102022393e-14
20013,2022,77.8,51.46783039520688,26.332169604793123,2.892664263470798,0.0,-7.806697102022393e-14
20013,2023,71.5,51.38881207512392,20.11118792487608,2.6773723980847026,0.0,-7.806697102022393e-14
20015,2022,48.7,46.21016642137465,2.489833578625351,3.056498109518139,0.0,-7.806697102022393e-14
20015,2023,42.8,46.7005434167329,-3.900543416732901,0.1377243774774849,0.0,-7.806697102022393e-14
20015,2025,67.7,47.68129740744962,20.018702592550383,2.549040402208224,0.0,-7.806697102022393e-14
20017,2022,49.7,48.86174016686528,0.8382598331347282,2.932758479909468,0.0,-7.806697102022393e-14
20017,2023,52.1,49.48426698450544,2.6157330154945626,-1.5575987163545977,0.0,-7.806697102022393e-14
20017,2025,55.8,50.72932061978554,5.070679380214457,3.037030228010212,0.0,-7.806697102022393e-14
20019,2022,46.7,42.4407281431088,4.259271856891203,0.6635138905059813,0.0,-7.806697102022393e-14
20019,2023,45.8,43.04657344419229,2.7534265558077067,4.686027361467152,0.0,-7.806697102022393e-14
20019,2025,64.5,44.258264046359045,20.241735953640955,1.0890319191933029,0.0,-7.806697102022393e-14
20021,2022,63.3,53.83189491203052,9.468105087969477,2.418563708824979,0.0,-7.806697102022393e-14
20021,2023,79.9,54.47908939610079,25.420910603899216,3.2527187946162277,0.0,-7.806697102022393e-14
20021,2025,77.8,55.77347836424156,22.02652163575844,-2.1513575538221232,0.0,-7.806697102022393e-14
20023,2022,34.1,56.25086447295007,-22.15086447295007,-3.487020684352008,0.0,1.9386882753058015e-13
20025,2022,27.2,44.916080977845695,-17.716080977845696,-5.954590980624701,0.0,-7.806697102022393e-14
20025,2023,26.4,45.67990832696705,-19.279908326967053,1.0964183886643997,0.0,-7.806697102022393e-14
20025,2025,53.5,47.20756302520999,6.292436974790007,1.084730028928885,0.0,-7.806697102022393e-14
20027,2022,39.8,49.932247785355,-10.132247785355004,3.1192053702148854,0.0,-7.806697102022393e-14
20027,2023,39.7,50.21226817921138,-10.512268179211375,1.947674676451866,0.0,-7.806697102022393e-14
20027,2025,66.3,50.772308966924015,15.527691033075982,4.430188310937671,0.0,-7.806697102022393e-14
20029,2022,43.1,45.32699111369514,-2.226991113695142,-0.1817903451012673,0.0,-7.806697102022393e-14
20029,2023,26.1,45.363840212607215,-19.263840212607214,6.296325988730821,0.0,-7.806697102022393e-14
20031,2022,42.6,44.59245056920324,-1.9924505692032357,0.512874774570147,0.0,-7.806697102022393e-14
20031,2023,50.1,44.72139005392464,5.378609946075365,-1.4490336263049035,0.0,-7.806697102022393e-14
20031,2025,71.2,44.97926902336744,26.220730976632566,1.6908923559306688,0.0,-7.806697102022393e-14
20033,2022,17.1,36.43994931521616,-19.339949315216156,-1.5254662499242466,0.0,-7.806697102022393e-14
20033,2023,16.4,36.80842230130486,-20.40842230130486,0.1837416842853266,0.0,-7.806697102022393e-14
20035,2022,41.0,41.70894235717958,-0.7089423571795805,0.2854615136417193,0.0,-7.806697102022393e-14
20035,2023,23.1,42.05680648481734,-18.956806484817346,3.613066597836206,0.0,-7.806697102022393e-14
20035,2025,55.8,42.75253474009264,13.047465259907357,3.01815407188836,0.0,-7.806697102022393e-14
20037,2022,55.7,52.72189859762671,2.978101402373298,0.0245609033724184,0.0,-7.806697102022393e-14
20037,2023,55.6,53.46053937432566,2.1394606256743387,2.6267941311841163,0.0,-7.806697102022393e-14
20037,2025,69.5,54.937820927723806,14.562179072276194,2.200330852341915,0.0,-7.806697102022393e-14
20039,2022,28.0,54.27884548911175,-26.278845489111745,-2.1522635974775906,0.0,-7.806697102022393e-14
20039,2023,38.8,55.24694089180798,-16.446940891807984,-3.141962479128952,0.0,-7.806697102022393e-14
20039,2025,42.6,57.183131697200224,-14.583131697200225,-0.5031272363901328,0.0,-7.806697102022393e-14
20041,2022,42.2,50.08886275432235,-7.888862754322346,2.923566481981981,0.0,-7.806697102022393e-14
20041,2023,38.8,50.439527225685424,-11.639527225685429,-0.4402104660153572,0.0,-7.806697102022393e-14
20041,2025,59.7,51.14085616841146,8.559143831588543,2.399809839191844,0.0,-7.806697102022393e-14
20045,2022,44.7,41.74517010596757,2.9548298940324287,-1.5850636931401674,0.0,-7.806697102022393e-14
20045,2023,44.4,41.77532626882312,2.624673731176877,-0.6883776777549846,0.0,-7.806697102022393e-14
20045,2025,71.7,41.83563859453422,29.864361405465782,0.2471998884987051,0.0,-7.806697102022393e-14
20047,2022,31.9,48.25354155047421,-16.353541550474212,-1.2978370557146952,0.0,-7.806697102022393e-14
20047,2023,23.0,48.93056330172908,-25.93056330172908,1.4877595893333144,0.0,-7.806697102022393e-14
20047,2025,50.5,50.28460680423905,0.2153931957609529,2.15717418849634,0.0,-7.806697102022393e-14
20049,2022,50.0,48.05492760392258,1.9450723960774208,2.529783266194732,0.0,3.8512386418264835e-14
20049,2025,66.5,51.16127977580504,15.338720224194958,2.729176956166222,0.0,3.8512386418264835e-14
20051,2022,47.0,40.93709553962867,6.062904460371328,-0.5286975735234548,0.0,-7.806697102022393e-14
20051,2023,28.1,41.314188295873805,-13.214188295873804,-1.891526060715467,0.0,-7.806697102022393e-14
20051,2025,45.1,42.0683738083643,3.031626191635702,0.5194642565323735,0.0,-7.806697102022393e-14
20053,2022,43.4,43.15645542681489,0.2435445731851118,-0.5511764618449557,0.0,-7.806697102022393e-14
20053,2023,28.3,43.33052731142118,-15.030527311421178,2.785294914265957,0.0,-7.806697102022393e-14
20053,2025,49.0,43.67867108063376,5.321328919366238,-1.8923240477610712,0.0,-7.806697102022393e-14
20055,2022,30.6,44.423515645315206,-13.823515645315204,-1.392027430123077,0.0,-7.806697102022393e-14
20059,2022,48.9,44.88977090492568,4.010229095074315,-0.3318865986387111,0.0,-7.806697102022393e-14
20059,2023,59.0,45.02235967926708,13.977640320732917,-3.0829416642938945,0.0,-7.806697102022393e-14
20059,2025,61.6,45.28753722794977,16.31246277205023,-0.1709569027517384,0.0,-7.806697102022393e-14
20061,2022,47.8,47.57736905478632,0.2226309452136803,2.923566481981981,0.0,-7.806697102022393e-14
20061,2025,67.0,47.96372065021077,19.036279349789226,2.399809839191844,0.0,-7.806697102022393e-14
20063,2022,38.4,50.410789086380646,-12.010789086380647,-3.093731246202011,0.0,-7.806697102022393e-14
20063,2023,29.5,51.29033171063065,-21.790331710630653,2.040468570691508,0.0,-7.806697102022393e-14
20063,2025,51.8,53.04941695913067,-1.24941695913067,1.566474907331794,0.0,-7.806697102022393e-14
20065,2022,40.0,50.843698196002606,-10.843698196002606,-4.002839495863216,0.0,-7.806697102022393e-14
20065,2023,21.6,51.76623598244828,-30.16623598244828,-2.233588587509911,0.0,-7.806697102022393e-14
20065,2025,38.9,53.611311555339626,-14.711311555339629,2.388629128579172,0.0,-7.806697102022393e-14
20067,2022,29.9,41.371578947368505,-11.471578947368506,-5.701302542887125,0.0,-7.806697102022393e-14
20067,2023,50.6,41.618947368421175,8.981052631578827,-1.7760882099667925,0.0,-7.806697102022393e-14
20067,2025,46.2,42.1136842105264,4.086315789473602,-1.213416044661188,0.0,-7.806697102022393e-14
20069,2022,39.4,51.70500853727936,-12.305008537279356,-4.4841070305774045,0.0,-7.806697102022393e-14
20069,2023,47.7,52.47638019351166,-4.776380193511656,0.8349207179051553,0.0,-7.806697102022393e-14
20069,2025,71.3,54.01912350597604,17.280876494023957,-2.0569821116386464,0.0,-7.806697102022393e-14
20071,2022,34.5,43.15231593501585,-8.65231593501585,-2.9772666743564598,0.0,-7.806697102022393e-14
20071,2023,36.2,43.95793294158352,-7.757932941583519,4.154274534896167,0.0,-7.806697102022393e-14
20071,2025,41.1,45.56916695471864,-4.469166954718638,2.6039996434479598,0.0,-7.806697102022393e-14
20073,2022,41.9,49.558915706052176,-7.658915706052177,2.2008818127457777,0.0,-7.806697102022393e-14
20073,2023,41.0,50.207853025936856,-9.207853025936856,1.8531435258147235,0.0,-7.806697102022393e-14
20073,2025,63.9,51.50572766570622,12.39427233429378,2.5299541527685445,0.0,-7.806697102022393e-14
20075,2022,24.9,37.02152897799306,-12.12152897799306,-1.565318593323,0.0,-7.806697102022393e-14
20075,2023,28.4,37.50969005645834,-9.10969005645834,3.795909899825961,0.0,-7.806697102022393e-14
20075,2025,35.3,38.48601221338879,-3.1860122133887927,3.567397170986318,0.0,-7.806697102022393e-14
20077,2022,29.5,35.089874162060426,-5.5898741620604255,-2.92539055642614,0.0,-7.806697102022393e-14
20077,2023,21.5,35.14982359167351,-13.64982359167351,2.833322634546258,0.0,-7.806697102022393e-14
20079,2022,43.2,45.87142857142868,-2.6714285714286774,-2.0025341497719564,0.0,-7.806697102022393e-14
20079,2023,32.2,46.04839073969521,-13.848390739695205,-0.8335777031862402,0.0,-7.806697102022393e-14
20079,2025,56.1,46.40231507622826,9.69768492377174,1.6318682204122898,0.0,-7.806697102022393e-14
20081,2022,30.3,48.18901050788122,-17.88901050788122,-4.4841070305774045,0.0,-7.806697102022393e-14
20081,2023,42.7,48.79684763572709,-6.096847635727087,0.8349207179051553,0.0,-7.806697102022393e-14
20081,2025,58.6,50.01252189141883,8.587478108581173,-2.0569821116386464,0.0,-7.806697102022393e-14
20083,2022,36.1,46.770691676435945,-10.670691676435943,-0.5202670431445581,0.0,-7.806697102022393e-14
20083,2023,32.4,47.56982219617021,-15.169822196170209,-0.5320242943037049,0.0,-7.806697102022393e-14
20085,2022,59.5,38.42700179073904,21.07299820926096,2.3777658659421026,0.0,-7.806697102022393e-14
20085,2023,57.0,38.14617549245304,18.85382450754696,1.244014377300704,0.0,-7.806697102022393e-14
20085,2025,68.0,37.58452289588104,30.415477104118963,2.705713435030716,0.0,-7.806697102022393e-14
20087,2022,59.0,39.8526192075218,19.1473807924782,0.1978040466636376,0.0,-7.806697102022393e-14
20089,2022,48.5,40.648185998977965,7.851814001022035,0.1665498727868773,0.0,-7.806697102022393e-14
20093,2022,35.0,41.056179113271696,-6.056179113271696,-1.089484177751521,0.0,-7.806697102022393e-14
20093,2025,52.0,42.22564442480496,9.774355575195043,0.5806482118223729,0.0,-7.806697102022393e-14
20095,2022,32.9,41.31864047983072,-8.41864047983072,-2.945139441767275,0.0,-7.806697102022393e-14
20095,2023,21.5,41.68220628013648,-20.182206280136484,-1.5000617925573645,0.0,-7.806697102022393e-14
20095,2025,44.4,42.4093378807479,1.9906621192521,-0.3682299320466889,0.0,-7.806697102022393e-14
20097,2022,29.9,48.07736122776191,-18.177361227761917,-2.511705202141868,0.0,-7.806697102022393e-14
20097,2025,49.2,50.32922806749593,-1.12922806749593,1.22604955009095,0.0,-7.806697102022393e-14
20099,2022,57.9,41.307671874011874,16.592328125988125,2.418563708824979,0.0,-7.806697102022393e-14
20099,2023,64.8,41.559332110556056,23.24066788944394,3.2527187946162277,0.0,-7.806697102022393e-14
20099,2025,56.0,42.06265258364442,13.937347416355578,-2.1513575538221232,0.0,-7.806697102022393e-14
20101,2022,34.0,52.27668344442873,-18.276683444428727,-1.3910680249206715,0.0,-6.971053493816398e-14
20103,2022,58.1,46.57402597402597,11.52597402597403,-1.5850636931401674,0.0,-7.806697102022393e-14
20103,2023,63.3,47.04765669113488,16.25234330886512,-0.6883776777549846,0.0,-7.806697102022393e-14
20105,2022,33.5,40.70163030729539,-7.201630307295389,-0.3768199720164146,0.0,-7.806697102022393e-14
20105,2023,26.0,40.64295097349292,-14.642950973492916,4.395845238707756,0.0,-7.806697102022393e-14
20105,2025,46.1,40.52559230588794,5.574407694112061,0.7890469298728251,0.0,-7.806697102022393e-14
20107,2022,47.2,42.5463204453597,4.653679554640306,1.708233178991004,0.0,-7.806697102022393e-14
20111,2022,42.8,41.799765706887,1.000234293112996,1.3145946384300793,0.0,-7.806697102022393e-14
20111,2025,61.1,42.34618040569711,18.75381959430289,0.3937043045981573,0.0,-7.806697102022393e-14
20113,2022,45.9,49.107792207792215,-3.2077922077922167,-0.5910127115371762,0.0,-7.806697102022393e-14
20113,2023,34.8,49.37684923771877,-14.576849237718775,1.0626491053234022,0.0,-7.806697102022393e-14
20113,2025,53.8,49.91496329757189,3.88503670242811,-2.729332242295175,0.0,-7.806697102022393e-14
20115,2022,40.0,47.36839826839855,-7.3683982683985505,2.932758479909468,0.0,-7.806697102022393e-14
20115,2023,41.5,47.75346320346341,-6.2534632034634114,-1.5575987163545977,0.0,-7.806697102022393e-14
20115,2025,59.0,48.52359307359336,10.47640692640664,3.037030228010212,0.0,-7.806697102022393e-14
20117,2022,53.7,44.027726952849946,9.672273047150057,-2.779911638718643,0.0,-7.806697102022393e-14
20117,2023,62.7,43.87867698803643,18.82132301196357,0.9859533924831644,0.0,-7.806697102022393e-14
20119,2025,58.6,47.49056776556836,11.109432234431644,-3.293483480430704,0.0,-7.806697102022393e-14
20121,2023,51.3,59.79985508246614,-8.49985508246614,-3.0829416642938945,0.0,-1.342759237762497e-13
20121,2025,78.9,61.73017045062579,17.169829549374214,-0.1709569027517384,0.0,-1.342759237762497e-13
20123,2022,44.8,50.53116883116877,-5.731168831168773,-0.3212366759185033,0.0,-7.806697102022393e-14
20123,2025,56.1,51.59107848673057,4.508921513269435,1.5382849176432494,0.0,-7.806697102022393e-14
20125,2022,53.7,45.01822515982235,8.681774840177653,-0.8982808840321788,0.0,-7.806697102022393e-14
20125,2023,54.8,45.5478600065012,9.2521399934988,4.000220329035129,0.0,-7.806697102022393e-14
20125,2025,54.6,46.60712969985912,7.992870300140886,0.6360397657048054,0.0,-7.806697102022393e-14
20127,2022,48.5,44.4207792207792,4.079220779220805,2.932758479909468,0.0,-7.806697102022393e-14
20127,2023,44.0,44.80796160361365,-0.8079616036136485,-1.5575987163545977,0.0,-7.806697102022393e-14
20127,2025,59.7,45.58232636928278,14.11767363071722,3.037030228010212,0.0,-7.806697102022393e-14
20131,2022,64.9,50.34621974300231,14.553780256997698,-2.779911638718643,0.0,-7.806697102022393e-14
20131,2023,65.2,50.41917521665505,14.780824783344954,0.9859533924831644,0.0,-7.806697102022393e-14
20133,2022,50.8,45.35283707106214,5.447162928937857,0.0575458393865451,0.0,-7.806697102022393e-14
20133,2023,51.7,45.89818967846554,5.801810321534461,2.260084885607826,0.0,-7.806697102022393e-14
20133,2025,61.5,46.988894893272345,14.511105106727657,3.5573628625845,0.0,-7.806697102022393e-14
20135,2022,37.8,46.08535769428727,-8.28535769428727,-2.406086012092887,0.0,-7.806697102022393e-14
20135,2023,28.0,46.89727225939282,-18.89727225939282,-0.0368177138368123,0.0,-7.806697102022393e-14
20135,2025,51.4,48.52110138960393,2.878898610396071,-2.888432130859812,0.0,-7.806697102022393e-14
20137,2022,29.1,38.63433932294265,-9.53433932294265,-3.1398829546133373,0.0,-7.806697102022393e-14
20139,2022,51.5,47.1909090909088,4.309090909091196,0.8275114231519356,0.0,-7.806697102022393e-14
20139,2023,60.7,47.61067193675865,13.089328063241354,-2.3108965479202457,0.0,-7.806697102022393e-14
20139,2025,65.1,48.45019762845811,16.64980237154188,0.1964179686827808,0.0,-7.806697102022393e-14
20141,2025,44.4,41.42813425468916,2.9718657453108435,0.1311686590855282,0.0,-7.806697102022393e-14
20143,2022,35.4,43.8298701298701,-8.429870129870103,-0.4483354189842878,0.0,-7.806697102022393e-14
20143,2023,37.5,43.9419536984754,-6.441953698475402,1.3763809457433682,0.0,-7.806697102022393e-14
20143,2025,54.2,44.166120835686,10.033879164314,-0.9352991868327184,0.0,-7.806697102022393e-14
20145,2022,37.3,49.39740259740233,-12.097402597402336,-1.2978370557146952,0.0,-7.806697102022393e-14
20145,2025,43.1,51.37814793901725,-8.278147939017252,2.15717418849634,0.0,-7.806697102022393e-14
20147,2022,33.3,43.37556156650612,-10.075561566506124,-1.1580485418595927,0.0,-7.806697102022393e-14
20147,2025,33.7,44.324603081265536,-10.624603081265532,3.2510260360183016,0.0,-7.806697102022393e-14
20149,2022,59.3,46.94778446718868,12.352215532811314,4.050241203885138,0.0,-7.806697102022393e-14
20151,2022,31.1,46.8152601478588,-15.715260147858793,-3.912220476603483,0.0,-7.806697102022393e-14
20151,2023,20.5,47.20123448179652,-26.70123448179652,1.288917988641315,0.0,-7.806697102022393e-14
20151,2025,50.6,47.97318314967208,2.62681685032792,1.216767733893493,0.0,-7.806697102022393e-14
20153,2023,47.4,57.033655951147466,-9.633655951147468,2.917510603232772,0.0,-8.612148996137304e-14
20153,2025,46.3,59.41740983984437,-13.11740983984437,2.140932459644984,0.0,-8.612148996137304e-14
20155,2022,32.4,44.31653679653709,-11.916536796537097,-1.6159522509061992,0.0,-7.806697102022393e-14
20155,2023,25.3,44.692121212121606,-19.392121212121605,-0.0884023658807723,0.0,-7.806697102022393e-14
20155,2025,46.6,45.4432900432904,1.156709956709598,2.2836056792646944,0.0,-7.806697102022393e-14
20157,2022,55.9,44.84025974026008,11.059740259739918,-2.0080687856395887,0.0,-7.806697102022393e-14
20157,2025,49.0,45.100959909655984,3.899040090344016,4.179537549645575,0.0,-7.806697102022393e-14
20159,2022,38.5,52.33321299638988,-13.833212996389875,-0.5511764618449557,0.0,-7.806697102022393e-14
20159,2023,30.6,52.78688327316479,-22.18688327316479,2.785294914265957,0.0,-7.806697102022393e-14
20159,2025,52.1,53.69422382671473,-1.5942238267147315,-1.8923240477610712,0.0,-7.806697102022393e-14
20163,2025,40.4,49.649790633608745,-9.249790633608749,-0.5132125722261224,0.0,-7.806697102022393e-14
20165,2023,39.8,40.72389702695693,-0.9238970269569364,-0.2456997851185664,0.0,-7.806697102022393e-14
20167,2022,46.7,45.78028201571874,0.9197179842812632,0.7105671301652835,0.0,-7.806697102022393e-14
20167,2023,23.1,46.18539066111873,-23.08539066111873,-1.6060339037560665,0.0,-7.806697102022393e-14
20167,2025,41.5,46.9956079519186,-5.4956079519186005,0.3393184997882292,0.0,-7.806697102022393e-14
20169,2022,37.7,44.33506493506496,-6.63506493506496,-0.4483354189842878,0.0,-7.806697102022393e-14
20169,2023,38.2,44.43890457368721,-6.238904573687208,1.3763809457433682,0.0,-7.806697102022393e-14
20169,2025,52.0,44.646583850931705,7.353416149068295,-0.9352991868327184,0.0,-7.806697102022393e-14
20171,2022,38.9,41.45189255189217,-2.5518925518921733,-1.3910680249206715,0.0,-7.806697102022393e-14
20171,2025,72.9,41.82271062271019,31.077289377289816,0.4474246464278513,0.0,-7.806697102022393e-14
20173,2022,35.0,43.94935064935044,-8.949350649350436,-0.4155743304073993,0.0,-7.806697102022393e-14
20173,2023,20.6,44.388424618859176,-23.78842461885917,-0.476117293499143,0.0,-7.806697102022393e-14
20173,2025,50.5,45.26657255787666,5.233427442123343,-1.537437098537958,0.0,-7.806697102022393e-14
20175,2022,23.9,50.54290822407643,-26.64290822407643,-4.793568078778752,0.0,-7.806697102022393e-14
20177,2022,50.1,45.11168831168817,4.988311688311832,0.1978040466636376,0.0,-7.806697102022393e-14
20177,2023,59.0,45.26211180124204,13.737888198757958,-1.59722436951887,0.0,-7.806697102022393e-14
20181,2022,34.4,53.940259740259535,-19.540259740259536,-1.0504625953810496,0.0,-7.806697102022393e-14
20181,2025,43.8,57.439299830603886,-13.639299830603887,2.341667357464723,0.0,-7.806697102022393e-14
20183,2022,42.6,46.61300717393874,-4.013007173938739,0.1696579833884345,0.0,-7.806697102022393e-14
20183,2023,24.6,46.96729977654957,-22.367299776549565,3.662679988463724,0.0,-7.806697102022393e-14
20183,2025,51.5,47.67588498177133,3.8241150182286674,0.1997175237984413,0.0,-7.806697102022393e-14
20185,2022,27.3,42.55473536381987,-15.254735363819872,-0.9029244099668714,0.0,-7.806697102022393e-14
20185,2023,29.9,42.76625998420076,-12.86625998420076,-2.11323369045422,0.0,-7.806697102022393e-14
20187,2025,54.3,42.12366096079501,12.17633903920499,0.1107024578376002,0.0,-7.806697102022393e-14
20189,2022,30.0,42.52437967277069,-12.524379672770692,-4.996018150023239,0.0,-7.806697102022393e-14
20189,2025,61.9,42.85591071622068,19.04408928377932,-0.1539087766814461,0.0,-7.806697102022393e-14
20191,2022,34.7,41.10649350649328,-6.406493506493277,-0.4854563740382402,0.0,-7.806697102022393e-14
20191,2023,26.0,41.43630717108954,-15.436307171089538,4.028462180848923,0.0,-7.806697102022393e-14
20191,2025,46.3,42.095934500282056,4.204065499717942,2.7682306883213865,0.0,-7.806697102022393e-14
20193,2025,38.7,46.25069225928257,-7.55069225928257,2.3078223518242367,0.0,-7.806697102022393e-14
20195,2022,38.4,41.80763422818802,-3.407634228188023,-3.522904427680257,0.0,-7.806697102022393e-14
20197,2023,50.8,43.47478134110801,7.325218658891984,-0.9881634993420284,0.0,-7.806697102022393e-14
20197,2025,64.3,43.73104956268233,20.568950437317667,2.713703388104664,0.0,-7.806697102022393e-14
20199,2022,38.3,45.77690044139263,-7.47690044139263,-0.0376848884963722,0.0,-7.806697102022393e-14
20199,2023,35.9,46.5127723674068,-10.612772367406798,5.548325055902094,0.0,-7.806697102022393e-14
20201,2022,52.0,43.58551616538088,8.41448383461912,1.543595116403633,0.0,-7.806697102022393e-14
20201,2023,39.3,43.51164080783556,-4.211640807835565,3.035005591583113,0.0,-7.806697102022393e-14
20201,2025,66.6,43.36389009274498,23.236109907255013,2.9245814719889576,0.0,-7.806697102022393e-14
20203,2022,38.5,50.14243697478992,-11.642436974789916,-1.5346883781079956,0.0,-7.806697102022393e-14
20203,2023,38.7,50.86974789915962,-12.169747899159615,1.9225440026656944,0.0,-7.806697102022393e-14
20205,2022,59.4,51.73093641331343,7.669063586686569,0.0575458393865451,0.0,-7.806697102022393e-14
20205,2023,57.5,52.46533780427217,5.034662195727833,2.260084885607826,0.0,-7.806697102022393e-14
20205,2025,58.6,53.93414058618964,4.66585941381036,3.5573628625845,0.0,-7.806697102022393e-14
20207,2022,40.0,44.27296843519139,-4.272968435191388,0.512874774570147,0.0,-7.806697102022393e-14
20207,2023,60.7,44.71067830758898,15.989321692411025,-1.4490336263049035,0.0,-7.806697102022393e-14
20207,2025,67.9,45.586098052384045,22.31390194761596,1.6908923559306688,0.0,-7.806697102022393e-14
30003,2022,51.8,50.779336704692696,1.0206632953073012,-0.2292071333436404,0.0,-7.806697102022393e-14
30003,2023,63.9,51.597200987886936,12.302799012113065,2.493474844322852,0.0,-7.806697102022393e-14
30003,2025,62.2,53.23292955427519,8.967070445724815,2.60765760379169,0.0,-7.806697102022393e-14
30005,2025,38.0,39.65360205831885,-1.653602058318853,1.7540444801455382,0.0,-7.806697102022393e-14
30007,2022,36.9,43.65341246290757,-6.753412462907569,-0.4990519841526057,0.0,-7.806697102022393e-14
30007,2023,65.6,44.04259301529282,21.55740698470717,3.0920668740087174,0.0,-7.806697102022393e-14
30007,2025,52.8,44.82095412006345,7.97904587993655,0.3789566155784401,0.0,-7.806697102022393e-14
30009,2022,55.2,40.34758376288664,14.85241623711336,-2.6820267814256145,0.0,-7.806697102022393e-14
30011,2022,44.9,31.26351183063494,13.63648816936506,3.376423133391719,0.0,-7.806697102022393e-14
30011,2023,37.6,31.358405977583857,6.241594022416145,3.5278694836352504,0.0,-7.806697102022393e-14
30013,2022,31.4,57.80519480519433,-26.40519480519433,2.443165667139362,0.0,-7.806697102022393e-14
30013,2023,62.3,58.85228684359072,3.4477131564092787,1.6489119095500222,0.0,-7.806697102022393e-14
30013,2025,44.2,60.94647092038349,-16.746470920383487,1.791417691999441,0.0,-7.806697102022393e-14
30015,2022,30.7,56.0363636363636,-25.336363636363604,-1.7381492309124678,0.0,-7.806697102022393e-14
30015,2023,57.4,56.93320158102779,0.4667984189722105,2.185168589455909,0.0,-7.806697102022393e-14
30015,2025,55.8,58.7268774703557,-2.9268774703557057,2.448762912306585,0.0,-7.806697102022393e-14
30025,2022,33.6,29.288387573964528,4.311612426035474,1.980305768211293,0.0,-7.806697102022393e-14
30025,2023,38.4,29.25133136094678,9.14866863905322,3.663593341923116,0.0,-7.806697102022393e-14
30025,2025,28.7,29.17721893491129,-0.4772189349112956,0.8612413616065936,0.0,-7.806697102022393e-14
30027,2022,34.8,45.03766233766271,-10.237662337662712,1.3194347210148447,0.0,-7.806697102022393e-14
30027,2023,48.4,45.342123094297335,3.057876905702664,-0.6725643371775146,0.0,-7.806697102022393e-14
30027,2025,56.1,45.9510446075667,10.1489553924333,0.865282626319559,0.0,-7.806697102022393e-14
30029,2022,80.3,72.02475349441954,8.275246505580455,-0.4545759079966476,0.0,-7.806697102022393e-14
30029,2023,56.2,72.32609166756936,-16.126091667569355,1.6337410696803931,0.0,-7.806697102022393e-14
30029,2025,87.7,72.92876801386899,14.771231986131014,0.016062554751253,0.0,-7.806697102022393e-14
30031,2022,52.9,49.49276087793616,3.407239122063835,1.6957612798627784,0.0,-7.806697102022393e-14
30031,2023,74.4,49.552952124246005,24.847047875754,-0.7516314364958497,0.0,-7.806697102022393e-14
30031,2025,68.0,49.6733346168657,18.326665383134294,4.120530790223086,0.0,-7.806697102022393e-14
30033,2022,16.7,36.93740593182838,-20.23740593182838,-1.2730467298665318,0.0,-7.806697102022393e-14
30035,2022,43.3,49.567989417989565,-6.267989417989568,0.857810345387411,0.0,-7.806697102022393e-14
30035,2023,39.9,50.24074074074088,-10.340740740740875,-0.6027115555593829,0.0,-7.806697102022393e-14
30037,2023,63.8,52.62037375849423,11.179626241505773,1.5771568760541523,0.0,-7.806697102022393e-14
30041,2022,29.7,42.459740259739874,-12.759740259739877,-0.824561668679814,0.0,-7.806697102022393e-14
30041,2023,39.7,42.79339356295839,-3.093393562958383,0.9212060446297216,0.0,-7.806697102022393e-14
30041,2025,43.4,43.460700169395295,-0.0607001693952966,0.4906880539181387,0.0,-7.806697102022393e-14
30045,2022,39.7,46.119480519480135,-6.419480519480132,1.8010968037834607,0.0,-7.806697102022393e-14
30045,2023,62.9,46.64568040654956,16.25431959345044,3.1905857825139963,0.0,-7.806697102022393e-14
30045,2025,49.2,47.69808018068841,1.5019198193115957,2.6632495614926524,0.0,-7.806697102022393e-14
30047,2022,47.8,66.31563052645902,-18.51563052645902,0.2703465164614674,0.0,-7.806697102022393e-14
30047,2023,31.0,67.1882260916882,-36.18822609168819,-0.1582604723311431,0.0,-7.806697102022393e-14
30047,2025,59.4,68.93341722214677,-9.533417222146774,-1.5332644724354554,0.0,-7.806697102022393e-14
30051,2022,21.1,42.71168831168825,-21.611688311688248,-2.929667871697041,0.0,-7.806697102022393e-14
30051,2023,37.4,43.26962168266505,-5.8696216826650485,-0.2645090434877571,0.0,-7.806697102022393e-14
30051,2025,38.9,44.38548842461864,-5.485488424618644,-0.6335716593222923,0.0,-7.806697102022393e-14
30065,2022,30.3,30.59069298952465,-0.2906929895246541,2.3819235713265017,0.0,-7.806697102022393e-14
30065,2023,64.0,30.940793714746174,33.05920628525382,2.405626889511613,0.0,-7.806697102022393e-14
30067,2022,40.4,35.927225685052576,4.472774314947422,1.6518023049732546,0.0,-7.806697102022393e-14
30067,2023,52.8,36.097512642597,16.702487357403,0.8163853952657456,0.0,-7.806697102022393e-14
30067,2025,31.1,36.43808655768584,-5.338086557685834,3.2559639059631893,0.0,-7.806697102022393e-14
30069,2023,34.7,37.83201600800408,-3.132016008004072,2.361912865991773,0.0,-7.806697102022393e-14
30069,2025,17.6,39.16153076538262,-21.56153076538262,-0.0997778585909223,0.0,-7.806697102022393e-14
30071,2022,22.4,38.20305072286197,-15.803050722861975,-5.066160940272313,0.0,-7.806697102022393e-14
30071,2023,31.3,38.35074736584164,-7.050747365841641,-3.9814610633978926,0.0,-7.806697102022393e-14
30073,2022,29.1,57.827272727271975,-28.727272727271973,-2.945474727657452,0.0,-7.806697102022393e-14
30073,2023,43.6,58.830830039524926,-15.230830039524925,0.5400696679793983,0.0,-7.806697102022393e-14
30073,2025,45.6,60.83794466403083,-15.237944664030827,-0.043110852963585,0.0,-7.806697102022393e-14
30079,2022,28.7,34.16544257979632,-5.465442579796321,1.388381639858456,0.0,-7.806697102022393e-14
30079,2023,50.0,34.3956827903919,15.604317209608098,2.966187627028881,0.0,-7.806697102022393e-14
30083,2023,33.0,38.50203690036869,-5.502036900368694,1.186299227404258,0.0,-7.806697102022393e-14
30087,2023,25.6,36.62831389183475,-11.028313891834747,5.396084454290159,0.0,-7.806697102022393e-14
30095,2022,39.4,40.80779220779232,-1.407792207792319,0.6764129361309907,0.0,-7.806697102022393e-14
30099,2022,29.3,57.57792207792159,-28.277922077921584,-2.945474727657452,0.0,-7.806697102022393e-14
30099,2023,57.1,58.53766233766192,-1.4376623376619122,0.5400696679793983,0.0,-7.806697102022393e-14
30099,2025,47.7,60.45714285714234,-12.75714285714234,-0.043110852963585,0.0,-7.806697102022393e-14
30101,2022,34.2,37.06954604257328,-2.869546042573276,-3.725021413448278,0.0,-7.806697102022393e-14
30101,2023,35.5,37.30757379748332,-1.8075737974833144,1.033402132443515,0.0,-7.806697102022393e-14
30101,2025,28.9,37.783629307303386,-8.883629307303387,0.8695470134650416,0.0,-7.806697102022393e-14
30105,2025,17.6,45.27133737965653,-27.671337379656528,-2.205544946384472,0.0,-7.806697102022393e-14
30107,2023,48.6,42.96165073848806,5.638349261511941,3.079433518089835,0.0,-7.806697102022393e-14
30111,2022,45.1,45.56849414389262,-0.4684941438926202,-0.0961362825850646,0.0,3.408603491555653e-13
30111,2023,59.5,46.580390407138566,12.919609592861434,4.2317827703921065,0.0,3.408603491555653e-13
30111,2025,61.6,48.60418293363068,12.99581706636932,1.3936476870786918,0.0,3.408603491555653e-13
31001,2025,34.5,53.04403862300603,-18.54403862300603,2.2734873324830738,0.0,-7.806697102022393e-14
31007,2022,20.1,39.14671119664854,-19.046711196648538,-6.625749808062677,0.0,-7.806697102022393e-14
31007,2025,35.5,40.752932186120006,-5.252932186120006,0.721935223803045,0.0,-7.806697102022393e-14
31013,2022,33.0,49.05874397271555,-16.058743972715547,-6.806184180544265,0.0,-7.806697102022393e-14
31013,2025,51.2,50.01554745383976,1.1844525461602444,-0.467798667052693,0.0,-7.806697102022393e-14
31019,2022,35.9,60.30284985112735,-24.40284985112735,-2.95578155007772,0.0,-7.806697102022393e-14
31019,2023,75.9,61.16137813696309,14.738621863036911,0.8421695299730689,0.0,-7.806697102022393e-14
31019,2025,57.5,62.87843470863481,-5.378434708634813,3.216994821352141,0.0,-7.806697102022393e-14
31025,2022,72.4,63.59485481406,8.805145185940006,-1.3636731143489138,0.0,-7.806697102022393e-14
31025,2023,47.6,64.53718797758529,-16.93718797758529,1.8657639791756715,0.0,-7.806697102022393e-14
31029,2022,43.2,62.88509937669096,-19.68509937669096,-3.043729859602756,0.0,-7.806697102022393e-14
31029,2023,63.0,63.78144772433302,-0.7814477243330202,2.685657377075786,0.0,-7.806697102022393e-14
31029,2025,60.3,65.57414441961691,-5.274144419616917,1.710712241116031,0.0,-7.806697102022393e-14
31033,2022,22.8,38.966353130878986,-16.166353130878985,-5.898040596502471,0.0,-7.806697102022393e-14
31035,2022,60.4,52.89463718687534,7.505362813124655,2.28895218215977,0.0,-7.806697102022393e-14
31037,2025,77.6,52.214957264955984,25.38504273504401,6.00326190579836,0.0,-7.806697102022393e-14
31041,2022,40.1,51.84434948392641,-11.744349483926406,0.1798726712677116,0.0,-7.806697102022393e-14
31045,2022,35.3,38.16705170134265,-2.8670517013426533,-8.821579971830223,0.0,-7.806697102022393e-14
31047,2022,50.5,62.10108186080083,-11.601081860800832,-1.4788624744338603,0.0,-7.806697102022393e-14
31047,2023,49.3,62.97348539487939,-13.673485394879393,-0.3076251745552198,0.0,-7.806697102022393e-14
31049,2022,25.5,42.07184523109515,-16.571845231095153,-3.9817969437073217,0.0,-7.806697102022393e-14
31049,2023,45.8,42.422680230507126,3.377319769492871,2.701439310769932,0.0,-7.806697102022393e-14
31049,2025,42.6,43.12435022933107,-0.5243502293310698,2.899914567077055,0.0,-7.806697102022393e-14
31057,2022,43.2,65.80519480519524,-22.60519480519524,-3.487020684352008,0.0,-1.351850556941389e-13
31057,2023,58.4,67.23331451157583,-8.833314511575828,3.2543620797337938,0.0,-1.351850556941389e-13
31057,2025,56.9,70.089553924337,-13.189553924336998,2.355997812890273,0.0,-1.351850556941389e-13
31059,2025,75.1,62.23128834355725,12.86871165644274,2.361921049141433,0.0,5.695584133955261e-14
31061,2022,28.9,47.01050555519066,-18.110505555190663,0.1696579833884345,0.0,-7.806697102022393e-14
31063,2023,46.0,55.20081579376711,-9.200815793767106,-1.784910668780178,0.0,-7.806697102022393e-14
31065,2022,39.6,56.05194805194788,-16.451948051947873,-3.1398829546133373,0.0,-7.806697102022393e-14
31065,2023,30.5,56.71298701298701,-26.21298701298701,-3.646401266308749,0.0,-7.806697102022393e-14
31065,2025,42.6,58.03506493506484,-15.435064935064837,1.360776768250174,0.0,-7.806697102022393e-14
31067,2022,65.6,54.01168831168843,11.588311688311563,1.2513217086719728,0.0,-7.806697102022393e-14
31067,2025,63.6,55.90367024280067,7.696329757199329,6.108196068874931,0.0,-7.806697102022393e-14
31069,2022,19.6,44.02757380488527,-24.427573804885263,-4.67106291163087,0.0,-7.806697102022393e-14
31069,2023,36.9,44.31309006443871,-7.413090064438712,4.5691801307646775,0.0,-7.806697102022393e-14
31073,2022,55.0,53.667905515223765,1.3320944847762348,-3.069002803906528,0.0,-7.806697102022393e-14
31083,2022,49.6,52.14957545567768,-2.549575455677676,-1.1580485418595927,0.0,-7.806697102022393e-14
31083,2023,44.6,52.47514434506968,-7.875144345069678,-0.474024417491474,0.0,-7.806697102022393e-14
31085,2025,57.4,58.672122804136734,-1.2721228041367354,-0.0069052934862549,0.0,-7.806697102022393e-14
31087,2022,37.8,60.48311688311696,-22.683116883116966,-3.123907979431753,0.0,-7.806697102022393e-14
31087,2023,41.8,61.83026538678723,-20.030265386787235,2.917510603232772,0.0,-7.806697102022393e-14
31087,2025,54.8,64.52456239412777,-9.724562394127773,2.140932459644984,0.0,-7.806697102022393e-14
31095,2022,65.4,58.627272727273066,6.772727272726939,1.543595116403633,0.0,-7.806697102022393e-14
31095,2025,76.8,61.26086956521772,15.53913043478228,2.9245814719889576,0.0,-7.806697102022393e-14
31097,2022,60.0,46.83748917748915,13.162510822510852,-0.7246857628385751,0.0,-7.806697102022393e-14
31097,2023,60.1,47.11878787878789,12.981212121212115,-0.2657481188481806,0.0,-7.806697102022393e-14
31097,2025,62.8,47.681385281385246,15.11861471861475,3.287070302571919,0.0,-7.806697102022393e-14
31099,2022,34.6,55.37041420118362,-20.77041420118362,0.4707876745870412,0.0,-7.806697102022393e-14
31099,2025,37.1,57.15403442711136,-20.054034427111358,2.2734873324830738,0.0,-7.806697102022393e-14
31101,2023,42.0,52.99700734048565,-10.997007340485652,2.9328627470512334,0.0,-7.806697102022393e-14
31101,2025,52.2,54.15725578769048,-1.957255787690471,2.925015108196542,0.0,-7.806697102022393e-14
31105,2022,8.7,33.37423899554699,-24.67423899554699,-5.826237974874159,0.0,-7.806697102022393e-14
31105,2023,26.3,33.858515220088975,-7.5585152200889745,5.554766074115752,0.0,-7.806697102022393e-14
31105,2025,24.5,34.827067669172834,-10.327067669172834,1.816284509785616,0.0,-7.806697102022393e-14
31107,2023,36.6,61.02238979118397,-24.422389791183967,-0.3682573197391429,0.0,-7.806697102022393e-14
31109,2022,64.6,54.016165413533486,10.583834586466509,1.067225560113252,0.0,-7.806697102022393e-14
31111,2022,32.6,56.73195788088242,-24.131957880882418,-4.875206280876555,0.0,-7.806697102022393e-14
31111,2025,57.4,59.47529450477191,-2.075294504771911,1.9951911730453435,0.0,-7.806697102022393e-14
31121,2022,50.9,46.07919404292602,4.820805957073979,0.8979027681352317,0.0,-7.806697102022393e-14
31123,2022,23.9,50.72597402597376,-26.82597402597376,-5.534960833932035,0.0,-7.806697102022393e-14
31123,2023,29.2,51.29107848673039,-22.091078486730385,6.912780406682,0.0,-7.806697102022393e-14
31123,2025,58.4,52.42128740824364,5.978712591756356,1.309664575315396,0.0,-7.806697102022393e-14
31127,2025,70.3,53.18151260504192,17.11848739495808,3.279860856923551,0.0,-7.806697102022393e-14
31129,2022,46.8,51.737144248834966,-4.937144248834969,0.1665498727868773,0.0,-7.806697102022393e-14
31129,2025,58.1,53.39798900563687,4.702010994363128,0.6264179194562424,0.0,-7.806697102022393e-14
31131,2022,51.5,49.016163890139694,2.483836109860306,-0.7246857628385751,0.0,-7.806697102022393e-14
31133,2022,64.7,45.24943426527479,19.45056573472521,-2.779911638718643,0.0,-7.806697102022393e-14
31133,2025,78.0,45.26616541353378,32.733834586466216,2.098743916539944,0.0,-7.806697102022393e-14
31135,2022,28.3,57.59090909090855,-29.290909090908556,-5.534498074051145,0.0,-7.806697102022393e-14
31135,2023,45.4,58.70750988142254,-13.30750988142254,2.9328627470512334,0.0,-7.806697102022393e-14
31135,2025,57.5,60.94071146245005,-3.4407114624500537,2.925015108196542,0.0,-7.806697102022393e-14
31145,2022,45.9,64.40948074125708,-18.50948074125709,-2.1522635974775906,0.0,-5.794490626991474e-13
31145,2023,43.3,65.66417051420012,-22.36417051420013,-3.141962479128952,0.0,-5.794490626991474e-13
31145,2025,46.3,68.17355006008574,-21.873550060085748,-0.5031272363901328,0.0,-5.794490626991474e-13
31147,2022,81.5,54.68505430625612,26.81494569374388,2.892664263470798,0.0,-7.806697102022393e-14
31147,2023,69.7,55.16395900259988,14.53604099740012,2.6773723980847026,0.0,-7.806697102022393e-14
31147,2025,79.6,56.12176839528763,23.478231604712363,1.3303129516870378,0.0,-7.806697102022393e-14
31151,2022,68.4,47.62337662337666,20.77662337662335,1.2513217086719728,0.0,-7.806697102022393e-14
31151,2023,10.0,48.03687182382839,-38.03687182382839,-1.3698224441144802,0.0,-7.806697102022393e-14
31155,2022,73.0,66.34179168452738,6.658208315472621,1.067225560113252,0.0,-1.857196340532254e-13
31155,2023,28.2,67.42243891984663,-39.222438919846624,-2.988195403996771,0.0,-1.857196340532254e-13
31155,2025,85.0,69.58373339048512,15.416266609514878,5.982062911845356,0.0,-1.857196340532254e-13
31161,2022,33.4,46.12987012986969,-12.729870129869688,-7.9587581536712015,0.0,-7.806697102022393e-14
31161,2025,56.7,47.37560700169331,9.324392998306692,3.1851316788200528,0.0,-7.806697102022393e-14
31169,2022,59.8,52.40229776941624,7.397702230583761,-2.0080687856395887,0.0,-7.806697102022393e-14
31169,2023,23.9,52.97199677505978,-29.07199677505978,1.9179241539587488,0.0,-7.806697102022393e-14
31169,2025,67.0,54.11139478634709,12.888605213652909,4.179537549645575,0.0,-7.806697102022393e-14
31181,2022,45.5,46.35790443168287,-0.8579044316828686,0.1696579833884345,0.0,-7.806697102022393e-14
31181,2025,31.2,47.30728139560097,-16.107281395600967,0.1997175237984413,0.0,-7.806697102022393e-14
38001,2022,68.3,56.482051282048815,11.817948717951182,1.9775511131271548,0.0,-7.806697102022393e-14
38001,2023,52.3,57.87777777777501,-5.577777777775012,1.379831274909147,0.0,-7.806697102022393e-14
38003,2022,64.5,52.08053725291472,12.419462747085277,-0.3666239344634919,0.0,-7.806697102022393e-14
38011,2023,30.3,30.217547937245826,0.0824520627541751,2.543764794392186,0.0,-7.806697102022393e-14
38015,2022,52.6,74.46482176360541,-21.864821763605413,4.406961672741357,0.0,-8.47566366410666e-14
38025,2022,47.3,47.37304008513672,-0.073040085136725,1.045112112451739,0.0,-7.806697102022393e-14
38025,2023,44.8,47.834178786804046,-3.0341787868040484,4.001850048757296,0.0,-7.806697102022393e-14
38029,2022,68.4,38.362881548974826,30.03711845102518,4.509110686943029,0.0,-7.806697102022393e-14
38039,2023,51.6,58.40879629629831,-6.808796296298304,2.2404914067813397,0.0,-7.806697102022393e-14
38041,2023,48.7,51.21229268292518,-2.512292682925178,1.3048811991034734,0.0,-7.806697102022393e-14
38043,2022,54.4,66.96283870967636,-12.562838709676363,3.583913622222469,0.0,-7.806697102022393e-14
38043,2023,50.9,68.18425806451478,-17.28425806451478,0.4721111746847317,0.0,-7.806697102022393e-14
38051,2022,58.3,35.241522564318984,23.058477435681013,1.8293714326562125,0.0,-7.806697102022393e-14
38053,2023,43.3,38.811985898940975,4.488014101059022,3.494618067675124,0.0,-7.806697102022393e-14
38073,2022,66.7,49.76477644492935,16.93522355507065,-1.3339115053732735,0.0,-7.806697102022393e-14
40003,2022,29.7,38.85079814332636,-9.15079814332636,-3.5769229727915346,0.0,-7.806697102022393e-14
40003,2023,22.2,39.108728631269344,-16.908728631269344,3.1757215659155222,0.0,-7.806697102022393e-14
40003,2025,48.3,39.62458960715532,8.675410392844682,2.5894638150165563,0.0,-7.806697102022393e-14
40007,2022,24.5,34.15211905532169,-9.652119055321691,-4.760456133009562,0.0,-7.806697102022393e-14
40007,2025,39.9,35.63955030734371,4.260449692656287,0.0510134910868683,0.0,-7.806697102022393e-14
40009,2022,15.5,28.619384548705284,-13.119384548705284,0.59679997609653,0.0,-7.806697102022393e-14
40009,2023,25.5,28.71982338281518,-3.2198233828151785,1.0461104186513763,0.0,-7.806697102022393e-14
40009,2025,31.2,28.92070105103494,2.27929894896506,0.8031267660435923,0.0,-7.806697102022393e-14
40011,2022,27.4,33.75324675324646,-6.353246753246459,-4.240355276033926,0.0,-7.806697102022393e-14
40011,2023,22.8,34.04404291360777,-11.244042913607768,2.1615166602241,0.0,-7.806697102022393e-14
40011,2025,38.9,34.6256352343305,4.274364765669496,-0.1633527394890383,0.0,-7.806697102022393e-14
40015,2022,27.0,34.336406978004106,-7.336406978004106,-4.426243700838989,0.0,-7.806697102022393e-14
40015,2023,36.9,34.538769097410295,2.361230902589704,2.9097920376531605,0.0,-7.806697102022393e-14
40015,2025,35.6,34.94349333622267,0.6565066637773285,0.5808906588425183,0.0,-7.806697102022393e-14
40017,2022,35.9,35.29460190520979,0.6053980947902105,-3.10081366776711,0.0,-7.806697102022393e-14
40017,2023,28.5,35.479348465247426,-6.979348465247426,2.907786844078435,0.0,-7.806697102022393e-14
40017,2025,37.2,35.848841585322646,1.3511584146773572,1.1354399456760362,0.0,-7.806697102022393e-14
40019,2023,22.6,34.70201227830876,-12.102012278308756,0.9164153916917354,0.0,-7.806697102022393e-14
40025,2025,36.8,26.194050827878414,10.605949172121584,5.755141750747066,0.0,-7.806697102022393e-14
40027,2022,45.3,36.52556955889486,8.774430441105139,-6.306835511434251,0.0,-7.806697102022393e-14
40027,2023,46.1,36.98790596219101,9.112094037808994,2.158880727486153,0.0,-7.806697102022393e-14
40031,2022,24.2,24.12690493919084,0.0730950608091625,-3.6253888719202094,0.0,-7.806697102022393e-14
40031,2023,33.1,24.008054107719005,9.091945892280997,0.4993894470342311,0.0,-7.806697102022393e-14
40031,2025,31.5,23.77035244477534,7.729647555224659,2.635591345183135,0.0,-7.806697102022393e-14
40033,2022,21.3,25.6389610389609,-4.3389610389609,-3.982157692731372,0.0,-7.806697102022393e-14
40033,2023,32.4,25.60479954827765,6.795200451722344,1.274888449434309,0.0,-7.806697102022393e-14
40033,2025,20.8,25.536476566911176,-4.736476566911176,2.033892899897932,0.0,-7.806697102022393e-14
40035,2022,55.4,46.25064935064916,9.149350649350843,2.418563708824979,0.0,-7.806697102022393e-14
40035,2023,74.7,46.79457933370964,27.905420666290368,3.2527187946162277,0.0,-7.806697102022393e-14
40035,2025,45.2,47.88243929983037,-2.682439299830364,-2.1513575538221232,0.0,-7.806697102022393e-14
40037,2022,52.4,40.09407019838659,12.30592980161341,-4.652184557045482,0.0,-7.806697102022393e-14
40037,2023,41.6,40.507281447569085,1.0927185524309166,1.2237677936311928,0.0,-7.806697102022393e-14
40037,2025,44.0,41.33370394593408,2.666296054065924,-0.0302679298317211,0.0,-7.806697102022393e-14
40039,2022,19.0,33.00389610389587,-14.003896103895867,0.4912074524268436,0.0,-7.806697102022393e-14
40039,2023,25.6,33.125183512139785,-7.525183512139783,4.084478991213226,0.0,-7.806697102022393e-14
40039,2025,40.4,33.36775832862759,7.032241671372411,3.588250199649392,0.0,-7.806697102022393e-14
40041,2023,70.1,42.32347916127367,27.776520838726327,0.573325392216218,0.0,-7.806697102022393e-14
40041,2025,75.7,43.083950297696106,32.6160497023039,1.5502078657182825,0.0,-7.806697102022393e-14
40043,2022,16.8,30.76623376623337,-13.966233766233367,-0.0505263393468106,0.0,-7.806697102022393e-14
40043,2023,21.7,30.912309429700315,-9.212309429700316,4.865148695648768,0.0,-7.806697102022393e-14
40043,2025,43.9,31.204460756634205,12.695539243365792,2.0944530162979094,0.0,-7.806697102022393e-14
40045,2022,17.4,25.19679726131613,-7.796797261316136,-1.0419788400008851,0.0,-7.806697102022393e-14
40045,2023,38.7,25.263354887790086,13.436645112209916,0.8799428870436752,0.0,-7.806697102022393e-14
40045,2025,28.7,25.39647014073799,3.30352985926201,1.8678925838949505,0.0,-7.806697102022393e-14
40047,2022,34.6,40.33645573734952,-5.736455737349523,-4.537657043611424,0.0,-7.806697102022393e-14
40047,2023,25.6,40.80283887745145,-15.202838877451448,3.7309871059911854,0.0,-7.806697102022393e-14
40047,2025,45.2,41.73560515765507,3.4643948423449302,1.3095400669912356,0.0,-7.806697102022393e-14
40049,2022,53.7,41.611765340235365,12.088234659764638,-3.821611700046789,0.0,-7.806697102022393e-14
40049,2023,48.2,41.99321147417254,6.206788525827463,0.9164153916917354,0.0,-7.806697102022393e-14
40051,2022,34.0,31.012987012986823,2.987012987013177,-4.426243700838989,0.0,-7.806697102022393e-14
40051,2023,40.0,31.003049124788053,8.996950875211947,2.9097920376531605,0.0,-7.806697102022393e-14
40051,2025,42.1,30.983173348390505,11.116826651609497,0.5808906588425183,0.0,-7.806697102022393e-14
40053,2022,35.4,36.19870129870111,-0.7987012987011113,-0.4854563740382402,0.0,-7.806697102022393e-14
40053,2023,24.5,36.43613777526798,-11.93613777526798,4.028462180848923,0.0,-7.806697102022393e-14
40053,2025,37.7,36.91101072840172,0.7889892715982825,2.7682306883213865,0.0,-7.806697102022393e-14
40055,2022,12.0,24.2100339311682,-12.210033931168198,-4.482138849042044,0.0,-7.806697102022393e-14
40055,2025,38.5,23.843940862821142,14.656059137178858,2.92924641618159,0.0,-7.806697102022393e-14
40059,2022,18.5,28.335250674620116,-9.835250674620111,-1.5254662499242466,0.0,-7.806697102022393e-14
40059,2025,32.8,28.89477346967766,3.905226530322338,0.4923594968345868,0.0,-7.806697102022393e-14
40065,2022,11.7,28.10478925127325,-16.404789251273247,-5.375894654534327,0.0,-7.806697102022393e-14
40065,2023,25.2,28.035529309784494,-2.8355293097844942,3.045772810614883,0.0,-7.806697102022393e-14
40065,2025,33.8,27.89700942680693,5.902990573193065,4.521842960972871,0.0,-7.806697102022393e-14
40071,2022,30.5,32.17272727272706,-1.6727272727270588,0.2854615136417193,0.0,-7.806697102022393e-14
40071,2023,28.6,32.21778656126459,-3.6177865612645874,3.613066597836206,0.0,-7.806697102022393e-14
40071,2025,40.5,32.30790513833965,8.192094861660351,3.01815407188836,0.0,-7.806697102022393e-14
40073,2022,30.6,37.80129870129849,-7.201298701298491,-4.240355276033926,0.0,-7.806697102022393e-14
40073,2023,23.4,38.184020327498274,-14.784020327498276,2.1615166602241,0.0,-7.806697102022393e-14
40073,2025,42.2,38.94946357989807,3.2505364201019376,-0.1633527394890383,0.0,-7.806697102022393e-14
40075,2022,16.6,25.76363636363624,-9.163636363636236,-1.577774599010053,0.0,-7.806697102022393e-14
40075,2023,21.4,25.570355731225163,-4.170355731225165,2.1530644936552967,0.0,-7.806697102022393e-14
40075,2025,32.6,25.18379446640301,7.416205533596987,2.696688947363296,0.0,-7.806697102022393e-14
40081,2022,25.0,30.482967700153893,-5.482967700153893,-5.64891524358935,0.0,-7.806697102022393e-14
40081,2025,25.4,29.88155913543278,-4.481559135432782,0.3886928807968851,0.0,-7.806697102022393e-14
40083,2022,37.6,35.76623376623354,1.833766233766461,-4.525949846536655,0.0,-7.806697102022393e-14
40083,2023,27.6,36.07555053641988,-8.475550536419881,2.587070933943923,0.0,-7.806697102022393e-14
40083,2025,35.3,36.69418407679245,-1.394184076792456,2.83766666621508,0.0,-7.806697102022393e-14
40087,2022,55.6,43.15770620108378,12.442293798916218,-6.306835511434251,0.0,-7.806697102022393e-14
40087,2023,43.9,43.919506321493145,-0.0195063214931465,2.158880727486153,0.0,-7.806697102022393e-14
40087,2025,41.7,45.44310656231187,-3.7431065623118656,0.1534539623821701,0.0,-7.806697102022393e-14
40093,2022,26.0,41.66045634317038,-15.66045634317038,-2.596420298566715,0.0,-7.806697102022393e-14
40093,2023,22.7,42.40304837237636,-19.70304837237636,2.575751491190552,0.0,-7.806697102022393e-14
40093,2025,42.0,43.88823243078832,-1.888232430788321,0.5980546617398345,0.0,-7.806697102022393e-14
40097,2022,48.5,37.60614087898858,10.893859121011417,2.989952630715264,0.0,-7.806697102022393e-14
40097,2023,48.3,37.82179409993978,10.478205900060216,0.573325392216218,0.0,-7.806697102022393e-14
40097,2025,39.6,38.25310054184223,1.3468994581577718,1.5502078657182825,0.0,-7.806697102022393e-14
40101,2022,46.7,53.13345016626181,-6.433450166261807,5.266570770223651,0.0,-7.806697102022393e-14
40101,2023,51.0,54.06071717444024,-3.060717174440242,-4.2270409748129385,0.0,-7.806697102022393e-14
40103,2022,36.0,32.14935064935045,3.8506493506495474,-4.537657043611424,0.0,-7.806697102022393e-14
40103,2023,24.1,32.28802936194219,-8.188029361942192,3.7309871059911854,0.0,-7.806697102022393e-14
40103,2025,36.1,32.56538678712562,3.5346132128743832,1.3095400669912356,0.0,-7.806697102022393e-14
40105,2022,49.4,31.198511350949047,18.20148864905095,-0.8982808840321788,0.0,-7.806697102022393e-14
40105,2023,41.0,31.267274531695847,9.732725468304151,4.000220329035129,0.0,-7.806697102022393e-14
40109,2022,44.4,37.824447320177,6.575552679822998,-6.526576235841053,0.0,-7.806697102022393e-14
40109,2023,40.4,38.17700312735906,2.222996872640941,1.668446388584902,0.0,-7.806697102022393e-14
40111,2022,66.7,46.27940740740769,20.420592592592318,0.0335630022861971,0.0,-7.806697102022393e-14
40113,2022,33.1,35.17943528841505,-2.0794352884150484,-1.4262758511756934,0.0,-7.806697102022393e-14
40115,2022,54.2,43.98816155988834,10.211838440111665,2.418563708824979,0.0,-7.806697102022393e-14
40115,2023,63.5,44.36573816155965,19.134261838440352,3.2527187946162277,0.0,-7.806697102022393e-14
40115,2025,56.0,45.12089136490226,10.879108635097737,-2.1513575538221232,0.0,-7.806697102022393e-14
40117,2022,31.0,31.41205236811712,-0.4120523681171164,-0.7070497553164373,0.0,-7.806697102022393e-14
40119,2022,33.5,29.54338401811705,3.956615981882948,-3.827809356266476,0.0,-7.806697102022393e-14
40119,2023,29.0,29.625930119702304,-0.6259301197023035,1.617220570040756,0.0,-7.806697102022393e-14
40125,2022,55.9,45.67813879769028,10.221861202309718,-6.074306806186989,0.0,-7.806697102022393e-14
40125,2023,54.1,46.36943280878518,7.730567191214824,1.182490184345626,0.0,-7.806697102022393e-14
40125,2025,47.1,47.75202083097474,-0.6520208309747417,-0.0233844404001042,0.0,-7.806697102022393e-14
40129,2022,15.2,30.35139747995413,-15.15139747995413,0.59679997609653,0.0,-7.806697102022393e-14
40129,2023,30.3,30.51760595647187,-0.2176059564718677,1.0461104186513763,0.0,-7.806697102022393e-14
40129,2025,26.5,30.850022909507288,-4.350022909507288,0.8031267660435923,0.0,-7.806697102022393e-14
40131,2022,31.4,28.98232104121464,2.417678958785359,1.2457476314294955,0.0,-7.806697102022393e-14
40131,2023,47.1,28.98958785249446,18.110412147505546,3.0656401385702337,0.0,-7.806697102022393e-14
40137,2022,37.0,30.26931065966681,6.7306893403331856,-3.982157692731372,0.0,-7.806697102022393e-14
40137,2023,37.3,30.393585939283383,6.906414060716614,1.274888449434309,0.0,-7.806697102022393e-14
40139,2022,36.1,33.64469606674618,2.455303933253824,-5.041810032935116,0.0,-7.806697102022393e-14
40139,2023,41.4,33.513706793802214,7.886293206197784,1.9881703115835831,0.0,-7.806697102022393e-14
40139,2025,43.4,33.25172824791423,10.148271752085767,0.2347357699165684,0.0,-7.806697102022393e-14
40141,2022,22.0,26.46141276376727,-4.461412763767271,-3.6253888719202094,0.0,-7.806697102022393e-14
40141,2025,33.6,26.236760164693663,7.363239835306338,2.635591345183135,0.0,-7.806697102022393e-14
40145,2022,41.3,38.37692136084797,2.923078639152024,4.364731392302954,0.0,-7.806697102022393e-14
40145,2023,45.0,38.665242610150926,6.334757389849074,-0.2079533260247528,0.0,-7.806697102022393e-14
40145,2025,26.9,39.24188510875672,-12.34188510875672,0.3296775991404479,0.0,-7.806697102022393e-14
40147,2022,44.9,37.1302742230348,7.7697257769651955,1.2457476314294955,0.0,-7.806697102022393e-14
40147,2023,35.2,37.44614259597813,-2.246142595978128,3.0656401385702337,0.0,-7.806697102022393e-14
40147,2025,35.2,38.07787934186479,-2.877879341864784,0.6700136621019973,0.0,-7.806697102022393e-14
40149,2022,17.7,27.92157330154936,-10.22157330154936,0.4912074524268436,0.0,-7.806697102022393e-14
40149,2023,23.2,27.84731823599512,-4.647318235995119,4.084478991213226,0.0,-7.806697102022393e-14
40149,2025,31.5,27.698808104886663,3.801191895113334,3.588250199649392,0.0,-7.806697102022393e-14
40151,2022,19.2,36.21168831168808,-17.01168831168808,-2.596420298566715,0.0,-7.806697102022393e-14
40151,2023,24.5,36.45855448898902,-11.958554488989025,2.575751491190552,0.0,-7.806697102022393e-14
40151,2025,42.7,36.952286843590855,5.747713156409148,0.5980546617398345,0.0,-7.806697102022393e-14
40153,2022,14.8,29.6585362535709,-14.8585362535709,-1.1277941677545251,0.0,-7.806697102022393e-14
40153,2025,28.3,30.205216977281964,-1.9052169772819632,3.526898488351363,0.0,-7.806697102022393e-14
46003,2022,63.9,69.74257011301756,-5.842570113017565,-3.9944306035536754,0.0,-7.806697102022393e-14
46005,2022,66.4,65.10573322479377,1.2942667752062391,1.81043244797577,0.0,-7.806697102022393e-14
46007,2022,35.5,40.43379970544811,-4.933799705448109,-8.18235069100387,0.0,-7.806697102022393e-14
46007,2025,46.3,42.082474226803015,4.217525773196982,3.4466895792591155,0.0,-7.806697102022393e-14
46009,2022,52.9,73.39517278232961,-20.49517278232961,-3.3546380517759635,0.0,-7.806697102022393e-14
46009,2023,31.0,74.92140185251128,-43.92140185251128,3.496766741105028,0.0,-7.806697102022393e-14
46011,2022,72.1,69.77386430678371,2.326135693216287,2.291321800628622,0.0,-7.806697102022393e-14
46015,2022,65.3,66.22916061339765,-0.9291606133976558,-3.8973510633507735,0.0,-7.806697102022393e-14
46015,2023,49.0,67.31444713478595,-18.31444713478595,3.7426055817223545,0.0,-7.806697102022393e-14
46023,2022,67.2,68.66195041322408,-1.4619504132240737,-3.594492724613225,0.0,-8.641416589776947e-14
46029,2023,38.1,67.28784949046212,-29.18784949046212,-3.391567884655015,0.0,-7.806697102022393e-14
46031,2023,28.7,48.86444485025481,-20.164444850254814,3.8447437712721246,0.0,-7.806697102022393e-14
46035,2022,60.8,68.04438538206023,-7.24438538206023,-3.001195224584699,0.0,-7.806697102022393e-14
46037,2023,49.3,61.05232227488136,-11.752322274881363,-3.829788775046392,0.0,-7.806697102022393e-14
46039,2023,58.3,70.50306038048052,-12.203060380480522,0.4836194446473299,0.0,-7.806697102022393e-14
46049,2022,70.8,81.49413309982629,-10.694133099826288,2.1227062722538856,0.0,1.6236291029792369e-12
46051,2022,61.9,64.77675218575405,-2.87675218575405,0.7047267087024823,0.0,-7.806697102022393e-14
46051,2023,54.5,65.23780994696949,-10.737809946969492,0.4836194446473299,0.0,-7.806697102022393e-14
46053,2025,65.9,79.85202429149922,-13.952024291499214,2.554720135592464,0.0,-1.933660072777218e-13
46055,2022,42.7,41.83515850144079,0.8648414985592154,-5.968876265540016,0.0,-7.806697102022393e-14
46055,2023,45.8,42.26667146974057,3.533328530259425,0.1827137002788346,0.0,-7.806697102022393e-14
46055,2025,44.7,43.12969740633992,1.570302593660088,-0.3155834972704169,0.0,-7.806697102022393e-14
46059,2022,61.0,68.87303319690818,-7.873033196908182,1.5769916329491922,0.0,-7.806697102022393e-14
46059,2023,56.6,70.15964832499685,-13.55964832499685,0.240847520517843,0.0,-7.806697102022393e-14
46059,2025,64.5,72.73287858117374,-8.232878581173736,3.818535564835301,0.0,-7.806697102022393e-14
46065,2022,68.0,59.44594079532408,8.554059204675923,0.8472832269799621,0.0,-7.806697102022393e-14
46067,2022,59.9,73.04543129901094,-13.145431299010944,-2.3987217080555454,0.0,-7.806697102022393e-14
46067,2023,44.4,74.42380668257738,-30.02380668257738,0.5295978852963585,0.0,-7.806697102022393e-14
46075,2022,52.4,46.144261213720256,6.255738786279743,-4.142642741912778,0.0,-7.806697102022393e-14
46077,2022,64.0,63.7206109550566,0.2793890449434002,0.7685542773289028,0.0,-7.806697102022393e-14
46085,2022,68.1,57.51818181818157,10.58181818181842,-4.146334197914192,0.0,-7.806697102022393e-14
46085,2023,58.4,58.40711462450554,-0.0071146245055402,2.75265926828422,0.0,-7.806697102022393e-14
46085,2025,62.3,60.184980237153695,2.115019762846302,0.2310002198953454,0.0,-7.806697102022393e-14
46093,2025,28.4,44.79244956772368,-16.39244956772368,1.6034105164863497,0.0,-7.806697102022393e-14
46097,2022,65.3,57.30524673851437,7.994753261485627,2.310400258937929,0.0,-7.806697102022393e-14
46107,2022,63.0,53.68344780686857,9.316552193131429,2.1499745048625734,0.0,-7.806697102022393e-14
46107,2023,45.3,54.10972458347521,-8.809724583475216,-1.2536008883354333,0.0,-7.806697102022393e-14
46115,2022,72.5,56.718808129521335,15.781191870478663,2.7392906697059223,0.0,-7.806697102022393e-14
46119,2022,56.7,56.75868953880695,-0.058689538806945,0.8472832269799621,0.0,-7.806697102022393e-14
46119,2025,62.3,58.86777980877309,3.432220191226904,2.012281514603896,0.0,-7.806697102022393e-14
46123,2022,57.8,55.55465597516877,2.245344024831226,-3.346447694685309,0.0,-7.806697102022393e-14
46123,2023,55.9,56.50175892395305,-0.6017589239530494,2.5353833585209227,0.0,-7.806697102022393e-14
46123,2025,48.6,58.3959648215216,-9.7959648215216,-0.1228883708475798,0.0,-7.806697102022393e-14
46125,2022,65.6,72.27070175438553,-6.670701754385533,1.2832165835413087,0.0,-7.806697102022393e-14
46135,2022,53.2,67.04291902071486,-13.84291902071486,-4.326103197140191,0.0,-6.88041254877437e-14
46137,2022,37.4,48.003454963368085,-10.603454963368089,-6.492172146158017,0.0,-7.806697102022393e-14
46137,2023,34.3,48.93579945410215,-14.635799454102155,3.5491026390182454,0.0,-7.806697102022393e-14
48009,2023,34.5,23.620383963862345,10.879616036137657,1.926087673985259,0.0,-7.806697102022393e-14
48009,2025,21.6,23.640372670807597,-2.040372670807592,3.4131787928185817,0.0,-7.806697102022393e-14
48011,2022,19.6,24.04545454545466,-4.445454545454659,-3.854258356330074,0.0,-7.806697102022393e-14
48011,2023,21.5,24.102766798419097,-2.602766798419097,-1.28869500132638,0.0,-7.806697102022393e-14
48011,2025,35.6,24.21739130434796,11.382608695652046,1.638761660706506,0.0,-7.806697102022393e-14
48013,2022,56.3,34.21452564684478,22.08547435315522,-4.894400243329023,0.0,-7.806697102022393e-14
48023,2022,22.2,22.278942148760223,-0.0789421487602233,-3.954495308705563,0.0,-7.806697102022393e-14
48023,2023,36.5,22.167388429751952,14.332611570248048,2.4971744458155287,0.0,-7.806697102022393e-14
48027,2022,24.6,44.61168831168811,-20.01168831168811,-4.600433303764921,0.0,-7.806697102022393e-14
48027,2023,41.9,45.05539243365308,-3.155392433653084,-0.805166890975233,0.0,-7.806697102022393e-14
48027,2025,46.5,45.94280067758302,0.5571993224169773,-3.489231795074792,0.0,-7.806697102022393e-14
48029,2022,25.5,36.39029595902116,-10.89029595902116,-4.620483825219644,0.0,-7.806697102022393e-14
48029,2023,20.8,36.814513375071215,-16.014513375071214,0.8122758961254223,0.0,-7.806697102022393e-14
48035,2022,38.7,34.2750804893758,4.424919510624207,-5.496811024841313,0.0,-7.806697102022393e-14
48035,2025,44.8,35.47862202189356,9.32137797810644,-2.4885681427163946,0.0,-7.806697102022393e-14
48049,2022,14.1,25.82206051321333,-11.72206051321333,-5.488076288770145,0.0,-7.806697102022393e-14
48049,2023,32.2,26.06659006766245,6.133409932337557,1.096211320842362,0.0,-7.806697102022393e-14
48059,2022,24.6,28.071428571428555,-3.4714285714285538,-7.0409515908918605,0.0,-7.806697102022393e-14
48059,2025,35.6,29.14065499717674,6.459345002823262,1.93864023816403,0.0,-7.806697102022393e-14
48065,2022,24.1,31.15714285714307,-7.05714285714307,-1.516884588713246,0.0,-7.806697102022393e-14
48065,2023,45.6,31.45025409373261,14.149745906267391,0.7206453993325933,0.0,-7.806697102022393e-14
48065,2025,51.8,32.03647656691169,19.76352343308831,0.5253514697943961,0.0,-7.806697102022393e-14
48075,2022,19.7,18.97736358725018,0.7226364127498179,-7.488356399342227,0.0,-7.806697102022393e-14
48077,2022,22.6,24.61818181818171,-2.0181818181817093,-3.7527059415051114,0.0,-7.806697102022393e-14
48077,2023,45.8,24.51383399209476,21.28616600790524,2.186958632842636,0.0,-7.806697102022393e-14
48085,2022,56.4,55.57064707335167,0.8293529266483333,1.169831489986728,0.0,-7.806697102022393e-14
48085,2023,52.5,56.313978760187865,-3.813978760187865,1.3775864438725758,0.0,-7.806697102022393e-14
48087,2025,47.7,27.72262440722721,19.977375592772788,-0.3847302069916847,0.0,-7.806697102022393e-14
48093,2022,43.2,34.36215580926729,8.83784419073271,-5.488076288770145,0.0,-7.806697102022393e-14
48095,2022,13.1,34.2480519480514,-21.1480519480514,-6.290037961890564,0.0,-7.806697102022393e-14
48095,2023,30.5,34.96843591191373,-4.46843591191373,0.018176599083638,0.0,-7.806697102022393e-14
48095,2025,26.3,36.40920383963794,-10.10920383963794,0.5455395562343813,0.0,-7.806697102022393e-14
48097,2022,42.8,39.00389610389587,3.796103896104128,-3.379596376349321,0.0,-7.806697102022393e-14
48097,2023,57.1,39.02715979672476,18.07284020327524,1.8478884212911053,0.0,-7.806697102022393e-14
48097,2025,55.8,39.073687182382535,16.726312817617462,-0.3891751606195578,0.0,-7.806697102022393e-14
48099,2022,23.8,31.46623376623405,-7.66623376623405,-6.445680290824078,0.0,-7.806697102022393e-14
48099,2023,57.1,31.47555053642041,25.624449463579587,0.4976763959339029,0.0,-7.806697102022393e-14
48099,2025,34.8,31.49418407679313,3.3058159232068647,-2.8745004803435417,0.0,-7.806697102022393e-14
48111,2022,40.6,46.18961038961038,-5.589610389610378,-4.6038232268072745,0.0,-7.806697102022393e-14
48111,2023,35.5,46.3962168266516,-10.896216826651596,-0.5405942818325247,0.0,-7.806697102022393e-14
48111,2025,54.5,46.80942970073403,7.690570299265971,3.894384571785237,0.0,-7.806697102022393e-14
48117,2022,24.9,33.07792207792227,-8.177922077922268,-4.190871000350222,0.0,-7.806697102022393e-14
48117,2023,37.6,33.30564652738582,4.294353472614183,-1.842616828210997,0.0,-7.806697102022393e-14
48117,2025,39.5,33.761095426313034,5.738904573686966,3.3306060884369995,0.0,-7.806697102022393e-14
48119,2022,53.6,59.77077943615291,-6.170779436152905,2.0348698277054527,0.0,-7.806697102022393e-14
48119,2023,54.4,60.469618573798016,-6.069618573798017,3.8008700851357102,0.0,-7.806697102022393e-14
48121,2022,37.3,33.302597402597144,3.9974025974028535,1.169831489986728,0.0,-7.806697102022393e-14
48121,2023,46.0,33.64076792772414,12.35923207227586,1.3775864438725758,0.0,-7.806697102022393e-14
48121,2025,36.0,34.31710897797814,1.6828910220218631,2.9760658719008792,0.0,-7.806697102022393e-14
48125,2025,18.2,18.90090447280346,-0.7009044728034617,-2.0197052301828897,0.0,-7.806697102022393e-14
48139,2022,41.4,51.02857142857079,-9.628571428570789,-1.6451641483592088,0.0,-7.806697102022393e-14
48139,2023,49.7,51.78718238283386,-2.087182382833859,0.8375142876366233,0.0,-7.806697102022393e-14
48139,2025,50.8,53.304404291360015,-2.504404291360018,0.26334127239066,0.0,-7.806697102022393e-14
48145,2022,35.6,48.90108772759481,-13.301087727594812,-2.8597932667534507,0.0,-7.806697102022393e-14
48145,2023,46.8,49.52638921730863,-2.726389217308636,1.9470143231390356,0.0,-7.806697102022393e-14
48145,2025,42.2,50.7769921967365,-8.576992196736498,-4.537920518262178,0.0,-7.806697102022393e-14
48147,2022,59.9,50.74675324675263,9.153246753247366,2.0150731346318533,0.0,-7.806697102022393e-14
48147,2023,47.5,51.49785431959276,-3.9978543195927614,0.9245194694961598,0.0,-7.806697102022393e-14
48153,2023,22.2,23.213993932170183,-1.013993932170184,-2.407964909786983,0.0,-7.806697102022393e-14
48153,2025,32.3,23.472060895004688,8.827939104995309,-2.522570766256468,0.0,-7.806697102022393e-14
48155,2023,32.8,21.563109928676624,11.236890071323373,2.821700090380281,0.0,-7.806697102022393e-14
48155,2025,22.5,21.24879995471531,1.2512000452846903,-0.3377056072976706,0.0,-7.806697102022393e-14
48165,2025,36.3,42.56603882932518,-6.266038829325183,-4.415914837478226,0.0,-7.806697102022393e-14
48171,2023,26.2,35.533856357166314,-9.333856357166315,-0.9814096259071302,0.0,-7.806697102022393e-14
48179,2022,25.0,30.96896112173374,-5.9689611217337415,0.3162330557796419,0.0,-7.806697102022393e-14
48179,2023,25.3,31.42900573613781,-6.12900573613781,-0.5154949086575698,0.0,-7.806697102022393e-14
48179,2025,45.2,32.34909496494595,12.850905035054057,-0.1955927214691546,0.0,-7.806697102022393e-14
48181,2022,50.4,53.812987012986696,-3.4129870129866973,0.4170779167013887,0.0,-7.806697102022393e-14
48181,2023,50.1,54.43190287972857,-4.331902879728567,1.244221090587329,0.0,-7.806697102022393e-14
48181,2025,42.2,55.66973461321231,-13.46973461321231,2.389960029002924,0.0,-7.806697102022393e-14
48189,2022,29.0,35.8509822440501,-6.850982244050101,-3.870531937621621,0.0,-7.806697102022393e-14
48189,2025,34.0,36.10774461654731,-2.107744616547308,-1.8015054217748987,0.0,-7.806697102022393e-14
48195,2025,37.5,34.44019950867272,3.0598004913272803,0.2347357699165684,0.0,-7.806697102022393e-14
48197,2023,20.7,21.06504799548281,-0.3650479954828149,2.261553287751286,0.0,-7.806697102022393e-14
48207,2023,25.8,24.96545684986768,0.8345431501323226,2.8118276663041253,0.0,-7.806697102022393e-14
48207,2025,23.5,25.376379767254434,-1.8763797672544344,-1.7175772163312415,0.0,-7.806697102022393e-14
48209,2022,39.1,32.90415782024047,6.195842179759531,-3.59374216138479,0.0,-7.806697102022393e-14
48211,2022,17.4,22.89963719430258,-5.499637194302583,-1.0419788400008851,0.0,-7.806697102022393e-14
48217,2022,40.3,51.24285714285725,-10.94285714285725,-2.5805369125015902,0.0,-7.806697102022393e-14
48217,2023,66.6,51.81693958215692,14.783060417843076,-0.2842428378057527,0.0,-7.806697102022393e-14
48231,2022,59.1,49.5260431317397,9.573956868260304,1.557765226265247,0.0,-7.806697102022393e-14
48233,2022,47.5,31.492751110629627,16.007248889370373,-5.51948160449578,0.0,-7.806697102022393e-14
48233,2023,65.7,31.72450427998706,33.975495720012944,1.3621693927731675,0.0,-7.806697102022393e-14
48233,2025,37.6,32.18801061870204,5.411989381297964,0.815254225639854,0.0,-7.806697102022393e-14
48251,2022,22.8,48.393506493506266,-25.593506493506265,-4.714686024680611,0.0,-7.806697102022393e-14
48251,2023,55.0,49.07317899491795,5.926821005082047,0.7193258111117072,0.0,-7.806697102022393e-14
48251,2025,48.1,50.4325239977411,-2.3325239977410988,0.62358168594485,0.0,-7.806697102022393e-14
48253,2023,35.2,24.921456804065546,10.27854319593446,2.4870936404966284,0.0,-7.806697102022393e-14
48257,2022,17.5,30.69266043294499,-13.19266043294499,1.516670168321247,0.0,-7.806697102022393e-14
48275,2022,25.3,25.17238095238101,0.1276190476189924,-6.9467402249034285,0.0,-7.806697102022393e-14
48275,2023,32.0,25.189523809523862,6.810476190476134,3.845887196505773,0.0,-7.806697102022393e-14
48277,2022,48.1,45.51803012244037,2.5819698775596294,2.0348698277054527,0.0,-7.806697102022393e-14
48277,2025,47.4,45.63580019503768,1.7641998049623169,0.0432597945904499,0.0,-7.806697102022393e-14
48279,2023,44.8,41.721156852527486,3.0788431474725115,-1.3350194859634013,0.0,-7.806697102022393e-14
48279,2025,40.9,42.17569418596008,-1.2756941859600843,-2.1242346595640424,0.0,-7.806697102022393e-14
48295,2023,16.3,36.125545015809735,-19.82554501580973,1.1458649137328705,0.0,-7.806697102022393e-14
48305,2022,25.4,31.950694739826982,-6.550694739826987,-3.573315144777479,0.0,-7.806697102022393e-14
48305,2025,40.6,33.30469303842335,7.2953069615766495,-0.7320994021375333,0.0,-7.806697102022393e-14
48307,2022,15.0,26.9844155844155,-11.9844155844155,-5.865137692133087,0.0,-7.806697102022393e-14
48309,2022,24.4,48.76363636363613,-24.363636363636125,-6.445680290824078,0.0,-7.806697102022393e-14
48309,2023,56.9,49.2592885375492,7.640711462450803,0.4976763959339029,0.0,-7.806697102022393e-14
48325,2022,30.2,42.95138840880327,-12.751388408803267,-4.572029935672092,0.0,-7.806697102022393e-14
48325,2025,60.1,45.365595114644975,14.734404885355026,-1.282998175614326,0.0,-7.806697102022393e-14
48331,2022,27.0,41.94544352617095,-14.945443526170948,-2.7121013019353613,0.0,-7.806697102022393e-14
48331,2023,46.2,42.2180220385676,3.9819779614324062,1.3782747543040768,0.0,-7.806697102022393e-14
48337,2022,11.9,20.75090673575164,-8.850906735751641,-3.379596376349321,0.0,-7.806697102022393e-14
48341,2022,35.4,35.53636363636355,-0.1363636363635478,-4.107235808931043,0.0,-7.806697102022393e-14
48341,2023,68.0,35.435968379446535,32.564031620553465,0.3092748852033399,0.0,-7.806697102022393e-14
48341,2025,65.0,35.23517786561254,29.764822134387455,0.9923632437105364,0.0,-7.806697102022393e-14
48349,2022,42.9,42.43766233766212,0.4623376623378803,0.0175007631435527,0.0,-7.806697102022393e-14
48353,2022,27.2,30.94601462522837,-3.746014625228373,-6.992210509996395,0.0,-7.806697102022393e-14
48353,2023,37.9,31.50672760511884,6.393272394881159,1.6206883019933516,0.0,-7.806697102022393e-14
48357,2022,31.0,37.35844155844143,-6.358441558441427,-4.760456133009562,0.0,-7.806697102022393e-14
48357,2023,31.2,37.91332580462995,-6.7133258046299495,0.3453318401354138,0.0,-7.806697102022393e-14
48357,2025,42.5,39.02309429700699,3.476905702993008,0.0510134910868683,0.0,-7.806697102022393e-14
48359,2022,33.5,19.44404125286481,14.055958747135186,-4.6807609980357965,0.0,-7.806697102022393e-14
48359,2023,28.4,19.45148968678384,8.948510313216158,-1.2324102668846242,0.0,-7.806697102022393e-14
48359,2025,38.3,19.46638655462189,18.833613445378106,0.4720537503268739,0.0,-7.806697102022393e-14
48369,2025,34.7,24.41864045115119,10.281359548848812,-0.7281179075006429,0.0,-7.806697102022393e-14
48381,2022,20.2,22.96363636363651,-2.763636363636511,-3.996337997869845,0.0,-7.806697102022393e-14
48399,2022,19.0,29.237662337662183,-10.237662337662186,-5.001017313377034,0.0,-7.806697102022393e-14
48399,2023,35.9,29.581648785996435,6.318351214003563,0.5549187866222602,0.0,-7.806697102022393e-14
48399,2025,27.0,30.269621682664933,-3.2696216826649334,-2.2645746478669584,0.0,-7.806697102022393e-14
48415,2023,30.7,24.424135917795297,6.275864082204702,1.6206883019933516,0.0,-7.806697102022393e-14
48421,2022,59.3,45.44656479217602,13.853435207823978,-5.159791826969413,0.0,-7.806697102022393e-14
48421,2023,72.8,45.58336185819067,27.216638141809327,2.0645277632170456,0.0,-7.806697102022393e-14
48437,2025,34.0,23.052275436125,10.947724563875,-0.6529999709547528,0.0,-7.806697102022393e-14
48441,2023,16.1,25.782891022021488,-9.682891022021488,2.4870936404966284,0.0,-7.806697102022393e-14
48447,2023,38.5,26.02563301728924,12.474366982710762,1.1812961957612464,0.0,-7.806697102022393e-14
48451,2022,21.7,36.76883116883107,-15.068831168831071,-6.0987339000888205,0.0,-7.806697102022393e-14
48451,2023,37.4,37.18390739695076,0.2160926030492405,0.7859195188008105,0.0,-7.806697102022393e-14
48451,2025,31.7,38.01405985319013,-6.314059853190134,-3.290086106173117,0.0,-7.806697102022393e-14
48463,2022,35.4,40.27514792899433,-4.8751479289943305,-4.985660880872986,0.0,-7.806697102022393e-14
48463,2023,52.2,40.70274341043592,11.497256589564088,-0.5511532073258456,0.0,-7.806697102022393e-14
48463,2025,46.3,41.5579343733192,4.742065626680798,-0.2575305048658289,0.0,-7.806697102022393e-14
48485,2022,17.4,25.91168831168846,-8.511688311688463,-3.587304133704562,0.0,-7.806697102022393e-14
48485,2023,45.8,25.899265951440025,19.90073404855997,1.8971413301797215,0.0,-7.806697102022393e-14
48487,2022,15.4,28.60456255009538,-13.20456255009538,-4.13594929340217,0.0,-7.806697102022393e-14
48487,2023,41.0,28.741870645539024,12.258129354460976,2.4998906047700924,0.0,-7.806697102022393e-14
48487,2025,33.7,29.0164868364262,4.683513163573807,4.1907986794328105,0.0,-7.806697102022393e-14
48491,2022,34.9,48.32597402597389,-13.425974025973892,-4.211181318901893,0.0,-7.806697102022393e-14
48493,2022,21.7,46.030295604228286,-24.330295604228287,-5.325881549746657,0.0,-7.806697102022393e-14
48497,2022,20.2,30.17811164040552,-9.97811164040552,-3.93755227357068,0.0,-7.806697102022393e-14
48501,2022,10.0,16.873252279635153,-6.873252279635153,-3.33205942521456,0.0,-7.806697102022393e-14
48503,2022,22.0,27.09999999999997,-5.099999999999966,-5.321557009288029,0.0,-7.806697102022393e-14
48507,2023,31.6,33.36431873810204,-1.764318738102041,-3.1091020023140765,0.0,-7.806697102022393e-14
53001,2022,53.2,58.303896103895454,-5.103896103895451,2.112416778393821,0.0,-7.806697102022393e-14
53001,2023,31.2,58.69040090344368,-27.490400903443675,-5.80524297561855,0.0,-7.806697102022393e-14
53001,2025,64.6,59.463410502540114,5.13658949745988,0.98343329403666,0.0,-7.806697102022393e-14
53003,2023,61.0,63.755443526170666,-2.755443526170666,-1.0196578959196938,0.0,-7.806697102022393e-14
53005,2022,64.2,73.96804335894512,-9.76804335894512,-7.527539197224777,0.0,1.8197788954744697e-12
53005,2023,52.6,75.5433863885828,-22.9433863885828,-2.5289250303475685,0.0,1.8197788954744697e-12
53005,2025,61.4,78.69407244785862,-17.294072447858618,-4.602864688305901,0.0,1.8197788954744697e-12
53013,2022,98.2,80.37922077922005,17.820779220779954,0.332196168458905,0.0,-7.806697102022393e-14
53013,2023,62.1,80.52128740824313,-18.421287408243124,-1.253584644280056,0.0,-7.806697102022393e-14
53013,2025,75.0,80.80542066628928,-5.80542066628928,-0.0190037938109248,0.0,-7.806697102022393e-14
53017,2022,43.7,41.580519480519456,2.119480519480547,1.6438043164727525,0.0,-7.806697102022393e-14
53017,2023,38.5,41.30451722190856,-2.8045172219085543,-1.622720390217273,0.0,-7.806697102022393e-14
53017,2025,38.7,40.75251270468664,-2.0525127046866345,0.8271800131908306,0.0,-7.806697102022393e-14
53021,2023,29.9,49.53676690862994,-19.636766908629944,-5.133249075898683,0.0,-7.806697102022393e-14
53021,2025,67.5,49.021004724046406,18.478995275953597,0.1488748026853296,0.0,-7.806697102022393e-14
53023,2022,84.8,75.17123966942131,9.628760330578686,1.8589190923911008,0.0,-7.806697102022393e-14
53023,2023,62.9,75.66024793388408,-12.76024793388408,-1.095698557469733,0.0,-7.806697102022393e-14
53023,2025,77.2,76.63826446280962,0.5617355371903869,-0.5493010872878761,0.0,-7.806697102022393e-14
53025,2022,50.0,57.23350616430412,-7.233506164304117,-2.57124355274356,0.0,-7.806697102022393e-14
53025,2023,57.4,56.52870146330156,0.8712985366984398,-3.3207809702748587,0.0,-7.806697102022393e-14
53025,2025,55.2,55.11909206129667,0.0809079387033335,-4.098638682033281,0.0,-7.806697102022393e-14
53039,2022,47.1,39.1798333713767,7.920166628623299,2.044822426544857,0.0,-7.806697102022393e-14
53039,2023,40.0,39.0696416343304,0.9303583656696048,-0.1972084138418589,0.0,-7.806697102022393e-14
53043,2022,57.4,64.64780582945018,-7.247805829450179,2.447612644091333,0.0,-7.806697102022393e-14
53043,2023,53.3,64.61685989814664,-11.316859898146646,-2.482829287425601,0.0,-7.806697102022393e-14
53043,2025,64.4,64.55496803553956,-0.1549680355395537,1.0752254170923776,0.0,-7.806697102022393e-14
53047,2022,42.3,38.75512566792031,3.5448743320796865,-2.508102402646702,0.0,-7.806697102022393e-14
53047,2023,31.5,38.1480110825255,-6.6480110825255,-0.9892068587261558,0.0,-7.806697102022393e-14
53047,2025,40.9,36.93378191173588,3.966218088264121,2.0563477593434616,0.0,-7.806697102022393e-14
53063,2022,66.7,64.05552119129413,2.6444788087058697,2.646579774892712,0.0,-7.806697102022393e-14
53063,2023,60.9,63.685131729667546,-2.7851317296675475,-0.8919473466121796,0.0,-7.806697102022393e-14
53063,2025,61.2,62.94435280641437,-1.7443528064143692,3.8109136619620623,0.0,-7.806697102022393e-14
53065,2023,57.9,43.41008492568904,14.489915074310964,-0.2197061090250794,0.0,3.74833096896706e-14
53071,2022,101.4,78.84285714285666,22.557142857143347,-1.9275909530067792,0.0,-7.806697102022393e-14
53071,2023,69.8,78.93077357425132,-9.130773574251322,-5.133249075898683,0.0,-7.806697102022393e-14
53071,2025,87.4,79.10660643704061,8.293393562959395,0.1488748026853296,0.0,-7.806697102022393e-14
53075,2022,86.1,80.1779220779215,5.9220779220785005,-0.3314121260141108,0.0,-7.806697102022393e-14
53075,2023,70.5,80.15070581592258,-9.650705815922578,-3.180246502853416,0.0,-7.806697102022393e-14
53075,2025,84.9,80.09627329192475,4.80372670807526,5.75542453958819,0.0,-7.806697102022393e-14
53077,2023,46.5,63.622088961341774,-17.122088961341774,-1.068717703244564,0.0,-7.806697102022393e-14
