gate,comparison,draw,delta_rmse_left_minus_right
Gate A,full vs train-mean naive demand baseline,0,-265654.3492608225
Gate A,full vs train-mean naive demand baseline,1,-251042.56375324668
Gate A,full vs train-mean naive demand baseline,2,-276285.27367457055
Gate A,full vs train-mean naive demand baseline,3,-273052.62850460404
Gate A,full vs train-mean naive demand baseline,4,-251773.12347332825
Gate A,full vs train-mean naive demand baseline,5,-287978.1994813331
Gate A,full vs train-mean naive demand baseline,6,-249302.86764156798
Gate A,full vs train-mean naive demand baseline,7,-252801.45415747538
Gate A,full vs train-mean naive demand baseline,8,-241644.0287193787
Gate A,full vs train-mean naive demand baseline,9,-265261.003154248
Gate A,full vs train-mean naive demand baseline,10,-254618.97857985273
Gate A,full vs train-mean naive demand baseline,11,-261428.34833543317
Gate A,full vs train-mean naive demand baseline,12,-261772.25321948854
Gate A,full vs train-mean naive demand baseline,13,-227669.9497072132
Gate A,full vs train-mean naive demand baseline,14,-257332.10270769979
Gate A,full vs train-mean naive demand baseline,15,-236488.56883708638
Gate A,full vs train-mean naive demand baseline,16,-260670.22628132824
Gate A,full vs train-mean naive demand baseline,17,-248836.93094100733
Gate A,full vs train-mean naive demand baseline,18,-250580.36061873863
Gate A,full vs train-mean naive demand baseline,19,-257809.730484785
Gate A,full vs train-mean naive demand baseline,20,-257522.06248928793
Gate A,full vs train-mean naive demand baseline,21,-273852.8084299264
Gate A,full vs train-mean naive demand baseline,22,-273940.37350689544
Gate A,full vs train-mean naive demand baseline,23,-268923.9144744292
Gate A,full vs train-mean naive demand baseline,24,-298673.5823645527
Gate A,full vs train-mean naive demand baseline,25,-268679.8685820173
Gate A,full vs train-mean naive demand baseline,26,-273592.5391733149
Gate A,full vs train-mean naive demand baseline,27,-287311.87941725797
Gate A,full vs train-mean naive demand baseline,28,-220455.66615465557
Gate A,full vs train-mean naive demand baseline,29,-252126.72465169916
Gate A,full vs train-mean naive demand baseline,30,-262060.3235521259
Gate A,full vs train-mean naive demand baseline,31,-279574.08624441636
Gate A,full vs train-mean naive demand baseline,32,-271490.8150233319
Gate A,full vs train-mean naive demand baseline,33,-257135.01547195597
Gate A,full vs train-mean naive demand baseline,34,-282239.8146001794
Gate A,full vs train-mean naive demand baseline,35,-276783.07426421973
Gate A,full vs train-mean naive demand baseline,36,-258281.63302320882
Gate A,full vs train-mean naive demand baseline,37,-255420.00517321247
Gate A,full vs train-mean naive demand baseline,38,-237014.11138811015
Gate A,full vs train-mean naive demand baseline,39,-267151.497971292
Gate A,full vs train-mean naive demand baseline,40,-307975.7774589348
Gate A,full vs train-mean naive demand baseline,41,-264665.3617504303
Gate A,full vs train-mean naive demand baseline,42,-270300.3851732367
Gate A,full vs train-mean naive demand baseline,43,-237395.16004753322
Gate A,full vs train-mean naive demand baseline,44,-245892.02118402102
Gate A,full vs train-mean naive demand baseline,45,-246097.1369647967
Gate A,full vs train-mean naive demand baseline,46,-279455.2755678203
Gate A,full vs train-mean naive demand baseline,47,-251347.9667834799
Gate A,full vs train-mean naive demand baseline,48,-238619.0341966873
Gate A,full vs train-mean naive demand baseline,49,-261812.33743080482
Gate A,full vs train-mean naive demand baseline,50,-231181.41047238838
Gate A,full vs train-mean naive demand baseline,51,-314169.80762995675
Gate A,full vs train-mean naive demand baseline,52,-240133.71673675952
Gate A,full vs train-mean naive demand baseline,53,-255609.4681288483
Gate A,full vs train-mean naive demand baseline,54,-282496.8498066978
Gate A,full vs train-mean naive demand baseline,55,-271263.65268004383
Gate A,full vs train-mean naive demand baseline,56,-247255.74587236985
Gate A,full vs train-mean naive demand baseline,57,-254925.20328759478
Gate A,full vs train-mean naive demand baseline,58,-254723.90944033075
Gate A,full vs train-mean naive demand baseline,59,-261922.36245320318
Gate A,full vs train-mean naive demand baseline,60,-261829.55164663948
Gate A,full vs train-mean naive demand baseline,61,-239187.48032873956
Gate A,full vs train-mean naive demand baseline,62,-262379.5742305581
Gate A,full vs train-mean naive demand baseline,63,-259797.27358708644
Gate A,full vs train-mean naive demand baseline,64,-245010.0604238911
Gate A,full vs train-mean naive demand baseline,65,-241128.54420913453
Gate A,full vs train-mean naive demand baseline,66,-274773.45634737145
Gate A,full vs train-mean naive demand baseline,67,-240307.16085200233
Gate A,full vs train-mean naive demand baseline,68,-268467.4975765732
Gate A,full vs train-mean naive demand baseline,69,-237163.29123643533
Gate A,full vs train-mean naive demand baseline,70,-275787.6243666837
Gate A,full vs train-mean naive demand baseline,71,-253888.4413981886
Gate A,full vs train-mean naive demand baseline,72,-249740.86963011732
Gate A,full vs train-mean naive demand baseline,73,-273759.38705678866
Gate A,full vs train-mean naive demand baseline,74,-222837.21983407342
Gate A,full vs train-mean naive demand baseline,75,-279095.9193701848
Gate A,full vs train-mean naive demand baseline,76,-265376.4098525242
Gate A,full vs train-mean naive demand baseline,77,-242133.67844201834
Gate A,full vs train-mean naive demand baseline,78,-252958.80641483192
Gate A,full vs train-mean naive demand baseline,79,-265298.36755375436
Gate A,full vs train-mean naive demand baseline,80,-227299.98855901413
Gate A,full vs train-mean naive demand baseline,81,-285846.2907007181
Gate A,full vs train-mean naive demand baseline,82,-241913.6706962157
Gate A,full vs train-mean naive demand baseline,83,-270113.0768044846
Gate A,full vs train-mean naive demand baseline,84,-283893.75566367793
Gate A,full vs train-mean naive demand baseline,85,-246837.61282801116
Gate A,full vs train-mean naive demand baseline,86,-255992.44017928978
Gate A,full vs train-mean naive demand baseline,87,-238342.36558255035
Gate A,full vs train-mean naive demand baseline,88,-232353.78851469583
Gate A,full vs train-mean naive demand baseline,89,-255536.80749485118
Gate A,full vs train-mean naive demand baseline,90,-223526.1572321417
Gate A,full vs train-mean naive demand baseline,91,-278367.34123347804
Gate A,full vs train-mean naive demand baseline,92,-279647.13022756
Gate A,full vs train-mean naive demand baseline,93,-260821.22826096468
Gate A,full vs train-mean naive demand baseline,94,-273437.70458271925
Gate A,full vs train-mean naive demand baseline,95,-286788.8780516141
Gate A,full vs train-mean naive demand baseline,96,-249712.31379362295
Gate A,full vs train-mean naive demand baseline,97,-243581.41800045833
Gate A,full vs train-mean naive demand baseline,98,-277260.6558588187
Gate A,full vs train-mean naive demand baseline,99,-263068.8286071618
Gate A,full vs train-mean naive demand baseline,100,-234697.37632711968
Gate A,full vs train-mean naive demand baseline,101,-256986.0355875744
Gate A,full vs train-mean naive demand baseline,102,-241330.55613349413
Gate A,full vs train-mean naive demand baseline,103,-223250.53042660473
Gate A,full vs train-mean naive demand baseline,104,-247226.72206288975
Gate A,full vs train-mean naive demand baseline,105,-242005.892497436
Gate A,full vs train-mean naive demand baseline,106,-239315.47475754452
Gate A,full vs train-mean naive demand baseline,107,-286789.7370384117
Gate A,full vs train-mean naive demand baseline,108,-250952.89812865847
Gate A,full vs train-mean naive demand baseline,109,-276551.35188025853
Gate A,full vs train-mean naive demand baseline,110,-253194.26767994615
Gate A,full vs train-mean naive demand baseline,111,-238127.54911579308
Gate A,full vs train-mean naive demand baseline,112,-281107.8377224313
Gate A,full vs train-mean naive demand baseline,113,-255431.72776235937
Gate A,full vs train-mean naive demand baseline,114,-253594.6334376855
Gate A,full vs train-mean naive demand baseline,115,-275308.7670844788
Gate A,full vs train-mean naive demand baseline,116,-222515.37072065956
Gate A,full vs train-mean naive demand baseline,117,-262406.50594055245
Gate A,full vs train-mean naive demand baseline,118,-281706.4587200459
Gate A,full vs train-mean naive demand baseline,119,-250747.39812784188
Gate A,full vs train-mean naive demand baseline,120,-238323.75874896298
Gate A,full vs train-mean naive demand baseline,121,-268342.332606561
Gate A,full vs train-mean naive demand baseline,122,-271030.76143040566
Gate A,full vs train-mean naive demand baseline,123,-243706.07699819095
Gate A,full vs train-mean naive demand baseline,124,-264118.2915342604
Gate A,full vs train-mean naive demand baseline,125,-305600.07620018476
Gate A,full vs train-mean naive demand baseline,126,-269358.25657461275
Gate A,full vs train-mean naive demand baseline,127,-272077.45583153795
Gate A,full vs train-mean naive demand baseline,128,-264104.0207418228
Gate A,full vs train-mean naive demand baseline,129,-233577.481753833
Gate A,full vs train-mean naive demand baseline,130,-301384.42217151215
Gate A,full vs train-mean naive demand baseline,131,-245068.53225143877
Gate A,full vs train-mean naive demand baseline,132,-261748.10105788035
Gate A,full vs train-mean naive demand baseline,133,-269804.5631466797
Gate A,full vs train-mean naive demand baseline,134,-261059.54286285973
Gate A,full vs train-mean naive demand baseline,135,-260647.4776380282
Gate A,full vs train-mean naive demand baseline,136,-258441.4138209527
Gate A,full vs train-mean naive demand baseline,137,-294466.5896041173
Gate A,full vs train-mean naive demand baseline,138,-246703.21832990507
Gate A,full vs train-mean naive demand baseline,139,-265331.27908470004
Gate A,full vs train-mean naive demand baseline,140,-263525.26317220565
Gate A,full vs train-mean naive demand baseline,141,-255605.6402679155
Gate A,full vs train-mean naive demand baseline,142,-267274.60972163355
Gate A,full vs train-mean naive demand baseline,143,-269421.73963859293
Gate A,full vs train-mean naive demand baseline,144,-268515.8395490532
Gate A,full vs train-mean naive demand baseline,145,-271127.17514211725
Gate A,full vs train-mean naive demand baseline,146,-264231.04590829404
Gate A,full vs train-mean naive demand baseline,147,-259888.63150792904
Gate A,full vs train-mean naive demand baseline,148,-252474.50018530877
Gate A,full vs train-mean naive demand baseline,149,-296475.3933503984
Gate A,full vs train-mean naive demand baseline,150,-263253.6821520495
Gate A,full vs train-mean naive demand baseline,151,-231353.48878536778
Gate A,full vs train-mean naive demand baseline,152,-253937.3947329165
Gate A,full vs train-mean naive demand baseline,153,-256808.25748764817
Gate A,full vs train-mean naive demand baseline,154,-256048.04069944244
Gate A,full vs train-mean naive demand baseline,155,-281153.2838709332
Gate A,full vs train-mean naive demand baseline,156,-254948.86432518763
Gate A,full vs train-mean naive demand baseline,157,-240133.67732275487
Gate A,full vs train-mean naive demand baseline,158,-229152.17428118526
Gate A,full vs train-mean naive demand baseline,159,-248468.84928503126
Gate A,full vs train-mean naive demand baseline,160,-262367.61505953793
Gate A,full vs train-mean naive demand baseline,161,-257544.22757107075
Gate A,full vs train-mean naive demand baseline,162,-238727.0142215775
Gate A,full vs train-mean naive demand baseline,163,-260065.7920028382
Gate A,full vs train-mean naive demand baseline,164,-260784.95310532954
Gate A,full vs train-mean naive demand baseline,165,-276409.3629408752
Gate A,full vs train-mean naive demand baseline,166,-235955.3613248094
Gate A,full vs train-mean naive demand baseline,167,-275718.4602171715
Gate A,full vs train-mean naive demand baseline,168,-266731.18225165247
Gate A,full vs train-mean naive demand baseline,169,-259790.57251757313
Gate A,full vs train-mean naive demand baseline,170,-276732.7970865361
Gate A,full vs train-mean naive demand baseline,171,-257160.80137951273
Gate A,full vs train-mean naive demand baseline,172,-253250.81816359377
Gate A,full vs train-mean naive demand baseline,173,-265571.05543922505
Gate A,full vs train-mean naive demand baseline,174,-252332.71612931218
Gate A,full vs train-mean naive demand baseline,175,-285382.6433369968
Gate A,full vs train-mean naive demand baseline,176,-275482.52785441134
Gate A,full vs train-mean naive demand baseline,177,-262452.83758723293
Gate A,full vs train-mean naive demand baseline,178,-304483.70565542346
Gate A,full vs train-mean naive demand baseline,179,-271953.263427441
Gate A,full vs train-mean naive demand baseline,180,-287625.6809643315
Gate A,full vs train-mean naive demand baseline,181,-249232.8228613984
Gate A,full vs train-mean naive demand baseline,182,-266448.0222251743
Gate A,full vs train-mean naive demand baseline,183,-254574.35297655105
Gate A,full vs train-mean naive demand baseline,184,-220693.47100566493
Gate A,full vs train-mean naive demand baseline,185,-282638.07599618076
Gate A,full vs train-mean naive demand baseline,186,-288238.17141364247
Gate A,full vs train-mean naive demand baseline,187,-282529.1105671899
Gate A,full vs train-mean naive demand baseline,188,-256545.5819828667
Gate A,full vs train-mean naive demand baseline,189,-284583.7592963972
Gate A,full vs train-mean naive demand baseline,190,-242050.55473235174
Gate A,full vs train-mean naive demand baseline,191,-258641.69479163957
Gate A,full vs train-mean naive demand baseline,192,-283265.5683260917
Gate A,full vs train-mean naive demand baseline,193,-306435.4848453874
Gate A,full vs train-mean naive demand baseline,194,-222242.45683667448
Gate A,full vs train-mean naive demand baseline,195,-308980.42739107035
Gate A,full vs train-mean naive demand baseline,196,-236828.19054595355
Gate A,full vs train-mean naive demand baseline,197,-258722.52649278427
Gate A,full vs train-mean naive demand baseline,198,-222677.56802542994
Gate A,full vs train-mean naive demand baseline,199,-260901.22265153675
Gate A,full vs train-mean naive demand baseline,200,-268927.62751873914
Gate A,full vs train-mean naive demand baseline,201,-254803.43079035275
Gate A,full vs train-mean naive demand baseline,202,-261827.8207956292
Gate A,full vs train-mean naive demand baseline,203,-262796.28425530385
Gate A,full vs train-mean naive demand baseline,204,-249726.13593145192
Gate A,full vs train-mean naive demand baseline,205,-256573.20309421362
Gate A,full vs train-mean naive demand baseline,206,-249962.47516553884
Gate A,full vs train-mean naive demand baseline,207,-253435.80467562057
Gate A,full vs train-mean naive demand baseline,208,-253368.67808256525
Gate A,full vs train-mean naive demand baseline,209,-298619.0585787683
Gate A,full vs train-mean naive demand baseline,210,-274089.9534592307
Gate A,full vs train-mean naive demand baseline,211,-281243.6793849016
Gate A,full vs train-mean naive demand baseline,212,-281817.76218031696
Gate A,full vs train-mean naive demand baseline,213,-276548.9594346458
Gate A,full vs train-mean naive demand baseline,214,-252889.76560909674
Gate A,full vs train-mean naive demand baseline,215,-260683.96737676387
Gate A,full vs train-mean naive demand baseline,216,-259339.13366430282
Gate A,full vs train-mean naive demand baseline,217,-239450.876716352
Gate A,full vs train-mean naive demand baseline,218,-299460.3568709958
Gate A,full vs train-mean naive demand baseline,219,-242299.69247518186
Gate A,full vs train-mean naive demand baseline,220,-247765.7065427888
Gate A,full vs train-mean naive demand baseline,221,-229115.78136040625
Gate A,full vs train-mean naive demand baseline,222,-236180.12993210056
Gate A,full vs train-mean naive demand baseline,223,-239109.06166070365
Gate A,full vs train-mean naive demand baseline,224,-252629.82467596582
Gate A,full vs train-mean naive demand baseline,225,-258635.3642761247
Gate A,full vs train-mean naive demand baseline,226,-258781.67809591247
Gate A,full vs train-mean naive demand baseline,227,-260836.5371256009
Gate A,full vs train-mean naive demand baseline,228,-250688.37545133318
Gate A,full vs train-mean naive demand baseline,229,-244782.8305204354
Gate A,full vs train-mean naive demand baseline,230,-282481.2646053
Gate A,full vs train-mean naive demand baseline,231,-246216.92910435738
Gate A,full vs train-mean naive demand baseline,232,-235579.53748934407
Gate A,full vs train-mean naive demand baseline,233,-239624.9836186032
Gate A,full vs train-mean naive demand baseline,234,-258377.6979481098
Gate A,full vs train-mean naive demand baseline,235,-251569.58661912807
Gate A,full vs train-mean naive demand baseline,236,-296348.0722212691
Gate A,full vs train-mean naive demand baseline,237,-264583.68639138644
Gate A,full vs train-mean naive demand baseline,238,-224816.70812000294
Gate A,full vs train-mean naive demand baseline,239,-269046.8602376045
Gate A,full vs train-mean naive demand baseline,240,-272660.04830684135
Gate A,full vs train-mean naive demand baseline,241,-237305.21889848984
Gate A,full vs train-mean naive demand baseline,242,-265472.86831068015
Gate A,full vs train-mean naive demand baseline,243,-268111.387057906
Gate A,full vs train-mean naive demand baseline,244,-258864.9105242637
Gate A,full vs train-mean naive demand baseline,245,-230455.94010218536
Gate A,full vs train-mean naive demand baseline,246,-281791.9581084442
Gate A,full vs train-mean naive demand baseline,247,-238055.92359863993
Gate A,full vs train-mean naive demand baseline,248,-283547.4255338976
Gate A,full vs train-mean naive demand baseline,249,-246290.15261436297
Gate A,full vs train-mean naive demand baseline,250,-269100.74579481373
Gate A,full vs train-mean naive demand baseline,251,-219378.4068375277
Gate A,full vs train-mean naive demand baseline,252,-238869.7703538005
Gate A,full vs train-mean naive demand baseline,253,-257472.89872901543
Gate A,full vs train-mean naive demand baseline,254,-261194.64238405044
Gate A,full vs train-mean naive demand baseline,255,-265382.46384160744
Gate A,full vs train-mean naive demand baseline,256,-229967.55855067083
Gate A,full vs train-mean naive demand baseline,257,-283551.1425309917
Gate A,full vs train-mean naive demand baseline,258,-277203.0166526356
Gate A,full vs train-mean naive demand baseline,259,-219173.91137654523
Gate A,full vs train-mean naive demand baseline,260,-248333.54084862187
Gate A,full vs train-mean naive demand baseline,261,-267476.0285748977
Gate A,full vs train-mean naive demand baseline,262,-301376.7760937653
Gate A,full vs train-mean naive demand baseline,263,-211022.55374501756
Gate A,full vs train-mean naive demand baseline,264,-291910.49534468853
Gate A,full vs train-mean naive demand baseline,265,-228687.7270607294
Gate A,full vs train-mean naive demand baseline,266,-240484.09014595568
Gate A,full vs train-mean naive demand baseline,267,-228428.4162043619
Gate A,full vs train-mean naive demand baseline,268,-294962.1789971637
Gate A,full vs train-mean naive demand baseline,269,-271474.4297800056
Gate A,full vs train-mean naive demand baseline,270,-283096.13067383127
Gate A,full vs train-mean naive demand baseline,271,-267165.346692252
Gate A,full vs train-mean naive demand baseline,272,-264549.09879368637
Gate A,full vs train-mean naive demand baseline,273,-254228.17590808115
Gate A,full vs train-mean naive demand baseline,274,-260340.70102977962
Gate A,full vs train-mean naive demand baseline,275,-237669.11053026444
Gate A,full vs train-mean naive demand baseline,276,-237413.9966480474
Gate A,full vs train-mean naive demand baseline,277,-258394.95298290742
Gate A,full vs train-mean naive demand baseline,278,-270257.30781554396
Gate A,full vs train-mean naive demand baseline,279,-228302.23723552452
Gate A,full vs train-mean naive demand baseline,280,-280461.3992000474
Gate A,full vs train-mean naive demand baseline,281,-214359.4746855346
Gate A,full vs train-mean naive demand baseline,282,-247844.21009764745
Gate A,full vs train-mean naive demand baseline,283,-243347.02051303355
Gate A,full vs train-mean naive demand baseline,284,-254494.42288658005
Gate A,full vs train-mean naive demand baseline,285,-301310.54832971416
Gate A,full vs train-mean naive demand baseline,286,-259369.4124235094
Gate A,full vs train-mean naive demand baseline,287,-278257.1910355299
Gate A,full vs train-mean naive demand baseline,288,-281081.5295114463
Gate A,full vs train-mean naive demand baseline,289,-257432.55538668326
Gate A,full vs train-mean naive demand baseline,290,-267076.215904976
Gate A,full vs train-mean naive demand baseline,291,-247674.70870486475
Gate A,full vs train-mean naive demand baseline,292,-255895.45377588653
Gate A,full vs train-mean naive demand baseline,293,-311802.78114099073
Gate A,full vs train-mean naive demand baseline,294,-251096.06620272645
Gate A,full vs train-mean naive demand baseline,295,-234277.43740378096
Gate A,full vs train-mean naive demand baseline,296,-267534.3305761467
Gate A,full vs train-mean naive demand baseline,297,-253220.90385410129
Gate A,full vs train-mean naive demand baseline,298,-212215.08055328758
Gate A,full vs train-mean naive demand baseline,299,-273732.78941931465
Gate A,full vs train-mean naive demand baseline,300,-221580.10645282138
Gate A,full vs train-mean naive demand baseline,301,-254951.9386972062
Gate A,full vs train-mean naive demand baseline,302,-223211.71045497427
Gate A,full vs train-mean naive demand baseline,303,-257949.65260155208
Gate A,full vs train-mean naive demand baseline,304,-271570.12530624977
Gate A,full vs train-mean naive demand baseline,305,-255978.29453199846
Gate A,full vs train-mean naive demand baseline,306,-260031.9576536087
Gate A,full vs train-mean naive demand baseline,307,-288504.91596510384
Gate A,full vs train-mean naive demand baseline,308,-255663.33498304544
Gate A,full vs train-mean naive demand baseline,309,-251309.1135859887
Gate A,full vs train-mean naive demand baseline,310,-280945.3801208249
Gate A,full vs train-mean naive demand baseline,311,-241501.46986105148
Gate A,full vs train-mean naive demand baseline,312,-240357.2466100147
Gate A,full vs train-mean naive demand baseline,313,-271220.63290324085
Gate A,full vs train-mean naive demand baseline,314,-228018.32225565042
Gate A,full vs train-mean naive demand baseline,315,-277859.07032739476
Gate A,full vs train-mean naive demand baseline,316,-250517.5999843561
Gate A,full vs train-mean naive demand baseline,317,-255428.4701693368
Gate A,full vs train-mean naive demand baseline,318,-273358.53301718476
Gate A,full vs train-mean naive demand baseline,319,-262880.91140979476
Gate A,full vs train-mean naive demand baseline,320,-262493.04807293054
Gate A,full vs train-mean naive demand baseline,321,-287104.03018215334
Gate A,full vs train-mean naive demand baseline,322,-258053.2849717089
Gate A,full vs train-mean naive demand baseline,323,-258323.48248807172
Gate A,full vs train-mean naive demand baseline,324,-235350.09269028745
Gate A,full vs train-mean naive demand baseline,325,-243924.71178760618
Gate A,full vs train-mean naive demand baseline,326,-229259.84930507973
Gate A,full vs train-mean naive demand baseline,327,-251102.65767488984
Gate A,full vs train-mean naive demand baseline,328,-271402.2236448467
Gate A,full vs train-mean naive demand baseline,329,-270610.273710662
Gate A,full vs train-mean naive demand baseline,330,-275949.80565570894
Gate A,full vs train-mean naive demand baseline,331,-243618.36149317963
Gate A,full vs train-mean naive demand baseline,332,-250061.0971304248
Gate A,full vs train-mean naive demand baseline,333,-234621.28669882895
Gate A,full vs train-mean naive demand baseline,334,-252878.21067565694
Gate A,full vs train-mean naive demand baseline,335,-266763.3856808713
Gate A,full vs train-mean naive demand baseline,336,-273689.3562403324
Gate A,full vs train-mean naive demand baseline,337,-247967.69585822744
Gate A,full vs train-mean naive demand baseline,338,-250306.00301096134
Gate A,full vs train-mean naive demand baseline,339,-260211.79334832635
Gate A,full vs train-mean naive demand baseline,340,-236241.162337649
Gate A,full vs train-mean naive demand baseline,341,-287417.56990884786
Gate A,full vs train-mean naive demand baseline,342,-256054.3222139206
Gate A,full vs train-mean naive demand baseline,343,-264457.1351299135
Gate A,full vs train-mean naive demand baseline,344,-252950.98562930984
Gate A,full vs train-mean naive demand baseline,345,-229489.80359259865
Gate A,full vs train-mean naive demand baseline,346,-222627.9885358586
Gate A,full vs train-mean naive demand baseline,347,-243232.59075586533
Gate A,full vs train-mean naive demand baseline,348,-238023.9915849571
Gate A,full vs train-mean naive demand baseline,349,-275040.75427637174
Gate A,full vs train-mean naive demand baseline,350,-260520.27916261856
Gate A,full vs train-mean naive demand baseline,351,-253626.2675950119
Gate A,full vs train-mean naive demand baseline,352,-271112.2419849161
Gate A,full vs train-mean naive demand baseline,353,-216990.1401753953
Gate A,full vs train-mean naive demand baseline,354,-246729.4018126806
Gate A,full vs train-mean naive demand baseline,355,-290298.3644614041
Gate A,full vs train-mean naive demand baseline,356,-285660.55043821427
Gate A,full vs train-mean naive demand baseline,357,-250056.45807315822
Gate A,full vs train-mean naive demand baseline,358,-241411.29695373593
Gate A,full vs train-mean naive demand baseline,359,-286484.0624489829
Gate A,full vs train-mean naive demand baseline,360,-266177.0519907556
Gate A,full vs train-mean naive demand baseline,361,-276368.30654917314
Gate A,full vs train-mean naive demand baseline,362,-234012.3998299871
Gate A,full vs train-mean naive demand baseline,363,-250581.7450552948
Gate A,full vs train-mean naive demand baseline,364,-265682.0140192073
Gate A,full vs train-mean naive demand baseline,365,-271054.7739226741
Gate A,full vs train-mean naive demand baseline,366,-212987.82372594188
Gate A,full vs train-mean naive demand baseline,367,-283183.94871615834
Gate A,full vs train-mean naive demand baseline,368,-274395.6935711195
Gate A,full vs train-mean naive demand baseline,369,-282817.546605208
Gate A,full vs train-mean naive demand baseline,370,-248293.88931817777
Gate A,full vs train-mean naive demand baseline,371,-242799.00136790157
Gate A,full vs train-mean naive demand baseline,372,-273348.09608841914
Gate A,full vs train-mean naive demand baseline,373,-294931.86100811773
Gate A,full vs train-mean naive demand baseline,374,-250729.11817804145
Gate A,full vs train-mean naive demand baseline,375,-268255.54232193757
Gate A,full vs train-mean naive demand baseline,376,-237434.23212593648
Gate A,full vs train-mean naive demand baseline,377,-246653.24895458054
Gate A,full vs train-mean naive demand baseline,378,-270009.47527934075
Gate A,full vs train-mean naive demand baseline,379,-228132.07468326867
Gate A,full vs train-mean naive demand baseline,380,-264463.3414494561
Gate A,full vs train-mean naive demand baseline,381,-300031.6824081929
Gate A,full vs train-mean naive demand baseline,382,-245701.78053252766
Gate A,full vs train-mean naive demand baseline,383,-236216.48870473553
Gate A,full vs train-mean naive demand baseline,384,-295743.357412269
Gate A,full vs train-mean naive demand baseline,385,-230151.12834016822
Gate A,full vs train-mean naive demand baseline,386,-259235.63582228406
Gate A,full vs train-mean naive demand baseline,387,-264264.45052981435
Gate A,full vs train-mean naive demand baseline,388,-280578.6316967577
Gate A,full vs train-mean naive demand baseline,389,-225395.1704853041
Gate A,full vs train-mean naive demand baseline,390,-249118.97508067254
Gate A,full vs train-mean naive demand baseline,391,-209018.00015656208
Gate A,full vs train-mean naive demand baseline,392,-235021.49914232496
Gate A,full vs train-mean naive demand baseline,393,-250710.2072176681
Gate A,full vs train-mean naive demand baseline,394,-243216.76731340348
Gate A,full vs train-mean naive demand baseline,395,-281932.2118169141
Gate A,full vs train-mean naive demand baseline,396,-261097.22003757325
Gate A,full vs train-mean naive demand baseline,397,-235547.4367371078
Gate A,full vs train-mean naive demand baseline,398,-281452.53999731306
Gate A,full vs train-mean naive demand baseline,399,-247202.23319682665
Gate A,full vs train-mean naive demand baseline,400,-264904.75095910224
Gate A,full vs train-mean naive demand baseline,401,-243782.43278480455
Gate A,full vs train-mean naive demand baseline,402,-281767.64798537694
Gate A,full vs train-mean naive demand baseline,403,-249987.47812140628
Gate A,full vs train-mean naive demand baseline,404,-271866.49606440123
Gate A,full vs train-mean naive demand baseline,405,-250131.29580083978
Gate A,full vs train-mean naive demand baseline,406,-245998.53132585302
Gate A,full vs train-mean naive demand baseline,407,-284002.80329530325
Gate A,full vs train-mean naive demand baseline,408,-276041.40683531517
Gate A,full vs train-mean naive demand baseline,409,-258035.91910546
Gate A,full vs train-mean naive demand baseline,410,-261138.56377233696
Gate A,full vs train-mean naive demand baseline,411,-256852.83307967032
Gate A,full vs train-mean naive demand baseline,412,-270935.20935169875
Gate A,full vs train-mean naive demand baseline,413,-277328.7441273032
Gate A,full vs train-mean naive demand baseline,414,-256278.06279991806
Gate A,full vs train-mean naive demand baseline,415,-267156.51137107867
Gate A,full vs train-mean naive demand baseline,416,-276592.87113422935
Gate A,full vs train-mean naive demand baseline,417,-264182.5560733393
Gate A,full vs train-mean naive demand baseline,418,-244448.98050529294
Gate A,full vs train-mean naive demand baseline,419,-234095.86343196634
Gate A,full vs train-mean naive demand baseline,420,-282884.2149528354
Gate A,full vs train-mean naive demand baseline,421,-250503.371825099
Gate A,full vs train-mean naive demand baseline,422,-265939.46839510783
Gate A,full vs train-mean naive demand baseline,423,-259203.60388552665
Gate A,full vs train-mean naive demand baseline,424,-266819.27686963405
Gate A,full vs train-mean naive demand baseline,425,-248291.95356293337
Gate A,full vs train-mean naive demand baseline,426,-258789.33101182422
Gate A,full vs train-mean naive demand baseline,427,-218510.7809251553
Gate A,full vs train-mean naive demand baseline,428,-267950.9002003196
Gate A,full vs train-mean naive demand baseline,429,-271234.8643607258
Gate A,full vs train-mean naive demand baseline,430,-249472.7029030355
Gate A,full vs train-mean naive demand baseline,431,-246505.32414188964
Gate A,full vs train-mean naive demand baseline,432,-263303.6470208423
Gate A,full vs train-mean naive demand baseline,433,-254475.32448596501
Gate A,full vs train-mean naive demand baseline,434,-232339.69552234982
Gate A,full vs train-mean naive demand baseline,435,-283716.1570317535
Gate A,full vs train-mean naive demand baseline,436,-293314.86173550715
Gate A,full vs train-mean naive demand baseline,437,-234519.06276567554
Gate A,full vs train-mean naive demand baseline,438,-272895.7532851278
Gate A,full vs train-mean naive demand baseline,439,-290004.49088994967
Gate A,full vs train-mean naive demand baseline,440,-262459.28773363144
Gate A,full vs train-mean naive demand baseline,441,-222959.1175494761
Gate A,full vs train-mean naive demand baseline,442,-255302.0498846681
Gate A,full vs train-mean naive demand baseline,443,-280224.90556377755
Gate A,full vs train-mean naive demand baseline,444,-260397.21552802916
Gate A,full vs train-mean naive demand baseline,445,-248339.18519018975
Gate A,full vs train-mean naive demand baseline,446,-269038.35863692214
Gate A,full vs train-mean naive demand baseline,447,-239603.7627524149
Gate A,full vs train-mean naive demand baseline,448,-279421.3606355103
Gate A,full vs train-mean naive demand baseline,449,-292881.7521528805
Gate A,full vs train-mean naive demand baseline,450,-252461.2047669884
Gate A,full vs train-mean naive demand baseline,451,-243548.49580734555
Gate A,full vs train-mean naive demand baseline,452,-243342.96667618473
Gate A,full vs train-mean naive demand baseline,453,-278456.1080558268
Gate A,full vs train-mean naive demand baseline,454,-276841.5880690375
Gate A,full vs train-mean naive demand baseline,455,-217276.625158397
Gate A,full vs train-mean naive demand baseline,456,-234129.5693844817
Gate A,full vs train-mean naive demand baseline,457,-225620.6929665248
Gate A,full vs train-mean naive demand baseline,458,-251186.84094062698
Gate A,full vs train-mean naive demand baseline,459,-287797.74712211377
Gate A,full vs train-mean naive demand baseline,460,-276516.99762043176
Gate A,full vs train-mean naive demand baseline,461,-271796.309603713
Gate A,full vs train-mean naive demand baseline,462,-268209.2198740388
Gate A,full vs train-mean naive demand baseline,463,-248736.47707098362
Gate A,full vs train-mean naive demand baseline,464,-264021.3045960239
Gate A,full vs train-mean naive demand baseline,465,-252709.75376146607
Gate A,full vs train-mean naive demand baseline,466,-268714.42532220687
Gate A,full vs train-mean naive demand baseline,467,-240591.3531875732
Gate A,full vs train-mean naive demand baseline,468,-275217.87842297193
Gate A,full vs train-mean naive demand baseline,469,-276498.66945649125
Gate A,full vs train-mean naive demand baseline,470,-244932.86217251455
Gate A,full vs train-mean naive demand baseline,471,-270933.09795513673
Gate A,full vs train-mean naive demand baseline,472,-249285.99261873087
Gate A,full vs train-mean naive demand baseline,473,-225416.28297005844
Gate A,full vs train-mean naive demand baseline,474,-272261.38149008737
Gate A,full vs train-mean naive demand baseline,475,-233762.2348307852
Gate A,full vs train-mean naive demand baseline,476,-270068.2671576427
Gate A,full vs train-mean naive demand baseline,477,-279253.764013269
Gate A,full vs train-mean naive demand baseline,478,-266316.18909473857
Gate A,full vs train-mean naive demand baseline,479,-270886.9976236948
Gate A,full vs train-mean naive demand baseline,480,-277850.2682657135
Gate A,full vs train-mean naive demand baseline,481,-264442.53189716
Gate A,full vs train-mean naive demand baseline,482,-279538.3842406962
Gate A,full vs train-mean naive demand baseline,483,-280363.74278784054
Gate A,full vs train-mean naive demand baseline,484,-252928.3921603001
Gate A,full vs train-mean naive demand baseline,485,-296425.8538161828
Gate A,full vs train-mean naive demand baseline,486,-280363.07609568903
Gate A,full vs train-mean naive demand baseline,487,-290906.0192410395
Gate A,full vs train-mean naive demand baseline,488,-246413.05209411675
Gate A,full vs train-mean naive demand baseline,489,-272629.48794506944
Gate A,full vs train-mean naive demand baseline,490,-270060.3907373402
Gate A,full vs train-mean naive demand baseline,491,-259774.0418329396
Gate A,full vs train-mean naive demand baseline,492,-264185.9112112467
Gate A,full vs train-mean naive demand baseline,493,-270973.69373451365
Gate A,full vs train-mean naive demand baseline,494,-258371.79367745196
Gate A,full vs train-mean naive demand baseline,495,-286706.6529453959
Gate A,full vs train-mean naive demand baseline,496,-288793.39424853004
Gate A,full vs train-mean naive demand baseline,497,-275252.84371910186
Gate A,full vs train-mean naive demand baseline,498,-254995.42832945217
Gate A,full vs train-mean naive demand baseline,499,-254114.0590850017
Gate A,full vs train-mean naive demand baseline,500,-286649.18745034665
Gate A,full vs train-mean naive demand baseline,501,-264734.0421967526
Gate A,full vs train-mean naive demand baseline,502,-254667.30001822993
Gate A,full vs train-mean naive demand baseline,503,-261483.7672813182
Gate A,full vs train-mean naive demand baseline,504,-245342.86117225303
Gate A,full vs train-mean naive demand baseline,505,-253215.33021876685
Gate A,full vs train-mean naive demand baseline,506,-275849.26404195855
Gate A,full vs train-mean naive demand baseline,507,-228794.56276499474
Gate A,full vs train-mean naive demand baseline,508,-281100.77849648055
Gate A,full vs train-mean naive demand baseline,509,-269343.7842829771
Gate A,full vs train-mean naive demand baseline,510,-272504.3991263494
Gate A,full vs train-mean naive demand baseline,511,-291271.756828532
Gate A,full vs train-mean naive demand baseline,512,-236467.93989866512
Gate A,full vs train-mean naive demand baseline,513,-261509.51814449055
Gate A,full vs train-mean naive demand baseline,514,-222933.01976650587
Gate A,full vs train-mean naive demand baseline,515,-245848.29977171018
Gate A,full vs train-mean naive demand baseline,516,-234129.47283502202
Gate A,full vs train-mean naive demand baseline,517,-242794.51229123864
Gate A,full vs train-mean naive demand baseline,518,-298257.984013783
Gate A,full vs train-mean naive demand baseline,519,-258831.90994753334
Gate A,full vs train-mean naive demand baseline,520,-295111.60340050317
Gate A,full vs train-mean naive demand baseline,521,-250726.63835992868
Gate A,full vs train-mean naive demand baseline,522,-286991.5770405894
Gate A,full vs train-mean naive demand baseline,523,-259685.60463065797
Gate A,full vs train-mean naive demand baseline,524,-234501.38790889058
Gate A,full vs train-mean naive demand baseline,525,-279863.0168447327
Gate A,full vs train-mean naive demand baseline,526,-235970.0830484964
Gate A,full vs train-mean naive demand baseline,527,-249474.50570890476
Gate A,full vs train-mean naive demand baseline,528,-248663.84030627372
Gate A,full vs train-mean naive demand baseline,529,-259604.90889720974
Gate A,full vs train-mean naive demand baseline,530,-251139.34924793246
Gate A,full vs train-mean naive demand baseline,531,-258010.0628972183
Gate A,full vs train-mean naive demand baseline,532,-260259.62497066185
Gate A,full vs train-mean naive demand baseline,533,-244583.9749772768
Gate A,full vs train-mean naive demand baseline,534,-277260.0821886516
Gate A,full vs train-mean naive demand baseline,535,-256283.53657359173
Gate A,full vs train-mean naive demand baseline,536,-269230.4735779406
Gate A,full vs train-mean naive demand baseline,537,-265204.42124596325
Gate A,full vs train-mean naive demand baseline,538,-255560.5547730676
Gate A,full vs train-mean naive demand baseline,539,-269051.6058813447
Gate A,full vs train-mean naive demand baseline,540,-241045.5081086362
Gate A,full vs train-mean naive demand baseline,541,-256121.3866012128
Gate A,full vs train-mean naive demand baseline,542,-240226.36141183396
Gate A,full vs train-mean naive demand baseline,543,-269138.3428147558
Gate A,full vs train-mean naive demand baseline,544,-295505.0098287009
Gate A,full vs train-mean naive demand baseline,545,-266559.63344096305
Gate A,full vs train-mean naive demand baseline,546,-252326.6651608239
Gate A,full vs train-mean naive demand baseline,547,-245212.97922275416
Gate A,full vs train-mean naive demand baseline,548,-227171.24821512558
Gate A,full vs train-mean naive demand baseline,549,-285076.5140648288
Gate A,full vs train-mean naive demand baseline,550,-251784.6289874275
Gate A,full vs train-mean naive demand baseline,551,-265826.4311488088
Gate A,full vs train-mean naive demand baseline,552,-272179.99110824824
Gate A,full vs train-mean naive demand baseline,553,-264654.73958392534
Gate A,full vs train-mean naive demand baseline,554,-267905.98081164516
Gate A,full vs train-mean naive demand baseline,555,-248707.64468054415
Gate A,full vs train-mean naive demand baseline,556,-252885.70908789954
Gate A,full vs train-mean naive demand baseline,557,-245038.7041480665
Gate A,full vs train-mean naive demand baseline,558,-251073.35496690252
Gate A,full vs train-mean naive demand baseline,559,-238703.66215421946
Gate A,full vs train-mean naive demand baseline,560,-246994.21523502137
Gate A,full vs train-mean naive demand baseline,561,-280578.20054590265
Gate A,full vs train-mean naive demand baseline,562,-280773.799456191
Gate A,full vs train-mean naive demand baseline,563,-277808.07052529
Gate A,full vs train-mean naive demand baseline,564,-255184.113445292
Gate A,full vs train-mean naive demand baseline,565,-244464.7554754491
Gate A,full vs train-mean naive demand baseline,566,-283738.5743050494
Gate A,full vs train-mean naive demand baseline,567,-263092.207688789
Gate A,full vs train-mean naive demand baseline,568,-261807.92690115108
Gate A,full vs train-mean naive demand baseline,569,-296373.5315349549
Gate A,full vs train-mean naive demand baseline,570,-293458.96297446266
Gate A,full vs train-mean naive demand baseline,571,-227289.9195774484
Gate A,full vs train-mean naive demand baseline,572,-279610.7283261117
Gate A,full vs train-mean naive demand baseline,573,-258857.5749478428
Gate A,full vs train-mean naive demand baseline,574,-280974.9504619123
Gate A,full vs train-mean naive demand baseline,575,-278436.2758653512
Gate A,full vs train-mean naive demand baseline,576,-261850.2787162991
Gate A,full vs train-mean naive demand baseline,577,-282254.7562016612
Gate A,full vs train-mean naive demand baseline,578,-235551.2158703855
Gate A,full vs train-mean naive demand baseline,579,-248435.25251273246
Gate A,full vs train-mean naive demand baseline,580,-267973.3619116929
Gate A,full vs train-mean naive demand baseline,581,-288841.5377656668
Gate A,full vs train-mean naive demand baseline,582,-224025.2765486389
Gate A,full vs train-mean naive demand baseline,583,-263553.42830090167
Gate A,full vs train-mean naive demand baseline,584,-237769.87803358142
Gate A,full vs train-mean naive demand baseline,585,-235711.63079027535
Gate A,full vs train-mean naive demand baseline,586,-297194.90637804015
Gate A,full vs train-mean naive demand baseline,587,-262645.28616292984
Gate A,full vs train-mean naive demand baseline,588,-287266.16410333593
Gate A,full vs train-mean naive demand baseline,589,-265478.1301892053
Gate A,full vs train-mean naive demand baseline,590,-280017.67372588016
Gate A,full vs train-mean naive demand baseline,591,-213636.26276655425
Gate A,full vs train-mean naive demand baseline,592,-267625.41436285566
Gate A,full vs train-mean naive demand baseline,593,-249838.02921538503
Gate A,full vs train-mean naive demand baseline,594,-262422.6805316832
Gate A,full vs train-mean naive demand baseline,595,-281510.59843975323
Gate A,full vs train-mean naive demand baseline,596,-262975.9968885611
Gate A,full vs train-mean naive demand baseline,597,-239073.76124931264
Gate A,full vs train-mean naive demand baseline,598,-251511.54748601362
Gate A,full vs train-mean naive demand baseline,599,-264688.11806843407
Gate A,full vs train-mean naive demand baseline,600,-246507.42288289644
Gate A,full vs train-mean naive demand baseline,601,-302649.92697466596
Gate A,full vs train-mean naive demand baseline,602,-225094.94341811587
Gate A,full vs train-mean naive demand baseline,603,-270344.7259705035
Gate A,full vs train-mean naive demand baseline,604,-263345.28964723716
Gate A,full vs train-mean naive demand baseline,605,-234554.191984415
Gate A,full vs train-mean naive demand baseline,606,-242903.5281637068
Gate A,full vs train-mean naive demand baseline,607,-280242.17368958506
Gate A,full vs train-mean naive demand baseline,608,-270065.0095953129
Gate A,full vs train-mean naive demand baseline,609,-272832.98168285517
Gate A,full vs train-mean naive demand baseline,610,-263223.01338605204
Gate A,full vs train-mean naive demand baseline,611,-275875.1565599687
Gate A,full vs train-mean naive demand baseline,612,-257784.50430498176
Gate A,full vs train-mean naive demand baseline,613,-236780.10280273616
Gate A,full vs train-mean naive demand baseline,614,-243761.32620991088
Gate A,full vs train-mean naive demand baseline,615,-252086.95886826632
Gate A,full vs train-mean naive demand baseline,616,-226311.61606461796
Gate A,full vs train-mean naive demand baseline,617,-243578.13150082174
Gate A,full vs train-mean naive demand baseline,618,-244356.0928125896
Gate A,full vs train-mean naive demand baseline,619,-286592.46173791797
Gate A,full vs train-mean naive demand baseline,620,-263249.70058494806
Gate A,full vs train-mean naive demand baseline,621,-243969.5904309826
Gate A,full vs train-mean naive demand baseline,622,-285021.585586969
Gate A,full vs train-mean naive demand baseline,623,-229813.1544375908
Gate A,full vs train-mean naive demand baseline,624,-252061.68016279535
Gate A,full vs train-mean naive demand baseline,625,-245407.565817464
Gate A,full vs train-mean naive demand baseline,626,-268075.5756885615
Gate A,full vs train-mean naive demand baseline,627,-227300.1499306108
Gate A,full vs train-mean naive demand baseline,628,-284598.8146018993
Gate A,full vs train-mean naive demand baseline,629,-245050.4036071468
Gate A,full vs train-mean naive demand baseline,630,-232160.99220608178
Gate A,full vs train-mean naive demand baseline,631,-255645.21392355819
Gate A,full vs train-mean naive demand baseline,632,-236291.35892043004
Gate A,full vs train-mean naive demand baseline,633,-232589.64672459412
Gate A,full vs train-mean naive demand baseline,634,-298184.19119956094
Gate A,full vs train-mean naive demand baseline,635,-248979.74770061747
Gate A,full vs train-mean naive demand baseline,636,-285415.6313549506
Gate A,full vs train-mean naive demand baseline,637,-235049.63535170397
Gate A,full vs train-mean naive demand baseline,638,-239334.97131709848
Gate A,full vs train-mean naive demand baseline,639,-268069.4038534495
Gate A,full vs train-mean naive demand baseline,640,-259236.43673668368
Gate A,full vs train-mean naive demand baseline,641,-207340.3171906271
Gate A,full vs train-mean naive demand baseline,642,-259680.70281383218
Gate A,full vs train-mean naive demand baseline,643,-265564.12593866384
Gate A,full vs train-mean naive demand baseline,644,-248431.8359041404
Gate A,full vs train-mean naive demand baseline,645,-285986.4085959049
Gate A,full vs train-mean naive demand baseline,646,-270687.6063377209
Gate A,full vs train-mean naive demand baseline,647,-277431.3281113448
Gate A,full vs train-mean naive demand baseline,648,-262356.491800263
Gate A,full vs train-mean naive demand baseline,649,-263817.9765397448
Gate A,full vs train-mean naive demand baseline,650,-252861.73294366017
Gate A,full vs train-mean naive demand baseline,651,-248873.73562394164
Gate A,full vs train-mean naive demand baseline,652,-273840.54986199585
Gate A,full vs train-mean naive demand baseline,653,-229628.98126839567
Gate A,full vs train-mean naive demand baseline,654,-262795.08146108466
Gate A,full vs train-mean naive demand baseline,655,-274892.7493058576
Gate A,full vs train-mean naive demand baseline,656,-273917.7950520448
Gate A,full vs train-mean naive demand baseline,657,-294647.01917077997
Gate A,full vs train-mean naive demand baseline,658,-314483.52443762484
Gate A,full vs train-mean naive demand baseline,659,-243802.91085415657
Gate A,full vs train-mean naive demand baseline,660,-305500.3324879359
Gate A,full vs train-mean naive demand baseline,661,-262333.08671330224
Gate A,full vs train-mean naive demand baseline,662,-269748.2371718443
Gate A,full vs train-mean naive demand baseline,663,-282915.2977441656
Gate A,full vs train-mean naive demand baseline,664,-231655.20067484563
Gate A,full vs train-mean naive demand baseline,665,-266953.32546240475
Gate A,full vs train-mean naive demand baseline,666,-265226.93857876596
Gate A,full vs train-mean naive demand baseline,667,-262760.31749008776
Gate A,full vs train-mean naive demand baseline,668,-300074.08972931583
Gate A,full vs train-mean naive demand baseline,669,-240607.00653687352
Gate A,full vs train-mean naive demand baseline,670,-259720.3051612336
Gate A,full vs train-mean naive demand baseline,671,-265610.2998523939
Gate A,full vs train-mean naive demand baseline,672,-271997.7040623734
Gate A,full vs train-mean naive demand baseline,673,-277489.45303320955
Gate A,full vs train-mean naive demand baseline,674,-271340.88920509757
Gate A,full vs train-mean naive demand baseline,675,-263614.54978952004
Gate A,full vs train-mean naive demand baseline,676,-252883.02632694418
Gate A,full vs train-mean naive demand baseline,677,-237845.10270239736
Gate A,full vs train-mean naive demand baseline,678,-278831.70198580006
Gate A,full vs train-mean naive demand baseline,679,-295640.2907835031
Gate A,full vs train-mean naive demand baseline,680,-268920.8026143254
Gate A,full vs train-mean naive demand baseline,681,-232294.39890637033
Gate A,full vs train-mean naive demand baseline,682,-241797.5399787607
Gate A,full vs train-mean naive demand baseline,683,-258789.3843897523
Gate A,full vs train-mean naive demand baseline,684,-281829.2439642944
Gate A,full vs train-mean naive demand baseline,685,-221802.95391209828
Gate A,full vs train-mean naive demand baseline,686,-260427.59993122838
Gate A,full vs train-mean naive demand baseline,687,-279890.1345707519
Gate A,full vs train-mean naive demand baseline,688,-267876.531497773
Gate A,full vs train-mean naive demand baseline,689,-269004.87426661333
Gate A,full vs train-mean naive demand baseline,690,-289816.3738439447
Gate A,full vs train-mean naive demand baseline,691,-248914.81426340694
Gate A,full vs train-mean naive demand baseline,692,-273836.8273265261
Gate A,full vs train-mean naive demand baseline,693,-235513.3368870613
Gate A,full vs train-mean naive demand baseline,694,-234083.5093732899
Gate A,full vs train-mean naive demand baseline,695,-246954.8676572062
Gate A,full vs train-mean naive demand baseline,696,-280388.01610991376
Gate A,full vs train-mean naive demand baseline,697,-263880.7359329321
Gate A,full vs train-mean naive demand baseline,698,-247451.36902460398
Gate A,full vs train-mean naive demand baseline,699,-277785.787854247
Gate A,full vs train-mean naive demand baseline,700,-258318.092842497
Gate A,full vs train-mean naive demand baseline,701,-281636.99512016634
Gate A,full vs train-mean naive demand baseline,702,-278133.64856378705
Gate A,full vs train-mean naive demand baseline,703,-252072.89344105677
Gate A,full vs train-mean naive demand baseline,704,-253096.29926601393
Gate A,full vs train-mean naive demand baseline,705,-274567.5510918865
Gate A,full vs train-mean naive demand baseline,706,-263589.2127201272
Gate A,full vs train-mean naive demand baseline,707,-289214.15456153936
Gate A,full vs train-mean naive demand baseline,708,-235532.35153522028
Gate A,full vs train-mean naive demand baseline,709,-282009.483710232
Gate A,full vs train-mean naive demand baseline,710,-253904.95276709198
Gate A,full vs train-mean naive demand baseline,711,-259279.0255488456
Gate A,full vs train-mean naive demand baseline,712,-267986.3486571487
Gate A,full vs train-mean naive demand baseline,713,-250383.01230174216
Gate A,full vs train-mean naive demand baseline,714,-241381.03460219532
Gate A,full vs train-mean naive demand baseline,715,-240673.0167409626
Gate A,full vs train-mean naive demand baseline,716,-266743.92150505015
Gate A,full vs train-mean naive demand baseline,717,-252860.11055560745
Gate A,full vs train-mean naive demand baseline,718,-243787.37358771777
Gate A,full vs train-mean naive demand baseline,719,-260749.30361822248
Gate A,full vs train-mean naive demand baseline,720,-291509.83696076775
Gate A,full vs train-mean naive demand baseline,721,-226805.7160619194
Gate A,full vs train-mean naive demand baseline,722,-294219.8662708027
Gate A,full vs train-mean naive demand baseline,723,-227534.205769384
Gate A,full vs train-mean naive demand baseline,724,-263639.25318334554
Gate A,full vs train-mean naive demand baseline,725,-255206.22139226637
Gate A,full vs train-mean naive demand baseline,726,-256611.88488638873
Gate A,full vs train-mean naive demand baseline,727,-272729.64553721633
Gate A,full vs train-mean naive demand baseline,728,-288810.2259688569
Gate A,full vs train-mean naive demand baseline,729,-251688.584804258
Gate A,full vs train-mean naive demand baseline,730,-266808.4657409104
Gate A,full vs train-mean naive demand baseline,731,-267849.0718062838
Gate A,full vs train-mean naive demand baseline,732,-283593.09362571826
Gate A,full vs train-mean naive demand baseline,733,-222593.40294676577
Gate A,full vs train-mean naive demand baseline,734,-283816.90603410464
Gate A,full vs train-mean naive demand baseline,735,-248315.51303228413
Gate A,full vs train-mean naive demand baseline,736,-257067.65740523138
Gate A,full vs train-mean naive demand baseline,737,-246706.68933091674
Gate A,full vs train-mean naive demand baseline,738,-258115.38919067872
Gate A,full vs train-mean naive demand baseline,739,-259186.51558672468
Gate A,full vs train-mean naive demand baseline,740,-237481.3210860373
Gate A,full vs train-mean naive demand baseline,741,-288572.51903597935
Gate A,full vs train-mean naive demand baseline,742,-258544.70041676553
Gate A,full vs train-mean naive demand baseline,743,-266243.6697174461
Gate A,full vs train-mean naive demand baseline,744,-276692.13052937237
Gate A,full vs train-mean naive demand baseline,745,-231346.69267463055
Gate A,full vs train-mean naive demand baseline,746,-241136.39745258028
Gate A,full vs train-mean naive demand baseline,747,-256224.73687505155
Gate A,full vs train-mean naive demand baseline,748,-260902.79767784977
Gate A,full vs train-mean naive demand baseline,749,-263606.0911100299
Gate A,full vs train-mean naive demand baseline,750,-221294.93543082444
Gate A,full vs train-mean naive demand baseline,751,-242690.42962480764
Gate A,full vs train-mean naive demand baseline,752,-270016.9568706092
Gate A,full vs train-mean naive demand baseline,753,-243806.70438306784
Gate A,full vs train-mean naive demand baseline,754,-282669.20231835765
Gate A,full vs train-mean naive demand baseline,755,-251673.9702114109
Gate A,full vs train-mean naive demand baseline,756,-286806.67759617075
Gate A,full vs train-mean naive demand baseline,757,-253695.7861971253
Gate A,full vs train-mean naive demand baseline,758,-242104.36930899444
Gate A,full vs train-mean naive demand baseline,759,-257439.4725823755
Gate A,full vs train-mean naive demand baseline,760,-296101.7443454212
Gate A,full vs train-mean naive demand baseline,761,-244874.55849853466
Gate A,full vs train-mean naive demand baseline,762,-260435.27788354625
Gate A,full vs train-mean naive demand baseline,763,-262256.7500458183
Gate A,full vs train-mean naive demand baseline,764,-280128.806531381
Gate A,full vs train-mean naive demand baseline,765,-228011.12213639298
Gate A,full vs train-mean naive demand baseline,766,-256093.5843922851
Gate A,full vs train-mean naive demand baseline,767,-222804.66734622756
Gate A,full vs train-mean naive demand baseline,768,-249827.91725161625
Gate A,full vs train-mean naive demand baseline,769,-287911.9782041746
Gate A,full vs train-mean naive demand baseline,770,-279016.4477792381
Gate A,full vs train-mean naive demand baseline,771,-250394.22307972898
Gate A,full vs train-mean naive demand baseline,772,-257258.09604237045
Gate A,full vs train-mean naive demand baseline,773,-289280.22826891806
Gate A,full vs train-mean naive demand baseline,774,-228425.75703095653
Gate A,full vs train-mean naive demand baseline,775,-248783.72589272418
Gate A,full vs train-mean naive demand baseline,776,-280309.13324127847
Gate A,full vs train-mean naive demand baseline,777,-250161.79061509093
Gate A,full vs train-mean naive demand baseline,778,-236952.0944935308
Gate A,full vs train-mean naive demand baseline,779,-260992.95280246745
Gate A,full vs train-mean naive demand baseline,780,-258345.57083112
Gate A,full vs train-mean naive demand baseline,781,-257417.4711623883
Gate A,full vs train-mean naive demand baseline,782,-247817.75752476978
Gate A,full vs train-mean naive demand baseline,783,-251768.45625371067
Gate A,full vs train-mean naive demand baseline,784,-237451.8163433221
Gate A,full vs train-mean naive demand baseline,785,-250286.80453113865
Gate A,full vs train-mean naive demand baseline,786,-246407.23921535065
Gate A,full vs train-mean naive demand baseline,787,-266626.2341120962
Gate A,full vs train-mean naive demand baseline,788,-290690.28262706375
Gate A,full vs train-mean naive demand baseline,789,-247882.44556457148
Gate A,full vs train-mean naive demand baseline,790,-250672.08988132185
Gate A,full vs train-mean naive demand baseline,791,-228062.30561392152
Gate A,full vs train-mean naive demand baseline,792,-229630.7545429623
Gate A,full vs train-mean naive demand baseline,793,-269145.54258479626
Gate A,full vs train-mean naive demand baseline,794,-253674.3122122385
Gate A,full vs train-mean naive demand baseline,795,-273017.9207226526
Gate A,full vs train-mean naive demand baseline,796,-274886.2969334399
Gate A,full vs train-mean naive demand baseline,797,-237232.5887698983
Gate A,full vs train-mean naive demand baseline,798,-261471.82299306872
Gate A,full vs train-mean naive demand baseline,799,-263633.54268870427
Gate A,full vs train-mean naive demand baseline,800,-246219.12235168827
Gate A,full vs train-mean naive demand baseline,801,-223475.80277955357
Gate A,full vs train-mean naive demand baseline,802,-264892.09874707577
Gate A,full vs train-mean naive demand baseline,803,-265218.2162366277
Gate A,full vs train-mean naive demand baseline,804,-252948.71637998373
Gate A,full vs train-mean naive demand baseline,805,-261136.74148206727
Gate A,full vs train-mean naive demand baseline,806,-314493.3988698316
Gate A,full vs train-mean naive demand baseline,807,-279243.5646867657
Gate A,full vs train-mean naive demand baseline,808,-234580.43866114377
Gate A,full vs train-mean naive demand baseline,809,-265395.95282112516
Gate A,full vs train-mean naive demand baseline,810,-241887.01117222596
Gate A,full vs train-mean naive demand baseline,811,-274762.1483438249
Gate A,full vs train-mean naive demand baseline,812,-271310.2564744302
Gate A,full vs train-mean naive demand baseline,813,-258323.92322978322
Gate A,full vs train-mean naive demand baseline,814,-277423.9809003428
Gate A,full vs train-mean naive demand baseline,815,-294688.9740169322
Gate A,full vs train-mean naive demand baseline,816,-259448.22313049593
Gate A,full vs train-mean naive demand baseline,817,-253657.27001698263
Gate A,full vs train-mean naive demand baseline,818,-280402.4639348207
Gate A,full vs train-mean naive demand baseline,819,-242350.66650537663
Gate A,full vs train-mean naive demand baseline,820,-231101.91687333075
Gate A,full vs train-mean naive demand baseline,821,-267176.3111097967
Gate A,full vs train-mean naive demand baseline,822,-255659.48398205556
Gate A,full vs train-mean naive demand baseline,823,-255396.90416634796
Gate A,full vs train-mean naive demand baseline,824,-261897.56940328446
Gate A,full vs train-mean naive demand baseline,825,-251447.6431069523
Gate A,full vs train-mean naive demand baseline,826,-273344.3223533905
Gate A,full vs train-mean naive demand baseline,827,-228988.15468733184
Gate A,full vs train-mean naive demand baseline,828,-256061.50372438502
Gate A,full vs train-mean naive demand baseline,829,-235308.5817485738
Gate A,full vs train-mean naive demand baseline,830,-245019.61737807316
Gate A,full vs train-mean naive demand baseline,831,-239730.3167324128
Gate A,full vs train-mean naive demand baseline,832,-243648.9569471773
Gate A,full vs train-mean naive demand baseline,833,-257132.56163936915
Gate A,full vs train-mean naive demand baseline,834,-239385.5476344297
Gate A,full vs train-mean naive demand baseline,835,-275353.8356705549
Gate A,full vs train-mean naive demand baseline,836,-248737.35713323377
Gate A,full vs train-mean naive demand baseline,837,-247254.39594853076
Gate A,full vs train-mean naive demand baseline,838,-282669.8492277654
Gate A,full vs train-mean naive demand baseline,839,-266863.00753706996
Gate A,full vs train-mean naive demand baseline,840,-271953.35489200504
Gate A,full vs train-mean naive demand baseline,841,-269043.8247296205
Gate A,full vs train-mean naive demand baseline,842,-274836.4083430961
Gate A,full vs train-mean naive demand baseline,843,-268418.2224339767
Gate A,full vs train-mean naive demand baseline,844,-270404.29459614726
Gate A,full vs train-mean naive demand baseline,845,-282500.3124078823
Gate A,full vs train-mean naive demand baseline,846,-229717.7714343599
Gate A,full vs train-mean naive demand baseline,847,-294237.052483653
Gate A,full vs train-mean naive demand baseline,848,-267701.7953780714
Gate A,full vs train-mean naive demand baseline,849,-217743.12618896645
Gate A,full vs train-mean naive demand baseline,850,-231897.63314827075
Gate A,full vs train-mean naive demand baseline,851,-263753.9689382892
Gate A,full vs train-mean naive demand baseline,852,-281631.92569482845
Gate A,full vs train-mean naive demand baseline,853,-297229.39507953555
Gate A,full vs train-mean naive demand baseline,854,-259954.27326676212
Gate A,full vs train-mean naive demand baseline,855,-274358.56373470626
Gate A,full vs train-mean naive demand baseline,856,-240852.5642329256
Gate A,full vs train-mean naive demand baseline,857,-256838.20453292358
Gate A,full vs train-mean naive demand baseline,858,-267066.39131685294
Gate A,full vs train-mean naive demand baseline,859,-274154.87476705894
Gate A,full vs train-mean naive demand baseline,860,-220226.94484695638
Gate A,full vs train-mean naive demand baseline,861,-236130.49537020316
Gate A,full vs train-mean naive demand baseline,862,-281280.22470127733
Gate A,full vs train-mean naive demand baseline,863,-264243.0544049455
Gate A,full vs train-mean naive demand baseline,864,-295464.5545614243
Gate A,full vs train-mean naive demand baseline,865,-235936.28547153756
Gate A,full vs train-mean naive demand baseline,866,-228097.84061616665
Gate A,full vs train-mean naive demand baseline,867,-257282.55775113276
Gate A,full vs train-mean naive demand baseline,868,-216424.92895063895
Gate A,full vs train-mean naive demand baseline,869,-260885.63709572126
Gate A,full vs train-mean naive demand baseline,870,-271246.78910173464
Gate A,full vs train-mean naive demand baseline,871,-284313.7885630899
Gate A,full vs train-mean naive demand baseline,872,-278687.9454910629
Gate A,full vs train-mean naive demand baseline,873,-246405.5217035759
Gate A,full vs train-mean naive demand baseline,874,-285570.17519889766
Gate A,full vs train-mean naive demand baseline,875,-251957.936026817
Gate A,full vs train-mean naive demand baseline,876,-260579.6100218275
Gate A,full vs train-mean naive demand baseline,877,-252033.09445171052
Gate A,full vs train-mean naive demand baseline,878,-274957.96433184267
Gate A,full vs train-mean naive demand baseline,879,-265717.3542214717
Gate A,full vs train-mean naive demand baseline,880,-275436.95129114273
Gate A,full vs train-mean naive demand baseline,881,-228609.99157271223
Gate A,full vs train-mean naive demand baseline,882,-273739.6093768777
Gate A,full vs train-mean naive demand baseline,883,-219731.3459252586
Gate A,full vs train-mean naive demand baseline,884,-285913.18184976873
Gate A,full vs train-mean naive demand baseline,885,-280979.77571872016
Gate A,full vs train-mean naive demand baseline,886,-233509.60349522156
Gate A,full vs train-mean naive demand baseline,887,-246952.04319880495
Gate A,full vs train-mean naive demand baseline,888,-250724.26716146426
Gate A,full vs train-mean naive demand baseline,889,-249772.35971278365
Gate A,full vs train-mean naive demand baseline,890,-248435.08830512525
Gate A,full vs train-mean naive demand baseline,891,-254322.46236079378
Gate A,full vs train-mean naive demand baseline,892,-237262.54500959913
Gate A,full vs train-mean naive demand baseline,893,-250409.55308319654
Gate A,full vs train-mean naive demand baseline,894,-218932.09296499263
Gate A,full vs train-mean naive demand baseline,895,-240048.56587834097
Gate A,full vs train-mean naive demand baseline,896,-279044.81167667673
Gate A,full vs train-mean naive demand baseline,897,-242848.7785265653
Gate A,full vs train-mean naive demand baseline,898,-265903.91805216076
Gate A,full vs train-mean naive demand baseline,899,-249753.0252453749
Gate A,full vs train-mean naive demand baseline,900,-245595.3698847054
Gate A,full vs train-mean naive demand baseline,901,-268444.32796516013
Gate A,full vs train-mean naive demand baseline,902,-260697.38266053566
Gate A,full vs train-mean naive demand baseline,903,-261393.5856924802
Gate A,full vs train-mean naive demand baseline,904,-266355.48628218414
Gate A,full vs train-mean naive demand baseline,905,-251926.27523510397
Gate A,full vs train-mean naive demand baseline,906,-250367.7952232801
Gate A,full vs train-mean naive demand baseline,907,-297219.81475190417
Gate A,full vs train-mean naive demand baseline,908,-270116.33823579596
Gate A,full vs train-mean naive demand baseline,909,-251629.62680960906
Gate A,full vs train-mean naive demand baseline,910,-265112.5033909803
Gate A,full vs train-mean naive demand baseline,911,-272955.3834917779
Gate A,full vs train-mean naive demand baseline,912,-221912.47387501027
Gate A,full vs train-mean naive demand baseline,913,-284164.93914364185
Gate A,full vs train-mean naive demand baseline,914,-284156.97256888583
Gate A,full vs train-mean naive demand baseline,915,-218803.43763432658
Gate A,full vs train-mean naive demand baseline,916,-254257.33739468025
Gate A,full vs train-mean naive demand baseline,917,-236546.04628769535
Gate A,full vs train-mean naive demand baseline,918,-287673.89747905225
Gate A,full vs train-mean naive demand baseline,919,-296689.95595622715
Gate A,full vs train-mean naive demand baseline,920,-230888.45876037853
Gate A,full vs train-mean naive demand baseline,921,-257118.45968501695
Gate A,full vs train-mean naive demand baseline,922,-264256.4514058624
Gate A,full vs train-mean naive demand baseline,923,-268314.02025616466
Gate A,full vs train-mean naive demand baseline,924,-296630.2193695877
Gate A,full vs train-mean naive demand baseline,925,-270503.5607683257
Gate A,full vs train-mean naive demand baseline,926,-246611.42029386119
Gate A,full vs train-mean naive demand baseline,927,-270984.5130435134
Gate A,full vs train-mean naive demand baseline,928,-254806.24264793834
Gate A,full vs train-mean naive demand baseline,929,-257507.11507356228
Gate A,full vs train-mean naive demand baseline,930,-239851.02063337713
Gate A,full vs train-mean naive demand baseline,931,-268318.3771987698
Gate A,full vs train-mean naive demand baseline,932,-238531.70412758444
Gate A,full vs train-mean naive demand baseline,933,-240204.5241342233
Gate A,full vs train-mean naive demand baseline,934,-239427.0330681688
Gate A,full vs train-mean naive demand baseline,935,-254903.68852298328
Gate A,full vs train-mean naive demand baseline,936,-249668.6194694814
Gate A,full vs train-mean naive demand baseline,937,-224156.78276081407
Gate A,full vs train-mean naive demand baseline,938,-257432.35707726254
Gate A,full vs train-mean naive demand baseline,939,-261010.95419584698
Gate A,full vs train-mean naive demand baseline,940,-284408.19854947494
Gate A,full vs train-mean naive demand baseline,941,-281641.58484475565
Gate A,full vs train-mean naive demand baseline,942,-270774.6653445922
Gate A,full vs train-mean naive demand baseline,943,-259652.98031667667
Gate A,full vs train-mean naive demand baseline,944,-227910.63958377537
Gate A,full vs train-mean naive demand baseline,945,-234445.12343675282
Gate A,full vs train-mean naive demand baseline,946,-284182.7405305846
Gate A,full vs train-mean naive demand baseline,947,-315743.2385519941
Gate A,full vs train-mean naive demand baseline,948,-245637.04731206922
Gate A,full vs train-mean naive demand baseline,949,-258233.47104610357
Gate A,full vs train-mean naive demand baseline,950,-227059.9334686637
Gate A,full vs train-mean naive demand baseline,951,-265151.73140923685
Gate A,full vs train-mean naive demand baseline,952,-268163.73013223737
Gate A,full vs train-mean naive demand baseline,953,-262366.40064424684
Gate A,full vs train-mean naive demand baseline,954,-239463.13758669735
Gate A,full vs train-mean naive demand baseline,955,-267037.58815178555
Gate A,full vs train-mean naive demand baseline,956,-264175.7184145293
Gate A,full vs train-mean naive demand baseline,957,-260255.15225104094
Gate A,full vs train-mean naive demand baseline,958,-270018.92249413533
Gate A,full vs train-mean naive demand baseline,959,-245278.28209526464
Gate A,full vs train-mean naive demand baseline,960,-278686.3342553252
Gate A,full vs train-mean naive demand baseline,961,-250517.9914360637
Gate A,full vs train-mean naive demand baseline,962,-295097.17349109804
Gate A,full vs train-mean naive demand baseline,963,-283035.4231436678
Gate A,full vs train-mean naive demand baseline,964,-263097.4877595935
Gate A,full vs train-mean naive demand baseline,965,-279911.58894862566
Gate A,full vs train-mean naive demand baseline,966,-269941.9486944481
Gate A,full vs train-mean naive demand baseline,967,-239544.51567906464
Gate A,full vs train-mean naive demand baseline,968,-266278.2109214269
Gate A,full vs train-mean naive demand baseline,969,-260196.28990481942
Gate A,full vs train-mean naive demand baseline,970,-260045.38734701232
Gate A,full vs train-mean naive demand baseline,971,-277568.82485995704
Gate A,full vs train-mean naive demand baseline,972,-208419.88522586448
Gate A,full vs train-mean naive demand baseline,973,-270003.05144743586
Gate A,full vs train-mean naive demand baseline,974,-221982.86046373815
Gate A,full vs train-mean naive demand baseline,975,-263850.8124096083
Gate A,full vs train-mean naive demand baseline,976,-240468.26521448302
Gate A,full vs train-mean naive demand baseline,977,-240733.04697563627
Gate A,full vs train-mean naive demand baseline,978,-240320.23477519193
Gate A,full vs train-mean naive demand baseline,979,-311043.32811140403
Gate A,full vs train-mean naive demand baseline,980,-229613.34992729034
Gate A,full vs train-mean naive demand baseline,981,-272153.67114946246
Gate A,full vs train-mean naive demand baseline,982,-240647.90281550033
Gate A,full vs train-mean naive demand baseline,983,-242785.47752017502
Gate A,full vs train-mean naive demand baseline,984,-244089.26516005685
Gate A,full vs train-mean naive demand baseline,985,-250447.07282195493
Gate A,full vs train-mean naive demand baseline,986,-270231.6771296583
Gate A,full vs train-mean naive demand baseline,987,-293940.09618135396
Gate A,full vs train-mean naive demand baseline,988,-276847.5060871669
Gate A,full vs train-mean naive demand baseline,989,-237311.805615135
Gate A,full vs train-mean naive demand baseline,990,-268085.95061789034
Gate A,full vs train-mean naive demand baseline,991,-273528.3739482334
Gate A,full vs train-mean naive demand baseline,992,-262164.1220305635
Gate A,full vs train-mean naive demand baseline,993,-309243.82555468497
Gate A,full vs train-mean naive demand baseline,994,-293840.06210178393
Gate A,full vs train-mean naive demand baseline,995,-290889.31333130656
Gate A,full vs train-mean naive demand baseline,996,-228949.49179848697
Gate A,full vs train-mean naive demand baseline,997,-235733.04981403847
Gate A,full vs train-mean naive demand baseline,998,-258003.23978076142
Gate A,full vs train-mean naive demand baseline,999,-250540.6198541986
Gate A,full vs train-mean naive demand baseline,1000,-271041.9895000552
Gate A,full vs train-mean naive demand baseline,1001,-266012.0553638476
Gate A,full vs train-mean naive demand baseline,1002,-284736.9047865538
Gate A,full vs train-mean naive demand baseline,1003,-221693.4353484643
Gate A,full vs train-mean naive demand baseline,1004,-259382.23082009034
Gate A,full vs train-mean naive demand baseline,1005,-292161.6181864618
Gate A,full vs train-mean naive demand baseline,1006,-261141.51295464244
Gate A,full vs train-mean naive demand baseline,1007,-239500.48084916535
Gate A,full vs train-mean naive demand baseline,1008,-261156.93921823634
Gate A,full vs train-mean naive demand baseline,1009,-288259.41279986885
Gate A,full vs train-mean naive demand baseline,1010,-270112.90241974016
Gate A,full vs train-mean naive demand baseline,1011,-225500.81181998365
Gate A,full vs train-mean naive demand baseline,1012,-279933.4686806225
Gate A,full vs train-mean naive demand baseline,1013,-245631.55335792236
Gate A,full vs train-mean naive demand baseline,1014,-241937.33337811212
Gate A,full vs train-mean naive demand baseline,1015,-261628.41178621264
Gate A,full vs train-mean naive demand baseline,1016,-230911.8392163047
Gate A,full vs train-mean naive demand baseline,1017,-271556.10097863653
Gate A,full vs train-mean naive demand baseline,1018,-245285.3990152178
Gate A,full vs train-mean naive demand baseline,1019,-245595.036125843
Gate A,full vs train-mean naive demand baseline,1020,-240843.40322652322
Gate A,full vs train-mean naive demand baseline,1021,-237065.33962501216
Gate A,full vs train-mean naive demand baseline,1022,-267902.0225477468
Gate A,full vs train-mean naive demand baseline,1023,-258537.13042544908
Gate A,full vs train-mean naive demand baseline,1024,-248261.64669846662
Gate A,full vs train-mean naive demand baseline,1025,-289765.4296903923
Gate A,full vs train-mean naive demand baseline,1026,-280824.40113892657
Gate A,full vs train-mean naive demand baseline,1027,-240605.43337057653
Gate A,full vs train-mean naive demand baseline,1028,-265762.07864552736
Gate A,full vs train-mean naive demand baseline,1029,-286383.48619686166
Gate A,full vs train-mean naive demand baseline,1030,-242437.71923441355
Gate A,full vs train-mean naive demand baseline,1031,-221730.0501594841
Gate A,full vs train-mean naive demand baseline,1032,-234796.07879444386
Gate A,full vs train-mean naive demand baseline,1033,-268404.18353426014
Gate A,full vs train-mean naive demand baseline,1034,-233454.9934736836
Gate A,full vs train-mean naive demand baseline,1035,-230956.04058131145
Gate A,full vs train-mean naive demand baseline,1036,-232057.34524143976
Gate A,full vs train-mean naive demand baseline,1037,-220084.44489952314
Gate A,full vs train-mean naive demand baseline,1038,-253768.597338029
Gate A,full vs train-mean naive demand baseline,1039,-267360.87065138464
Gate A,full vs train-mean naive demand baseline,1040,-277269.4745442363
Gate A,full vs train-mean naive demand baseline,1041,-281810.99253785104
Gate A,full vs train-mean naive demand baseline,1042,-263713.8948005942
Gate A,full vs train-mean naive demand baseline,1043,-242718.59588728205
Gate A,full vs train-mean naive demand baseline,1044,-265612.54558931675
Gate A,full vs train-mean naive demand baseline,1045,-258406.53128726574
Gate A,full vs train-mean naive demand baseline,1046,-257009.8978202507
Gate A,full vs train-mean naive demand baseline,1047,-280755.0045412089
Gate A,full vs train-mean naive demand baseline,1048,-243599.1254384754
Gate A,full vs train-mean naive demand baseline,1049,-250530.14181917065
Gate A,full vs train-mean naive demand baseline,1050,-276058.28630852664
Gate A,full vs train-mean naive demand baseline,1051,-249912.67390333087
Gate A,full vs train-mean naive demand baseline,1052,-278071.3698406039
Gate A,full vs train-mean naive demand baseline,1053,-265187.48950862023
Gate A,full vs train-mean naive demand baseline,1054,-241732.05372566325
Gate A,full vs train-mean naive demand baseline,1055,-246996.75746861755
Gate A,full vs train-mean naive demand baseline,1056,-260103.64478894067
Gate A,full vs train-mean naive demand baseline,1057,-236433.8938761239
Gate A,full vs train-mean naive demand baseline,1058,-253330.54072980315
Gate A,full vs train-mean naive demand baseline,1059,-310347.06027169526
Gate A,full vs train-mean naive demand baseline,1060,-245283.585322504
Gate A,full vs train-mean naive demand baseline,1061,-261053.9558754941
Gate A,full vs train-mean naive demand baseline,1062,-241582.09302702406
Gate A,full vs train-mean naive demand baseline,1063,-275988.9357114708
Gate A,full vs train-mean naive demand baseline,1064,-259350.5984444932
Gate A,full vs train-mean naive demand baseline,1065,-259813.35404420944
Gate A,full vs train-mean naive demand baseline,1066,-227046.56462733774
Gate A,full vs train-mean naive demand baseline,1067,-253780.9685199306
Gate A,full vs train-mean naive demand baseline,1068,-284484.752859258
Gate A,full vs train-mean naive demand baseline,1069,-242269.7538323375
Gate A,full vs train-mean naive demand baseline,1070,-301102.08717058937
Gate A,full vs train-mean naive demand baseline,1071,-286056.3577058894
Gate A,full vs train-mean naive demand baseline,1072,-227536.07780909978
Gate A,full vs train-mean naive demand baseline,1073,-254059.10178598316
Gate A,full vs train-mean naive demand baseline,1074,-261212.7610179041
Gate A,full vs train-mean naive demand baseline,1075,-269836.93225808453
Gate A,full vs train-mean naive demand baseline,1076,-250787.5314954507
Gate A,full vs train-mean naive demand baseline,1077,-265091.835610156
Gate A,full vs train-mean naive demand baseline,1078,-223830.42828326096
Gate A,full vs train-mean naive demand baseline,1079,-258272.24742146896
Gate A,full vs train-mean naive demand baseline,1080,-247904.97308463807
Gate A,full vs train-mean naive demand baseline,1081,-262333.93123165925
Gate A,full vs train-mean naive demand baseline,1082,-271165.3429960905
Gate A,full vs train-mean naive demand baseline,1083,-247779.8274924418
Gate A,full vs train-mean naive demand baseline,1084,-260805.3941874816
Gate A,full vs train-mean naive demand baseline,1085,-246814.82797951164
Gate A,full vs train-mean naive demand baseline,1086,-232190.0596597424
Gate A,full vs train-mean naive demand baseline,1087,-269516.58987863007
Gate A,full vs train-mean naive demand baseline,1088,-248294.0501330092
Gate A,full vs train-mean naive demand baseline,1089,-271042.6533304036
Gate A,full vs train-mean naive demand baseline,1090,-220281.36432742432
Gate A,full vs train-mean naive demand baseline,1091,-276321.9538641797
Gate A,full vs train-mean naive demand baseline,1092,-251279.21030311502
Gate A,full vs train-mean naive demand baseline,1093,-255245.1513274185
Gate A,full vs train-mean naive demand baseline,1094,-259961.94114051567
Gate A,full vs train-mean naive demand baseline,1095,-222771.34126516868
Gate A,full vs train-mean naive demand baseline,1096,-267070.6930491148
Gate A,full vs train-mean naive demand baseline,1097,-256590.29950111726
Gate A,full vs train-mean naive demand baseline,1098,-268083.40003937855
Gate A,full vs train-mean naive demand baseline,1099,-273951.12119924126
Gate A,full vs train-mean naive demand baseline,1100,-222793.3910969943
Gate A,full vs train-mean naive demand baseline,1101,-221655.2806880293
Gate A,full vs train-mean naive demand baseline,1102,-239190.5707017815
Gate A,full vs train-mean naive demand baseline,1103,-227909.9671237648
Gate A,full vs train-mean naive demand baseline,1104,-255847.5900903137
Gate A,full vs train-mean naive demand baseline,1105,-233182.57569636492
Gate A,full vs train-mean naive demand baseline,1106,-260928.82907032286
Gate A,full vs train-mean naive demand baseline,1107,-279535.07748771756
Gate A,full vs train-mean naive demand baseline,1108,-267906.42035193765
Gate A,full vs train-mean naive demand baseline,1109,-287656.20357992966
Gate A,full vs train-mean naive demand baseline,1110,-275161.22809069295
Gate A,full vs train-mean naive demand baseline,1111,-262478.1044413949
Gate A,full vs train-mean naive demand baseline,1112,-278930.12208131386
Gate A,full vs train-mean naive demand baseline,1113,-267145.2207891183
Gate A,full vs train-mean naive demand baseline,1114,-260861.7454770301
Gate A,full vs train-mean naive demand baseline,1115,-217597.4187391359
Gate A,full vs train-mean naive demand baseline,1116,-264272.81335382984
Gate A,full vs train-mean naive demand baseline,1117,-224720.50511119736
Gate A,full vs train-mean naive demand baseline,1118,-236577.33428084006
Gate A,full vs train-mean naive demand baseline,1119,-307147.12683920935
Gate A,full vs train-mean naive demand baseline,1120,-287009.0992431657
Gate A,full vs train-mean naive demand baseline,1121,-265728.63886288984
Gate A,full vs train-mean naive demand baseline,1122,-267507.8001509356
Gate A,full vs train-mean naive demand baseline,1123,-255756.01108204032
Gate A,full vs train-mean naive demand baseline,1124,-245483.01839267556
Gate A,full vs train-mean naive demand baseline,1125,-276969.81661224714
Gate A,full vs train-mean naive demand baseline,1126,-258856.0120973544
Gate A,full vs train-mean naive demand baseline,1127,-291326.94886146917
Gate A,full vs train-mean naive demand baseline,1128,-274067.95306166436
Gate A,full vs train-mean naive demand baseline,1129,-285593.10184635065
Gate A,full vs train-mean naive demand baseline,1130,-238548.25903755525
Gate A,full vs train-mean naive demand baseline,1131,-242225.35105776257
Gate A,full vs train-mean naive demand baseline,1132,-262520.7843064442
Gate A,full vs train-mean naive demand baseline,1133,-284034.6561963572
Gate A,full vs train-mean naive demand baseline,1134,-251012.56994135544
Gate A,full vs train-mean naive demand baseline,1135,-258037.82206850976
Gate A,full vs train-mean naive demand baseline,1136,-289620.129963043
Gate A,full vs train-mean naive demand baseline,1137,-250835.21983915474
Gate A,full vs train-mean naive demand baseline,1138,-260019.89928639596
Gate A,full vs train-mean naive demand baseline,1139,-293313.1171800868
Gate A,full vs train-mean naive demand baseline,1140,-245067.7711284234
Gate A,full vs train-mean naive demand baseline,1141,-252132.48784847965
Gate A,full vs train-mean naive demand baseline,1142,-264759.5795469519
Gate A,full vs train-mean naive demand baseline,1143,-278659.45734646986
Gate A,full vs train-mean naive demand baseline,1144,-248685.83656890073
Gate A,full vs train-mean naive demand baseline,1145,-257337.47533448096
Gate A,full vs train-mean naive demand baseline,1146,-265467.5080215564
Gate A,full vs train-mean naive demand baseline,1147,-259876.98914814656
Gate A,full vs train-mean naive demand baseline,1148,-223684.2272005616
Gate A,full vs train-mean naive demand baseline,1149,-247028.22406966734
Gate A,full vs train-mean naive demand baseline,1150,-231332.12675817474
Gate A,full vs train-mean naive demand baseline,1151,-281584.6305077872
Gate A,full vs train-mean naive demand baseline,1152,-272885.07146510755
Gate A,full vs train-mean naive demand baseline,1153,-273319.30036822474
Gate A,full vs train-mean naive demand baseline,1154,-279911.3538567242
Gate A,full vs train-mean naive demand baseline,1155,-285245.4295412966
Gate A,full vs train-mean naive demand baseline,1156,-242675.51316727162
Gate A,full vs train-mean naive demand baseline,1157,-312275.2037203328
Gate A,full vs train-mean naive demand baseline,1158,-277935.4336765305
Gate A,full vs train-mean naive demand baseline,1159,-247220.7338286143
Gate A,full vs train-mean naive demand baseline,1160,-279214.49464751896
Gate A,full vs train-mean naive demand baseline,1161,-268696.38265761576
Gate A,full vs train-mean naive demand baseline,1162,-262803.5902317817
Gate A,full vs train-mean naive demand baseline,1163,-278418.5211056309
Gate A,full vs train-mean naive demand baseline,1164,-240951.7844650117
Gate A,full vs train-mean naive demand baseline,1165,-263655.06502469897
Gate A,full vs train-mean naive demand baseline,1166,-287480.80699738953
Gate A,full vs train-mean naive demand baseline,1167,-292602.1276186103
Gate A,full vs train-mean naive demand baseline,1168,-256935.7727596389
Gate A,full vs train-mean naive demand baseline,1169,-270063.0685811326
Gate A,full vs train-mean naive demand baseline,1170,-290390.8711753354
Gate A,full vs train-mean naive demand baseline,1171,-269798.16074602085
Gate A,full vs train-mean naive demand baseline,1172,-256277.47414425254
Gate A,full vs train-mean naive demand baseline,1173,-263167.5210942897
Gate A,full vs train-mean naive demand baseline,1174,-255180.15519976092
Gate A,full vs train-mean naive demand baseline,1175,-267146.63770400104
Gate A,full vs train-mean naive demand baseline,1176,-280551.333833703
Gate A,full vs train-mean naive demand baseline,1177,-268211.4622164709
Gate A,full vs train-mean naive demand baseline,1178,-245524.808936333
Gate A,full vs train-mean naive demand baseline,1179,-261143.49837959747
Gate A,full vs train-mean naive demand baseline,1180,-273734.0487912337
Gate A,full vs train-mean naive demand baseline,1181,-269032.4443133837
Gate A,full vs train-mean naive demand baseline,1182,-257515.520079876
Gate A,full vs train-mean naive demand baseline,1183,-225725.51988568675
Gate A,full vs train-mean naive demand baseline,1184,-262645.2098913074
Gate A,full vs train-mean naive demand baseline,1185,-241236.00941401362
Gate A,full vs train-mean naive demand baseline,1186,-238271.66923612685
Gate A,full vs train-mean naive demand baseline,1187,-217677.8603329759
Gate A,full vs train-mean naive demand baseline,1188,-253679.10177927237
Gate A,full vs train-mean naive demand baseline,1189,-240885.33887008554
Gate A,full vs train-mean naive demand baseline,1190,-292536.01918307866
Gate A,full vs train-mean naive demand baseline,1191,-266322.47203562263
Gate A,full vs train-mean naive demand baseline,1192,-247342.68046384043
Gate A,full vs train-mean naive demand baseline,1193,-244028.1376417406
Gate A,full vs train-mean naive demand baseline,1194,-229719.63953413785
Gate A,full vs train-mean naive demand baseline,1195,-233430.8876368635
Gate A,full vs train-mean naive demand baseline,1196,-260863.69021873182
Gate A,full vs train-mean naive demand baseline,1197,-274691.1563874882
Gate A,full vs train-mean naive demand baseline,1198,-237628.05126395088
Gate A,full vs train-mean naive demand baseline,1199,-251372.83302754018
Gate A,full vs train-mean naive demand baseline,1200,-262056.08487894735
Gate A,full vs train-mean naive demand baseline,1201,-272377.1929174262
Gate A,full vs train-mean naive demand baseline,1202,-243091.83274189645
Gate A,full vs train-mean naive demand baseline,1203,-283635.2219680972
Gate A,full vs train-mean naive demand baseline,1204,-233420.99177109936
Gate A,full vs train-mean naive demand baseline,1205,-277035.5809632117
Gate A,full vs train-mean naive demand baseline,1206,-291049.2653969627
Gate A,full vs train-mean naive demand baseline,1207,-283239.21372869035
Gate A,full vs train-mean naive demand baseline,1208,-252242.13941762416
Gate A,full vs train-mean naive demand baseline,1209,-264224.9208811749
Gate A,full vs train-mean naive demand baseline,1210,-257453.8658407022
Gate A,full vs train-mean naive demand baseline,1211,-272067.7053735874
Gate A,full vs train-mean naive demand baseline,1212,-261222.89080219762
Gate A,full vs train-mean naive demand baseline,1213,-254980.9506995504
Gate A,full vs train-mean naive demand baseline,1214,-246529.05865215696
Gate A,full vs train-mean naive demand baseline,1215,-257842.26942579623
Gate A,full vs train-mean naive demand baseline,1216,-300781.85212104284
Gate A,full vs train-mean naive demand baseline,1217,-244272.87652256424
Gate A,full vs train-mean naive demand baseline,1218,-263139.7113966164
Gate A,full vs train-mean naive demand baseline,1219,-260816.59269152532
Gate A,full vs train-mean naive demand baseline,1220,-272943.3657391246
Gate A,full vs train-mean naive demand baseline,1221,-240288.5253003352
Gate A,full vs train-mean naive demand baseline,1222,-259028.58002211142
Gate A,full vs train-mean naive demand baseline,1223,-249984.91026564338
Gate A,full vs train-mean naive demand baseline,1224,-259473.70012047814
Gate A,full vs train-mean naive demand baseline,1225,-235431.3378200542
Gate A,full vs train-mean naive demand baseline,1226,-291317.6220296566
Gate A,full vs train-mean naive demand baseline,1227,-281007.22314971604
Gate A,full vs train-mean naive demand baseline,1228,-224240.87146277318
Gate A,full vs train-mean naive demand baseline,1229,-242901.32983446383
Gate A,full vs train-mean naive demand baseline,1230,-279534.10368043627
Gate A,full vs train-mean naive demand baseline,1231,-220906.91701065193
Gate A,full vs train-mean naive demand baseline,1232,-248930.24060038358
Gate A,full vs train-mean naive demand baseline,1233,-250708.07589827606
Gate A,full vs train-mean naive demand baseline,1234,-268478.20858422876
Gate A,full vs train-mean naive demand baseline,1235,-281682.21467553684
Gate A,full vs train-mean naive demand baseline,1236,-274872.8070211675
Gate A,full vs train-mean naive demand baseline,1237,-272066.2199377941
Gate A,full vs train-mean naive demand baseline,1238,-267209.7755936584
Gate A,full vs train-mean naive demand baseline,1239,-251095.20441290463
Gate A,full vs train-mean naive demand baseline,1240,-259736.22733980077
Gate A,full vs train-mean naive demand baseline,1241,-300838.45688352
Gate A,full vs train-mean naive demand baseline,1242,-231378.33613321275
Gate A,full vs train-mean naive demand baseline,1243,-284325.5380568466
Gate A,full vs train-mean naive demand baseline,1244,-261324.4590364236
Gate A,full vs train-mean naive demand baseline,1245,-282064.1846798597
Gate A,full vs train-mean naive demand baseline,1246,-261520.41303403367
Gate A,full vs train-mean naive demand baseline,1247,-268348.24093879794
Gate A,full vs train-mean naive demand baseline,1248,-274467.0213161797
Gate A,full vs train-mean naive demand baseline,1249,-228463.15416716598
Gate A,full vs train-mean naive demand baseline,1250,-265381.85252394143
Gate A,full vs train-mean naive demand baseline,1251,-244856.07932698366
Gate A,full vs train-mean naive demand baseline,1252,-270463.9023270006
Gate A,full vs train-mean naive demand baseline,1253,-270503.45975435484
Gate A,full vs train-mean naive demand baseline,1254,-217628.0479992843
Gate A,full vs train-mean naive demand baseline,1255,-262889.01438975276
Gate A,full vs train-mean naive demand baseline,1256,-288493.7881155372
Gate A,full vs train-mean naive demand baseline,1257,-316454.57402926753
Gate A,full vs train-mean naive demand baseline,1258,-261887.9109679629
Gate A,full vs train-mean naive demand baseline,1259,-287325.0641416313
Gate A,full vs train-mean naive demand baseline,1260,-252862.65959616224
Gate A,full vs train-mean naive demand baseline,1261,-270019.0424100121
Gate A,full vs train-mean naive demand baseline,1262,-249300.6766853144
Gate A,full vs train-mean naive demand baseline,1263,-281652.05490210745
Gate A,full vs train-mean naive demand baseline,1264,-249426.36119329254
Gate A,full vs train-mean naive demand baseline,1265,-292696.9681592812
Gate A,full vs train-mean naive demand baseline,1266,-265701.991702925
Gate A,full vs train-mean naive demand baseline,1267,-261340.6758431509
Gate A,full vs train-mean naive demand baseline,1268,-259845.8413695671
Gate A,full vs train-mean naive demand baseline,1269,-249650.88109187578
Gate A,full vs train-mean naive demand baseline,1270,-265150.88983442273
Gate A,full vs train-mean naive demand baseline,1271,-269036.3525556146
Gate A,full vs train-mean naive demand baseline,1272,-251222.0316657172
Gate A,full vs train-mean naive demand baseline,1273,-244893.08215524448
Gate A,full vs train-mean naive demand baseline,1274,-255591.47354683868
Gate A,full vs train-mean naive demand baseline,1275,-234943.48131263175
Gate A,full vs train-mean naive demand baseline,1276,-282125.86467128806
Gate A,full vs train-mean naive demand baseline,1277,-258759.66705076734
Gate A,full vs train-mean naive demand baseline,1278,-236849.24769817776
Gate A,full vs train-mean naive demand baseline,1279,-289475.552332948
Gate A,full vs train-mean naive demand baseline,1280,-283355.255428224
Gate A,full vs train-mean naive demand baseline,1281,-286688.505068274
Gate A,full vs train-mean naive demand baseline,1282,-270851.7174640777
Gate A,full vs train-mean naive demand baseline,1283,-291237.8411220982
Gate A,full vs train-mean naive demand baseline,1284,-252809.12717177684
Gate A,full vs train-mean naive demand baseline,1285,-273054.1315766694
Gate A,full vs train-mean naive demand baseline,1286,-237845.15237799886
Gate A,full vs train-mean naive demand baseline,1287,-244598.94865306024
Gate A,full vs train-mean naive demand baseline,1288,-240293.46559845167
Gate A,full vs train-mean naive demand baseline,1289,-264421.59246872424
Gate A,full vs train-mean naive demand baseline,1290,-261368.398450499
Gate A,full vs train-mean naive demand baseline,1291,-265702.55298975133
Gate A,full vs train-mean naive demand baseline,1292,-277704.0160087887
Gate A,full vs train-mean naive demand baseline,1293,-244127.27864160173
Gate A,full vs train-mean naive demand baseline,1294,-248061.2025978171
Gate A,full vs train-mean naive demand baseline,1295,-280924.9865064062
Gate A,full vs train-mean naive demand baseline,1296,-278113.3008937293
Gate A,full vs train-mean naive demand baseline,1297,-221791.62195197603
Gate A,full vs train-mean naive demand baseline,1298,-277634.42060592934
Gate A,full vs train-mean naive demand baseline,1299,-263808.473986153
Gate A,full vs train-mean naive demand baseline,1300,-254859.98267762046
Gate A,full vs train-mean naive demand baseline,1301,-221685.94153369177
Gate A,full vs train-mean naive demand baseline,1302,-274659.367107752
Gate A,full vs train-mean naive demand baseline,1303,-257024.5906882878
Gate A,full vs train-mean naive demand baseline,1304,-250043.7757170934
Gate A,full vs train-mean naive demand baseline,1305,-219807.48469673577
Gate A,full vs train-mean naive demand baseline,1306,-249977.35019720605
Gate A,full vs train-mean naive demand baseline,1307,-297877.20641595346
Gate A,full vs train-mean naive demand baseline,1308,-249398.64271178184
Gate A,full vs train-mean naive demand baseline,1309,-264233.4979408474
Gate A,full vs train-mean naive demand baseline,1310,-227060.7764297226
Gate A,full vs train-mean naive demand baseline,1311,-280184.44105997577
Gate A,full vs train-mean naive demand baseline,1312,-271868.5102725839
Gate A,full vs train-mean naive demand baseline,1313,-282941.19444358867
Gate A,full vs train-mean naive demand baseline,1314,-245784.77022533043
Gate A,full vs train-mean naive demand baseline,1315,-244789.52692608145
Gate A,full vs train-mean naive demand baseline,1316,-271905.43070812884
Gate A,full vs train-mean naive demand baseline,1317,-237464.22794714128
Gate A,full vs train-mean naive demand baseline,1318,-269277.17796106596
Gate A,full vs train-mean naive demand baseline,1319,-280866.1044286771
Gate A,full vs train-mean naive demand baseline,1320,-253322.99662085605
Gate A,full vs train-mean naive demand baseline,1321,-261345.064004899
Gate A,full vs train-mean naive demand baseline,1322,-248747.4182012303
Gate A,full vs train-mean naive demand baseline,1323,-263364.3409838099
Gate A,full vs train-mean naive demand baseline,1324,-293245.6855168497
Gate A,full vs train-mean naive demand baseline,1325,-243613.98874418967
Gate A,full vs train-mean naive demand baseline,1326,-224091.19573368394
Gate A,full vs train-mean naive demand baseline,1327,-229279.8824880646
Gate A,full vs train-mean naive demand baseline,1328,-265757.0045033681
Gate A,full vs train-mean naive demand baseline,1329,-272651.06007252913
Gate A,full vs train-mean naive demand baseline,1330,-250800.89772505348
Gate A,full vs train-mean naive demand baseline,1331,-233718.0031611406
Gate A,full vs train-mean naive demand baseline,1332,-233690.12982737913
Gate A,full vs train-mean naive demand baseline,1333,-290977.623295932
Gate A,full vs train-mean naive demand baseline,1334,-255246.4561012129
Gate A,full vs train-mean naive demand baseline,1335,-222912.73627463327
Gate A,full vs train-mean naive demand baseline,1336,-229068.63471689567
Gate A,full vs train-mean naive demand baseline,1337,-290087.9193365305
Gate A,full vs train-mean naive demand baseline,1338,-251587.65104770174
Gate A,full vs train-mean naive demand baseline,1339,-235011.88043867523
Gate A,full vs train-mean naive demand baseline,1340,-260964.16329509058
Gate A,full vs train-mean naive demand baseline,1341,-264390.84896838
Gate A,full vs train-mean naive demand baseline,1342,-273956.895090007
Gate A,full vs train-mean naive demand baseline,1343,-283772.74721634126
Gate A,full vs train-mean naive demand baseline,1344,-240481.07264862634
Gate A,full vs train-mean naive demand baseline,1345,-242365.81600389915
Gate A,full vs train-mean naive demand baseline,1346,-277809.4943323254
Gate A,full vs train-mean naive demand baseline,1347,-245662.31083383842
Gate A,full vs train-mean naive demand baseline,1348,-256206.35584659438
Gate A,full vs train-mean naive demand baseline,1349,-249670.6917903879
Gate A,full vs train-mean naive demand baseline,1350,-259943.32111666104
Gate A,full vs train-mean naive demand baseline,1351,-253486.29030115466
Gate A,full vs train-mean naive demand baseline,1352,-263770.4408157242
Gate A,full vs train-mean naive demand baseline,1353,-257756.6281078746
Gate A,full vs train-mean naive demand baseline,1354,-256623.20539794012
Gate A,full vs train-mean naive demand baseline,1355,-259580.91170931802
Gate A,full vs train-mean naive demand baseline,1356,-259677.77489542906
Gate A,full vs train-mean naive demand baseline,1357,-266506.46112146135
Gate A,full vs train-mean naive demand baseline,1358,-292297.05163857026
Gate A,full vs train-mean naive demand baseline,1359,-257778.9699934525
Gate A,full vs train-mean naive demand baseline,1360,-254263.52205055548
Gate A,full vs train-mean naive demand baseline,1361,-240479.79792993792
Gate A,full vs train-mean naive demand baseline,1362,-294658.63850073586
Gate A,full vs train-mean naive demand baseline,1363,-268308.9069440282
Gate A,full vs train-mean naive demand baseline,1364,-280731.26497801277
Gate A,full vs train-mean naive demand baseline,1365,-257181.91778709757
Gate A,full vs train-mean naive demand baseline,1366,-264411.54497056414
Gate A,full vs train-mean naive demand baseline,1367,-238840.22607443237
Gate A,full vs train-mean naive demand baseline,1368,-252377.48955800553
Gate A,full vs train-mean naive demand baseline,1369,-248750.4584769177
Gate A,full vs train-mean naive demand baseline,1370,-279956.94471667084
Gate A,full vs train-mean naive demand baseline,1371,-284062.9205716401
Gate A,full vs train-mean naive demand baseline,1372,-252987.0449249072
Gate A,full vs train-mean naive demand baseline,1373,-259062.6120337125
Gate A,full vs train-mean naive demand baseline,1374,-272075.297979111
Gate A,full vs train-mean naive demand baseline,1375,-273233.2237022725
Gate A,full vs train-mean naive demand baseline,1376,-247801.74984592426
Gate A,full vs train-mean naive demand baseline,1377,-253026.47528784472
Gate A,full vs train-mean naive demand baseline,1378,-286071.45426969044
Gate A,full vs train-mean naive demand baseline,1379,-251254.50579290022
Gate A,full vs train-mean naive demand baseline,1380,-244224.57178714362
Gate A,full vs train-mean naive demand baseline,1381,-238270.0744171425
Gate A,full vs train-mean naive demand baseline,1382,-217884.56344818568
Gate A,full vs train-mean naive demand baseline,1383,-262875.9894698617
Gate A,full vs train-mean naive demand baseline,1384,-250859.61905320414
Gate A,full vs train-mean naive demand baseline,1385,-274742.4172641698
Gate A,full vs train-mean naive demand baseline,1386,-251899.32666581398
Gate A,full vs train-mean naive demand baseline,1387,-235460.05394105954
Gate A,full vs train-mean naive demand baseline,1388,-252880.49621015
Gate A,full vs train-mean naive demand baseline,1389,-274709.92081520293
Gate A,full vs train-mean naive demand baseline,1390,-268157.98693085584
Gate A,full vs train-mean naive demand baseline,1391,-250027.5889934437
Gate A,full vs train-mean naive demand baseline,1392,-263611.6272534453
Gate A,full vs train-mean naive demand baseline,1393,-227470.61409335112
Gate A,full vs train-mean naive demand baseline,1394,-290664.98699282936
Gate A,full vs train-mean naive demand baseline,1395,-238453.4761837063
Gate A,full vs train-mean naive demand baseline,1396,-252968.4554555684
Gate A,full vs train-mean naive demand baseline,1397,-270697.33393648197
Gate A,full vs train-mean naive demand baseline,1398,-240118.9099306448
Gate A,full vs train-mean naive demand baseline,1399,-288741.59933757625
Gate A,full vs train-mean naive demand baseline,1400,-259454.75932055773
Gate A,full vs train-mean naive demand baseline,1401,-251192.4616765783
Gate A,full vs train-mean naive demand baseline,1402,-254668.67263039434
Gate A,full vs train-mean naive demand baseline,1403,-295603.84427890443
Gate A,full vs train-mean naive demand baseline,1404,-249543.89307628263
Gate A,full vs train-mean naive demand baseline,1405,-258829.5531942041
Gate A,full vs train-mean naive demand baseline,1406,-269825.5585239721
Gate A,full vs train-mean naive demand baseline,1407,-246283.08870440366
Gate A,full vs train-mean naive demand baseline,1408,-287959.00333524705
Gate A,full vs train-mean naive demand baseline,1409,-291010.3685347899
Gate A,full vs train-mean naive demand baseline,1410,-272371.9034424612
Gate A,full vs train-mean naive demand baseline,1411,-261207.09475303313
Gate A,full vs train-mean naive demand baseline,1412,-252891.63070109976
Gate A,full vs train-mean naive demand baseline,1413,-253568.64495068457
Gate A,full vs train-mean naive demand baseline,1414,-260960.9244791695
Gate A,full vs train-mean naive demand baseline,1415,-252751.58066052626
Gate A,full vs train-mean naive demand baseline,1416,-279784.98219777027
Gate A,full vs train-mean naive demand baseline,1417,-209059.1532780626
Gate A,full vs train-mean naive demand baseline,1418,-261681.0806605316
Gate A,full vs train-mean naive demand baseline,1419,-316607.93723545625
Gate A,full vs train-mean naive demand baseline,1420,-257289.59045641572
Gate A,full vs train-mean naive demand baseline,1421,-258541.7315782609
Gate A,full vs train-mean naive demand baseline,1422,-240629.62313672114
Gate A,full vs train-mean naive demand baseline,1423,-288203.4214287982
Gate A,full vs train-mean naive demand baseline,1424,-258351.41320178204
Gate A,full vs train-mean naive demand baseline,1425,-256521.48203747778
Gate A,full vs train-mean naive demand baseline,1426,-269498.0918236754
Gate A,full vs train-mean naive demand baseline,1427,-273340.9465581724
Gate A,full vs train-mean naive demand baseline,1428,-258150.51810385252
Gate A,full vs train-mean naive demand baseline,1429,-226299.45891868684
Gate A,full vs train-mean naive demand baseline,1430,-274039.9304946338
Gate A,full vs train-mean naive demand baseline,1431,-220929.86385025317
Gate A,full vs train-mean naive demand baseline,1432,-306048.96832436783
Gate A,full vs train-mean naive demand baseline,1433,-257941.6413858789
Gate A,full vs train-mean naive demand baseline,1434,-270591.8976816491
Gate A,full vs train-mean naive demand baseline,1435,-266398.6377821788
Gate A,full vs train-mean naive demand baseline,1436,-279012.9295661286
Gate A,full vs train-mean naive demand baseline,1437,-247123.8260525139
Gate A,full vs train-mean naive demand baseline,1438,-255593.4403980289
Gate A,full vs train-mean naive demand baseline,1439,-265901.2930831604
Gate A,full vs train-mean naive demand baseline,1440,-268984.5940980509
Gate A,full vs train-mean naive demand baseline,1441,-245690.98155078222
Gate A,full vs train-mean naive demand baseline,1442,-252393.8119282723
Gate A,full vs train-mean naive demand baseline,1443,-233815.1533462978
Gate A,full vs train-mean naive demand baseline,1444,-254885.15911834926
Gate A,full vs train-mean naive demand baseline,1445,-215949.03754935926
Gate A,full vs train-mean naive demand baseline,1446,-234581.13228645897
Gate A,full vs train-mean naive demand baseline,1447,-289136.0065776828
Gate A,full vs train-mean naive demand baseline,1448,-259530.87693450082
Gate A,full vs train-mean naive demand baseline,1449,-250080.32084789022
Gate A,full vs train-mean naive demand baseline,1450,-297987.0834500621
Gate A,full vs train-mean naive demand baseline,1451,-276222.6164706363
Gate A,full vs train-mean naive demand baseline,1452,-288903.9053569959
Gate A,full vs train-mean naive demand baseline,1453,-236135.75601211155
Gate A,full vs train-mean naive demand baseline,1454,-247814.4641868173
Gate A,full vs train-mean naive demand baseline,1455,-232920.9383546046
Gate A,full vs train-mean naive demand baseline,1456,-256775.12890978565
Gate A,full vs train-mean naive demand baseline,1457,-272129.1792337611
Gate A,full vs train-mean naive demand baseline,1458,-257203.5912969087
Gate A,full vs train-mean naive demand baseline,1459,-273565.3047242917
Gate A,full vs train-mean naive demand baseline,1460,-260866.38201829823
Gate A,full vs train-mean naive demand baseline,1461,-289505.56470167486
Gate A,full vs train-mean naive demand baseline,1462,-230787.3128457378
Gate A,full vs train-mean naive demand baseline,1463,-249819.25637284623
Gate A,full vs train-mean naive demand baseline,1464,-273642.8212628057
Gate A,full vs train-mean naive demand baseline,1465,-255452.38778240507
Gate A,full vs train-mean naive demand baseline,1466,-263449.8733222945
Gate A,full vs train-mean naive demand baseline,1467,-241004.20612857377
Gate A,full vs train-mean naive demand baseline,1468,-281165.5121272621
Gate A,full vs train-mean naive demand baseline,1469,-268960.8599618132
Gate A,full vs train-mean naive demand baseline,1470,-226891.9500300617
Gate A,full vs train-mean naive demand baseline,1471,-274541.1553685617
Gate A,full vs train-mean naive demand baseline,1472,-261684.42798312774
Gate A,full vs train-mean naive demand baseline,1473,-265267.37082918367
Gate A,full vs train-mean naive demand baseline,1474,-287301.3687721116
Gate A,full vs train-mean naive demand baseline,1475,-230317.47472762968
Gate A,full vs train-mean naive demand baseline,1476,-275717.49505019316
Gate A,full vs train-mean naive demand baseline,1477,-252200.98768307045
Gate A,full vs train-mean naive demand baseline,1478,-235556.43983515966
Gate A,full vs train-mean naive demand baseline,1479,-247587.33147648527
Gate A,full vs train-mean naive demand baseline,1480,-231227.1094254916
Gate A,full vs train-mean naive demand baseline,1481,-259708.53134119278
Gate A,full vs train-mean naive demand baseline,1482,-260667.22273864126
Gate A,full vs train-mean naive demand baseline,1483,-277974.5633224238
Gate A,full vs train-mean naive demand baseline,1484,-259972.75083280916
Gate A,full vs train-mean naive demand baseline,1485,-286767.38604091736
Gate A,full vs train-mean naive demand baseline,1486,-289976.8891775693
Gate A,full vs train-mean naive demand baseline,1487,-247982.8778429174
Gate A,full vs train-mean naive demand baseline,1488,-261319.40164020448
Gate A,full vs train-mean naive demand baseline,1489,-255402.70674411138
Gate A,full vs train-mean naive demand baseline,1490,-217913.1104611599
Gate A,full vs train-mean naive demand baseline,1491,-246416.13297048036
Gate A,full vs train-mean naive demand baseline,1492,-264589.07329596713
Gate A,full vs train-mean naive demand baseline,1493,-248335.89263941953
Gate A,full vs train-mean naive demand baseline,1494,-219638.38580719542
Gate A,full vs train-mean naive demand baseline,1495,-253813.13650325604
Gate A,full vs train-mean naive demand baseline,1496,-274438.30827212706
Gate A,full vs train-mean naive demand baseline,1497,-239049.39847405307
Gate A,full vs train-mean naive demand baseline,1498,-252631.1606447284
Gate A,full vs train-mean naive demand baseline,1499,-284481.74219951977
Gate A,full vs train-mean naive demand baseline,1500,-265314.7137021319
Gate A,full vs train-mean naive demand baseline,1501,-286552.0864222539
Gate A,full vs train-mean naive demand baseline,1502,-263745.32098069135
Gate A,full vs train-mean naive demand baseline,1503,-233315.02161266602
Gate A,full vs train-mean naive demand baseline,1504,-257500.20701388016
Gate A,full vs train-mean naive demand baseline,1505,-247765.63288673715
Gate A,full vs train-mean naive demand baseline,1506,-252230.81737751557
Gate A,full vs train-mean naive demand baseline,1507,-256652.73801023045
Gate A,full vs train-mean naive demand baseline,1508,-247474.8022080036
Gate A,full vs train-mean naive demand baseline,1509,-266950.181137958
Gate A,full vs train-mean naive demand baseline,1510,-257135.75417680154
Gate A,full vs train-mean naive demand baseline,1511,-286064.9959276082
Gate A,full vs train-mean naive demand baseline,1512,-259458.64347169426
Gate A,full vs train-mean naive demand baseline,1513,-255419.86231406045
Gate A,full vs train-mean naive demand baseline,1514,-288675.66235765006
Gate A,full vs train-mean naive demand baseline,1515,-270403.1548172861
Gate A,full vs train-mean naive demand baseline,1516,-258530.47752123314
Gate A,full vs train-mean naive demand baseline,1517,-285972.27863322804
Gate A,full vs train-mean naive demand baseline,1518,-276799.75162257726
Gate A,full vs train-mean naive demand baseline,1519,-242817.0723213822
Gate A,full vs train-mean naive demand baseline,1520,-253334.40414265014
Gate A,full vs train-mean naive demand baseline,1521,-267483.35467624397
Gate A,full vs train-mean naive demand baseline,1522,-236070.15892716683
Gate A,full vs train-mean naive demand baseline,1523,-214805.51332627732
Gate A,full vs train-mean naive demand baseline,1524,-241518.59951770876
Gate A,full vs train-mean naive demand baseline,1525,-269920.2561070568
Gate A,full vs train-mean naive demand baseline,1526,-245880.52639249453
Gate A,full vs train-mean naive demand baseline,1527,-265227.57313078456
Gate A,full vs train-mean naive demand baseline,1528,-262134.09115147186
Gate A,full vs train-mean naive demand baseline,1529,-290380.2733007036
Gate A,full vs train-mean naive demand baseline,1530,-243071.18307716952
Gate A,full vs train-mean naive demand baseline,1531,-258491.64518316998
Gate A,full vs train-mean naive demand baseline,1532,-252785.71444037068
Gate A,full vs train-mean naive demand baseline,1533,-250694.15452016835
Gate A,full vs train-mean naive demand baseline,1534,-284421.9243854607
Gate A,full vs train-mean naive demand baseline,1535,-267836.3838243353
Gate A,full vs train-mean naive demand baseline,1536,-241456.713948479
Gate A,full vs train-mean naive demand baseline,1537,-236726.31711242325
Gate A,full vs train-mean naive demand baseline,1538,-242865.31164416004
Gate A,full vs train-mean naive demand baseline,1539,-255639.94504147238
Gate A,full vs train-mean naive demand baseline,1540,-263800.4105627258
Gate A,full vs train-mean naive demand baseline,1541,-274429.1452029139
Gate A,full vs train-mean naive demand baseline,1542,-253837.3860280456
Gate A,full vs train-mean naive demand baseline,1543,-261804.29253960145
Gate A,full vs train-mean naive demand baseline,1544,-277610.85494311334
Gate A,full vs train-mean naive demand baseline,1545,-284307.30823165533
Gate A,full vs train-mean naive demand baseline,1546,-247048.24804549722
Gate A,full vs train-mean naive demand baseline,1547,-266417.4131600524
Gate A,full vs train-mean naive demand baseline,1548,-262236.7205456894
Gate A,full vs train-mean naive demand baseline,1549,-235515.36747140635
Gate A,full vs train-mean naive demand baseline,1550,-281097.92442541977
Gate A,full vs train-mean naive demand baseline,1551,-264440.9456378637
Gate A,full vs train-mean naive demand baseline,1552,-261197.0563486875
Gate A,full vs train-mean naive demand baseline,1553,-267406.78433932125
Gate A,full vs train-mean naive demand baseline,1554,-229157.21736544106
Gate A,full vs train-mean naive demand baseline,1555,-239402.31658801326
Gate A,full vs train-mean naive demand baseline,1556,-236618.95530266484
Gate A,full vs train-mean naive demand baseline,1557,-259985.13837316958
Gate A,full vs train-mean naive demand baseline,1558,-252622.0945019701
Gate A,full vs train-mean naive demand baseline,1559,-222923.18766792218
Gate A,full vs train-mean naive demand baseline,1560,-274701.6099030442
Gate A,full vs train-mean naive demand baseline,1561,-259501.53662858094
Gate A,full vs train-mean naive demand baseline,1562,-258681.06061594456
Gate A,full vs train-mean naive demand baseline,1563,-243286.51188501634
Gate A,full vs train-mean naive demand baseline,1564,-262299.03653208085
Gate A,full vs train-mean naive demand baseline,1565,-269843.78366082883
Gate A,full vs train-mean naive demand baseline,1566,-294178.31815627875
Gate A,full vs train-mean naive demand baseline,1567,-270051.7576744542
Gate A,full vs train-mean naive demand baseline,1568,-301309.0842619154
Gate A,full vs train-mean naive demand baseline,1569,-239622.94114515168
Gate A,full vs train-mean naive demand baseline,1570,-304790.0063091836
Gate A,full vs train-mean naive demand baseline,1571,-258925.76101051096
Gate A,full vs train-mean naive demand baseline,1572,-240186.57096904004
Gate A,full vs train-mean naive demand baseline,1573,-256438.7472338546
Gate A,full vs train-mean naive demand baseline,1574,-275460.61953029264
Gate A,full vs train-mean naive demand baseline,1575,-265345.99387300044
Gate A,full vs train-mean naive demand baseline,1576,-244463.08385931418
Gate A,full vs train-mean naive demand baseline,1577,-237982.34996506144
Gate A,full vs train-mean naive demand baseline,1578,-293667.8325949122
Gate A,full vs train-mean naive demand baseline,1579,-256406.4071154137
Gate A,full vs train-mean naive demand baseline,1580,-246038.07937533877
Gate A,full vs train-mean naive demand baseline,1581,-261184.1330997828
Gate A,full vs train-mean naive demand baseline,1582,-248974.3080864844
Gate A,full vs train-mean naive demand baseline,1583,-266966.795908505
Gate A,full vs train-mean naive demand baseline,1584,-265705.29472650687
Gate A,full vs train-mean naive demand baseline,1585,-262400.27685076493
Gate A,full vs train-mean naive demand baseline,1586,-258585.78592203726
Gate A,full vs train-mean naive demand baseline,1587,-272866.51098903624
Gate A,full vs train-mean naive demand baseline,1588,-229894.3111975284
Gate A,full vs train-mean naive demand baseline,1589,-276789.69781604444
Gate A,full vs train-mean naive demand baseline,1590,-287905.13758881635
Gate A,full vs train-mean naive demand baseline,1591,-295569.7173311419
Gate A,full vs train-mean naive demand baseline,1592,-269450.3393144695
Gate A,full vs train-mean naive demand baseline,1593,-269904.9565160209
Gate A,full vs train-mean naive demand baseline,1594,-235158.59323377488
Gate A,full vs train-mean naive demand baseline,1595,-288655.8817544393
Gate A,full vs train-mean naive demand baseline,1596,-241122.3010709618
Gate A,full vs train-mean naive demand baseline,1597,-240114.52080586707
Gate A,full vs train-mean naive demand baseline,1598,-229472.9396871666
Gate A,full vs train-mean naive demand baseline,1599,-278929.1221226212
Gate A,full vs train-mean naive demand baseline,1600,-265817.41500248795
Gate A,full vs train-mean naive demand baseline,1601,-271884.4214382806
Gate A,full vs train-mean naive demand baseline,1602,-246101.10684903036
Gate A,full vs train-mean naive demand baseline,1603,-250222.8492240479
Gate A,full vs train-mean naive demand baseline,1604,-226541.86233060362
Gate A,full vs train-mean naive demand baseline,1605,-267765.4895462059
Gate A,full vs train-mean naive demand baseline,1606,-267325.99214085646
Gate A,full vs train-mean naive demand baseline,1607,-263727.11190534075
Gate A,full vs train-mean naive demand baseline,1608,-253178.6253583709
Gate A,full vs train-mean naive demand baseline,1609,-265092.51882195805
Gate A,full vs train-mean naive demand baseline,1610,-269720.50434778805
Gate A,full vs train-mean naive demand baseline,1611,-273658.25929424266
Gate A,full vs train-mean naive demand baseline,1612,-267079.9756842993
Gate A,full vs train-mean naive demand baseline,1613,-233720.84693252784
Gate A,full vs train-mean naive demand baseline,1614,-274859.0439390382
Gate A,full vs train-mean naive demand baseline,1615,-249676.7368633764
Gate A,full vs train-mean naive demand baseline,1616,-226917.61421037276
Gate A,full vs train-mean naive demand baseline,1617,-226154.9866043937
Gate A,full vs train-mean naive demand baseline,1618,-278972.05462706316
Gate A,full vs train-mean naive demand baseline,1619,-266813.30326477205
Gate A,full vs train-mean naive demand baseline,1620,-282004.595262252
Gate A,full vs train-mean naive demand baseline,1621,-239545.67328086804
Gate A,full vs train-mean naive demand baseline,1622,-304929.5054202519
Gate A,full vs train-mean naive demand baseline,1623,-273766.5912764437
Gate A,full vs train-mean naive demand baseline,1624,-245101.106236841
Gate A,full vs train-mean naive demand baseline,1625,-249302.2663027142
Gate A,full vs train-mean naive demand baseline,1626,-259843.22602277866
Gate A,full vs train-mean naive demand baseline,1627,-246788.23410989332
Gate A,full vs train-mean naive demand baseline,1628,-278981.56295444607
Gate A,full vs train-mean naive demand baseline,1629,-303163.326165469
Gate A,full vs train-mean naive demand baseline,1630,-280052.82681384106
Gate A,full vs train-mean naive demand baseline,1631,-295323.3365643296
Gate A,full vs train-mean naive demand baseline,1632,-279819.30720846605
Gate A,full vs train-mean naive demand baseline,1633,-249834.4764916979
Gate A,full vs train-mean naive demand baseline,1634,-238739.1156832815
Gate A,full vs train-mean naive demand baseline,1635,-251923.546790675
Gate A,full vs train-mean naive demand baseline,1636,-220262.95156992326
Gate A,full vs train-mean naive demand baseline,1637,-239295.07097662793
Gate A,full vs train-mean naive demand baseline,1638,-270768.65217269736
Gate A,full vs train-mean naive demand baseline,1639,-241901.9432269242
Gate A,full vs train-mean naive demand baseline,1640,-245108.19620264194
Gate A,full vs train-mean naive demand baseline,1641,-264373.40564679337
Gate A,full vs train-mean naive demand baseline,1642,-245143.8721561964
Gate A,full vs train-mean naive demand baseline,1643,-261734.40602359752
Gate A,full vs train-mean naive demand baseline,1644,-243767.52208961482
Gate A,full vs train-mean naive demand baseline,1645,-270450.34163489554
Gate A,full vs train-mean naive demand baseline,1646,-247409.65022417868
Gate A,full vs train-mean naive demand baseline,1647,-260523.0782887408
Gate A,full vs train-mean naive demand baseline,1648,-247812.5911413758
Gate A,full vs train-mean naive demand baseline,1649,-249282.61181661335
Gate A,full vs train-mean naive demand baseline,1650,-249036.81072858901
Gate A,full vs train-mean naive demand baseline,1651,-265807.0574212046
Gate A,full vs train-mean naive demand baseline,1652,-238371.8485827882
Gate A,full vs train-mean naive demand baseline,1653,-259476.35235053409
Gate A,full vs train-mean naive demand baseline,1654,-250635.07299181237
Gate A,full vs train-mean naive demand baseline,1655,-255285.87639824388
Gate A,full vs train-mean naive demand baseline,1656,-268737.81029488676
Gate A,full vs train-mean naive demand baseline,1657,-263338.9815428945
Gate A,full vs train-mean naive demand baseline,1658,-277172.0004667244
Gate A,full vs train-mean naive demand baseline,1659,-248376.62703791735
Gate A,full vs train-mean naive demand baseline,1660,-265189.65560789953
Gate A,full vs train-mean naive demand baseline,1661,-282880.2301023045
Gate A,full vs train-mean naive demand baseline,1662,-255971.70839645303
Gate A,full vs train-mean naive demand baseline,1663,-288688.7157010423
Gate A,full vs train-mean naive demand baseline,1664,-278137.42435542855
Gate A,full vs train-mean naive demand baseline,1665,-221599.8603047706
Gate A,full vs train-mean naive demand baseline,1666,-270142.5644083506
Gate A,full vs train-mean naive demand baseline,1667,-244480.32319041033
Gate A,full vs train-mean naive demand baseline,1668,-304837.3041462854
Gate A,full vs train-mean naive demand baseline,1669,-284630.5432243683
Gate A,full vs train-mean naive demand baseline,1670,-281023.97284398886
Gate A,full vs train-mean naive demand baseline,1671,-233885.11460521066
Gate A,full vs train-mean naive demand baseline,1672,-261242.37530158018
Gate A,full vs train-mean naive demand baseline,1673,-250848.34163858223
Gate A,full vs train-mean naive demand baseline,1674,-254008.10823167607
Gate A,full vs train-mean naive demand baseline,1675,-253427.05677141855
Gate A,full vs train-mean naive demand baseline,1676,-285288.72512508335
Gate A,full vs train-mean naive demand baseline,1677,-239734.8128629564
Gate A,full vs train-mean naive demand baseline,1678,-247323.94731418905
Gate A,full vs train-mean naive demand baseline,1679,-247413.27611538675
Gate A,full vs train-mean naive demand baseline,1680,-253981.10202871033
Gate A,full vs train-mean naive demand baseline,1681,-242369.86770247988
Gate A,full vs train-mean naive demand baseline,1682,-278298.79219583404
Gate A,full vs train-mean naive demand baseline,1683,-227473.40924841605
Gate A,full vs train-mean naive demand baseline,1684,-292036.2112053351
Gate A,full vs train-mean naive demand baseline,1685,-252869.46784887774
Gate A,full vs train-mean naive demand baseline,1686,-249781.45532257203
Gate A,full vs train-mean naive demand baseline,1687,-236054.64364005794
Gate A,full vs train-mean naive demand baseline,1688,-288632.5865214207
Gate A,full vs train-mean naive demand baseline,1689,-247948.77169962545
Gate A,full vs train-mean naive demand baseline,1690,-234315.84106637433
Gate A,full vs train-mean naive demand baseline,1691,-231879.21010457686
Gate A,full vs train-mean naive demand baseline,1692,-286730.9998805976
Gate A,full vs train-mean naive demand baseline,1693,-258821.11833624492
Gate A,full vs train-mean naive demand baseline,1694,-252360.26100974873
Gate A,full vs train-mean naive demand baseline,1695,-236688.1289698243
Gate A,full vs train-mean naive demand baseline,1696,-291555.08898973704
Gate A,full vs train-mean naive demand baseline,1697,-233390.3343283644
Gate A,full vs train-mean naive demand baseline,1698,-254031.04270791952
Gate A,full vs train-mean naive demand baseline,1699,-252251.48323421425
Gate A,full vs train-mean naive demand baseline,1700,-249166.24498235283
Gate A,full vs train-mean naive demand baseline,1701,-252938.72167175842
Gate A,full vs train-mean naive demand baseline,1702,-263509.345158964
Gate A,full vs train-mean naive demand baseline,1703,-274033.296034117
Gate A,full vs train-mean naive demand baseline,1704,-260741.75887525352
Gate A,full vs train-mean naive demand baseline,1705,-249521.19530255345
Gate A,full vs train-mean naive demand baseline,1706,-250168.57458128556
Gate A,full vs train-mean naive demand baseline,1707,-314819.5205705555
Gate A,full vs train-mean naive demand baseline,1708,-259185.0824054674
Gate A,full vs train-mean naive demand baseline,1709,-250644.79803724113
Gate A,full vs train-mean naive demand baseline,1710,-250438.72333437114
Gate A,full vs train-mean naive demand baseline,1711,-260058.7153667493
Gate A,full vs train-mean naive demand baseline,1712,-264913.97814915114
Gate A,full vs train-mean naive demand baseline,1713,-261902.58011800138
Gate A,full vs train-mean naive demand baseline,1714,-248381.85208062307
Gate A,full vs train-mean naive demand baseline,1715,-271575.8146245152
Gate A,full vs train-mean naive demand baseline,1716,-249701.4303157148
Gate A,full vs train-mean naive demand baseline,1717,-218531.92518274963
Gate A,full vs train-mean naive demand baseline,1718,-248970.96531191783
Gate A,full vs train-mean naive demand baseline,1719,-310324.2647110367
Gate A,full vs train-mean naive demand baseline,1720,-232276.81973719152
Gate A,full vs train-mean naive demand baseline,1721,-265137.57189819944
Gate A,full vs train-mean naive demand baseline,1722,-256208.8759721521
Gate A,full vs train-mean naive demand baseline,1723,-269551.89135756687
Gate A,full vs train-mean naive demand baseline,1724,-267010.29958565807
Gate A,full vs train-mean naive demand baseline,1725,-232171.44563133043
Gate A,full vs train-mean naive demand baseline,1726,-242406.4897803468
Gate A,full vs train-mean naive demand baseline,1727,-232062.2190327073
Gate A,full vs train-mean naive demand baseline,1728,-239179.92824931693
Gate A,full vs train-mean naive demand baseline,1729,-275498.63638989266
Gate A,full vs train-mean naive demand baseline,1730,-236727.95964271313
Gate A,full vs train-mean naive demand baseline,1731,-250740.9416270439
Gate A,full vs train-mean naive demand baseline,1732,-249664.11204943352
Gate A,full vs train-mean naive demand baseline,1733,-255629.06355879424
Gate A,full vs train-mean naive demand baseline,1734,-278545.3586414884
Gate A,full vs train-mean naive demand baseline,1735,-244992.18054142216
Gate A,full vs train-mean naive demand baseline,1736,-255276.6663605767
Gate A,full vs train-mean naive demand baseline,1737,-268952.6653045971
Gate A,full vs train-mean naive demand baseline,1738,-269998.4476534794
Gate A,full vs train-mean naive demand baseline,1739,-247920.1688128725
Gate A,full vs train-mean naive demand baseline,1740,-247738.4949015134
Gate A,full vs train-mean naive demand baseline,1741,-263821.39213994663
Gate A,full vs train-mean naive demand baseline,1742,-231902.12674349
Gate A,full vs train-mean naive demand baseline,1743,-252437.008578895
Gate A,full vs train-mean naive demand baseline,1744,-261474.79187277894
Gate A,full vs train-mean naive demand baseline,1745,-256525.91888132086
Gate A,full vs train-mean naive demand baseline,1746,-252477.74490572634
Gate A,full vs train-mean naive demand baseline,1747,-281190.0247386661
Gate A,full vs train-mean naive demand baseline,1748,-272771.0834478559
Gate A,full vs train-mean naive demand baseline,1749,-254352.5116353613
Gate A,full vs train-mean naive demand baseline,1750,-258091.37196548996
Gate A,full vs train-mean naive demand baseline,1751,-254866.40725266607
Gate A,full vs train-mean naive demand baseline,1752,-253679.01693263632
Gate A,full vs train-mean naive demand baseline,1753,-239574.2839878599
Gate A,full vs train-mean naive demand baseline,1754,-267094.4155378612
Gate A,full vs train-mean naive demand baseline,1755,-283949.2065997264
Gate A,full vs train-mean naive demand baseline,1756,-254086.21425603557
Gate A,full vs train-mean naive demand baseline,1757,-252007.5312799937
Gate A,full vs train-mean naive demand baseline,1758,-272036.58904597425
Gate A,full vs train-mean naive demand baseline,1759,-262508.324052311
Gate A,full vs train-mean naive demand baseline,1760,-274978.0981999776
Gate A,full vs train-mean naive demand baseline,1761,-223866.12452104734
Gate A,full vs train-mean naive demand baseline,1762,-287067.84764265525
Gate A,full vs train-mean naive demand baseline,1763,-239495.04526417743
Gate A,full vs train-mean naive demand baseline,1764,-236293.7902549563
Gate A,full vs train-mean naive demand baseline,1765,-278614.8940768434
Gate A,full vs train-mean naive demand baseline,1766,-250755.76494258788
Gate A,full vs train-mean naive demand baseline,1767,-265810.4425725248
Gate A,full vs train-mean naive demand baseline,1768,-265737.8347277303
Gate A,full vs train-mean naive demand baseline,1769,-266314.376103707
Gate A,full vs train-mean naive demand baseline,1770,-268283.9600937314
Gate A,full vs train-mean naive demand baseline,1771,-302979.0867622079
Gate A,full vs train-mean naive demand baseline,1772,-253377.07288790238
Gate A,full vs train-mean naive demand baseline,1773,-253531.47719751165
Gate A,full vs train-mean naive demand baseline,1774,-254168.9432005384
Gate A,full vs train-mean naive demand baseline,1775,-274150.607740378
Gate A,full vs train-mean naive demand baseline,1776,-270645.6040007337
Gate A,full vs train-mean naive demand baseline,1777,-263593.89997518156
Gate A,full vs train-mean naive demand baseline,1778,-251914.8282126209
Gate A,full vs train-mean naive demand baseline,1779,-259836.4707138983
Gate A,full vs train-mean naive demand baseline,1780,-284215.17728324595
Gate A,full vs train-mean naive demand baseline,1781,-261074.49803539785
Gate A,full vs train-mean naive demand baseline,1782,-293608.5025896761
Gate A,full vs train-mean naive demand baseline,1783,-243747.69242930616
Gate A,full vs train-mean naive demand baseline,1784,-246784.95043458627
Gate A,full vs train-mean naive demand baseline,1785,-242852.7242586905
Gate A,full vs train-mean naive demand baseline,1786,-266577.73060347995
Gate A,full vs train-mean naive demand baseline,1787,-277652.2151643654
Gate A,full vs train-mean naive demand baseline,1788,-256336.51175162906
Gate A,full vs train-mean naive demand baseline,1789,-254693.40850936185
Gate A,full vs train-mean naive demand baseline,1790,-252460.64526963618
Gate A,full vs train-mean naive demand baseline,1791,-228496.17232721916
Gate A,full vs train-mean naive demand baseline,1792,-247123.50714661164
Gate A,full vs train-mean naive demand baseline,1793,-269598.1403432679
Gate A,full vs train-mean naive demand baseline,1794,-238908.41967847914
Gate A,full vs train-mean naive demand baseline,1795,-245865.3929945181
Gate A,full vs train-mean naive demand baseline,1796,-266234.5768649876
Gate A,full vs train-mean naive demand baseline,1797,-258646.27309999446
Gate A,full vs train-mean naive demand baseline,1798,-288986.57438850834
Gate A,full vs train-mean naive demand baseline,1799,-223840.96926340138
Gate A,full vs train-mean naive demand baseline,1800,-253813.32164084964
Gate A,full vs train-mean naive demand baseline,1801,-247093.26903967344
Gate A,full vs train-mean naive demand baseline,1802,-303657.9615756972
Gate A,full vs train-mean naive demand baseline,1803,-258628.4363569861
Gate A,full vs train-mean naive demand baseline,1804,-275829.6201024246
Gate A,full vs train-mean naive demand baseline,1805,-247001.6958030909
Gate A,full vs train-mean naive demand baseline,1806,-278609.02227519406
Gate A,full vs train-mean naive demand baseline,1807,-241786.05824225344
Gate A,full vs train-mean naive demand baseline,1808,-269368.5950713621
Gate A,full vs train-mean naive demand baseline,1809,-237433.48375887354
Gate A,full vs train-mean naive demand baseline,1810,-230337.12293833017
Gate A,full vs train-mean naive demand baseline,1811,-286872.3668365524
Gate A,full vs train-mean naive demand baseline,1812,-248100.8732288983
Gate A,full vs train-mean naive demand baseline,1813,-248038.37892234046
Gate A,full vs train-mean naive demand baseline,1814,-306971.528493396
Gate A,full vs train-mean naive demand baseline,1815,-246816.40008734615
Gate A,full vs train-mean naive demand baseline,1816,-258635.2320982552
Gate A,full vs train-mean naive demand baseline,1817,-226748.69567171414
Gate A,full vs train-mean naive demand baseline,1818,-265661.8964992297
Gate A,full vs train-mean naive demand baseline,1819,-270389.12126514973
Gate A,full vs train-mean naive demand baseline,1820,-281488.25443723047
Gate A,full vs train-mean naive demand baseline,1821,-243344.99116023537
Gate A,full vs train-mean naive demand baseline,1822,-234416.47381607228
Gate A,full vs train-mean naive demand baseline,1823,-294837.03214443504
Gate A,full vs train-mean naive demand baseline,1824,-258904.24693387368
Gate A,full vs train-mean naive demand baseline,1825,-275466.88594480255
Gate A,full vs train-mean naive demand baseline,1826,-288190.6499561654
Gate A,full vs train-mean naive demand baseline,1827,-247508.1799379705
Gate A,full vs train-mean naive demand baseline,1828,-260505.46888929568
Gate A,full vs train-mean naive demand baseline,1829,-253425.82867986616
Gate A,full vs train-mean naive demand baseline,1830,-268122.9147991244
Gate A,full vs train-mean naive demand baseline,1831,-263069.30466174986
Gate A,full vs train-mean naive demand baseline,1832,-281066.3762432972
Gate A,full vs train-mean naive demand baseline,1833,-246916.67374240851
Gate A,full vs train-mean naive demand baseline,1834,-256678.20676145848
Gate A,full vs train-mean naive demand baseline,1835,-258682.88842061185
Gate A,full vs train-mean naive demand baseline,1836,-251802.46103763554
Gate A,full vs train-mean naive demand baseline,1837,-252301.8697552891
Gate A,full vs train-mean naive demand baseline,1838,-279249.8291963119
Gate A,full vs train-mean naive demand baseline,1839,-229186.854396834
Gate A,full vs train-mean naive demand baseline,1840,-266605.2752547128
Gate A,full vs train-mean naive demand baseline,1841,-260298.24300782412
Gate A,full vs train-mean naive demand baseline,1842,-282087.2422388445
Gate A,full vs train-mean naive demand baseline,1843,-299631.533182715
Gate A,full vs train-mean naive demand baseline,1844,-270094.3384833012
Gate A,full vs train-mean naive demand baseline,1845,-272021.0875931718
Gate A,full vs train-mean naive demand baseline,1846,-273616.41649835615
Gate A,full vs train-mean naive demand baseline,1847,-271045.65130425245
Gate A,full vs train-mean naive demand baseline,1848,-269386.35318871244
Gate A,full vs train-mean naive demand baseline,1849,-266275.2193833007
Gate A,full vs train-mean naive demand baseline,1850,-282244.4165992873
Gate A,full vs train-mean naive demand baseline,1851,-254203.23909797837
Gate A,full vs train-mean naive demand baseline,1852,-284939.69675665704
Gate A,full vs train-mean naive demand baseline,1853,-269868.79430948547
Gate A,full vs train-mean naive demand baseline,1854,-296660.3133502452
Gate A,full vs train-mean naive demand baseline,1855,-239779.65735866333
Gate A,full vs train-mean naive demand baseline,1856,-243690.7645777917
Gate A,full vs train-mean naive demand baseline,1857,-263232.38346649986
Gate A,full vs train-mean naive demand baseline,1858,-230433.41250770376
Gate A,full vs train-mean naive demand baseline,1859,-256734.02021099208
Gate A,full vs train-mean naive demand baseline,1860,-262599.74350643175
Gate A,full vs train-mean naive demand baseline,1861,-256889.36347510034
Gate A,full vs train-mean naive demand baseline,1862,-251285.77482128798
Gate A,full vs train-mean naive demand baseline,1863,-269608.5501713922
Gate A,full vs train-mean naive demand baseline,1864,-256243.88965545286
Gate A,full vs train-mean naive demand baseline,1865,-262647.62234138884
Gate A,full vs train-mean naive demand baseline,1866,-255995.70840333586
Gate A,full vs train-mean naive demand baseline,1867,-258537.56183959957
Gate A,full vs train-mean naive demand baseline,1868,-289118.892267616
Gate A,full vs train-mean naive demand baseline,1869,-252837.4793888594
Gate A,full vs train-mean naive demand baseline,1870,-224000.54837139297
Gate A,full vs train-mean naive demand baseline,1871,-273175.1409862658
Gate A,full vs train-mean naive demand baseline,1872,-276323.73061338684
Gate A,full vs train-mean naive demand baseline,1873,-226365.8953952848
Gate A,full vs train-mean naive demand baseline,1874,-218153.2692387576
Gate A,full vs train-mean naive demand baseline,1875,-291991.6783708102
Gate A,full vs train-mean naive demand baseline,1876,-273385.8228386547
Gate A,full vs train-mean naive demand baseline,1877,-253584.8412738719
Gate A,full vs train-mean naive demand baseline,1878,-249369.48135871845
Gate A,full vs train-mean naive demand baseline,1879,-287590.2056037397
Gate A,full vs train-mean naive demand baseline,1880,-252140.19035315068
Gate A,full vs train-mean naive demand baseline,1881,-237982.81289221667
Gate A,full vs train-mean naive demand baseline,1882,-239729.79142224387
Gate A,full vs train-mean naive demand baseline,1883,-262239.56801496824
Gate A,full vs train-mean naive demand baseline,1884,-260363.90412756745
Gate A,full vs train-mean naive demand baseline,1885,-253084.63623108825
Gate A,full vs train-mean naive demand baseline,1886,-281287.2762324853
Gate A,full vs train-mean naive demand baseline,1887,-276046.4261208391
Gate A,full vs train-mean naive demand baseline,1888,-252816.93809457534
Gate A,full vs train-mean naive demand baseline,1889,-258502.51067261136
Gate A,full vs train-mean naive demand baseline,1890,-263770.56288704113
Gate A,full vs train-mean naive demand baseline,1891,-280933.1506796398
Gate A,full vs train-mean naive demand baseline,1892,-269709.4185588172
Gate A,full vs train-mean naive demand baseline,1893,-285215.60290380515
Gate A,full vs train-mean naive demand baseline,1894,-270539.43192396546
Gate A,full vs train-mean naive demand baseline,1895,-216456.4825194586
Gate A,full vs train-mean naive demand baseline,1896,-281059.342998449
Gate A,full vs train-mean naive demand baseline,1897,-255234.22664937313
Gate A,full vs train-mean naive demand baseline,1898,-286254.46851335245
Gate A,full vs train-mean naive demand baseline,1899,-289027.6666136312
Gate A,full vs train-mean naive demand baseline,1900,-224822.97726192948
Gate A,full vs train-mean naive demand baseline,1901,-235905.66550649138
Gate A,full vs train-mean naive demand baseline,1902,-256597.8457263867
Gate A,full vs train-mean naive demand baseline,1903,-273037.2846263475
Gate A,full vs train-mean naive demand baseline,1904,-275918.9746078203
Gate A,full vs train-mean naive demand baseline,1905,-228865.0453043158
Gate A,full vs train-mean naive demand baseline,1906,-269411.28029764973
Gate A,full vs train-mean naive demand baseline,1907,-252391.11194930028
Gate A,full vs train-mean naive demand baseline,1908,-276172.3786323122
Gate A,full vs train-mean naive demand baseline,1909,-262661.8292011583
Gate A,full vs train-mean naive demand baseline,1910,-235336.47975256527
Gate A,full vs train-mean naive demand baseline,1911,-278130.7294024818
Gate A,full vs train-mean naive demand baseline,1912,-230783.94690895823
Gate A,full vs train-mean naive demand baseline,1913,-241224.04586136888
Gate A,full vs train-mean naive demand baseline,1914,-279806.4064685476
Gate A,full vs train-mean naive demand baseline,1915,-251089.50421505794
Gate A,full vs train-mean naive demand baseline,1916,-275859.4887263611
Gate A,full vs train-mean naive demand baseline,1917,-289242.6465005345
Gate A,full vs train-mean naive demand baseline,1918,-212333.64123760234
Gate A,full vs train-mean naive demand baseline,1919,-238840.60123836974
Gate A,full vs train-mean naive demand baseline,1920,-254072.275126037
Gate A,full vs train-mean naive demand baseline,1921,-225490.9082255564
Gate A,full vs train-mean naive demand baseline,1922,-263511.66531243373
Gate A,full vs train-mean naive demand baseline,1923,-246433.10273493925
Gate A,full vs train-mean naive demand baseline,1924,-228084.80448550338
Gate A,full vs train-mean naive demand baseline,1925,-256484.40842714536
Gate A,full vs train-mean naive demand baseline,1926,-265713.214228842
Gate A,full vs train-mean naive demand baseline,1927,-252464.64617465413
Gate A,full vs train-mean naive demand baseline,1928,-272560.55540360924
Gate A,full vs train-mean naive demand baseline,1929,-257225.22478057622
Gate A,full vs train-mean naive demand baseline,1930,-286746.94417925266
Gate A,full vs train-mean naive demand baseline,1931,-277232.9175179284
Gate A,full vs train-mean naive demand baseline,1932,-262527.9135254161
Gate A,full vs train-mean naive demand baseline,1933,-279172.9784954737
Gate A,full vs train-mean naive demand baseline,1934,-239260.5214151062
Gate A,full vs train-mean naive demand baseline,1935,-268074.2749117734
Gate A,full vs train-mean naive demand baseline,1936,-265583.9624519539
Gate A,full vs train-mean naive demand baseline,1937,-238337.65777087107
Gate A,full vs train-mean naive demand baseline,1938,-274264.01710972114
Gate A,full vs train-mean naive demand baseline,1939,-267111.6014167095
Gate A,full vs train-mean naive demand baseline,1940,-281657.7571454983
Gate A,full vs train-mean naive demand baseline,1941,-267653.39701675746
Gate A,full vs train-mean naive demand baseline,1942,-279888.62620868685
Gate A,full vs train-mean naive demand baseline,1943,-230467.7650632168
Gate A,full vs train-mean naive demand baseline,1944,-241071.9279455288
Gate A,full vs train-mean naive demand baseline,1945,-240161.63228078975
Gate A,full vs train-mean naive demand baseline,1946,-259585.2624587075
Gate A,full vs train-mean naive demand baseline,1947,-266986.7025448623
Gate A,full vs train-mean naive demand baseline,1948,-245393.03479125135
Gate A,full vs train-mean naive demand baseline,1949,-248516.32320867974
Gate A,full vs train-mean naive demand baseline,1950,-245872.16777380143
Gate A,full vs train-mean naive demand baseline,1951,-250896.03336958535
Gate A,full vs train-mean naive demand baseline,1952,-257562.7176300371
Gate A,full vs train-mean naive demand baseline,1953,-238552.88048162457
Gate A,full vs train-mean naive demand baseline,1954,-252552.80364260974
Gate A,full vs train-mean naive demand baseline,1955,-260930.39933417016
Gate A,full vs train-mean naive demand baseline,1956,-276311.81639615487
Gate A,full vs train-mean naive demand baseline,1957,-280916.21085107274
Gate A,full vs train-mean naive demand baseline,1958,-272571.79247364646
Gate A,full vs train-mean naive demand baseline,1959,-237767.4281613519
Gate A,full vs train-mean naive demand baseline,1960,-254119.50617681388
Gate A,full vs train-mean naive demand baseline,1961,-232616.61858910823
Gate A,full vs train-mean naive demand baseline,1962,-249170.0954820122
Gate A,full vs train-mean naive demand baseline,1963,-290483.0223925871
Gate A,full vs train-mean naive demand baseline,1964,-284850.97538447607
Gate A,full vs train-mean naive demand baseline,1965,-252527.82744856592
Gate A,full vs train-mean naive demand baseline,1966,-265975.61918035726
Gate A,full vs train-mean naive demand baseline,1967,-241531.43694028893
Gate A,full vs train-mean naive demand baseline,1968,-279384.9268183507
Gate A,full vs train-mean naive demand baseline,1969,-258586.34484403417
Gate A,full vs train-mean naive demand baseline,1970,-271336.2423688681
Gate A,full vs train-mean naive demand baseline,1971,-219212.88158123923
Gate A,full vs train-mean naive demand baseline,1972,-242939.44335124895
Gate A,full vs train-mean naive demand baseline,1973,-278822.00405464316
Gate A,full vs train-mean naive demand baseline,1974,-273760.9043524538
Gate A,full vs train-mean naive demand baseline,1975,-248060.70288611474
Gate A,full vs train-mean naive demand baseline,1976,-224299.81045869875
Gate A,full vs train-mean naive demand baseline,1977,-243039.34435150257
Gate A,full vs train-mean naive demand baseline,1978,-245825.0286596167
Gate A,full vs train-mean naive demand baseline,1979,-271710.72642945655
Gate A,full vs train-mean naive demand baseline,1980,-254377.23496204842
Gate A,full vs train-mean naive demand baseline,1981,-267708.1873072711
Gate A,full vs train-mean naive demand baseline,1982,-231428.4279552192
Gate A,full vs train-mean naive demand baseline,1983,-225782.84184012527
Gate A,full vs train-mean naive demand baseline,1984,-235291.11869244216
Gate A,full vs train-mean naive demand baseline,1985,-263542.62371072
Gate A,full vs train-mean naive demand baseline,1986,-261285.31900632658
Gate A,full vs train-mean naive demand baseline,1987,-238716.18689043593
Gate A,full vs train-mean naive demand baseline,1988,-287932.1633839548
Gate A,full vs train-mean naive demand baseline,1989,-270937.2422447378
Gate A,full vs train-mean naive demand baseline,1990,-215289.64421114034
Gate A,full vs train-mean naive demand baseline,1991,-246976.1896663148
Gate A,full vs train-mean naive demand baseline,1992,-285764.0065833051
Gate A,full vs train-mean naive demand baseline,1993,-257256.921116708
Gate A,full vs train-mean naive demand baseline,1994,-259425.14987897722
Gate A,full vs train-mean naive demand baseline,1995,-272044.81561012776
Gate A,full vs train-mean naive demand baseline,1996,-254049.72311792168
Gate A,full vs train-mean naive demand baseline,1997,-253825.63322554203
Gate A,full vs train-mean naive demand baseline,1998,-213014.88267888647
Gate A,full vs train-mean naive demand baseline,1999,-227817.14247537372
Gate B1,full vs calendar-only,0,-148632.0044641419
Gate B1,full vs calendar-only,1,-155206.1720277766
Gate B1,full vs calendar-only,2,-162035.9501682802
Gate B1,full vs calendar-only,3,-108138.07500698452
Gate B1,full vs calendar-only,4,-154412.50509331355
Gate B1,full vs calendar-only,5,-152264.44690020813
Gate B1,full vs calendar-only,6,-163772.1023784622
Gate B1,full vs calendar-only,7,-151133.77931744792
Gate B1,full vs calendar-only,8,-126178.3273870792
Gate B1,full vs calendar-only,9,-157625.39227706508
Gate B1,full vs calendar-only,10,-156936.83866662928
Gate B1,full vs calendar-only,11,-152251.64022325736
Gate B1,full vs calendar-only,12,-166164.35676680628
Gate B1,full vs calendar-only,13,-142067.78994880366
Gate B1,full vs calendar-only,14,-167413.92210050597
Gate B1,full vs calendar-only,15,-116713.2605484509
Gate B1,full vs calendar-only,16,-139389.24559042795
Gate B1,full vs calendar-only,17,-148360.75139420884
Gate B1,full vs calendar-only,18,-148077.1668735964
Gate B1,full vs calendar-only,19,-169183.70230968282
Gate B1,full vs calendar-only,20,-170823.90652713185
Gate B1,full vs calendar-only,21,-151149.80949026157
Gate B1,full vs calendar-only,22,-168384.65999917343
Gate B1,full vs calendar-only,23,-151233.8865028114
Gate B1,full vs calendar-only,24,-140744.7458691349
Gate B1,full vs calendar-only,25,-150746.97914228163
Gate B1,full vs calendar-only,26,-120741.58136939906
Gate B1,full vs calendar-only,27,-179164.7437098014
Gate B1,full vs calendar-only,28,-149580.44171869184
Gate B1,full vs calendar-only,29,-138927.50428782747
Gate B1,full vs calendar-only,30,-176727.87245222455
Gate B1,full vs calendar-only,31,-155479.70549737295
Gate B1,full vs calendar-only,32,-170681.96252825484
Gate B1,full vs calendar-only,33,-178711.49093016237
Gate B1,full vs calendar-only,34,-146818.15776041045
Gate B1,full vs calendar-only,35,-153914.71205733408
Gate B1,full vs calendar-only,36,-123145.61523242842
Gate B1,full vs calendar-only,37,-146709.54462694534
Gate B1,full vs calendar-only,38,-125426.79032545874
Gate B1,full vs calendar-only,39,-161299.88595337095
Gate B1,full vs calendar-only,40,-181372.49925420614
Gate B1,full vs calendar-only,41,-149026.2639861984
Gate B1,full vs calendar-only,42,-151533.98810888454
Gate B1,full vs calendar-only,43,-152042.46147385554
Gate B1,full vs calendar-only,44,-144916.3015118947
Gate B1,full vs calendar-only,45,-145586.9793505334
Gate B1,full vs calendar-only,46,-149246.3427601234
Gate B1,full vs calendar-only,47,-127731.7583813784
Gate B1,full vs calendar-only,48,-176858.27527324774
Gate B1,full vs calendar-only,49,-172898.1358569258
Gate B1,full vs calendar-only,50,-164899.16988448217
Gate B1,full vs calendar-only,51,-146437.3046574891
Gate B1,full vs calendar-only,52,-136171.18677803525
Gate B1,full vs calendar-only,53,-128807.1923949992
Gate B1,full vs calendar-only,54,-195169.7876425808
Gate B1,full vs calendar-only,55,-148326.30695431534
Gate B1,full vs calendar-only,56,-139092.72529631684
Gate B1,full vs calendar-only,57,-130133.50538945643
Gate B1,full vs calendar-only,58,-156471.209780653
Gate B1,full vs calendar-only,59,-139522.86614274522
Gate B1,full vs calendar-only,60,-150399.42246222027
Gate B1,full vs calendar-only,61,-140699.65370820338
Gate B1,full vs calendar-only,62,-127633.90376862451
Gate B1,full vs calendar-only,63,-147589.99135739967
Gate B1,full vs calendar-only,64,-118586.82850130112
Gate B1,full vs calendar-only,65,-157489.07819659734
Gate B1,full vs calendar-only,66,-162301.70146150375
Gate B1,full vs calendar-only,67,-158670.01826270073
Gate B1,full vs calendar-only,68,-148333.93857634143
Gate B1,full vs calendar-only,69,-155524.02544791147
Gate B1,full vs calendar-only,70,-179210.22907392797
Gate B1,full vs calendar-only,71,-165616.89716334408
Gate B1,full vs calendar-only,72,-166136.78546465363
Gate B1,full vs calendar-only,73,-145021.9129408957
Gate B1,full vs calendar-only,74,-169209.57821236685
Gate B1,full vs calendar-only,75,-161632.2901447666
Gate B1,full vs calendar-only,76,-150026.61856888948
Gate B1,full vs calendar-only,77,-157935.61478405408
Gate B1,full vs calendar-only,78,-163087.84992454672
Gate B1,full vs calendar-only,79,-156390.0506686177
Gate B1,full vs calendar-only,80,-138211.0889464391
Gate B1,full vs calendar-only,81,-152086.73037189327
Gate B1,full vs calendar-only,82,-174241.1325189656
Gate B1,full vs calendar-only,83,-155351.06415523938
Gate B1,full vs calendar-only,84,-149877.10139129785
Gate B1,full vs calendar-only,85,-166305.84076130122
Gate B1,full vs calendar-only,86,-132319.7011988296
Gate B1,full vs calendar-only,87,-121621.25447646366
Gate B1,full vs calendar-only,88,-187109.25816172318
Gate B1,full vs calendar-only,89,-180332.97853720174
Gate B1,full vs calendar-only,90,-140836.602879845
Gate B1,full vs calendar-only,91,-159141.88818796832
Gate B1,full vs calendar-only,92,-155423.03387655035
Gate B1,full vs calendar-only,93,-161573.18275592593
Gate B1,full vs calendar-only,94,-128545.37876725393
Gate B1,full vs calendar-only,95,-145741.12394174733
Gate B1,full vs calendar-only,96,-135585.81844364217
Gate B1,full vs calendar-only,97,-165539.1878850308
Gate B1,full vs calendar-only,98,-150776.10107346185
Gate B1,full vs calendar-only,99,-139059.8235751742
Gate B1,full vs calendar-only,100,-120810.52546495556
Gate B1,full vs calendar-only,101,-125500.84943276238
Gate B1,full vs calendar-only,102,-135293.21814281272
Gate B1,full vs calendar-only,103,-145719.80118954412
Gate B1,full vs calendar-only,104,-146497.38739626147
Gate B1,full vs calendar-only,105,-141365.88243765789
Gate B1,full vs calendar-only,106,-145772.38855294074
Gate B1,full vs calendar-only,107,-166371.97961298947
Gate B1,full vs calendar-only,108,-146540.04736527335
Gate B1,full vs calendar-only,109,-164458.35148383587
Gate B1,full vs calendar-only,110,-159247.79421353608
Gate B1,full vs calendar-only,111,-162284.27831904078
Gate B1,full vs calendar-only,112,-173063.03078744572
Gate B1,full vs calendar-only,113,-143401.945241443
Gate B1,full vs calendar-only,114,-142235.96607599995
Gate B1,full vs calendar-only,115,-115957.23944492725
Gate B1,full vs calendar-only,116,-147617.56983477162
Gate B1,full vs calendar-only,117,-133135.58536543313
Gate B1,full vs calendar-only,118,-151934.42081136422
Gate B1,full vs calendar-only,119,-155961.72920718894
Gate B1,full vs calendar-only,120,-142066.07738924283
Gate B1,full vs calendar-only,121,-161190.6423246754
Gate B1,full vs calendar-only,122,-165503.64033525295
Gate B1,full vs calendar-only,123,-157003.42602594214
Gate B1,full vs calendar-only,124,-167192.63404155266
Gate B1,full vs calendar-only,125,-138008.87818426645
Gate B1,full vs calendar-only,126,-126812.09655435372
Gate B1,full vs calendar-only,127,-131894.57645096548
Gate B1,full vs calendar-only,128,-162006.13134532928
Gate B1,full vs calendar-only,129,-169406.71737573826
Gate B1,full vs calendar-only,130,-164620.38694062034
Gate B1,full vs calendar-only,131,-125382.4910658183
Gate B1,full vs calendar-only,132,-179353.05388984995
Gate B1,full vs calendar-only,133,-139393.24198648403
Gate B1,full vs calendar-only,134,-135910.97755483212
Gate B1,full vs calendar-only,135,-154105.80837377653
Gate B1,full vs calendar-only,136,-172053.4868193502
Gate B1,full vs calendar-only,137,-124951.76260768551
Gate B1,full vs calendar-only,138,-149272.5659816121
Gate B1,full vs calendar-only,139,-132415.43681218155
Gate B1,full vs calendar-only,140,-141770.04825151217
Gate B1,full vs calendar-only,141,-151195.34037020797
Gate B1,full vs calendar-only,142,-139739.5348212635
Gate B1,full vs calendar-only,143,-157460.77252297214
Gate B1,full vs calendar-only,144,-132216.62210842784
Gate B1,full vs calendar-only,145,-153812.52464942506
Gate B1,full vs calendar-only,146,-131957.15230292606
Gate B1,full vs calendar-only,147,-108606.38274493554
Gate B1,full vs calendar-only,148,-130905.51593219825
Gate B1,full vs calendar-only,149,-130954.69601855446
Gate B1,full vs calendar-only,150,-161436.84848811195
Gate B1,full vs calendar-only,151,-137218.85097711853
Gate B1,full vs calendar-only,152,-145822.20514658868
Gate B1,full vs calendar-only,153,-159308.41825515384
Gate B1,full vs calendar-only,154,-170281.6151783318
Gate B1,full vs calendar-only,155,-140119.53192043267
Gate B1,full vs calendar-only,156,-179588.80114721498
Gate B1,full vs calendar-only,157,-133008.09038132738
Gate B1,full vs calendar-only,158,-139130.99890322887
Gate B1,full vs calendar-only,159,-165271.76733312427
Gate B1,full vs calendar-only,160,-145535.5979656804
Gate B1,full vs calendar-only,161,-131627.006042575
Gate B1,full vs calendar-only,162,-165785.0950184294
Gate B1,full vs calendar-only,163,-112314.05090434919
Gate B1,full vs calendar-only,164,-147438.55276283127
Gate B1,full vs calendar-only,165,-149881.9026177714
Gate B1,full vs calendar-only,166,-137617.832679692
Gate B1,full vs calendar-only,167,-135196.4957248847
Gate B1,full vs calendar-only,168,-163676.90136926435
Gate B1,full vs calendar-only,169,-168276.30866143835
Gate B1,full vs calendar-only,170,-158599.8301669397
Gate B1,full vs calendar-only,171,-147719.5557849562
Gate B1,full vs calendar-only,172,-183155.0828394436
Gate B1,full vs calendar-only,173,-170661.24865677062
Gate B1,full vs calendar-only,174,-171873.79295700885
Gate B1,full vs calendar-only,175,-137003.26583279407
Gate B1,full vs calendar-only,176,-144357.38156808115
Gate B1,full vs calendar-only,177,-167691.49754703755
Gate B1,full vs calendar-only,178,-116533.78073432377
Gate B1,full vs calendar-only,179,-135163.72992178955
Gate B1,full vs calendar-only,180,-173381.90435208153
Gate B1,full vs calendar-only,181,-116319.66523145579
Gate B1,full vs calendar-only,182,-155545.10670211574
Gate B1,full vs calendar-only,183,-159043.6865814651
Gate B1,full vs calendar-only,184,-159850.68995301996
Gate B1,full vs calendar-only,185,-165381.18921566728
Gate B1,full vs calendar-only,186,-156762.7379771999
Gate B1,full vs calendar-only,187,-155752.0007053556
Gate B1,full vs calendar-only,188,-118106.68279023278
Gate B1,full vs calendar-only,189,-170137.32344812868
Gate B1,full vs calendar-only,190,-151547.3227823758
Gate B1,full vs calendar-only,191,-146508.60276296036
Gate B1,full vs calendar-only,192,-141742.77699383243
Gate B1,full vs calendar-only,193,-153184.08788916585
Gate B1,full vs calendar-only,194,-151219.76017235394
Gate B1,full vs calendar-only,195,-144390.66922170727
Gate B1,full vs calendar-only,196,-158221.032966806
Gate B1,full vs calendar-only,197,-171037.2191648372
Gate B1,full vs calendar-only,198,-148978.4649455491
Gate B1,full vs calendar-only,199,-136038.11242557474
Gate B1,full vs calendar-only,200,-158074.54226518923
Gate B1,full vs calendar-only,201,-142867.40617117367
Gate B1,full vs calendar-only,202,-126855.03066865631
Gate B1,full vs calendar-only,203,-155518.21454075247
Gate B1,full vs calendar-only,204,-157376.1916191225
Gate B1,full vs calendar-only,205,-132389.07908997196
Gate B1,full vs calendar-only,206,-180552.3215275684
Gate B1,full vs calendar-only,207,-130173.3784497381
Gate B1,full vs calendar-only,208,-150574.7140509283
Gate B1,full vs calendar-only,209,-140843.77222635908
Gate B1,full vs calendar-only,210,-149361.34208214184
Gate B1,full vs calendar-only,211,-143056.5360636057
Gate B1,full vs calendar-only,212,-149427.37023196404
Gate B1,full vs calendar-only,213,-152254.3804686495
Gate B1,full vs calendar-only,214,-164427.59827456123
Gate B1,full vs calendar-only,215,-137400.5641254665
Gate B1,full vs calendar-only,216,-142120.1124116684
Gate B1,full vs calendar-only,217,-163457.45629090106
Gate B1,full vs calendar-only,218,-179127.87534489826
Gate B1,full vs calendar-only,219,-130717.34464973313
Gate B1,full vs calendar-only,220,-149209.8593488399
Gate B1,full vs calendar-only,221,-143128.60775755811
Gate B1,full vs calendar-only,222,-184924.80722232995
Gate B1,full vs calendar-only,223,-158751.7129440123
Gate B1,full vs calendar-only,224,-155168.99164736946
Gate B1,full vs calendar-only,225,-132533.61955878843
Gate B1,full vs calendar-only,226,-144536.4762183069
Gate B1,full vs calendar-only,227,-124135.5537933512
Gate B1,full vs calendar-only,228,-125519.33999603322
Gate B1,full vs calendar-only,229,-133969.82846484304
Gate B1,full vs calendar-only,230,-161377.6337289561
Gate B1,full vs calendar-only,231,-140018.70614103886
Gate B1,full vs calendar-only,232,-161418.02644326765
Gate B1,full vs calendar-only,233,-172833.57535250788
Gate B1,full vs calendar-only,234,-161981.6843685675
Gate B1,full vs calendar-only,235,-184658.6045447518
Gate B1,full vs calendar-only,236,-131532.91354690416
Gate B1,full vs calendar-only,237,-143724.15605913976
Gate B1,full vs calendar-only,238,-140985.52342496283
Gate B1,full vs calendar-only,239,-146283.66430807876
Gate B1,full vs calendar-only,240,-153398.4305309024
Gate B1,full vs calendar-only,241,-144454.02541680716
Gate B1,full vs calendar-only,242,-143349.93732448702
Gate B1,full vs calendar-only,243,-161394.97309261662
Gate B1,full vs calendar-only,244,-138542.2327286385
Gate B1,full vs calendar-only,245,-138177.34179272098
Gate B1,full vs calendar-only,246,-165307.49799860312
Gate B1,full vs calendar-only,247,-124441.71346234537
Gate B1,full vs calendar-only,248,-122861.26998578812
Gate B1,full vs calendar-only,249,-143145.25661787036
Gate B1,full vs calendar-only,250,-153036.34186398005
Gate B1,full vs calendar-only,251,-170379.45437295042
Gate B1,full vs calendar-only,252,-191351.04754702596
Gate B1,full vs calendar-only,253,-176495.92779610664
Gate B1,full vs calendar-only,254,-149393.83935363707
Gate B1,full vs calendar-only,255,-160515.76721794088
Gate B1,full vs calendar-only,256,-122334.64922307897
Gate B1,full vs calendar-only,257,-138236.90113654302
Gate B1,full vs calendar-only,258,-169894.9098814496
Gate B1,full vs calendar-only,259,-134310.54132455372
Gate B1,full vs calendar-only,260,-154303.24514553294
Gate B1,full vs calendar-only,261,-177252.6318432106
Gate B1,full vs calendar-only,262,-157237.7228303212
Gate B1,full vs calendar-only,263,-149041.53641244385
Gate B1,full vs calendar-only,264,-163306.56618265278
Gate B1,full vs calendar-only,265,-121204.31231796973
Gate B1,full vs calendar-only,266,-163723.3405468432
Gate B1,full vs calendar-only,267,-169481.73133619817
Gate B1,full vs calendar-only,268,-169118.4328717841
Gate B1,full vs calendar-only,269,-148830.86180184787
Gate B1,full vs calendar-only,270,-151583.99390371196
Gate B1,full vs calendar-only,271,-142057.1407580208
Gate B1,full vs calendar-only,272,-158885.1313633956
Gate B1,full vs calendar-only,273,-155797.7169500159
Gate B1,full vs calendar-only,274,-115851.31161537228
Gate B1,full vs calendar-only,275,-132355.55101250083
Gate B1,full vs calendar-only,276,-132683.9696380557
Gate B1,full vs calendar-only,277,-152396.84783476684
Gate B1,full vs calendar-only,278,-169330.70525061863
Gate B1,full vs calendar-only,279,-161028.82402123365
Gate B1,full vs calendar-only,280,-164237.41650479683
Gate B1,full vs calendar-only,281,-127831.36308162706
Gate B1,full vs calendar-only,282,-165845.80966331507
Gate B1,full vs calendar-only,283,-157402.74984563002
Gate B1,full vs calendar-only,284,-158688.1967598137
Gate B1,full vs calendar-only,285,-138254.84872291615
Gate B1,full vs calendar-only,286,-143742.54079707587
Gate B1,full vs calendar-only,287,-133957.03416931984
Gate B1,full vs calendar-only,288,-160012.07474212494
Gate B1,full vs calendar-only,289,-171776.00102385294
Gate B1,full vs calendar-only,290,-155193.57806404762
Gate B1,full vs calendar-only,291,-174356.37711825542
Gate B1,full vs calendar-only,292,-132854.0551176342
Gate B1,full vs calendar-only,293,-143245.27890863628
Gate B1,full vs calendar-only,294,-136157.76442507593
Gate B1,full vs calendar-only,295,-147770.8493014981
Gate B1,full vs calendar-only,296,-135227.3317506302
Gate B1,full vs calendar-only,297,-180444.68251437347
Gate B1,full vs calendar-only,298,-144311.50077770813
Gate B1,full vs calendar-only,299,-171698.88992030275
Gate B1,full vs calendar-only,300,-121312.61199626545
Gate B1,full vs calendar-only,301,-188895.96171025053
Gate B1,full vs calendar-only,302,-140760.9837615103
Gate B1,full vs calendar-only,303,-124830.32537243911
Gate B1,full vs calendar-only,304,-173045.66556633182
Gate B1,full vs calendar-only,305,-147340.82423042145
Gate B1,full vs calendar-only,306,-167593.1682712977
Gate B1,full vs calendar-only,307,-135490.4581124911
Gate B1,full vs calendar-only,308,-188772.09805474657
Gate B1,full vs calendar-only,309,-159910.27749103168
Gate B1,full vs calendar-only,310,-137436.52230635897
Gate B1,full vs calendar-only,311,-146941.450639908
Gate B1,full vs calendar-only,312,-166597.05623812968
Gate B1,full vs calendar-only,313,-151512.2203444119
Gate B1,full vs calendar-only,314,-148418.86374913243
Gate B1,full vs calendar-only,315,-147548.59428137797
Gate B1,full vs calendar-only,316,-174656.39186132903
Gate B1,full vs calendar-only,317,-164504.59894193313
Gate B1,full vs calendar-only,318,-170587.54749969195
Gate B1,full vs calendar-only,319,-145638.729643615
Gate B1,full vs calendar-only,320,-136678.56940077565
Gate B1,full vs calendar-only,321,-145279.68616775336
Gate B1,full vs calendar-only,322,-151343.874572292
Gate B1,full vs calendar-only,323,-159194.07648872834
Gate B1,full vs calendar-only,324,-135744.39872843886
Gate B1,full vs calendar-only,325,-155535.50101870755
Gate B1,full vs calendar-only,326,-134969.0260727891
Gate B1,full vs calendar-only,327,-173406.8861187412
Gate B1,full vs calendar-only,328,-146386.18268391688
Gate B1,full vs calendar-only,329,-154254.62583106448
Gate B1,full vs calendar-only,330,-137566.50627523105
Gate B1,full vs calendar-only,331,-147640.4243102022
Gate B1,full vs calendar-only,332,-186823.3182323324
Gate B1,full vs calendar-only,333,-146348.14308236964
Gate B1,full vs calendar-only,334,-153481.3410686517
Gate B1,full vs calendar-only,335,-177891.84198612563
Gate B1,full vs calendar-only,336,-139458.88161057077
Gate B1,full vs calendar-only,337,-155782.46230372248
Gate B1,full vs calendar-only,338,-161255.99830011334
Gate B1,full vs calendar-only,339,-145709.82892694877
Gate B1,full vs calendar-only,340,-137586.57793096045
Gate B1,full vs calendar-only,341,-134974.256700947
Gate B1,full vs calendar-only,342,-148108.6551858971
Gate B1,full vs calendar-only,343,-147956.82770303485
Gate B1,full vs calendar-only,344,-154067.62917422038
Gate B1,full vs calendar-only,345,-151493.62158635844
Gate B1,full vs calendar-only,346,-126541.87552809344
Gate B1,full vs calendar-only,347,-144295.55332009285
Gate B1,full vs calendar-only,348,-154065.09629385747
Gate B1,full vs calendar-only,349,-148164.92361986905
Gate B1,full vs calendar-only,350,-123755.39919759252
Gate B1,full vs calendar-only,351,-187724.0050900622
Gate B1,full vs calendar-only,352,-169910.6392628572
Gate B1,full vs calendar-only,353,-148974.1211645718
Gate B1,full vs calendar-only,354,-168563.2856288422
Gate B1,full vs calendar-only,355,-136459.18174509346
Gate B1,full vs calendar-only,356,-140809.69102705503
Gate B1,full vs calendar-only,357,-156303.99176051968
Gate B1,full vs calendar-only,358,-168086.6765513863
Gate B1,full vs calendar-only,359,-159153.17615124607
Gate B1,full vs calendar-only,360,-187956.52318476493
Gate B1,full vs calendar-only,361,-148876.5047604979
Gate B1,full vs calendar-only,362,-182575.25419457504
Gate B1,full vs calendar-only,363,-141760.1417115402
Gate B1,full vs calendar-only,364,-194543.29666017776
Gate B1,full vs calendar-only,365,-169604.66443933095
Gate B1,full vs calendar-only,366,-151567.59102560088
Gate B1,full vs calendar-only,367,-133858.03896360134
Gate B1,full vs calendar-only,368,-165224.41023969662
Gate B1,full vs calendar-only,369,-135967.62937306514
Gate B1,full vs calendar-only,370,-133360.62950390478
Gate B1,full vs calendar-only,371,-178880.55078622038
Gate B1,full vs calendar-only,372,-121416.44748897332
Gate B1,full vs calendar-only,373,-140387.68302088865
Gate B1,full vs calendar-only,374,-135059.7192740302
Gate B1,full vs calendar-only,375,-172705.06018989673
Gate B1,full vs calendar-only,376,-134642.38988990407
Gate B1,full vs calendar-only,377,-136070.4816725451
Gate B1,full vs calendar-only,378,-123680.84708903401
Gate B1,full vs calendar-only,379,-139413.56478153588
Gate B1,full vs calendar-only,380,-177822.7232859115
Gate B1,full vs calendar-only,381,-152204.31793189634
Gate B1,full vs calendar-only,382,-137317.3472929732
Gate B1,full vs calendar-only,383,-161333.18051475793
Gate B1,full vs calendar-only,384,-163414.06306369416
Gate B1,full vs calendar-only,385,-127370.96355341533
Gate B1,full vs calendar-only,386,-155568.8871287393
Gate B1,full vs calendar-only,387,-141749.97225056414
Gate B1,full vs calendar-only,388,-144058.08065422782
Gate B1,full vs calendar-only,389,-147778.68177136293
Gate B1,full vs calendar-only,390,-151887.29342756415
Gate B1,full vs calendar-only,391,-140372.9554251845
Gate B1,full vs calendar-only,392,-160689.3217379502
Gate B1,full vs calendar-only,393,-162670.03506097366
Gate B1,full vs calendar-only,394,-169373.56510677387
Gate B1,full vs calendar-only,395,-171116.03265094562
Gate B1,full vs calendar-only,396,-131049.06509080702
Gate B1,full vs calendar-only,397,-127417.6579890788
Gate B1,full vs calendar-only,398,-154398.9810853991
Gate B1,full vs calendar-only,399,-174325.26782823386
Gate B1,full vs calendar-only,400,-184602.4463127865
Gate B1,full vs calendar-only,401,-151336.7554572169
Gate B1,full vs calendar-only,402,-131450.09051182726
Gate B1,full vs calendar-only,403,-130316.36339651344
Gate B1,full vs calendar-only,404,-155882.89212382078
Gate B1,full vs calendar-only,405,-112558.33743174053
Gate B1,full vs calendar-only,406,-137944.32235580686
Gate B1,full vs calendar-only,407,-148757.48548304825
Gate B1,full vs calendar-only,408,-154785.7125522358
Gate B1,full vs calendar-only,409,-144906.35755580303
Gate B1,full vs calendar-only,410,-128692.64029090914
Gate B1,full vs calendar-only,411,-143680.57679866202
Gate B1,full vs calendar-only,412,-158653.65186831355
Gate B1,full vs calendar-only,413,-148808.1683042267
Gate B1,full vs calendar-only,414,-120881.10801579917
Gate B1,full vs calendar-only,415,-147774.25552896084
Gate B1,full vs calendar-only,416,-153982.9062445375
Gate B1,full vs calendar-only,417,-158211.4905381694
Gate B1,full vs calendar-only,418,-149465.60012104458
Gate B1,full vs calendar-only,419,-138617.36391916196
Gate B1,full vs calendar-only,420,-143445.51803233597
Gate B1,full vs calendar-only,421,-144557.8812468741
Gate B1,full vs calendar-only,422,-165149.58884422615
Gate B1,full vs calendar-only,423,-123454.35604702713
Gate B1,full vs calendar-only,424,-141788.93113832438
Gate B1,full vs calendar-only,425,-167868.28141713538
Gate B1,full vs calendar-only,426,-143484.19643130858
Gate B1,full vs calendar-only,427,-169136.20600611222
Gate B1,full vs calendar-only,428,-132024.70949219068
Gate B1,full vs calendar-only,429,-158554.36735932776
Gate B1,full vs calendar-only,430,-142906.7425809843
Gate B1,full vs calendar-only,431,-144305.22919992663
Gate B1,full vs calendar-only,432,-154402.43171956085
Gate B1,full vs calendar-only,433,-147351.73375163416
Gate B1,full vs calendar-only,434,-176786.2915267457
Gate B1,full vs calendar-only,435,-153106.2693639205
Gate B1,full vs calendar-only,436,-166823.53803048207
Gate B1,full vs calendar-only,437,-167834.27309667415
Gate B1,full vs calendar-only,438,-129838.5427941831
Gate B1,full vs calendar-only,439,-152158.23771241622
Gate B1,full vs calendar-only,440,-164778.12553872084
Gate B1,full vs calendar-only,441,-159016.6678856358
Gate B1,full vs calendar-only,442,-131490.13519815687
Gate B1,full vs calendar-only,443,-144193.6866590829
Gate B1,full vs calendar-only,444,-159658.5486088264
Gate B1,full vs calendar-only,445,-129269.9021270267
Gate B1,full vs calendar-only,446,-154331.97003461717
Gate B1,full vs calendar-only,447,-167336.38012711666
Gate B1,full vs calendar-only,448,-139240.471442523
Gate B1,full vs calendar-only,449,-133807.50817589916
Gate B1,full vs calendar-only,450,-117647.63124283742
Gate B1,full vs calendar-only,451,-154151.66740656132
Gate B1,full vs calendar-only,452,-139001.89051919256
Gate B1,full vs calendar-only,453,-149639.27888164276
Gate B1,full vs calendar-only,454,-152921.82087322656
Gate B1,full vs calendar-only,455,-148213.17702402847
Gate B1,full vs calendar-only,456,-146686.49601994833
Gate B1,full vs calendar-only,457,-148679.15258522014
Gate B1,full vs calendar-only,458,-157466.70927723634
Gate B1,full vs calendar-only,459,-156381.37541918195
Gate B1,full vs calendar-only,460,-152292.02562012983
Gate B1,full vs calendar-only,461,-143398.69519684205
Gate B1,full vs calendar-only,462,-143165.50022824018
Gate B1,full vs calendar-only,463,-137106.269459074
Gate B1,full vs calendar-only,464,-127421.90137562268
Gate B1,full vs calendar-only,465,-162465.4011405331
Gate B1,full vs calendar-only,466,-125093.18480437936
Gate B1,full vs calendar-only,467,-163645.3480039328
Gate B1,full vs calendar-only,468,-168437.55169798818
Gate B1,full vs calendar-only,469,-149257.92949126643
Gate B1,full vs calendar-only,470,-126960.30449147229
Gate B1,full vs calendar-only,471,-157295.019300905
Gate B1,full vs calendar-only,472,-176260.95546767392
Gate B1,full vs calendar-only,473,-135963.45432921406
Gate B1,full vs calendar-only,474,-159238.61805035634
Gate B1,full vs calendar-only,475,-166280.80510185077
Gate B1,full vs calendar-only,476,-164992.87245171622
Gate B1,full vs calendar-only,477,-156784.32664539426
Gate B1,full vs calendar-only,478,-188401.62421935087
Gate B1,full vs calendar-only,479,-113918.19103802589
Gate B1,full vs calendar-only,480,-158734.22550027148
Gate B1,full vs calendar-only,481,-137117.82827054005
Gate B1,full vs calendar-only,482,-147176.5222778374
Gate B1,full vs calendar-only,483,-140932.36111922545
Gate B1,full vs calendar-only,484,-178388.0531833663
Gate B1,full vs calendar-only,485,-160916.86904286782
Gate B1,full vs calendar-only,486,-156086.64802934192
Gate B1,full vs calendar-only,487,-161228.88446295992
Gate B1,full vs calendar-only,488,-122492.01279807727
Gate B1,full vs calendar-only,489,-141944.05584498862
Gate B1,full vs calendar-only,490,-154319.41205817414
Gate B1,full vs calendar-only,491,-144677.34958753857
Gate B1,full vs calendar-only,492,-160079.1657407373
Gate B1,full vs calendar-only,493,-154571.43021200207
Gate B1,full vs calendar-only,494,-184412.77935239964
Gate B1,full vs calendar-only,495,-117709.04227274035
Gate B1,full vs calendar-only,496,-167280.64978606856
Gate B1,full vs calendar-only,497,-144454.08518013786
Gate B1,full vs calendar-only,498,-166989.2563002059
Gate B1,full vs calendar-only,499,-148690.18384358246
Gate B1,full vs calendar-only,500,-128586.27080368892
Gate B1,full vs calendar-only,501,-141021.12289154873
Gate B1,full vs calendar-only,502,-152069.92917684172
Gate B1,full vs calendar-only,503,-134424.01253229694
Gate B1,full vs calendar-only,504,-168650.58641236136
Gate B1,full vs calendar-only,505,-149221.77910760575
Gate B1,full vs calendar-only,506,-125857.07077108348
Gate B1,full vs calendar-only,507,-180495.52973902487
Gate B1,full vs calendar-only,508,-181433.9644803855
Gate B1,full vs calendar-only,509,-144955.75312828668
Gate B1,full vs calendar-only,510,-164260.0783740378
Gate B1,full vs calendar-only,511,-120622.98375957875
Gate B1,full vs calendar-only,512,-133624.46166644542
Gate B1,full vs calendar-only,513,-148040.639543315
Gate B1,full vs calendar-only,514,-148930.79823445217
Gate B1,full vs calendar-only,515,-132985.46089467593
Gate B1,full vs calendar-only,516,-183934.14094107167
Gate B1,full vs calendar-only,517,-176693.20494030468
Gate B1,full vs calendar-only,518,-181210.4685767223
Gate B1,full vs calendar-only,519,-147594.83202335332
Gate B1,full vs calendar-only,520,-152672.58850190428
Gate B1,full vs calendar-only,521,-184323.06225799018
Gate B1,full vs calendar-only,522,-121572.83060528926
Gate B1,full vs calendar-only,523,-162250.8111368146
Gate B1,full vs calendar-only,524,-149057.72527324432
Gate B1,full vs calendar-only,525,-134342.75193248293
Gate B1,full vs calendar-only,526,-122228.76569182327
Gate B1,full vs calendar-only,527,-121491.94058484872
Gate B1,full vs calendar-only,528,-162726.2163271414
Gate B1,full vs calendar-only,529,-132396.99501576397
Gate B1,full vs calendar-only,530,-131803.0871924737
Gate B1,full vs calendar-only,531,-142922.38598521298
Gate B1,full vs calendar-only,532,-164412.9291942725
Gate B1,full vs calendar-only,533,-150817.04359597666
Gate B1,full vs calendar-only,534,-150593.36513519072
Gate B1,full vs calendar-only,535,-111748.83027389587
Gate B1,full vs calendar-only,536,-152598.4270747123
Gate B1,full vs calendar-only,537,-155391.15368947195
Gate B1,full vs calendar-only,538,-190166.29009764973
Gate B1,full vs calendar-only,539,-197057.97333324084
Gate B1,full vs calendar-only,540,-136175.55404830372
Gate B1,full vs calendar-only,541,-154262.8081569215
Gate B1,full vs calendar-only,542,-156019.1204675292
Gate B1,full vs calendar-only,543,-158101.42560626965
Gate B1,full vs calendar-only,544,-151764.50968794123
Gate B1,full vs calendar-only,545,-150726.27695315809
Gate B1,full vs calendar-only,546,-139066.8232686962
Gate B1,full vs calendar-only,547,-149442.087033044
Gate B1,full vs calendar-only,548,-166936.60321399546
Gate B1,full vs calendar-only,549,-167071.19667105938
Gate B1,full vs calendar-only,550,-174653.09983275068
Gate B1,full vs calendar-only,551,-158951.7475353747
Gate B1,full vs calendar-only,552,-174137.1417739676
Gate B1,full vs calendar-only,553,-181368.22924748895
Gate B1,full vs calendar-only,554,-146031.56080578675
Gate B1,full vs calendar-only,555,-145907.93478338586
Gate B1,full vs calendar-only,556,-163325.28926378296
Gate B1,full vs calendar-only,557,-164903.160736747
Gate B1,full vs calendar-only,558,-186341.96606400522
Gate B1,full vs calendar-only,559,-153228.90451280138
Gate B1,full vs calendar-only,560,-183529.53069113358
Gate B1,full vs calendar-only,561,-150110.58518008096
Gate B1,full vs calendar-only,562,-144428.581862321
Gate B1,full vs calendar-only,563,-132911.8837225724
Gate B1,full vs calendar-only,564,-171780.47109797585
Gate B1,full vs calendar-only,565,-156688.76757122445
Gate B1,full vs calendar-only,566,-167134.0318215199
Gate B1,full vs calendar-only,567,-157811.44083115604
Gate B1,full vs calendar-only,568,-158205.22563579853
Gate B1,full vs calendar-only,569,-147110.9379925187
Gate B1,full vs calendar-only,570,-161377.0985843796
Gate B1,full vs calendar-only,571,-151775.76396586423
Gate B1,full vs calendar-only,572,-154196.53899384668
Gate B1,full vs calendar-only,573,-154297.10442801868
Gate B1,full vs calendar-only,574,-140017.88760257163
Gate B1,full vs calendar-only,575,-146916.78147277026
Gate B1,full vs calendar-only,576,-140630.25892405215
Gate B1,full vs calendar-only,577,-172036.15643735958
Gate B1,full vs calendar-only,578,-149624.73016702503
Gate B1,full vs calendar-only,579,-159466.86053461366
Gate B1,full vs calendar-only,580,-177285.652705473
Gate B1,full vs calendar-only,581,-160950.36644810386
Gate B1,full vs calendar-only,582,-141718.1329112946
Gate B1,full vs calendar-only,583,-152737.35370179213
Gate B1,full vs calendar-only,584,-175039.0318701676
Gate B1,full vs calendar-only,585,-178176.73411472922
Gate B1,full vs calendar-only,586,-146977.4088537242
Gate B1,full vs calendar-only,587,-148570.38288397389
Gate B1,full vs calendar-only,588,-165802.26511359855
Gate B1,full vs calendar-only,589,-156118.41841472953
Gate B1,full vs calendar-only,590,-162060.26630388777
Gate B1,full vs calendar-only,591,-120344.14751088951
Gate B1,full vs calendar-only,592,-166031.9421099266
Gate B1,full vs calendar-only,593,-152406.76799996733
Gate B1,full vs calendar-only,594,-127971.74416772394
Gate B1,full vs calendar-only,595,-132742.52029329783
Gate B1,full vs calendar-only,596,-174389.0445830935
Gate B1,full vs calendar-only,597,-149710.56199101364
Gate B1,full vs calendar-only,598,-144224.6739366416
Gate B1,full vs calendar-only,599,-129581.12561420482
Gate B1,full vs calendar-only,600,-131516.22640541167
Gate B1,full vs calendar-only,601,-149536.80843733507
Gate B1,full vs calendar-only,602,-163274.89627958596
Gate B1,full vs calendar-only,603,-150512.82125596778
Gate B1,full vs calendar-only,604,-158308.2882181191
Gate B1,full vs calendar-only,605,-109527.55511116113
Gate B1,full vs calendar-only,606,-152905.12603048413
Gate B1,full vs calendar-only,607,-115883.78352854772
Gate B1,full vs calendar-only,608,-155017.39671691152
Gate B1,full vs calendar-only,609,-161646.03768491774
Gate B1,full vs calendar-only,610,-149852.57968323678
Gate B1,full vs calendar-only,611,-151854.98090984405
Gate B1,full vs calendar-only,612,-119685.32787618814
Gate B1,full vs calendar-only,613,-148292.55691659363
Gate B1,full vs calendar-only,614,-150221.522483541
Gate B1,full vs calendar-only,615,-159284.9659346107
Gate B1,full vs calendar-only,616,-158303.6759426344
Gate B1,full vs calendar-only,617,-132150.00711883203
Gate B1,full vs calendar-only,618,-182078.93584936275
Gate B1,full vs calendar-only,619,-163703.23873689034
Gate B1,full vs calendar-only,620,-163193.64982071126
Gate B1,full vs calendar-only,621,-179812.48585486284
Gate B1,full vs calendar-only,622,-138532.86483545986
Gate B1,full vs calendar-only,623,-138139.12617505278
Gate B1,full vs calendar-only,624,-160028.5918975101
Gate B1,full vs calendar-only,625,-173391.5445840951
Gate B1,full vs calendar-only,626,-159743.99984819925
Gate B1,full vs calendar-only,627,-143355.8785028531
Gate B1,full vs calendar-only,628,-128809.3449642253
Gate B1,full vs calendar-only,629,-162440.50074468207
Gate B1,full vs calendar-only,630,-174315.19129349018
Gate B1,full vs calendar-only,631,-128452.44650168254
Gate B1,full vs calendar-only,632,-145506.97642416024
Gate B1,full vs calendar-only,633,-168713.8299165943
Gate B1,full vs calendar-only,634,-159020.77971085353
Gate B1,full vs calendar-only,635,-157966.8020428353
Gate B1,full vs calendar-only,636,-139051.22653730685
Gate B1,full vs calendar-only,637,-150443.3052163081
Gate B1,full vs calendar-only,638,-150420.7560726662
Gate B1,full vs calendar-only,639,-140582.69527893586
Gate B1,full vs calendar-only,640,-143184.74443599122
Gate B1,full vs calendar-only,641,-124173.8253620374
Gate B1,full vs calendar-only,642,-161196.51156751643
Gate B1,full vs calendar-only,643,-114934.61526324568
Gate B1,full vs calendar-only,644,-148125.63886812836
Gate B1,full vs calendar-only,645,-163955.08079290285
Gate B1,full vs calendar-only,646,-159397.37059233215
Gate B1,full vs calendar-only,647,-186296.44744260304
Gate B1,full vs calendar-only,648,-140827.41895293817
Gate B1,full vs calendar-only,649,-138312.00801011195
Gate B1,full vs calendar-only,650,-137230.55151455826
Gate B1,full vs calendar-only,651,-159227.6205177813
Gate B1,full vs calendar-only,652,-140413.38018013095
Gate B1,full vs calendar-only,653,-135732.90512794524
Gate B1,full vs calendar-only,654,-148814.2853297611
Gate B1,full vs calendar-only,655,-150822.88635924115
Gate B1,full vs calendar-only,656,-131005.97786845134
Gate B1,full vs calendar-only,657,-116679.6899458326
Gate B1,full vs calendar-only,658,-183675.05757547807
Gate B1,full vs calendar-only,659,-165524.4462196167
Gate B1,full vs calendar-only,660,-144424.04537479277
Gate B1,full vs calendar-only,661,-148168.53968995524
Gate B1,full vs calendar-only,662,-144596.00672627304
Gate B1,full vs calendar-only,663,-133817.16057509094
Gate B1,full vs calendar-only,664,-129923.41594940863
Gate B1,full vs calendar-only,665,-121102.79678988433
Gate B1,full vs calendar-only,666,-133243.48934935784
Gate B1,full vs calendar-only,667,-146610.01379685334
Gate B1,full vs calendar-only,668,-161080.10834002873
Gate B1,full vs calendar-only,669,-147471.33748412618
Gate B1,full vs calendar-only,670,-151150.4709271464
Gate B1,full vs calendar-only,671,-162754.0970682834
Gate B1,full vs calendar-only,672,-146608.29302179892
Gate B1,full vs calendar-only,673,-141215.8677737581
Gate B1,full vs calendar-only,674,-154524.9769168758
Gate B1,full vs calendar-only,675,-143756.9029984692
Gate B1,full vs calendar-only,676,-139309.11419331763
Gate B1,full vs calendar-only,677,-145679.08600881408
Gate B1,full vs calendar-only,678,-136487.41400733334
Gate B1,full vs calendar-only,679,-123146.27073971786
Gate B1,full vs calendar-only,680,-167286.57358217178
Gate B1,full vs calendar-only,681,-156710.72633600322
Gate B1,full vs calendar-only,682,-176688.38637288363
Gate B1,full vs calendar-only,683,-172935.35340349938
Gate B1,full vs calendar-only,684,-162902.51725143852
Gate B1,full vs calendar-only,685,-161907.76480502923
Gate B1,full vs calendar-only,686,-131113.601221783
Gate B1,full vs calendar-only,687,-153633.5277622554
Gate B1,full vs calendar-only,688,-163142.58526060023
Gate B1,full vs calendar-only,689,-126938.89362600366
Gate B1,full vs calendar-only,690,-183524.47718230725
Gate B1,full vs calendar-only,691,-133865.0268470933
Gate B1,full vs calendar-only,692,-167503.89990148065
Gate B1,full vs calendar-only,693,-160817.6903238934
Gate B1,full vs calendar-only,694,-130216.8451373569
Gate B1,full vs calendar-only,695,-177296.75734248196
Gate B1,full vs calendar-only,696,-160689.56102072602
Gate B1,full vs calendar-only,697,-131533.40856887648
Gate B1,full vs calendar-only,698,-140502.08808376652
Gate B1,full vs calendar-only,699,-173316.18067597505
Gate B1,full vs calendar-only,700,-177203.65373576764
Gate B1,full vs calendar-only,701,-174234.24739244086
Gate B1,full vs calendar-only,702,-154084.62326347118
Gate B1,full vs calendar-only,703,-134355.34304835554
Gate B1,full vs calendar-only,704,-140096.27389866137
Gate B1,full vs calendar-only,705,-175413.58641819912
Gate B1,full vs calendar-only,706,-126125.18308773953
Gate B1,full vs calendar-only,707,-132354.19462986581
Gate B1,full vs calendar-only,708,-160152.90258318855
Gate B1,full vs calendar-only,709,-175805.90713836433
Gate B1,full vs calendar-only,710,-163970.65247072492
Gate B1,full vs calendar-only,711,-146693.2702817332
Gate B1,full vs calendar-only,712,-167636.22732200174
Gate B1,full vs calendar-only,713,-150450.00118007476
Gate B1,full vs calendar-only,714,-174961.16806408175
Gate B1,full vs calendar-only,715,-157064.3165201925
Gate B1,full vs calendar-only,716,-175380.34786231513
Gate B1,full vs calendar-only,717,-138635.83929315244
Gate B1,full vs calendar-only,718,-152349.63966238726
Gate B1,full vs calendar-only,719,-134488.21912841633
Gate B1,full vs calendar-only,720,-187708.09626495396
Gate B1,full vs calendar-only,721,-127016.62453116816
Gate B1,full vs calendar-only,722,-148687.76614903306
Gate B1,full vs calendar-only,723,-172426.031509828
Gate B1,full vs calendar-only,724,-135914.17272625872
Gate B1,full vs calendar-only,725,-135431.22971205137
Gate B1,full vs calendar-only,726,-177161.8906816739
Gate B1,full vs calendar-only,727,-155629.35409697538
Gate B1,full vs calendar-only,728,-172910.7053981467
Gate B1,full vs calendar-only,729,-172609.48976423455
Gate B1,full vs calendar-only,730,-126463.04552842931
Gate B1,full vs calendar-only,731,-183353.84118426335
Gate B1,full vs calendar-only,732,-173837.1972261513
Gate B1,full vs calendar-only,733,-155796.31698891887
Gate B1,full vs calendar-only,734,-144591.46011247527
Gate B1,full vs calendar-only,735,-130450.75366862118
Gate B1,full vs calendar-only,736,-163191.77907013078
Gate B1,full vs calendar-only,737,-133464.48216007015
Gate B1,full vs calendar-only,738,-167577.54798917638
Gate B1,full vs calendar-only,739,-159623.82151867432
Gate B1,full vs calendar-only,740,-171694.52818815786
Gate B1,full vs calendar-only,741,-154431.93091121936
Gate B1,full vs calendar-only,742,-148233.14172044685
Gate B1,full vs calendar-only,743,-123053.90654444227
Gate B1,full vs calendar-only,744,-189399.07778272813
Gate B1,full vs calendar-only,745,-142614.81158849437
Gate B1,full vs calendar-only,746,-148295.49074109812
Gate B1,full vs calendar-only,747,-167234.8363631008
Gate B1,full vs calendar-only,748,-147066.0056923356
Gate B1,full vs calendar-only,749,-139716.02551266836
Gate B1,full vs calendar-only,750,-142869.21899691923
Gate B1,full vs calendar-only,751,-147361.1116692362
Gate B1,full vs calendar-only,752,-134481.66975168273
Gate B1,full vs calendar-only,753,-155423.69784411413
Gate B1,full vs calendar-only,754,-155857.68049547638
Gate B1,full vs calendar-only,755,-159424.004241094
Gate B1,full vs calendar-only,756,-162042.55019742894
Gate B1,full vs calendar-only,757,-169989.3556065877
Gate B1,full vs calendar-only,758,-122794.23862577345
Gate B1,full vs calendar-only,759,-153179.80401244777
Gate B1,full vs calendar-only,760,-129996.84142599242
Gate B1,full vs calendar-only,761,-174396.247825289
Gate B1,full vs calendar-only,762,-145181.61853796785
Gate B1,full vs calendar-only,763,-138340.57774081876
Gate B1,full vs calendar-only,764,-156250.17941105127
Gate B1,full vs calendar-only,765,-157727.03934789723
Gate B1,full vs calendar-only,766,-162576.6506323599
Gate B1,full vs calendar-only,767,-184887.13806492454
Gate B1,full vs calendar-only,768,-153252.8187397697
Gate B1,full vs calendar-only,769,-148963.24401707586
Gate B1,full vs calendar-only,770,-133962.54889132958
Gate B1,full vs calendar-only,771,-129482.35724219744
Gate B1,full vs calendar-only,772,-161362.14954796483
Gate B1,full vs calendar-only,773,-148560.24954782947
Gate B1,full vs calendar-only,774,-133362.73602788226
Gate B1,full vs calendar-only,775,-164393.02022784442
Gate B1,full vs calendar-only,776,-125623.83725044665
Gate B1,full vs calendar-only,777,-156046.67198208196
Gate B1,full vs calendar-only,778,-157825.1788294398
Gate B1,full vs calendar-only,779,-144663.4698232452
Gate B1,full vs calendar-only,780,-175132.84740082832
Gate B1,full vs calendar-only,781,-162099.616555207
Gate B1,full vs calendar-only,782,-172645.1301989503
Gate B1,full vs calendar-only,783,-180147.75037855792
Gate B1,full vs calendar-only,784,-189275.1052780029
Gate B1,full vs calendar-only,785,-145694.95141738423
Gate B1,full vs calendar-only,786,-141378.56485938613
Gate B1,full vs calendar-only,787,-120142.24421397843
Gate B1,full vs calendar-only,788,-141717.32891437615
Gate B1,full vs calendar-only,789,-167301.11456771992
Gate B1,full vs calendar-only,790,-131111.43499527356
Gate B1,full vs calendar-only,791,-143538.7574242986
Gate B1,full vs calendar-only,792,-148996.18569136295
Gate B1,full vs calendar-only,793,-157216.5880234521
Gate B1,full vs calendar-only,794,-162162.60659867793
Gate B1,full vs calendar-only,795,-133825.60604486102
Gate B1,full vs calendar-only,796,-154833.82445948623
Gate B1,full vs calendar-only,797,-142594.53113466283
Gate B1,full vs calendar-only,798,-164928.52073884106
Gate B1,full vs calendar-only,799,-150308.00189647154
Gate B1,full vs calendar-only,800,-172910.62883769342
Gate B1,full vs calendar-only,801,-179489.795607044
Gate B1,full vs calendar-only,802,-127152.09847467394
Gate B1,full vs calendar-only,803,-162701.9368480211
Gate B1,full vs calendar-only,804,-196212.58846611163
Gate B1,full vs calendar-only,805,-178944.643014947
Gate B1,full vs calendar-only,806,-131600.6477783185
Gate B1,full vs calendar-only,807,-170044.7962563095
Gate B1,full vs calendar-only,808,-127271.83347378395
Gate B1,full vs calendar-only,809,-159180.20543138788
Gate B1,full vs calendar-only,810,-165546.65968068855
Gate B1,full vs calendar-only,811,-123733.82563432089
Gate B1,full vs calendar-only,812,-129070.1209397734
Gate B1,full vs calendar-only,813,-190372.2137779598
Gate B1,full vs calendar-only,814,-155432.87797659804
Gate B1,full vs calendar-only,815,-172296.61379993678
Gate B1,full vs calendar-only,816,-158366.94956578783
Gate B1,full vs calendar-only,817,-161926.04013037708
Gate B1,full vs calendar-only,818,-159018.78346168512
Gate B1,full vs calendar-only,819,-197232.12437297282
Gate B1,full vs calendar-only,820,-159510.83999150002
Gate B1,full vs calendar-only,821,-145904.91145923972
Gate B1,full vs calendar-only,822,-170523.63922158405
Gate B1,full vs calendar-only,823,-131193.49180930248
Gate B1,full vs calendar-only,824,-133681.48134270246
Gate B1,full vs calendar-only,825,-152627.47215626013
Gate B1,full vs calendar-only,826,-175232.5247514749
Gate B1,full vs calendar-only,827,-146503.5037541188
Gate B1,full vs calendar-only,828,-178113.4040043424
Gate B1,full vs calendar-only,829,-140443.68071587232
Gate B1,full vs calendar-only,830,-174127.403562347
Gate B1,full vs calendar-only,831,-180221.48203926082
Gate B1,full vs calendar-only,832,-144677.67118285137
Gate B1,full vs calendar-only,833,-140442.05481208267
Gate B1,full vs calendar-only,834,-144672.5498592175
Gate B1,full vs calendar-only,835,-162766.34126360022
Gate B1,full vs calendar-only,836,-158817.51567471726
Gate B1,full vs calendar-only,837,-148002.92251801147
Gate B1,full vs calendar-only,838,-170910.39304281553
Gate B1,full vs calendar-only,839,-178445.9565088109
Gate B1,full vs calendar-only,840,-171001.70986584254
Gate B1,full vs calendar-only,841,-118155.9383257742
Gate B1,full vs calendar-only,842,-156329.5073593677
Gate B1,full vs calendar-only,843,-179232.30985599148
Gate B1,full vs calendar-only,844,-155626.01016533084
Gate B1,full vs calendar-only,845,-181776.5322878282
Gate B1,full vs calendar-only,846,-157604.21440593162
Gate B1,full vs calendar-only,847,-144547.0169086352
Gate B1,full vs calendar-only,848,-139340.7942668618
Gate B1,full vs calendar-only,849,-106039.55980423461
Gate B1,full vs calendar-only,850,-133317.93569016375
Gate B1,full vs calendar-only,851,-129064.82808235404
Gate B1,full vs calendar-only,852,-161595.47444975903
Gate B1,full vs calendar-only,853,-140167.43869431643
Gate B1,full vs calendar-only,854,-152693.8027356512
Gate B1,full vs calendar-only,855,-162878.40201444182
Gate B1,full vs calendar-only,856,-154440.3025677392
Gate B1,full vs calendar-only,857,-182211.520884868
Gate B1,full vs calendar-only,858,-156658.7286349841
Gate B1,full vs calendar-only,859,-151289.83892910526
Gate B1,full vs calendar-only,860,-135568.01731838856
Gate B1,full vs calendar-only,861,-165433.93848125354
Gate B1,full vs calendar-only,862,-175218.84518443444
Gate B1,full vs calendar-only,863,-141561.3776719136
Gate B1,full vs calendar-only,864,-159927.70916831895
Gate B1,full vs calendar-only,865,-145387.23997455498
Gate B1,full vs calendar-only,866,-161117.71007618768
Gate B1,full vs calendar-only,867,-151700.63370802053
Gate B1,full vs calendar-only,868,-158774.74978900078
Gate B1,full vs calendar-only,869,-151117.60559087523
Gate B1,full vs calendar-only,870,-160854.29464093267
Gate B1,full vs calendar-only,871,-173074.44745592412
Gate B1,full vs calendar-only,872,-157238.71005193965
Gate B1,full vs calendar-only,873,-164551.26535938377
Gate B1,full vs calendar-only,874,-127209.27344820445
Gate B1,full vs calendar-only,875,-128349.21924600923
Gate B1,full vs calendar-only,876,-138524.96621371337
Gate B1,full vs calendar-only,877,-161945.5571132637
Gate B1,full vs calendar-only,878,-162618.57692239602
Gate B1,full vs calendar-only,879,-121070.19393671752
Gate B1,full vs calendar-only,880,-181279.77007086406
Gate B1,full vs calendar-only,881,-182939.29101075156
Gate B1,full vs calendar-only,882,-187334.08894856457
Gate B1,full vs calendar-only,883,-122932.27013526813
Gate B1,full vs calendar-only,884,-143434.87001865823
Gate B1,full vs calendar-only,885,-133251.87218261883
Gate B1,full vs calendar-only,886,-144301.21119669368
Gate B1,full vs calendar-only,887,-165223.58150450623
Gate B1,full vs calendar-only,888,-169097.36579816177
Gate B1,full vs calendar-only,889,-177297.38015488928
Gate B1,full vs calendar-only,890,-171284.3535047366
Gate B1,full vs calendar-only,891,-122040.24945930894
Gate B1,full vs calendar-only,892,-173126.59792987394
Gate B1,full vs calendar-only,893,-162104.45683193588
Gate B1,full vs calendar-only,894,-138276.0293732702
Gate B1,full vs calendar-only,895,-141381.56702454004
Gate B1,full vs calendar-only,896,-144294.76339379756
Gate B1,full vs calendar-only,897,-165204.8855511504
Gate B1,full vs calendar-only,898,-163567.61963835498
Gate B1,full vs calendar-only,899,-127310.69171577868
Gate B1,full vs calendar-only,900,-124668.20140263608
Gate B1,full vs calendar-only,901,-135226.28006065884
Gate B1,full vs calendar-only,902,-145472.2543199226
Gate B1,full vs calendar-only,903,-136225.9902919064
Gate B1,full vs calendar-only,904,-135822.39754168462
Gate B1,full vs calendar-only,905,-118063.28172795758
Gate B1,full vs calendar-only,906,-141514.45723298308
Gate B1,full vs calendar-only,907,-149453.31316505434
Gate B1,full vs calendar-only,908,-183532.55711079747
Gate B1,full vs calendar-only,909,-167621.89633267457
Gate B1,full vs calendar-only,910,-149285.1356126274
Gate B1,full vs calendar-only,911,-181833.1521143871
Gate B1,full vs calendar-only,912,-131472.7677877355
Gate B1,full vs calendar-only,913,-148974.79008851375
Gate B1,full vs calendar-only,914,-132829.43811898783
Gate B1,full vs calendar-only,915,-151082.71215447597
Gate B1,full vs calendar-only,916,-197017.21756383782
Gate B1,full vs calendar-only,917,-132016.95556329342
Gate B1,full vs calendar-only,918,-168969.5519491252
Gate B1,full vs calendar-only,919,-156556.06145035292
Gate B1,full vs calendar-only,920,-118970.24297740158
Gate B1,full vs calendar-only,921,-143725.85496683567
Gate B1,full vs calendar-only,922,-167290.7986505563
Gate B1,full vs calendar-only,923,-150409.71116624272
Gate B1,full vs calendar-only,924,-181303.26114770927
Gate B1,full vs calendar-only,925,-167421.5013698836
Gate B1,full vs calendar-only,926,-153185.8920172899
Gate B1,full vs calendar-only,927,-169852.8907661505
Gate B1,full vs calendar-only,928,-158134.73755071554
Gate B1,full vs calendar-only,929,-126115.6535671717
Gate B1,full vs calendar-only,930,-170850.29562714288
Gate B1,full vs calendar-only,931,-140395.3752844521
Gate B1,full vs calendar-only,932,-156281.91669567634
Gate B1,full vs calendar-only,933,-149741.07568071727
Gate B1,full vs calendar-only,934,-148999.53603447034
Gate B1,full vs calendar-only,935,-141465.02873381577
Gate B1,full vs calendar-only,936,-160429.96524660644
Gate B1,full vs calendar-only,937,-152246.5672651747
Gate B1,full vs calendar-only,938,-138438.73768613237
Gate B1,full vs calendar-only,939,-172943.7816041012
Gate B1,full vs calendar-only,940,-188102.59448579012
Gate B1,full vs calendar-only,941,-161622.06744188518
Gate B1,full vs calendar-only,942,-177864.46271595877
Gate B1,full vs calendar-only,943,-134682.44073482387
Gate B1,full vs calendar-only,944,-147301.70050329436
Gate B1,full vs calendar-only,945,-122976.62464976369
Gate B1,full vs calendar-only,946,-159560.47537091747
Gate B1,full vs calendar-only,947,-139249.0426633501
Gate B1,full vs calendar-only,948,-158962.8185905291
Gate B1,full vs calendar-only,949,-189637.18066901804
Gate B1,full vs calendar-only,950,-148138.12455524266
Gate B1,full vs calendar-only,951,-145106.05509908666
Gate B1,full vs calendar-only,952,-141671.78902828734
Gate B1,full vs calendar-only,953,-156916.60225455512
Gate B1,full vs calendar-only,954,-168442.6300397482
Gate B1,full vs calendar-only,955,-155099.04876614135
Gate B1,full vs calendar-only,956,-154084.0983032987
Gate B1,full vs calendar-only,957,-173556.9934579112
Gate B1,full vs calendar-only,958,-154407.37111870456
Gate B1,full vs calendar-only,959,-151122.70325724548
Gate B1,full vs calendar-only,960,-149401.08155756482
Gate B1,full vs calendar-only,961,-118882.59616375391
Gate B1,full vs calendar-only,962,-136504.50230452948
Gate B1,full vs calendar-only,963,-146969.49320839782
Gate B1,full vs calendar-only,964,-163692.41285358835
Gate B1,full vs calendar-only,965,-137704.86797979902
Gate B1,full vs calendar-only,966,-153068.82587641396
Gate B1,full vs calendar-only,967,-150637.7232594111
Gate B1,full vs calendar-only,968,-157582.04792641033
Gate B1,full vs calendar-only,969,-157175.2074559727
Gate B1,full vs calendar-only,970,-156099.40318722033
Gate B1,full vs calendar-only,971,-145060.41134631587
Gate B1,full vs calendar-only,972,-170765.63979179168
Gate B1,full vs calendar-only,973,-139728.7374763185
Gate B1,full vs calendar-only,974,-106303.37330697401
Gate B1,full vs calendar-only,975,-136543.18062250462
Gate B1,full vs calendar-only,976,-131693.72766502594
Gate B1,full vs calendar-only,977,-162968.8859525047
Gate B1,full vs calendar-only,978,-147666.7697785524
Gate B1,full vs calendar-only,979,-165868.22888454093
Gate B1,full vs calendar-only,980,-174107.45149361857
Gate B1,full vs calendar-only,981,-170995.46475998787
Gate B1,full vs calendar-only,982,-140355.0750332584
Gate B1,full vs calendar-only,983,-188415.50922303757
Gate B1,full vs calendar-only,984,-107108.51318741556
Gate B1,full vs calendar-only,985,-122103.75094210598
Gate B1,full vs calendar-only,986,-149765.93812170342
Gate B1,full vs calendar-only,987,-138919.1689082657
Gate B1,full vs calendar-only,988,-154094.57860318373
Gate B1,full vs calendar-only,989,-166495.47064716578
Gate B1,full vs calendar-only,990,-162456.65752283076
Gate B1,full vs calendar-only,991,-159352.95063192886
Gate B1,full vs calendar-only,992,-124816.20045116609
Gate B1,full vs calendar-only,993,-171749.6488079658
Gate B1,full vs calendar-only,994,-120814.14414491858
Gate B1,full vs calendar-only,995,-149730.99750330954
Gate B1,full vs calendar-only,996,-146195.49168830976
Gate B1,full vs calendar-only,997,-135864.11010037566
Gate B1,full vs calendar-only,998,-152790.13292116375
Gate B1,full vs calendar-only,999,-170202.06841352995
Gate B1,full vs calendar-only,1000,-173472.14914239963
Gate B1,full vs calendar-only,1001,-176428.24655668368
Gate B1,full vs calendar-only,1002,-165670.4301868166
Gate B1,full vs calendar-only,1003,-170540.04464107426
Gate B1,full vs calendar-only,1004,-149697.68561696913
Gate B1,full vs calendar-only,1005,-139262.72185811313
Gate B1,full vs calendar-only,1006,-140490.51847290818
Gate B1,full vs calendar-only,1007,-160949.60562988464
Gate B1,full vs calendar-only,1008,-126756.26163432543
Gate B1,full vs calendar-only,1009,-146121.3037520665
Gate B1,full vs calendar-only,1010,-163023.21130907224
Gate B1,full vs calendar-only,1011,-131829.34757345088
Gate B1,full vs calendar-only,1012,-167330.2187683056
Gate B1,full vs calendar-only,1013,-149902.25310310454
Gate B1,full vs calendar-only,1014,-157170.01803811814
Gate B1,full vs calendar-only,1015,-137977.50608482506
Gate B1,full vs calendar-only,1016,-144189.92046839587
Gate B1,full vs calendar-only,1017,-130361.31044967915
Gate B1,full vs calendar-only,1018,-144966.70323761128
Gate B1,full vs calendar-only,1019,-169079.92069248893
Gate B1,full vs calendar-only,1020,-138298.2458570366
Gate B1,full vs calendar-only,1021,-152656.4625699071
Gate B1,full vs calendar-only,1022,-155583.91574625153
Gate B1,full vs calendar-only,1023,-142570.01469882994
Gate B1,full vs calendar-only,1024,-181257.18171331077
Gate B1,full vs calendar-only,1025,-185406.44345924724
Gate B1,full vs calendar-only,1026,-151056.60169465898
Gate B1,full vs calendar-only,1027,-177359.51234209447
Gate B1,full vs calendar-only,1028,-159227.3525700653
Gate B1,full vs calendar-only,1029,-142912.1969165767
Gate B1,full vs calendar-only,1030,-142354.04032511124
Gate B1,full vs calendar-only,1031,-176108.67280428158
Gate B1,full vs calendar-only,1032,-158172.26032189594
Gate B1,full vs calendar-only,1033,-166916.48825222382
Gate B1,full vs calendar-only,1034,-186712.8183672408
Gate B1,full vs calendar-only,1035,-186986.792927358
Gate B1,full vs calendar-only,1036,-156250.7829805765
Gate B1,full vs calendar-only,1037,-131673.91099806826
Gate B1,full vs calendar-only,1038,-162505.90740941436
Gate B1,full vs calendar-only,1039,-136387.17245977305
Gate B1,full vs calendar-only,1040,-185406.1214257016
Gate B1,full vs calendar-only,1041,-163373.3637070396
Gate B1,full vs calendar-only,1042,-161186.24983465497
Gate B1,full vs calendar-only,1043,-129187.30481093319
Gate B1,full vs calendar-only,1044,-157176.80145980857
Gate B1,full vs calendar-only,1045,-165697.44188889902
Gate B1,full vs calendar-only,1046,-132346.51513287635
Gate B1,full vs calendar-only,1047,-176520.03331244853
Gate B1,full vs calendar-only,1048,-147441.07006751592
Gate B1,full vs calendar-only,1049,-148684.779458048
Gate B1,full vs calendar-only,1050,-133644.8455785411
Gate B1,full vs calendar-only,1051,-164005.18348863788
Gate B1,full vs calendar-only,1052,-186034.76770648523
Gate B1,full vs calendar-only,1053,-165774.56234917263
Gate B1,full vs calendar-only,1054,-172488.80187549893
Gate B1,full vs calendar-only,1055,-150322.2694745633
Gate B1,full vs calendar-only,1056,-152592.86803760927
Gate B1,full vs calendar-only,1057,-158525.18957522692
Gate B1,full vs calendar-only,1058,-157989.78327755356
Gate B1,full vs calendar-only,1059,-146751.91317120884
Gate B1,full vs calendar-only,1060,-159324.5779303063
Gate B1,full vs calendar-only,1061,-161965.23666878795
Gate B1,full vs calendar-only,1062,-148337.62978834932
Gate B1,full vs calendar-only,1063,-150499.05766683523
Gate B1,full vs calendar-only,1064,-157358.2287668909
Gate B1,full vs calendar-only,1065,-154200.51857758436
Gate B1,full vs calendar-only,1066,-155913.3638309624
Gate B1,full vs calendar-only,1067,-156400.45149893977
Gate B1,full vs calendar-only,1068,-147156.14376346616
Gate B1,full vs calendar-only,1069,-129439.49565288985
Gate B1,full vs calendar-only,1070,-169299.62404188013
Gate B1,full vs calendar-only,1071,-155706.00119875435
Gate B1,full vs calendar-only,1072,-160551.45696564598
Gate B1,full vs calendar-only,1073,-183633.7296274469
Gate B1,full vs calendar-only,1074,-116537.23892920319
Gate B1,full vs calendar-only,1075,-119706.26836176094
Gate B1,full vs calendar-only,1076,-136904.83722546746
Gate B1,full vs calendar-only,1077,-146180.23506680693
Gate B1,full vs calendar-only,1078,-185450.0282044716
Gate B1,full vs calendar-only,1079,-181010.7122990134
Gate B1,full vs calendar-only,1080,-156761.66509284318
Gate B1,full vs calendar-only,1081,-153125.19952278316
Gate B1,full vs calendar-only,1082,-149469.3848495843
Gate B1,full vs calendar-only,1083,-130198.91261604536
Gate B1,full vs calendar-only,1084,-155564.58885249993
Gate B1,full vs calendar-only,1085,-177738.14047908896
Gate B1,full vs calendar-only,1086,-171318.19827509666
Gate B1,full vs calendar-only,1087,-150697.4113409985
Gate B1,full vs calendar-only,1088,-145558.95434648247
Gate B1,full vs calendar-only,1089,-131935.10583741884
Gate B1,full vs calendar-only,1090,-137996.53352824014
Gate B1,full vs calendar-only,1091,-153408.85139262432
Gate B1,full vs calendar-only,1092,-138567.3602574929
Gate B1,full vs calendar-only,1093,-181622.63537425984
Gate B1,full vs calendar-only,1094,-153849.42071454064
Gate B1,full vs calendar-only,1095,-150099.1432349732
Gate B1,full vs calendar-only,1096,-163278.00628880443
Gate B1,full vs calendar-only,1097,-143073.02061907257
Gate B1,full vs calendar-only,1098,-128304.10463951516
Gate B1,full vs calendar-only,1099,-174993.6049005664
Gate B1,full vs calendar-only,1100,-163914.18602220903
Gate B1,full vs calendar-only,1101,-157069.02021307056
Gate B1,full vs calendar-only,1102,-167974.79996799867
Gate B1,full vs calendar-only,1103,-137804.672862879
Gate B1,full vs calendar-only,1104,-180214.1049235732
Gate B1,full vs calendar-only,1105,-110403.92183262747
Gate B1,full vs calendar-only,1106,-142519.43557320136
Gate B1,full vs calendar-only,1107,-153054.70872094092
Gate B1,full vs calendar-only,1108,-136695.46082191204
Gate B1,full vs calendar-only,1109,-162105.71455696583
Gate B1,full vs calendar-only,1110,-200069.3627044506
Gate B1,full vs calendar-only,1111,-147832.96164009447
Gate B1,full vs calendar-only,1112,-159547.38674320313
Gate B1,full vs calendar-only,1113,-149831.94003896962
Gate B1,full vs calendar-only,1114,-164863.74354302918
Gate B1,full vs calendar-only,1115,-160177.47640622247
Gate B1,full vs calendar-only,1116,-148241.72787859378
Gate B1,full vs calendar-only,1117,-151865.50096056078
Gate B1,full vs calendar-only,1118,-142934.33363412065
Gate B1,full vs calendar-only,1119,-177895.68192931733
Gate B1,full vs calendar-only,1120,-134473.99406744598
Gate B1,full vs calendar-only,1121,-186549.30492603785
Gate B1,full vs calendar-only,1122,-150995.58176744275
Gate B1,full vs calendar-only,1123,-128487.23919616817
Gate B1,full vs calendar-only,1124,-143454.5293600356
Gate B1,full vs calendar-only,1125,-152961.08356974155
Gate B1,full vs calendar-only,1126,-161896.0471540156
Gate B1,full vs calendar-only,1127,-141384.53602259024
Gate B1,full vs calendar-only,1128,-165380.5727954076
Gate B1,full vs calendar-only,1129,-184159.82190935354
Gate B1,full vs calendar-only,1130,-177922.90999060383
Gate B1,full vs calendar-only,1131,-184388.98941241452
Gate B1,full vs calendar-only,1132,-150413.5044806106
Gate B1,full vs calendar-only,1133,-183692.82862072968
Gate B1,full vs calendar-only,1134,-160362.57730485097
Gate B1,full vs calendar-only,1135,-154100.13319422852
Gate B1,full vs calendar-only,1136,-159348.67221190615
Gate B1,full vs calendar-only,1137,-134218.26820017508
Gate B1,full vs calendar-only,1138,-164985.41958042886
Gate B1,full vs calendar-only,1139,-190072.36377133787
Gate B1,full vs calendar-only,1140,-131523.31425584707
Gate B1,full vs calendar-only,1141,-155434.96996936042
Gate B1,full vs calendar-only,1142,-144045.5600548859
Gate B1,full vs calendar-only,1143,-107453.41640987985
Gate B1,full vs calendar-only,1144,-126250.98108797056
Gate B1,full vs calendar-only,1145,-133539.81211249775
Gate B1,full vs calendar-only,1146,-150780.46596448345
Gate B1,full vs calendar-only,1147,-132970.46171393694
Gate B1,full vs calendar-only,1148,-160253.7514393913
Gate B1,full vs calendar-only,1149,-122858.32717107503
Gate B1,full vs calendar-only,1150,-171543.394355083
Gate B1,full vs calendar-only,1151,-157896.25517580993
Gate B1,full vs calendar-only,1152,-151054.15901156282
Gate B1,full vs calendar-only,1153,-140184.62010875362
Gate B1,full vs calendar-only,1154,-152655.6905597455
Gate B1,full vs calendar-only,1155,-136783.916127313
Gate B1,full vs calendar-only,1156,-156879.8107231498
Gate B1,full vs calendar-only,1157,-144928.92422951446
Gate B1,full vs calendar-only,1158,-157846.3476129223
Gate B1,full vs calendar-only,1159,-156712.80498105392
Gate B1,full vs calendar-only,1160,-134754.75615792908
Gate B1,full vs calendar-only,1161,-139691.55826431297
Gate B1,full vs calendar-only,1162,-146748.79515409312
Gate B1,full vs calendar-only,1163,-127205.90085387409
Gate B1,full vs calendar-only,1164,-155227.03743119264
Gate B1,full vs calendar-only,1165,-154763.87053452086
Gate B1,full vs calendar-only,1166,-157601.53160782094
Gate B1,full vs calendar-only,1167,-132930.12758889658
Gate B1,full vs calendar-only,1168,-146105.98231592024
Gate B1,full vs calendar-only,1169,-156064.37234509265
Gate B1,full vs calendar-only,1170,-160758.77577729354
Gate B1,full vs calendar-only,1171,-180300.91177618149
Gate B1,full vs calendar-only,1172,-126978.2943226689
Gate B1,full vs calendar-only,1173,-178843.87804251048
Gate B1,full vs calendar-only,1174,-179337.39325428463
Gate B1,full vs calendar-only,1175,-183838.63794715772
Gate B1,full vs calendar-only,1176,-148095.36512873968
Gate B1,full vs calendar-only,1177,-147355.89940581337
Gate B1,full vs calendar-only,1178,-157764.78041033607
Gate B1,full vs calendar-only,1179,-133834.1414814965
Gate B1,full vs calendar-only,1180,-151796.08866084326
Gate B1,full vs calendar-only,1181,-170452.76960634257
Gate B1,full vs calendar-only,1182,-150945.59378783323
Gate B1,full vs calendar-only,1183,-147833.36747837113
Gate B1,full vs calendar-only,1184,-143768.65746344783
Gate B1,full vs calendar-only,1185,-159542.9793594344
Gate B1,full vs calendar-only,1186,-133740.827891522
Gate B1,full vs calendar-only,1187,-158771.55228037012
Gate B1,full vs calendar-only,1188,-177661.65889076848
Gate B1,full vs calendar-only,1189,-145630.8912599318
Gate B1,full vs calendar-only,1190,-128369.82651774184
Gate B1,full vs calendar-only,1191,-120909.95450747333
Gate B1,full vs calendar-only,1192,-140845.64627169236
Gate B1,full vs calendar-only,1193,-175216.93889342563
Gate B1,full vs calendar-only,1194,-158205.29895085248
Gate B1,full vs calendar-only,1195,-179269.34724181617
Gate B1,full vs calendar-only,1196,-124562.31485657649
Gate B1,full vs calendar-only,1197,-118791.99886588327
Gate B1,full vs calendar-only,1198,-137441.56684093695
Gate B1,full vs calendar-only,1199,-166042.71006080692
Gate B1,full vs calendar-only,1200,-188340.3305610182
Gate B1,full vs calendar-only,1201,-158501.13013899815
Gate B1,full vs calendar-only,1202,-169092.54990576667
Gate B1,full vs calendar-only,1203,-134654.2739669202
Gate B1,full vs calendar-only,1204,-153312.25676445873
Gate B1,full vs calendar-only,1205,-172937.7506269857
Gate B1,full vs calendar-only,1206,-183102.7926179081
Gate B1,full vs calendar-only,1207,-154483.23261555115
Gate B1,full vs calendar-only,1208,-169316.94904507
Gate B1,full vs calendar-only,1209,-167713.77214381145
Gate B1,full vs calendar-only,1210,-158859.9896514496
Gate B1,full vs calendar-only,1211,-131275.69843472395
Gate B1,full vs calendar-only,1212,-134252.50994678348
Gate B1,full vs calendar-only,1213,-156425.04636020516
Gate B1,full vs calendar-only,1214,-152891.4169276116
Gate B1,full vs calendar-only,1215,-140043.6401901392
Gate B1,full vs calendar-only,1216,-183352.15625265404
Gate B1,full vs calendar-only,1217,-114177.13097754435
Gate B1,full vs calendar-only,1218,-123556.26181093577
Gate B1,full vs calendar-only,1219,-150023.0340822964
Gate B1,full vs calendar-only,1220,-163591.0012053982
Gate B1,full vs calendar-only,1221,-154235.18899833848
Gate B1,full vs calendar-only,1222,-164633.83954676008
Gate B1,full vs calendar-only,1223,-139455.21297840195
Gate B1,full vs calendar-only,1224,-176366.59284871555
Gate B1,full vs calendar-only,1225,-127645.14957104703
Gate B1,full vs calendar-only,1226,-131233.3695363272
Gate B1,full vs calendar-only,1227,-161821.56633439934
Gate B1,full vs calendar-only,1228,-155321.1707813135
Gate B1,full vs calendar-only,1229,-154690.9414240054
Gate B1,full vs calendar-only,1230,-176660.03235885146
Gate B1,full vs calendar-only,1231,-139061.80379687488
Gate B1,full vs calendar-only,1232,-148850.94539571993
Gate B1,full vs calendar-only,1233,-160251.99193503245
Gate B1,full vs calendar-only,1234,-145381.70990249075
Gate B1,full vs calendar-only,1235,-156750.33860621293
Gate B1,full vs calendar-only,1236,-171843.3319777659
Gate B1,full vs calendar-only,1237,-145053.03924459667
Gate B1,full vs calendar-only,1238,-159064.05726099492
Gate B1,full vs calendar-only,1239,-147915.72180313908
Gate B1,full vs calendar-only,1240,-128564.97550765335
Gate B1,full vs calendar-only,1241,-125248.41615494202
Gate B1,full vs calendar-only,1242,-149624.4746962606
Gate B1,full vs calendar-only,1243,-157883.28980985231
Gate B1,full vs calendar-only,1244,-152459.82284150767
Gate B1,full vs calendar-only,1245,-163456.97448970855
Gate B1,full vs calendar-only,1246,-156475.78390540573
Gate B1,full vs calendar-only,1247,-153877.38960355366
Gate B1,full vs calendar-only,1248,-158718.60393713048
Gate B1,full vs calendar-only,1249,-151926.81929162669
Gate B1,full vs calendar-only,1250,-163193.31495711385
Gate B1,full vs calendar-only,1251,-174598.92731999778
Gate B1,full vs calendar-only,1252,-148008.24888454963
Gate B1,full vs calendar-only,1253,-162529.99083313835
Gate B1,full vs calendar-only,1254,-170818.96891790794
Gate B1,full vs calendar-only,1255,-144703.58197519684
Gate B1,full vs calendar-only,1256,-139773.17173831575
Gate B1,full vs calendar-only,1257,-164785.87590679753
Gate B1,full vs calendar-only,1258,-145132.67116685008
Gate B1,full vs calendar-only,1259,-130680.28665267423
Gate B1,full vs calendar-only,1260,-131568.60741382494
Gate B1,full vs calendar-only,1261,-150369.251732864
Gate B1,full vs calendar-only,1262,-151180.35570846885
Gate B1,full vs calendar-only,1263,-132697.24110382196
Gate B1,full vs calendar-only,1264,-157004.67494296332
Gate B1,full vs calendar-only,1265,-152664.03844087495
Gate B1,full vs calendar-only,1266,-153566.763876741
Gate B1,full vs calendar-only,1267,-166887.78962355637
Gate B1,full vs calendar-only,1268,-157227.37358901283
Gate B1,full vs calendar-only,1269,-131634.52356146055
Gate B1,full vs calendar-only,1270,-162721.52360138646
Gate B1,full vs calendar-only,1271,-151739.86734604946
Gate B1,full vs calendar-only,1272,-145813.71145017358
Gate B1,full vs calendar-only,1273,-151509.3449254188
Gate B1,full vs calendar-only,1274,-159539.20727317804
Gate B1,full vs calendar-only,1275,-152929.06630504486
Gate B1,full vs calendar-only,1276,-165551.35609496388
Gate B1,full vs calendar-only,1277,-186242.90818623846
Gate B1,full vs calendar-only,1278,-143589.62638505228
Gate B1,full vs calendar-only,1279,-152734.03139277728
Gate B1,full vs calendar-only,1280,-179581.0839381306
Gate B1,full vs calendar-only,1281,-145890.56569220405
Gate B1,full vs calendar-only,1282,-158379.91348406213
Gate B1,full vs calendar-only,1283,-165163.07139301678
Gate B1,full vs calendar-only,1284,-129714.56553733136
Gate B1,full vs calendar-only,1285,-157369.98614415468
Gate B1,full vs calendar-only,1286,-149094.5712605051
Gate B1,full vs calendar-only,1287,-153801.06193881657
Gate B1,full vs calendar-only,1288,-155852.98895795512
Gate B1,full vs calendar-only,1289,-142964.06208374287
Gate B1,full vs calendar-only,1290,-149316.55894016003
Gate B1,full vs calendar-only,1291,-194020.35802867985
Gate B1,full vs calendar-only,1292,-192610.58709483405
Gate B1,full vs calendar-only,1293,-113891.50287532691
Gate B1,full vs calendar-only,1294,-149058.8034842484
Gate B1,full vs calendar-only,1295,-161782.54289597526
Gate B1,full vs calendar-only,1296,-124365.1185379445
Gate B1,full vs calendar-only,1297,-154282.1081831712
Gate B1,full vs calendar-only,1298,-144646.5358851904
Gate B1,full vs calendar-only,1299,-143248.83734954815
Gate B1,full vs calendar-only,1300,-149014.03029105745
Gate B1,full vs calendar-only,1301,-155577.57038223412
Gate B1,full vs calendar-only,1302,-180112.57732224467
Gate B1,full vs calendar-only,1303,-141998.10662279848
Gate B1,full vs calendar-only,1304,-168623.43903235398
Gate B1,full vs calendar-only,1305,-169473.3197377857
Gate B1,full vs calendar-only,1306,-121437.6269531533
Gate B1,full vs calendar-only,1307,-163869.88880719052
Gate B1,full vs calendar-only,1308,-148822.94804329064
Gate B1,full vs calendar-only,1309,-186342.35739147416
Gate B1,full vs calendar-only,1310,-157712.6634829025
Gate B1,full vs calendar-only,1311,-157881.95743779102
Gate B1,full vs calendar-only,1312,-146694.7920342919
Gate B1,full vs calendar-only,1313,-128986.60281530116
Gate B1,full vs calendar-only,1314,-177021.85507483216
Gate B1,full vs calendar-only,1315,-149089.32209124614
Gate B1,full vs calendar-only,1316,-168191.7618099235
Gate B1,full vs calendar-only,1317,-161796.8952482852
Gate B1,full vs calendar-only,1318,-171416.79183937353
Gate B1,full vs calendar-only,1319,-134875.99854803015
Gate B1,full vs calendar-only,1320,-127164.72762098056
Gate B1,full vs calendar-only,1321,-145836.94074413873
Gate B1,full vs calendar-only,1322,-161260.62995901678
Gate B1,full vs calendar-only,1323,-147203.90697026785
Gate B1,full vs calendar-only,1324,-167133.97379797144
Gate B1,full vs calendar-only,1325,-124964.72185815727
Gate B1,full vs calendar-only,1326,-188623.93045242454
Gate B1,full vs calendar-only,1327,-132082.87857496936
Gate B1,full vs calendar-only,1328,-163304.74554973992
Gate B1,full vs calendar-only,1329,-124193.7295686722
Gate B1,full vs calendar-only,1330,-140502.99692169362
Gate B1,full vs calendar-only,1331,-123309.93938536388
Gate B1,full vs calendar-only,1332,-140277.9219278894
Gate B1,full vs calendar-only,1333,-151755.40497010254
Gate B1,full vs calendar-only,1334,-152167.1774101853
Gate B1,full vs calendar-only,1335,-152784.7494582635
Gate B1,full vs calendar-only,1336,-132079.5843307565
Gate B1,full vs calendar-only,1337,-133879.5740437589
Gate B1,full vs calendar-only,1338,-133586.2110544306
Gate B1,full vs calendar-only,1339,-156807.34657656043
Gate B1,full vs calendar-only,1340,-154868.4649019268
Gate B1,full vs calendar-only,1341,-165863.08157657468
Gate B1,full vs calendar-only,1342,-134341.45891493655
Gate B1,full vs calendar-only,1343,-141898.59164807247
Gate B1,full vs calendar-only,1344,-132513.56116797272
Gate B1,full vs calendar-only,1345,-182568.94247977596
Gate B1,full vs calendar-only,1346,-173501.02564631897
Gate B1,full vs calendar-only,1347,-131471.46240094496
Gate B1,full vs calendar-only,1348,-154252.66456548337
Gate B1,full vs calendar-only,1349,-189981.199989311
Gate B1,full vs calendar-only,1350,-152880.81644405558
Gate B1,full vs calendar-only,1351,-173696.0800810432
Gate B1,full vs calendar-only,1352,-164557.60691637013
Gate B1,full vs calendar-only,1353,-152067.88522553767
Gate B1,full vs calendar-only,1354,-148673.74967959034
Gate B1,full vs calendar-only,1355,-132528.0871507316
Gate B1,full vs calendar-only,1356,-169994.65713835577
Gate B1,full vs calendar-only,1357,-140368.19420912245
Gate B1,full vs calendar-only,1358,-139993.95486475516
Gate B1,full vs calendar-only,1359,-122186.69842409877
Gate B1,full vs calendar-only,1360,-159024.72919566862
Gate B1,full vs calendar-only,1361,-170876.63930454053
Gate B1,full vs calendar-only,1362,-148695.522576803
Gate B1,full vs calendar-only,1363,-175806.88282768294
Gate B1,full vs calendar-only,1364,-115575.95335141255
Gate B1,full vs calendar-only,1365,-144305.4822409416
Gate B1,full vs calendar-only,1366,-149249.72493220662
Gate B1,full vs calendar-only,1367,-167674.6154089527
Gate B1,full vs calendar-only,1368,-171752.24845930148
Gate B1,full vs calendar-only,1369,-164387.1612405197
Gate B1,full vs calendar-only,1370,-142915.95386055566
Gate B1,full vs calendar-only,1371,-129181.3187721151
Gate B1,full vs calendar-only,1372,-145451.182483126
Gate B1,full vs calendar-only,1373,-135602.4175081242
Gate B1,full vs calendar-only,1374,-107334.2711402775
Gate B1,full vs calendar-only,1375,-160622.9805284364
Gate B1,full vs calendar-only,1376,-155068.20334770175
Gate B1,full vs calendar-only,1377,-161744.2564470382
Gate B1,full vs calendar-only,1378,-140210.46867258305
Gate B1,full vs calendar-only,1379,-123420.2007815429
Gate B1,full vs calendar-only,1380,-127887.78131212802
Gate B1,full vs calendar-only,1381,-172628.63951465028
Gate B1,full vs calendar-only,1382,-145491.41829311103
Gate B1,full vs calendar-only,1383,-162887.84064419012
Gate B1,full vs calendar-only,1384,-167791.0567449095
Gate B1,full vs calendar-only,1385,-171428.04694093709
Gate B1,full vs calendar-only,1386,-162376.544333481
Gate B1,full vs calendar-only,1387,-159405.54469256024
Gate B1,full vs calendar-only,1388,-175837.4816370734
Gate B1,full vs calendar-only,1389,-146310.64947898884
Gate B1,full vs calendar-only,1390,-160155.03423043317
Gate B1,full vs calendar-only,1391,-126151.31195903049
Gate B1,full vs calendar-only,1392,-135387.63699688698
Gate B1,full vs calendar-only,1393,-158104.12731599534
Gate B1,full vs calendar-only,1394,-185473.05858433043
Gate B1,full vs calendar-only,1395,-145408.12981374742
Gate B1,full vs calendar-only,1396,-135646.61794966925
Gate B1,full vs calendar-only,1397,-134714.33425574837
Gate B1,full vs calendar-only,1398,-144913.09336227446
Gate B1,full vs calendar-only,1399,-164861.41899203009
Gate B1,full vs calendar-only,1400,-161123.5102048579
Gate B1,full vs calendar-only,1401,-123509.74197182136
Gate B1,full vs calendar-only,1402,-178454.36002176668
Gate B1,full vs calendar-only,1403,-177183.0614557217
Gate B1,full vs calendar-only,1404,-173285.790670035
Gate B1,full vs calendar-only,1405,-160985.23747849657
Gate B1,full vs calendar-only,1406,-159634.85946002963
Gate B1,full vs calendar-only,1407,-149768.01945926147
Gate B1,full vs calendar-only,1408,-170544.86978201335
Gate B1,full vs calendar-only,1409,-166222.20937124995
Gate B1,full vs calendar-only,1410,-178139.98307191906
Gate B1,full vs calendar-only,1411,-137059.97242781857
Gate B1,full vs calendar-only,1412,-138918.79145156615
Gate B1,full vs calendar-only,1413,-144270.71847827072
Gate B1,full vs calendar-only,1414,-160110.81344542635
Gate B1,full vs calendar-only,1415,-153364.9952095636
Gate B1,full vs calendar-only,1416,-130972.62783372146
Gate B1,full vs calendar-only,1417,-123623.38526090198
Gate B1,full vs calendar-only,1418,-181352.49909238433
Gate B1,full vs calendar-only,1419,-146035.36321450898
Gate B1,full vs calendar-only,1420,-145562.36044212885
Gate B1,full vs calendar-only,1421,-169164.09600996837
Gate B1,full vs calendar-only,1422,-137768.11888083717
Gate B1,full vs calendar-only,1423,-161086.02738305932
Gate B1,full vs calendar-only,1424,-151138.38546818862
Gate B1,full vs calendar-only,1425,-193537.78684842167
Gate B1,full vs calendar-only,1426,-117455.40891682543
Gate B1,full vs calendar-only,1427,-138718.80472423197
Gate B1,full vs calendar-only,1428,-128299.03339785845
Gate B1,full vs calendar-only,1429,-178906.14172369702
Gate B1,full vs calendar-only,1430,-153182.33679610916
Gate B1,full vs calendar-only,1431,-135580.64601351263
Gate B1,full vs calendar-only,1432,-139538.79187572096
Gate B1,full vs calendar-only,1433,-190626.74912785794
Gate B1,full vs calendar-only,1434,-139773.95246625302
Gate B1,full vs calendar-only,1435,-163378.9897436727
Gate B1,full vs calendar-only,1436,-138691.27080478228
Gate B1,full vs calendar-only,1437,-142178.6215339409
Gate B1,full vs calendar-only,1438,-158969.27813685063
Gate B1,full vs calendar-only,1439,-154215.16512559884
Gate B1,full vs calendar-only,1440,-166933.31769949466
Gate B1,full vs calendar-only,1441,-119317.9005764558
Gate B1,full vs calendar-only,1442,-121369.00014787447
Gate B1,full vs calendar-only,1443,-162024.19625898474
Gate B1,full vs calendar-only,1444,-129267.64437528864
Gate B1,full vs calendar-only,1445,-143240.74466292237
Gate B1,full vs calendar-only,1446,-166031.43088838266
Gate B1,full vs calendar-only,1447,-132727.80605755304
Gate B1,full vs calendar-only,1448,-150839.7608636702
Gate B1,full vs calendar-only,1449,-151472.76223909672
Gate B1,full vs calendar-only,1450,-130750.66975105267
Gate B1,full vs calendar-only,1451,-128781.97040322413
Gate B1,full vs calendar-only,1452,-129154.61257364921
Gate B1,full vs calendar-only,1453,-148914.60242181458
Gate B1,full vs calendar-only,1454,-148689.93396061566
Gate B1,full vs calendar-only,1455,-150505.95694224568
Gate B1,full vs calendar-only,1456,-148414.7378461737
Gate B1,full vs calendar-only,1457,-170013.3806571853
Gate B1,full vs calendar-only,1458,-144422.341332353
Gate B1,full vs calendar-only,1459,-176360.8900353631
Gate B1,full vs calendar-only,1460,-163012.1224378914
Gate B1,full vs calendar-only,1461,-125978.9836470069
Gate B1,full vs calendar-only,1462,-156711.9843811325
Gate B1,full vs calendar-only,1463,-136097.53611050785
Gate B1,full vs calendar-only,1464,-149977.7539576477
Gate B1,full vs calendar-only,1465,-142712.95278661823
Gate B1,full vs calendar-only,1466,-141488.65020437725
Gate B1,full vs calendar-only,1467,-142029.26172192083
Gate B1,full vs calendar-only,1468,-138579.8419711811
Gate B1,full vs calendar-only,1469,-172392.82013711237
Gate B1,full vs calendar-only,1470,-132233.42747366542
Gate B1,full vs calendar-only,1471,-171293.93640807935
Gate B1,full vs calendar-only,1472,-159033.28885560945
Gate B1,full vs calendar-only,1473,-147278.34735109925
Gate B1,full vs calendar-only,1474,-167515.62525782286
Gate B1,full vs calendar-only,1475,-131468.75359895625
Gate B1,full vs calendar-only,1476,-173951.83122092398
Gate B1,full vs calendar-only,1477,-158427.14595708932
Gate B1,full vs calendar-only,1478,-175614.1364211106
Gate B1,full vs calendar-only,1479,-139691.19873584408
Gate B1,full vs calendar-only,1480,-165013.0767325997
Gate B1,full vs calendar-only,1481,-165013.87301345542
Gate B1,full vs calendar-only,1482,-132607.01063933873
Gate B1,full vs calendar-only,1483,-171744.2794604117
Gate B1,full vs calendar-only,1484,-104461.69023057843
Gate B1,full vs calendar-only,1485,-174176.08367786923
Gate B1,full vs calendar-only,1486,-154871.30584347522
Gate B1,full vs calendar-only,1487,-167898.8456179778
Gate B1,full vs calendar-only,1488,-161011.95829317335
Gate B1,full vs calendar-only,1489,-144835.99664988177
Gate B1,full vs calendar-only,1490,-155396.99508882064
Gate B1,full vs calendar-only,1491,-159642.8015692606
Gate B1,full vs calendar-only,1492,-163422.14001572452
Gate B1,full vs calendar-only,1493,-166113.56975427934
Gate B1,full vs calendar-only,1494,-182631.38428232254
Gate B1,full vs calendar-only,1495,-166090.70678565034
Gate B1,full vs calendar-only,1496,-160567.72027017636
Gate B1,full vs calendar-only,1497,-155162.73518286966
Gate B1,full vs calendar-only,1498,-181540.53700491917
Gate B1,full vs calendar-only,1499,-130397.34745407279
Gate B1,full vs calendar-only,1500,-147456.8292991998
Gate B1,full vs calendar-only,1501,-112860.65055893474
Gate B1,full vs calendar-only,1502,-146614.5373091738
Gate B1,full vs calendar-only,1503,-133852.22690676543
Gate B1,full vs calendar-only,1504,-147846.67804147545
Gate B1,full vs calendar-only,1505,-122898.01209691266
Gate B1,full vs calendar-only,1506,-139182.6455065054
Gate B1,full vs calendar-only,1507,-160326.93924707902
Gate B1,full vs calendar-only,1508,-159364.6742343979
Gate B1,full vs calendar-only,1509,-167621.05486760678
Gate B1,full vs calendar-only,1510,-138061.81215629165
Gate B1,full vs calendar-only,1511,-189637.21757033607
Gate B1,full vs calendar-only,1512,-126164.70997433597
Gate B1,full vs calendar-only,1513,-160152.17839450104
Gate B1,full vs calendar-only,1514,-158301.61022660366
Gate B1,full vs calendar-only,1515,-159534.68180664483
Gate B1,full vs calendar-only,1516,-134956.8022256993
Gate B1,full vs calendar-only,1517,-151617.607058083
Gate B1,full vs calendar-only,1518,-152458.10563565907
Gate B1,full vs calendar-only,1519,-180954.83307731117
Gate B1,full vs calendar-only,1520,-118388.2322365777
Gate B1,full vs calendar-only,1521,-131380.02214881306
Gate B1,full vs calendar-only,1522,-142175.46391570513
Gate B1,full vs calendar-only,1523,-163057.1183456027
Gate B1,full vs calendar-only,1524,-128985.13070566737
Gate B1,full vs calendar-only,1525,-128379.97750205509
Gate B1,full vs calendar-only,1526,-148782.86165828386
Gate B1,full vs calendar-only,1527,-131677.03769560828
Gate B1,full vs calendar-only,1528,-161052.6671252899
Gate B1,full vs calendar-only,1529,-110306.35368029475
Gate B1,full vs calendar-only,1530,-136089.52828796825
Gate B1,full vs calendar-only,1531,-167009.04864948324
Gate B1,full vs calendar-only,1532,-151761.28440854157
Gate B1,full vs calendar-only,1533,-144154.97823453427
Gate B1,full vs calendar-only,1534,-165266.10168310316
Gate B1,full vs calendar-only,1535,-131326.6345807977
Gate B1,full vs calendar-only,1536,-157696.47677263955
Gate B1,full vs calendar-only,1537,-151010.3097989998
Gate B1,full vs calendar-only,1538,-159023.36525425286
Gate B1,full vs calendar-only,1539,-134893.31653985527
Gate B1,full vs calendar-only,1540,-162627.12292326998
Gate B1,full vs calendar-only,1541,-134112.2822257895
Gate B1,full vs calendar-only,1542,-186112.64578336716
Gate B1,full vs calendar-only,1543,-163175.5033114722
Gate B1,full vs calendar-only,1544,-128879.51827360662
Gate B1,full vs calendar-only,1545,-161367.3192079849
Gate B1,full vs calendar-only,1546,-119826.11837151814
Gate B1,full vs calendar-only,1547,-126203.9327581617
Gate B1,full vs calendar-only,1548,-144965.69221580378
Gate B1,full vs calendar-only,1549,-168419.8266745169
Gate B1,full vs calendar-only,1550,-165263.95623788494
Gate B1,full vs calendar-only,1551,-153922.06337008183
Gate B1,full vs calendar-only,1552,-171960.12037219657
Gate B1,full vs calendar-only,1553,-111844.37387377983
Gate B1,full vs calendar-only,1554,-152515.1913935282
Gate B1,full vs calendar-only,1555,-178414.92122786152
Gate B1,full vs calendar-only,1556,-158595.60753324517
Gate B1,full vs calendar-only,1557,-194120.47495527723
Gate B1,full vs calendar-only,1558,-142796.84495686542
Gate B1,full vs calendar-only,1559,-195479.7525748202
Gate B1,full vs calendar-only,1560,-162113.9089801159
Gate B1,full vs calendar-only,1561,-112116.43221981179
Gate B1,full vs calendar-only,1562,-115574.18270214844
Gate B1,full vs calendar-only,1563,-126200.73687438646
Gate B1,full vs calendar-only,1564,-121456.29848454864
Gate B1,full vs calendar-only,1565,-165813.5578726825
Gate B1,full vs calendar-only,1566,-148910.49143861525
Gate B1,full vs calendar-only,1567,-159299.97214205458
Gate B1,full vs calendar-only,1568,-156202.39008898867
Gate B1,full vs calendar-only,1569,-145013.09847187158
Gate B1,full vs calendar-only,1570,-150445.09040146793
Gate B1,full vs calendar-only,1571,-131014.426791808
Gate B1,full vs calendar-only,1572,-175768.22061016163
Gate B1,full vs calendar-only,1573,-156417.32690421242
Gate B1,full vs calendar-only,1574,-160503.06123748704
Gate B1,full vs calendar-only,1575,-156248.8354317014
Gate B1,full vs calendar-only,1576,-173712.14373093907
Gate B1,full vs calendar-only,1577,-179687.27547003204
Gate B1,full vs calendar-only,1578,-150172.01817455344
Gate B1,full vs calendar-only,1579,-136067.33437613153
Gate B1,full vs calendar-only,1580,-129373.05654170716
Gate B1,full vs calendar-only,1581,-138639.9176839472
Gate B1,full vs calendar-only,1582,-147964.19638457513
Gate B1,full vs calendar-only,1583,-136038.1104550859
Gate B1,full vs calendar-only,1584,-146306.70288517996
Gate B1,full vs calendar-only,1585,-136968.90536127007
Gate B1,full vs calendar-only,1586,-143313.43726972182
Gate B1,full vs calendar-only,1587,-144268.1386254505
Gate B1,full vs calendar-only,1588,-165133.5578179435
Gate B1,full vs calendar-only,1589,-179569.98027703943
Gate B1,full vs calendar-only,1590,-156335.38221179275
Gate B1,full vs calendar-only,1591,-121591.85076435491
Gate B1,full vs calendar-only,1592,-160989.14470241882
Gate B1,full vs calendar-only,1593,-138036.33394833247
Gate B1,full vs calendar-only,1594,-155022.5656616732
Gate B1,full vs calendar-only,1595,-117551.57105107297
Gate B1,full vs calendar-only,1596,-166114.55727763276
Gate B1,full vs calendar-only,1597,-118003.50751271787
Gate B1,full vs calendar-only,1598,-148101.61429367284
Gate B1,full vs calendar-only,1599,-173445.3318680587
Gate B1,full vs calendar-only,1600,-166752.5199288798
Gate B1,full vs calendar-only,1601,-156152.8452630859
Gate B1,full vs calendar-only,1602,-178919.97941207854
Gate B1,full vs calendar-only,1603,-152886.08004537207
Gate B1,full vs calendar-only,1604,-128988.67436385226
Gate B1,full vs calendar-only,1605,-172692.53942249573
Gate B1,full vs calendar-only,1606,-139219.16095723846
Gate B1,full vs calendar-only,1607,-163615.3817353225
Gate B1,full vs calendar-only,1608,-155827.35866829433
Gate B1,full vs calendar-only,1609,-160087.41917092475
Gate B1,full vs calendar-only,1610,-180084.30850334227
Gate B1,full vs calendar-only,1611,-143637.90689178323
Gate B1,full vs calendar-only,1612,-145350.86603441797
Gate B1,full vs calendar-only,1613,-126666.28791466201
Gate B1,full vs calendar-only,1614,-155879.79718027278
Gate B1,full vs calendar-only,1615,-127050.73725366467
Gate B1,full vs calendar-only,1616,-145411.3624618636
Gate B1,full vs calendar-only,1617,-153124.61457630995
Gate B1,full vs calendar-only,1618,-128552.43944651446
Gate B1,full vs calendar-only,1619,-168658.0309543715
Gate B1,full vs calendar-only,1620,-131743.385732623
Gate B1,full vs calendar-only,1621,-144774.97185069986
Gate B1,full vs calendar-only,1622,-172876.0456955354
Gate B1,full vs calendar-only,1623,-146472.8863548303
Gate B1,full vs calendar-only,1624,-169291.20983493445
Gate B1,full vs calendar-only,1625,-159019.00245559472
Gate B1,full vs calendar-only,1626,-121310.73038761514
Gate B1,full vs calendar-only,1627,-170415.2542234307
Gate B1,full vs calendar-only,1628,-131455.1073662726
Gate B1,full vs calendar-only,1629,-137413.60441171887
Gate B1,full vs calendar-only,1630,-149879.300985714
Gate B1,full vs calendar-only,1631,-176830.19653024967
Gate B1,full vs calendar-only,1632,-171114.28623930644
Gate B1,full vs calendar-only,1633,-177580.29246199608
Gate B1,full vs calendar-only,1634,-143277.72226960256
Gate B1,full vs calendar-only,1635,-181906.12306856143
Gate B1,full vs calendar-only,1636,-170267.88973940053
Gate B1,full vs calendar-only,1637,-134046.9326284058
Gate B1,full vs calendar-only,1638,-123314.07961822038
Gate B1,full vs calendar-only,1639,-134585.82826228807
Gate B1,full vs calendar-only,1640,-111404.70481408633
Gate B1,full vs calendar-only,1641,-130623.09088372975
Gate B1,full vs calendar-only,1642,-156537.12009748278
Gate B1,full vs calendar-only,1643,-171281.84255030396
Gate B1,full vs calendar-only,1644,-184688.46699421457
Gate B1,full vs calendar-only,1645,-153776.73576210742
Gate B1,full vs calendar-only,1646,-122868.6277638068
Gate B1,full vs calendar-only,1647,-128340.01195301296
Gate B1,full vs calendar-only,1648,-183913.405107197
Gate B1,full vs calendar-only,1649,-152497.66667336674
Gate B1,full vs calendar-only,1650,-124203.52056574942
Gate B1,full vs calendar-only,1651,-154321.5150515745
Gate B1,full vs calendar-only,1652,-135309.8013037067
Gate B1,full vs calendar-only,1653,-181228.03324484
Gate B1,full vs calendar-only,1654,-156348.26039031646
Gate B1,full vs calendar-only,1655,-130483.50628441248
Gate B1,full vs calendar-only,1656,-162462.0485504188
Gate B1,full vs calendar-only,1657,-149777.2489560292
Gate B1,full vs calendar-only,1658,-164319.39734132044
Gate B1,full vs calendar-only,1659,-120025.28224888194
Gate B1,full vs calendar-only,1660,-152828.5528509563
Gate B1,full vs calendar-only,1661,-151792.31510828756
Gate B1,full vs calendar-only,1662,-165043.1015265645
Gate B1,full vs calendar-only,1663,-136890.38017669512
Gate B1,full vs calendar-only,1664,-155487.17401463282
Gate B1,full vs calendar-only,1665,-174550.43483194942
Gate B1,full vs calendar-only,1666,-140407.6036549119
Gate B1,full vs calendar-only,1667,-165312.898293924
Gate B1,full vs calendar-only,1668,-183637.8442609862
Gate B1,full vs calendar-only,1669,-150304.76992918242
Gate B1,full vs calendar-only,1670,-126322.27008087772
Gate B1,full vs calendar-only,1671,-131122.52041548095
Gate B1,full vs calendar-only,1672,-135268.42302529828
Gate B1,full vs calendar-only,1673,-153904.2908377805
Gate B1,full vs calendar-only,1674,-163034.90855341643
Gate B1,full vs calendar-only,1675,-183524.4725819888
Gate B1,full vs calendar-only,1676,-169727.10875617966
Gate B1,full vs calendar-only,1677,-167015.56834606253
Gate B1,full vs calendar-only,1678,-160165.14141972683
Gate B1,full vs calendar-only,1679,-145633.10959127508
Gate B1,full vs calendar-only,1680,-152856.41805048933
Gate B1,full vs calendar-only,1681,-163809.15522909898
Gate B1,full vs calendar-only,1682,-150026.83672668767
Gate B1,full vs calendar-only,1683,-144824.9031461248
Gate B1,full vs calendar-only,1684,-172506.74489680148
Gate B1,full vs calendar-only,1685,-144533.2137705725
Gate B1,full vs calendar-only,1686,-148535.80849018996
Gate B1,full vs calendar-only,1687,-163793.96240432555
Gate B1,full vs calendar-only,1688,-176016.67456033098
Gate B1,full vs calendar-only,1689,-145482.39921007922
Gate B1,full vs calendar-only,1690,-132869.2050896712
Gate B1,full vs calendar-only,1691,-161326.22609755938
Gate B1,full vs calendar-only,1692,-154857.78352966104
Gate B1,full vs calendar-only,1693,-160377.38880252844
Gate B1,full vs calendar-only,1694,-154747.99883204623
Gate B1,full vs calendar-only,1695,-189613.31084897392
Gate B1,full vs calendar-only,1696,-116494.43245031536
Gate B1,full vs calendar-only,1697,-128708.27093057235
Gate B1,full vs calendar-only,1698,-172961.63686785274
Gate B1,full vs calendar-only,1699,-160954.25688768644
Gate B1,full vs calendar-only,1700,-145697.6774438708
Gate B1,full vs calendar-only,1701,-160260.5569076402
Gate B1,full vs calendar-only,1702,-132058.59255778132
Gate B1,full vs calendar-only,1703,-160645.27421619446
Gate B1,full vs calendar-only,1704,-151857.0531424542
Gate B1,full vs calendar-only,1705,-131081.15860154887
Gate B1,full vs calendar-only,1706,-141977.2669258113
Gate B1,full vs calendar-only,1707,-116361.28754586352
Gate B1,full vs calendar-only,1708,-156147.25894791947
Gate B1,full vs calendar-only,1709,-150241.8904677658
Gate B1,full vs calendar-only,1710,-167725.12595250018
Gate B1,full vs calendar-only,1711,-165133.41087907946
Gate B1,full vs calendar-only,1712,-149369.9746233274
Gate B1,full vs calendar-only,1713,-123595.61281269781
Gate B1,full vs calendar-only,1714,-185442.81114762044
Gate B1,full vs calendar-only,1715,-173034.07321854314
Gate B1,full vs calendar-only,1716,-150604.4661615509
Gate B1,full vs calendar-only,1717,-164047.25829053178
Gate B1,full vs calendar-only,1718,-138442.5442692119
Gate B1,full vs calendar-only,1719,-168473.95749488327
Gate B1,full vs calendar-only,1720,-146164.81730264222
Gate B1,full vs calendar-only,1721,-156826.45272416057
Gate B1,full vs calendar-only,1722,-187632.07053060833
Gate B1,full vs calendar-only,1723,-153231.4124791125
Gate B1,full vs calendar-only,1724,-183665.86994530997
Gate B1,full vs calendar-only,1725,-165787.08145606605
Gate B1,full vs calendar-only,1726,-156280.09159575508
Gate B1,full vs calendar-only,1727,-155505.05660933012
Gate B1,full vs calendar-only,1728,-170800.7327820368
Gate B1,full vs calendar-only,1729,-159725.92816363683
Gate B1,full vs calendar-only,1730,-179820.07146102545
Gate B1,full vs calendar-only,1731,-126014.67913929728
Gate B1,full vs calendar-only,1732,-160088.67742951174
Gate B1,full vs calendar-only,1733,-151860.24277083616
Gate B1,full vs calendar-only,1734,-151483.88190986207
Gate B1,full vs calendar-only,1735,-152318.8410356679
Gate B1,full vs calendar-only,1736,-161229.58801817143
Gate B1,full vs calendar-only,1737,-131180.51323370117
Gate B1,full vs calendar-only,1738,-160125.4537364891
Gate B1,full vs calendar-only,1739,-149678.9608988826
Gate B1,full vs calendar-only,1740,-177221.010722846
Gate B1,full vs calendar-only,1741,-169686.86724973487
Gate B1,full vs calendar-only,1742,-152072.1931324128
Gate B1,full vs calendar-only,1743,-164090.36904240822
Gate B1,full vs calendar-only,1744,-154891.80387345928
Gate B1,full vs calendar-only,1745,-146534.65310270447
Gate B1,full vs calendar-only,1746,-152947.5142271446
Gate B1,full vs calendar-only,1747,-161417.74186583117
Gate B1,full vs calendar-only,1748,-171780.30828291687
Gate B1,full vs calendar-only,1749,-159539.9447782875
Gate B1,full vs calendar-only,1750,-163880.0178329908
Gate B1,full vs calendar-only,1751,-129986.6501299054
Gate B1,full vs calendar-only,1752,-163922.65186825802
Gate B1,full vs calendar-only,1753,-131618.8862268427
Gate B1,full vs calendar-only,1754,-148529.8028028104
Gate B1,full vs calendar-only,1755,-143084.84259880375
Gate B1,full vs calendar-only,1756,-177189.95852474708
Gate B1,full vs calendar-only,1757,-166735.85689480492
Gate B1,full vs calendar-only,1758,-159879.93764248813
Gate B1,full vs calendar-only,1759,-170769.96090014192
Gate B1,full vs calendar-only,1760,-144477.98965401592
Gate B1,full vs calendar-only,1761,-136225.56620349595
Gate B1,full vs calendar-only,1762,-150118.77542260077
Gate B1,full vs calendar-only,1763,-151587.6227201051
Gate B1,full vs calendar-only,1764,-123305.3374139691
Gate B1,full vs calendar-only,1765,-156409.77634957043
Gate B1,full vs calendar-only,1766,-146815.07670554653
Gate B1,full vs calendar-only,1767,-167671.49523874576
Gate B1,full vs calendar-only,1768,-185008.82133575223
Gate B1,full vs calendar-only,1769,-148525.51286101918
Gate B1,full vs calendar-only,1770,-171275.32108692927
Gate B1,full vs calendar-only,1771,-154862.8041278914
Gate B1,full vs calendar-only,1772,-141682.9518131992
Gate B1,full vs calendar-only,1773,-165182.74008266476
Gate B1,full vs calendar-only,1774,-161478.2143226103
Gate B1,full vs calendar-only,1775,-144484.14027593192
Gate B1,full vs calendar-only,1776,-167418.26690877147
Gate B1,full vs calendar-only,1777,-184898.06726036422
Gate B1,full vs calendar-only,1778,-146064.42022998823
Gate B1,full vs calendar-only,1779,-138537.66852833703
Gate B1,full vs calendar-only,1780,-133655.58016901067
Gate B1,full vs calendar-only,1781,-164935.65016609943
Gate B1,full vs calendar-only,1782,-158005.8747239777
Gate B1,full vs calendar-only,1783,-140000.7309404646
Gate B1,full vs calendar-only,1784,-125244.94899252812
Gate B1,full vs calendar-only,1785,-152096.3340537527
Gate B1,full vs calendar-only,1786,-173735.3034368788
Gate B1,full vs calendar-only,1787,-141965.7537485864
Gate B1,full vs calendar-only,1788,-145392.26390917384
Gate B1,full vs calendar-only,1789,-127217.48398041935
Gate B1,full vs calendar-only,1790,-138833.80543703306
Gate B1,full vs calendar-only,1791,-147906.1830034225
Gate B1,full vs calendar-only,1792,-177887.25406028418
Gate B1,full vs calendar-only,1793,-162645.50434871775
Gate B1,full vs calendar-only,1794,-182848.84185030757
Gate B1,full vs calendar-only,1795,-135513.10295905278
Gate B1,full vs calendar-only,1796,-143943.273360994
Gate B1,full vs calendar-only,1797,-146766.89180321925
Gate B1,full vs calendar-only,1798,-152344.74485421358
Gate B1,full vs calendar-only,1799,-157651.81529149588
Gate B1,full vs calendar-only,1800,-156233.78112485816
Gate B1,full vs calendar-only,1801,-149546.4138119701
Gate B1,full vs calendar-only,1802,-136792.14547143094
Gate B1,full vs calendar-only,1803,-178836.59400086603
Gate B1,full vs calendar-only,1804,-133446.8545961316
Gate B1,full vs calendar-only,1805,-145865.28816869546
Gate B1,full vs calendar-only,1806,-136665.6538956337
Gate B1,full vs calendar-only,1807,-159040.2471962641
Gate B1,full vs calendar-only,1808,-157852.13646044425
Gate B1,full vs calendar-only,1809,-143984.90922866238
Gate B1,full vs calendar-only,1810,-146237.0103595656
Gate B1,full vs calendar-only,1811,-138899.5498936313
Gate B1,full vs calendar-only,1812,-145490.53182465147
Gate B1,full vs calendar-only,1813,-150096.44400397735
Gate B1,full vs calendar-only,1814,-146964.42280759453
Gate B1,full vs calendar-only,1815,-139630.00115258814
Gate B1,full vs calendar-only,1816,-185740.9731580185
Gate B1,full vs calendar-only,1817,-187285.53973730927
Gate B1,full vs calendar-only,1818,-174015.16307408529
Gate B1,full vs calendar-only,1819,-160624.71063546147
Gate B1,full vs calendar-only,1820,-154696.32043454892
Gate B1,full vs calendar-only,1821,-142134.47526967863
Gate B1,full vs calendar-only,1822,-149040.57910418662
Gate B1,full vs calendar-only,1823,-152221.96376055165
Gate B1,full vs calendar-only,1824,-171804.18719770364
Gate B1,full vs calendar-only,1825,-121048.84039390812
Gate B1,full vs calendar-only,1826,-146031.5806920611
Gate B1,full vs calendar-only,1827,-175246.892398066
Gate B1,full vs calendar-only,1828,-163897.0989884918
Gate B1,full vs calendar-only,1829,-125482.12345145793
Gate B1,full vs calendar-only,1830,-156050.0047676639
Gate B1,full vs calendar-only,1831,-161172.4704946273
Gate B1,full vs calendar-only,1832,-144608.60804151985
Gate B1,full vs calendar-only,1833,-174314.98577735547
Gate B1,full vs calendar-only,1834,-132320.02221026126
Gate B1,full vs calendar-only,1835,-142642.7379977111
Gate B1,full vs calendar-only,1836,-147850.87975148458
Gate B1,full vs calendar-only,1837,-138448.92050066142
Gate B1,full vs calendar-only,1838,-170143.8916483581
Gate B1,full vs calendar-only,1839,-145958.79157688434
Gate B1,full vs calendar-only,1840,-140780.20039388048
Gate B1,full vs calendar-only,1841,-184965.73742589395
Gate B1,full vs calendar-only,1842,-159454.75701130548
Gate B1,full vs calendar-only,1843,-129543.543545646
Gate B1,full vs calendar-only,1844,-152580.93699363724
Gate B1,full vs calendar-only,1845,-180317.5230699845
Gate B1,full vs calendar-only,1846,-133744.332202163
Gate B1,full vs calendar-only,1847,-180959.0852285263
Gate B1,full vs calendar-only,1848,-137658.3764633069
Gate B1,full vs calendar-only,1849,-186711.5736954225
Gate B1,full vs calendar-only,1850,-172718.3217765929
Gate B1,full vs calendar-only,1851,-137892.9933508672
Gate B1,full vs calendar-only,1852,-160110.34233272335
Gate B1,full vs calendar-only,1853,-155301.03405802493
Gate B1,full vs calendar-only,1854,-190293.5718532873
Gate B1,full vs calendar-only,1855,-115135.75206025541
Gate B1,full vs calendar-only,1856,-141766.36810868164
Gate B1,full vs calendar-only,1857,-147933.76752649056
Gate B1,full vs calendar-only,1858,-150147.37204883256
Gate B1,full vs calendar-only,1859,-171270.44530545984
Gate B1,full vs calendar-only,1860,-176065.63305355198
Gate B1,full vs calendar-only,1861,-156138.44021384622
Gate B1,full vs calendar-only,1862,-151265.04643687714
Gate B1,full vs calendar-only,1863,-180000.26834763537
Gate B1,full vs calendar-only,1864,-159067.81965184837
Gate B1,full vs calendar-only,1865,-164242.56963524327
Gate B1,full vs calendar-only,1866,-144261.2327132541
Gate B1,full vs calendar-only,1867,-144757.9015206378
Gate B1,full vs calendar-only,1868,-172061.15742763263
Gate B1,full vs calendar-only,1869,-140733.2808785432
Gate B1,full vs calendar-only,1870,-137509.38093780584
Gate B1,full vs calendar-only,1871,-133094.87558370671
Gate B1,full vs calendar-only,1872,-141640.95178497213
Gate B1,full vs calendar-only,1873,-129625.5780217827
Gate B1,full vs calendar-only,1874,-163881.12576535204
Gate B1,full vs calendar-only,1875,-145404.06235123362
Gate B1,full vs calendar-only,1876,-156375.22645186007
Gate B1,full vs calendar-only,1877,-145689.84369075074
Gate B1,full vs calendar-only,1878,-153085.48117365054
Gate B1,full vs calendar-only,1879,-136659.6299875261
Gate B1,full vs calendar-only,1880,-133528.1683388166
Gate B1,full vs calendar-only,1881,-164534.04026768246
Gate B1,full vs calendar-only,1882,-116731.19999440321
Gate B1,full vs calendar-only,1883,-150738.07255773048
Gate B1,full vs calendar-only,1884,-166995.80402135948
Gate B1,full vs calendar-only,1885,-173090.0444716147
Gate B1,full vs calendar-only,1886,-160033.23101871362
Gate B1,full vs calendar-only,1887,-162521.72771694342
Gate B1,full vs calendar-only,1888,-146705.60240089084
Gate B1,full vs calendar-only,1889,-153103.35823607433
Gate B1,full vs calendar-only,1890,-166786.87811065657
Gate B1,full vs calendar-only,1891,-172719.57294195355
Gate B1,full vs calendar-only,1892,-165691.3214908127
Gate B1,full vs calendar-only,1893,-182140.1593619545
Gate B1,full vs calendar-only,1894,-176962.81466589324
Gate B1,full vs calendar-only,1895,-144026.5603132737
Gate B1,full vs calendar-only,1896,-148592.97834216672
Gate B1,full vs calendar-only,1897,-145130.77590478415
Gate B1,full vs calendar-only,1898,-138847.3117759523
Gate B1,full vs calendar-only,1899,-165638.33699500593
Gate B1,full vs calendar-only,1900,-166204.68688086595
Gate B1,full vs calendar-only,1901,-140788.55207214341
Gate B1,full vs calendar-only,1902,-160751.914512331
Gate B1,full vs calendar-only,1903,-128377.5770827264
Gate B1,full vs calendar-only,1904,-156368.0174709531
Gate B1,full vs calendar-only,1905,-153597.5719653254
Gate B1,full vs calendar-only,1906,-130162.02458986013
Gate B1,full vs calendar-only,1907,-135512.140550735
Gate B1,full vs calendar-only,1908,-166360.71209977206
Gate B1,full vs calendar-only,1909,-151998.62496197893
Gate B1,full vs calendar-only,1910,-167185.5482340792
Gate B1,full vs calendar-only,1911,-148403.06143238448
Gate B1,full vs calendar-only,1912,-154287.2459307434
Gate B1,full vs calendar-only,1913,-126953.47827523663
Gate B1,full vs calendar-only,1914,-168745.95630738843
Gate B1,full vs calendar-only,1915,-122720.23690403638
Gate B1,full vs calendar-only,1916,-113639.34089538762
Gate B1,full vs calendar-only,1917,-154016.20228419997
Gate B1,full vs calendar-only,1918,-153994.84561305356
Gate B1,full vs calendar-only,1919,-165787.1438688358
Gate B1,full vs calendar-only,1920,-138980.71468970543
Gate B1,full vs calendar-only,1921,-153947.96600424362
Gate B1,full vs calendar-only,1922,-134481.6787956194
Gate B1,full vs calendar-only,1923,-146777.75908118288
Gate B1,full vs calendar-only,1924,-160425.1733395951
Gate B1,full vs calendar-only,1925,-153431.9926367785
Gate B1,full vs calendar-only,1926,-164245.29619103367
Gate B1,full vs calendar-only,1927,-143731.592287182
Gate B1,full vs calendar-only,1928,-127229.11296016765
Gate B1,full vs calendar-only,1929,-144245.6259472819
Gate B1,full vs calendar-only,1930,-148403.4623766503
Gate B1,full vs calendar-only,1931,-135941.61419379362
Gate B1,full vs calendar-only,1932,-159629.8983926343
Gate B1,full vs calendar-only,1933,-150167.18439658577
Gate B1,full vs calendar-only,1934,-123267.88768015674
Gate B1,full vs calendar-only,1935,-136299.75937549997
Gate B1,full vs calendar-only,1936,-150671.91676735214
Gate B1,full vs calendar-only,1937,-145088.08991660475
Gate B1,full vs calendar-only,1938,-135774.72336928884
Gate B1,full vs calendar-only,1939,-147107.00171782792
Gate B1,full vs calendar-only,1940,-147355.5008775426
Gate B1,full vs calendar-only,1941,-136687.43467680848
Gate B1,full vs calendar-only,1942,-160239.26772304194
Gate B1,full vs calendar-only,1943,-156751.02706242527
Gate B1,full vs calendar-only,1944,-133267.47341174434
Gate B1,full vs calendar-only,1945,-161287.5439537328
Gate B1,full vs calendar-only,1946,-144807.22481613298
Gate B1,full vs calendar-only,1947,-135841.11390265275
Gate B1,full vs calendar-only,1948,-131032.75074382595
Gate B1,full vs calendar-only,1949,-171277.49119236827
Gate B1,full vs calendar-only,1950,-154148.76318588777
Gate B1,full vs calendar-only,1951,-143852.96489011234
Gate B1,full vs calendar-only,1952,-124235.75036399443
Gate B1,full vs calendar-only,1953,-147711.50694137413
Gate B1,full vs calendar-only,1954,-170348.20635442325
Gate B1,full vs calendar-only,1955,-150612.056115829
Gate B1,full vs calendar-only,1956,-156506.91621529814
Gate B1,full vs calendar-only,1957,-142271.8076993652
Gate B1,full vs calendar-only,1958,-163123.82152795081
Gate B1,full vs calendar-only,1959,-160465.44173962012
Gate B1,full vs calendar-only,1960,-146611.68580311988
Gate B1,full vs calendar-only,1961,-144226.19683383475
Gate B1,full vs calendar-only,1962,-130056.90016839364
Gate B1,full vs calendar-only,1963,-129085.58812168242
Gate B1,full vs calendar-only,1964,-143407.7656506524
Gate B1,full vs calendar-only,1965,-161975.122208559
Gate B1,full vs calendar-only,1966,-150072.25041029984
Gate B1,full vs calendar-only,1967,-163322.71654006065
Gate B1,full vs calendar-only,1968,-151150.78471812766
Gate B1,full vs calendar-only,1969,-151708.49308004742
Gate B1,full vs calendar-only,1970,-131350.81140192418
Gate B1,full vs calendar-only,1971,-171916.75265831233
Gate B1,full vs calendar-only,1972,-149726.28427241772
Gate B1,full vs calendar-only,1973,-183922.35732316805
Gate B1,full vs calendar-only,1974,-175856.43432307412
Gate B1,full vs calendar-only,1975,-139085.50434595175
Gate B1,full vs calendar-only,1976,-136829.17592871777
Gate B1,full vs calendar-only,1977,-150745.19023956265
Gate B1,full vs calendar-only,1978,-157977.91805251688
Gate B1,full vs calendar-only,1979,-187558.92862876138
Gate B1,full vs calendar-only,1980,-162615.82200695292
Gate B1,full vs calendar-only,1981,-142148.89326786832
Gate B1,full vs calendar-only,1982,-150890.01812876778
Gate B1,full vs calendar-only,1983,-153176.31632486294
Gate B1,full vs calendar-only,1984,-133282.20572207592
Gate B1,full vs calendar-only,1985,-143190.3231929026
Gate B1,full vs calendar-only,1986,-155983.5811631553
Gate B1,full vs calendar-only,1987,-186483.67295813927
Gate B1,full vs calendar-only,1988,-181227.17415947182
Gate B1,full vs calendar-only,1989,-148444.90848690562
Gate B1,full vs calendar-only,1990,-168008.425030699
Gate B1,full vs calendar-only,1991,-146804.4493696121
Gate B1,full vs calendar-only,1992,-150184.67430312897
Gate B1,full vs calendar-only,1993,-158472.3865760749
Gate B1,full vs calendar-only,1994,-158209.16415197338
Gate B1,full vs calendar-only,1995,-172078.45044881623
Gate B1,full vs calendar-only,1996,-126929.62704568669
Gate B1,full vs calendar-only,1997,-174959.4898532516
Gate B1,full vs calendar-only,1998,-146938.11771745843
Gate B1,full vs calendar-only,1999,-158295.5551761812
