replicate,sampled_years
0,2024|2024|2017|2025|2020|2021|2018|2020|2022|2020
1,2019|2017|2025|2021|2022|2019|2023|2018|2016|2016
2,2021|2020|2022|2019|2024|2024|2018|2020|2017|2023
3,2016|2017|2017|2021|2018|2022|2016|2019|2025|2023
4,2024|2025|2019|2025|2016|2018|2022|2022|2024|2025
5,2021|2017|2023|2024|2019|2021|2018|2024|2020|2023
6,2023|2016|2018|2020|2016|2025|2025|2018|2017|2021
7,2025|2016|2021|2023|2020|2019|2024|2020|2019|2025
8,2024|2019|2025|2019|2025|2024|2019|2021|2025|2017
9,2019|2021|2021|2019|2017|2025|2022|2016|2019|2024
10,2022|2022|2020|2022|2021|2018|2020|2021|2018|2017
11,2024|2023|2024|2018|2021|2020|2022|2021|2020|2021
12,2025|2023|2019|2016|2017|2023|2020|2018|2025|2025
13,2018|2021|2017|2020|2025|2019|2023|2018|2020|2017
14,2016|2023|2024|2020|2024|2022|2019|2022|2023|2020
15,2024|2019|2024|2019|2024|2016|2017|2020|2017|2024
16,2022|2022|2016|2023|2017|2016|2022|2018|2021|2019
17,2023|2023|2016|2019|2024|2018|2020|2019|2025|2018
18,2025|2016|2018|2019|2017|2025|2022|2020|2017|2022
19,2018|2021|2024|2024|2021|2021|2019|2018|2017|2016
20,2020|2017|2025|2016|2019|2018|2024|2020|2023|2025
21,2019|2021|2025|2024|2021|2023|2020|2023|2019|2019
22,2016|2019|2017|2016|2022|2025|2020|2022|2023|2017
23,2022|2017|2025|2016|2024|2022|2025|2016|2025|2016
24,2022|2019|2023|2016|2024|2019|2020|2021|2025|2017
25,2024|2025|2017|2023|2022|2020|2016|2024|2017|2018
26,2017|2020|2016|2017|2016|2020|2017|2019|2019|2017
27,2025|2023|2021|2017|2023|2019|2024|2020|2021|2019
28,2018|2024|2020|2017|2020|2025|2018|2023|2023|2019
29,2021|2021|2022|2019|2022|2021|2021|2021|2021|2016
30,2025|2016|2020|2019|2018|2018|2022|2019|2022|2016
31,2022|2016|2020|2019|2024|2023|2019|2024|2020|2018
32,2016|2019|2018|2025|2024|2019|2021|2017|2022|2020
33,2025|2016|2019|2022|2023|2024|2022|2022|2020|2025
34,2022|2021|2019|2025|2025|2019|2023|2020|2023|2024
35,2025|2021|2024|2019|2022|2025|2017|2018|2022|2020
36,2022|2018|2018|2016|2020|2025|2016|2016|2019|2021
37,2019|2017|2023|2018|2018|2025|2018|2016|2020|2016
38,2020|2021|2021|2020|2021|2017|2016|2017|2019|2019
39,2019|2023|2021|2023|2025|2022|2024|2016|2017|2025
40,2017|2022|2024|2016|2020|2016|2020|2025|2016|2017
41,2025|2016|2019|2016|2025|2018|2022|2020|2016|2019
42,2023|2018|2019|2022|2016|2025|2023|2020|2020|2016
43,2024|2022|2019|2025|2025|2019|2016|2023|2018|2021
44,2017|2017|2024|2018|2022|2023|2019|2016|2016|2023
45,2018|2021|2020|2025|2024|2021|2017|2020|2019|2019
46,2023|2025|2023|2022|2016|2019|2020|2025|2021|2019
47,2022|2025|2020|2020|2020|2021|2025|2022|2018|2016
48,2023|2025|2018|2024|2018|2020|2025|2025|2020|2020
49,2022|2019|2020|2016|2018|2023|2016|2016|2024|2025
50,2021|2025|2019|2017|2019|2020|2018|2019|2025|2020
51,2020|2023|2024|2024|2019|2020|2018|2024|2025|2022
52,2016|2019|2020|2025|2025|2016|2022|2016|2021|2025
53,2016|2016|2022|2018|2016|2017|2022|2024|2020|2016
54,2022|2021|2025|2018|2025|2018|2022|2019|2023|2021
55,2017|2016|2021|2016|2019|2020|2019|2019|2022|2019
56,2020|2020|2017|2022|2023|2019|2025|2016|2017|2024
57,2023|2023|2021|2016|2017|2016|2016|2019|2018|2018
58,2019|2020|2017|2019|2025|2017|2019|2021|2020|2020
59,2017|2017|2021|2016|2018|2021|2018|2021|2017|2024
60,2022|2021|2019|2016|2016|2021|2022|2025|2016|2017
61,2025|2024|2017|2016|2025|2017|2023|2024|2021|2017
62,2025|2017|2022|2017|2019|2023|2025|2025|2016|2019
63,2017|2022|2024|2025|2024|2023|2024|2016|2023|2016
64,2022|2019|2021|2016|2018|2021|2022|2023|2025|2017
65,2025|2022|2022|2025|2016|2024|2017|2025|2018|2016
66,2025|2023|2021|2022|2018|2023|2021|2019|2023|2016
67,2017|2021|2016|2024|2018|2023|2022|2020|2017|2023
68,2024|2025|2020|2018|2017|2022|2018|2022|2021|2025
69,2023|2018|2020|2019|2018|2018|2025|2016|2018|2022
70,2019|2022|2016|2025|2021|2024|2021|2024|2022|2025
71,2018|2018|2022|2022|2019|2025|2023|2018|2022|2016
72,2020|2017|2018|2017|2017|2020|2016|2018|2020|2017
73,2025|2020|2021|2016|2018|2018|2021|2021|2022|2017
74,2016|2019|2019|2021|2024|2019|2025|2017|2018|2019
75,2022|2017|2019|2025|2016|2025|2022|2017|2017|2017
76,2024|2024|2018|2020|2017|2016|2020|2016|2018|2019
77,2019|2019|2021|2016|2025|2025|2021|2016|2021|2024
78,2021|2025|2017|2019|2023|2024|2023|2025|2025|2020
79,2017|2021|2017|2025|2025|2022|2023|2016|2021|2016
80,2022|2019|2021|2022|2017|2025|2022|2019|2020|2018
81,2023|2019|2019|2021|2023|2017|2021|2019|2018|2017
82,2018|2021|2016|2024|2016|2023|2021|2023|2020|2023
83,2020|2018|2018|2021|2020|2019|2018|2016|2022|2023
84,2017|2018|2022|2019|2021|2025|2017|2022|2020|2021
85,2018|2021|2019|2016|2017|2019|2025|2017|2024|2020
86,2016|2018|2016|2024|2023|2020|2024|2024|2019|2020
87,2019|2016|2017|2017|2024|2018|2017|2019|2017|2021
88,2022|2017|2016|2024|2022|2017|2019|2022|2016|2018
89,2023|2019|2019|2021|2023|2020|2025|2025|2021|2025
90,2024|2019|2019|2024|2022|2020|2024|2019|2021|2025
91,2018|2021|2020|2021|2018|2023|2024|2016|2016|2022
92,2018|2024|2018|2022|2017|2016|2025|2021|2019|2023
93,2023|2025|2021|2025|2018|2020|2016|2021|2019|2017
94,2019|2023|2016|2023|2018|2022|2019|2018|2025|2018
95,2019|2017|2025|2021|2016|2022|2018|2022|2017|2020
96,2025|2018|2019|2025|2017|2016|2022|2017|2025|2019
97,2018|2016|2023|2023|2025|2017|2016|2018|2020|2019
98,2025|2017|2021|2021|2023|2022|2021|2017|2021|2017
99,2025|2023|2018|2018|2022|2019|2022|2019|2023|2020
100,2020|2022|2024|2016|2023|2016|2025|2020|2024|2019
101,2022|2018|2023|2025|2022|2016|2025|2017|2017|2018
102,2023|2023|2019|2024|2019|2023|2021|2019|2023|2019
103,2017|2019|2020|2016|2016|2025|2023|2017|2025|2017
104,2017|2024|2022|2019|2017|2017|2021|2018|2020|2021
105,2021|2021|2019|2018|2020|2025|2020|2023|2025|2023
106,2016|2025|2016|2016|2020|2024|2016|2023|2025|2025
107,2024|2022|2021|2021|2017|2023|2020|2019|2025|2025
108,2022|2023|2019|2020|2024|2017|2016|2020|2017|2020
109,2018|2020|2025|2018|2017|2017|2024|2018|2023|2021
110,2019|2017|2024|2023|2023|2016|2025|2016|2016|2020
111,2018|2021|2025|2017|2019|2025|2016|2022|2020|2025
112,2017|2025|2024|2022|2022|2016|2024|2017|2023|2018
113,2025|2021|2025|2023|2022|2018|2021|2019|2022|2025
114,2016|2020|2024|2019|2016|2019|2023|2022|2020|2021
115,2019|2018|2020|2024|2021|2025|2024|2019|2019|2019
116,2020|2021|2023|2017|2022|2016|2025|2019|2017|2022
117,2018|2025|2016|2020|2018|2024|2019|2019|2021|2021
118,2019|2021|2017|2016|2020|2025|2024|2017|2020|2024
119,2021|2019|2016|2020|2020|2016|2024|2018|2025|2022
120,2018|2022|2023|2025|2024|2025|2024|2019|2017|2016
121,2023|2021|2017|2018|2019|2024|2017|2016|2016|2017
122,2017|2016|2018|2021|2025|2018|2019|2018|2021|2024
123,2019|2025|2017|2021|2016|2022|2019|2023|2023|2025
124,2025|2025|2021|2017|2016|2018|2016|2024|2017|2022
125,2020|2024|2019|2016|2025|2022|2017|2020|2021|2017
126,2018|2023|2016|2021|2017|2019|2017|2020|2019|2024
127,2023|2018|2022|2025|2016|2025|2017|2022|2021|2018
128,2022|2023|2023|2022|2018|2022|2020|2019|2019|2016
129,2022|2022|2025|2018|2019|2024|2016|2018|2023|2017
130,2023|2021|2016|2019|2018|2022|2021|2025|2021|2018
131,2018|2021|2016|2017|2022|2023|2022|2022|2016|2022
132,2021|2017|2017|2017|2021|2024|2023|2018|2020|2018
133,2020|2020|2023|2019|2020|2019|2016|2018|2020|2017
134,2025|2019|2017|2024|2025|2018|2024|2017|2020|2018
135,2020|2019|2016|2022|2018|2021|2020|2019|2023|2016
136,2020|2024|2023|2025|2016|2016|2017|2023|2020|2025
137,2024|2021|2019|2018|2019|2018|2024|2017|2025|2021
138,2025|2019|2022|2017|2018|2023|2020|2019|2019|2016
139,2020|2018|2016|2021|2018|2018|2022|2020|2019|2021
140,2022|2021|2016|2023|2024|2017|2017|2022|2023|2020
141,2018|2025|2023|2016|2018|2017|2016|2020|2020|2016
142,2024|2023|2023|2023|2020|2025|2018|2019|2024|2022
143,2017|2018|2019|2018|2017|2020|2021|2017|2025|2023
144,2016|2024|2023|2020|2021|2017|2016|2021|2023|2020
145,2021|2019|2023|2018|2021|2021|2025|2018|2024|2016
146,2021|2018|2021|2025|2020|2020|2024|2025|2025|2022
147,2022|2025|2023|2017|2024|2025|2018|2025|2022|2024
148,2024|2018|2022|2017|2021|2020|2021|2023|2017|2020
149,2024|2017|2022|2025|2016|2019|2019|2021|2019|2018
150,2016|2019|2024|2021|2020|2017|2021|2020|2018|2021
151,2025|2019|2024|2021|2023|2024|2019|2025|2017|2019
152,2018|2024|2023|2023|2025|2022|2025|2023|2024|2023
153,2016|2025|2023|2024|2018|2021|2023|2025|2025|2022
154,2017|2022|2017|2022|2023|2023|2018|2020|2020|2023
155,2018|2021|2016|2022|2019|2017|2018|2025|2019|2018
156,2022|2021|2024|2019|2024|2021|2016|2016|2016|2023
157,2024|2023|2022|2024|2019|2023|2016|2020|2023|2020
158,2016|2018|2021|2019|2021|2017|2022|2022|2017|2019
159,2018|2025|2023|2025|2022|2020|2019|2024|2021|2017
160,2022|2017|2017|2019|2017|2021|2019|2019|2018|2019
161,2024|2016|2025|2022|2019|2022|2022|2019|2021|2025
162,2022|2025|2019|2021|2021|2016|2025|2017|2021|2023
163,2016|2024|2020|2021|2019|2020|2017|2020|2018|2022
164,2021|2019|2019|2016|2019|2018|2020|2021|2018|2019
165,2019|2020|2023|2017|2021|2022|2024|2019|2016|2023
166,2024|2025|2018|2017|2025|2024|2021|2018|2019|2017
167,2019|2024|2017|2020|2016|2019|2017|2018|2022|2017
168,2024|2018|2018|2016|2019|2020|2017|2021|2024|2021
169,2023|2022|2019|2020|2025|2020|2022|2019|2016|2023
170,2023|2025|2024|2022|2018|2017|2016|2017|2016|2025
171,2021|2025|2017|2021|2019|2020|2023|2021|2023|2020
172,2021|2019|2016|2019|2021|2021|2024|2025|2021|2017
173,2024|2024|2020|2019|2023|2025|2024|2018|2017|2017
174,2019|2023|2025|2025|2018|2021|2023|2021|2018|2020
175,2021|2017|2019|2023|2017|2016|2022|2020|2021|2019
176,2019|2020|2024|2016|2016|2023|2021|2016|2020|2017
177,2021|2017|2016|2023|2021|2016|2021|2016|2020|2019
178,2016|2024|2019|2017|2017|2022|2021|2025|2018|2024
179,2016|2021|2018|2017|2022|2021|2019|2020|2019|2019
180,2018|2021|2016|2017|2018|2025|2023|2025|2017|2019
181,2017|2017|2022|2019|2021|2021|2016|2019|2020|2024
182,2019|2022|2017|2017|2018|2019|2024|2023|2025|2016
183,2023|2018|2018|2021|2024|2024|2017|2019|2022|2021
184,2024|2020|2016|2022|2017|2023|2020|2019|2023|2019
185,2018|2025|2018|2021|2022|2021|2021|2023|2021|2025
186,2019|2019|2022|2018|2024|2021|2024|2022|2025|2019
187,2019|2017|2019|2022|2018|2025|2019|2022|2018|2024
188,2022|2023|2021|2016|2016|2018|2021|2019|2025|2025
189,2017|2025|2024|2021|2017|2024|2016|2018|2022|2025
190,2016|2024|2016|2020|2023|2016|2024|2022|2017|2021
191,2020|2020|2022|2019|2023|2016|2021|2017|2017|2019
192,2019|2021|2016|2023|2020|2018|2020|2016|2020|2024
193,2019|2025|2022|2021|2020|2021|2018|2023|2017|2022
194,2016|2019|2020|2021|2018|2020|2025|2025|2021|2024
195,2017|2020|2019|2023|2025|2025|2017|2019|2024|2020
196,2021|2023|2019|2017|2022|2022|2019|2016|2020|2025
197,2019|2019|2018|2018|2024|2023|2024|2025|2018|2022
198,2017|2019|2024|2024|2019|2023|2016|2020|2022|2016
199,2019|2020|2023|2023|2019|2021|2017|2016|2022|2018
200,2024|2019|2020|2018|2022|2019|2022|2017|2019|2022
201,2025|2017|2019|2017|2019|2017|2020|2025|2025|2023
202,2018|2025|2017|2016|2022|2025|2022|2020|2024|2025
203,2016|2016|2024|2022|2018|2017|2020|2020|2017|2023
204,2017|2020|2024|2023|2017|2022|2023|2021|2019|2019
205,2020|2019|2017|2020|2025|2020|2025|2017|2018|2017
206,2021|2016|2017|2020|2023|2020|2025|2023|2020|2025
207,2020|2025|2025|2017|2025|2019|2022|2025|2016|2025
208,2017|2020|2024|2017|2016|2024|2017|2024|2024|2025
209,2025|2017|2025|2022|2018|2024|2025|2017|2019|2020
210,2017|2016|2023|2021|2024|2017|2025|2024|2019|2017
211,2025|2024|2022|2018|2023|2022|2020|2023|2021|2023
212,2024|2021|2017|2024|2025|2018|2025|2025|2023|2025
213,2024|2024|2020|2025|2017|2018|2025|2022|2020|2018
214,2021|2019|2024|2019|2024|2017|2016|2016|2022|2019
215,2023|2016|2019|2025|2020|2020|2024|2019|2022|2024
216,2019|2018|2016|2020|2020|2020|2018|2021|2025|2025
217,2023|2022|2024|2024|2021|2020|2018|2019|2016|2023
218,2017|2017|2020|2019|2022|2016|2018|2017|2022|2024
219,2019|2017|2018|2025|2020|2023|2023|2018|2023|2021
220,2021|2021|2024|2017|2024|2020|2017|2018|2023|2021
221,2023|2017|2024|2024|2018|2016|2016|2024|2020|2017
222,2022|2018|2023|2020|2023|2018|2020|2023|2025|2022
223,2016|2016|2019|2019|2017|2025|2025|2018|2018|2018
224,2018|2018|2025|2021|2019|2017|2019|2020|2023|2021
225,2020|2019|2019|2021|2023|2021|2025|2017|2025|2017
226,2022|2021|2025|2024|2022|2019|2019|2018|2016|2025
227,2019|2020|2016|2018|2022|2020|2023|2020|2016|2022
228,2022|2021|2024|2020|2023|2022|2021|2016|2025|2021
229,2023|2024|2020|2023|2024|2018|2019|2024|2019|2018
230,2025|2023|2021|2021|2016|2025|2021|2020|2019|2018
231,2019|2024|2019|2016|2023|2018|2022|2024|2020|2018
232,2023|2023|2017|2025|2023|2021|2025|2020|2022|2024
233,2019|2018|2019|2020|2024|2025|2018|2021|2017|2018
234,2020|2025|2019|2021|2024|2016|2019|2022|2022|2016
235,2021|2017|2022|2018|2017|2019|2018|2018|2023|2025
236,2020|2023|2018|2017|2022|2016|2017|2021|2017|2024
237,2021|2019|2022|2024|2022|2021|2020|2021|2019|2020
238,2017|2022|2024|2022|2017|2024|2021|2019|2023|2020
239,2024|2020|2020|2020|2019|2019|2025|2023|2017|2019
240,2021|2024|2024|2021|2017|2024|2024|2024|2025|2022
241,2018|2023|2025|2016|2016|2016|2021|2017|2017|2025
242,2024|2020|2021|2020|2018|2018|2025|2022|2017|2019
243,2018|2022|2020|2019|2021|2017|2016|2021|2018|2018
244,2018|2021|2019|2017|2023|2019|2025|2022|2025|2020
245,2023|2023|2021|2016|2025|2021|2018|2021|2019|2022
246,2019|2017|2023|2018|2020|2018|2023|2023|2017|2017
247,2020|2018|2025|2017|2023|2022|2018|2019|2020|2024
248,2025|2023|2018|2024|2022|2023|2023|2025|2020|2023
249,2016|2022|2019|2023|2025|2019|2016|2025|2021|2020
250,2025|2016|2024|2019|2017|2016|2016|2019|2020|2020
251,2020|2023|2020|2018|2025|2024|2018|2023|2017|2021
252,2017|2017|2023|2025|2024|2023|2021|2023|2023|2022
253,2022|2024|2025|2021|2019|2022|2021|2021|2016|2021
254,2016|2019|2023|2016|2020|2023|2016|2022|2017|2018
255,2024|2017|2016|2016|2022|2024|2019|2020|2022|2021
256,2021|2022|2017|2025|2018|2024|2016|2017|2025|2025
257,2016|2023|2020|2025|2021|2025|2020|2016|2017|2021
258,2025|2020|2016|2020|2023|2021|2025|2021|2025|2024
259,2018|2018|2017|2020|2023|2020|2017|2017|2024|2022
260,2020|2025|2016|2019|2020|2021|2025|2020|2024|2019
261,2025|2018|2019|2019|2024|2024|2024|2024|2019|2020
262,2016|2017|2018|2022|2025|2025|2022|2020|2023|2016
263,2016|2024|2019|2024|2017|2021|2018|2016|2020|2025
264,2023|2019|2024|2025|2020|2025|2022|2018|2019|2022
265,2017|2025|2019|2019|2018|2019|2022|2020|2021|2018
266,2019|2017|2023|2018|2019|2020|2024|2022|2021|2021
267,2017|2020|2025|2024|2017|2016|2017|2016|2016|2022
268,2017|2025|2016|2017|2017|2020|2018|2025|2018|2018
269,2024|2025|2018|2022|2022|2016|2021|2024|2022|2025
270,2018|2017|2020|2019|2019|2025|2025|2025|2020|2024
271,2017|2024|2021|2020|2025|2020|2025|2023|2023|2022
272,2020|2024|2018|2023|2016|2017|2024|2020|2025|2021
273,2025|2016|2020|2022|2025|2020|2019|2018|2023|2017
274,2019|2021|2023|2017|2023|2020|2023|2016|2018|2019
275,2024|2020|2021|2023|2018|2023|2016|2024|2021|2024
276,2020|2022|2019|2023|2023|2021|2024|2021|2019|2023
277,2017|2025|2018|2020|2025|2022|2017|2024|2016|2017
278,2020|2022|2022|2023|2018|2024|2024|2023|2021|2021
279,2020|2019|2016|2024|2020|2019|2018|2024|2021|2020
280,2017|2020|2025|2017|2021|2023|2017|2022|2024|2017
281,2022|2018|2021|2022|2020|2025|2018|2021|2024|2025
282,2023|2025|2021|2023|2023|2019|2024|2016|2023|2024
283,2018|2022|2017|2022|2017|2019|2020|2018|2018|2021
284,2021|2018|2025|2021|2016|2018|2020|2021|2017|2022
285,2020|2023|2023|2022|2018|2022|2020|2024|2020|2016
286,2019|2024|2021|2025|2023|2022|2017|2022|2025|2016
287,2022|2024|2025|2018|2019|2022|2021|2022|2025|2021
288,2024|2020|2022|2016|2017|2024|2020|2020|2020|2021
289,2025|2016|2022|2016|2019|2018|2017|2023|2017|2019
290,2020|2023|2020|2017|2023|2024|2017|2022|2022|2020
291,2024|2021|2018|2018|2025|2017|2022|2019|2016|2018
292,2017|2025|2020|2017|2018|2024|2022|2023|2016|2024
293,2016|2019|2023|2020|2018|2017|2025|2022|2025|2020
294,2017|2023|2023|2016|2025|2022|2023|2021|2020|2021
295,2019|2024|2020|2021|2021|2022|2021|2021|2024|2022
296,2024|2022|2022|2021|2018|2021|2024|2021|2025|2020
297,2017|2021|2022|2018|2021|2019|2024|2025|2017|2018
298,2018|2020|2022|2018|2019|2021|2019|2017|2017|2017
299,2025|2024|2016|2023|2024|2025|2018|2016|2025|2020
300,2017|2025|2017|2019|2021|2017|2024|2023|2025|2022
301,2020|2022|2021|2016|2021|2022|2025|2023|2025|2023
302,2020|2017|2022|2023|2021|2018|2025|2019|2023|2017
303,2021|2021|2020|2025|2020|2016|2024|2020|2025|2018
304,2023|2023|2022|2020|2022|2019|2022|2021|2018|2017
305,2017|2019|2020|2019|2017|2020|2024|2018|2017|2018
306,2020|2019|2024|2025|2025|2016|2023|2019|2020|2016
307,2024|2019|2023|2018|2019|2021|2017|2019|2019|2024
308,2020|2018|2021|2022|2022|2022|2019|2016|2017|2024
309,2020|2019|2024|2017|2018|2020|2021|2025|2017|2020
310,2016|2024|2017|2016|2018|2025|2019|2018|2017|2023
311,2022|2023|2017|2021|2022|2024|2024|2024|2025|2019
312,2023|2022|2020|2021|2019|2019|2022|2025|2023|2018
313,2017|2021|2021|2019|2021|2024|2019|2020|2020|2022
314,2022|2017|2016|2020|2017|2018|2023|2019|2021|2020
315,2025|2017|2019|2023|2020|2017|2020|2019|2017|2018
316,2020|2017|2019|2025|2021|2017|2020|2025|2020|2018
317,2022|2016|2019|2025|2023|2021|2018|2023|2018|2016
318,2019|2021|2024|2025|2025|2025|2020|2020|2023|2023
319,2021|2024|2020|2021|2019|2017|2018|2016|2017|2025
320,2020|2021|2021|2016|2020|2017|2025|2022|2025|2024
321,2018|2016|2017|2019|2025|2018|2021|2021|2024|2020
322,2018|2021|2018|2022|2025|2018|2017|2024|2023|2019
323,2025|2019|2017|2021|2019|2021|2024|2022|2021|2020
324,2025|2022|2023|2020|2022|2019|2023|2020|2024|2017
325,2019|2016|2025|2020|2024|2021|2021|2021|2025|2016
326,2025|2022|2022|2016|2024|2016|2020|2020|2018|2019
327,2022|2019|2016|2025|2020|2017|2020|2019|2017|2022
328,2017|2023|2017|2017|2016|2018|2025|2016|2021|2016
329,2017|2025|2021|2022|2018|2018|2023|2016|2023|2021
330,2019|2024|2019|2021|2024|2018|2023|2016|2021|2022
331,2024|2017|2018|2018|2020|2023|2022|2021|2020|2021
332,2023|2021|2024|2017|2025|2016|2024|2020|2020|2025
333,2025|2023|2018|2020|2019|2022|2020|2025|2017|2025
334,2022|2025|2024|2021|2022|2022|2021|2022|2016|2021
335,2016|2023|2016|2017|2022|2019|2021|2020|2020|2021
336,2022|2016|2017|2023|2019|2025|2025|2019|2022|2016
337,2024|2022|2021|2025|2021|2024|2017|2023|2022|2019
338,2018|2020|2023|2024|2023|2019|2025|2018|2016|2022
339,2020|2023|2016|2016|2025|2023|2018|2020|2024|2024
340,2024|2024|2022|2023|2020|2019|2016|2020|2020|2021
341,2017|2024|2024|2016|2022|2018|2018|2017|2018|2025
342,2022|2020|2022|2024|2020|2023|2022|2024|2019|2020
343,2018|2016|2017|2024|2018|2016|2016|2019|2024|2018
344,2023|2024|2024|2023|2025|2023|2024|2018|2021|2019
345,2017|2018|2020|2025|2021|2023|2023|2020|2020|2024
346,2024|2023|2016|2022|2021|2017|2022|2025|2023|2025
347,2016|2018|2016|2024|2017|2025|2022|2023|2021|2021
348,2025|2016|2019|2019|2025|2020|2025|2017|2017|2021
349,2017|2019|2017|2024|2017|2017|2021|2016|2017|2022
350,2023|2024|2023|2023|2016|2021|2023|2023|2025|2025
351,2018|2025|2019|2025|2020|2025|2021|2017|2023|2023
352,2017|2020|2023|2023|2025|2025|2016|2019|2017|2022
353,2018|2017|2018|2016|2023|2018|2020|2025|2025|2019
354,2020|2019|2017|2018|2025|2022|2025|2018|2021|2024
355,2023|2020|2016|2024|2020|2016|2016|2017|2023|2025
356,2020|2025|2025|2025|2016|2022|2021|2018|2017|2018
357,2025|2024|2016|2019|2025|2024|2017|2020|2017|2020
358,2019|2025|2018|2023|2024|2017|2016|2019|2018|2021
359,2016|2020|2022|2024|2020|2016|2021|2017|2016|2024
360,2025|2018|2017|2019|2025|2020|2021|2022|2022|2024
361,2023|2020|2018|2016|2018|2022|2017|2025|2017|2018
362,2016|2025|2021|2023|2025|2018|2023|2025|2020|2021
363,2021|2022|2025|2016|2020|2019|2017|2017|2016|2019
364,2023|2022|2016|2023|2023|2024|2025|2019|2024|2017
365,2019|2022|2020|2025|2021|2022|2022|2017|2022|2019
366,2019|2025|2020|2025|2018|2019|2025|2016|2016|2022
367,2018|2023|2025|2018|2022|2024|2024|2023|2017|2017
368,2017|2019|2020|2021|2017|2024|2019|2019|2020|2023
369,2017|2023|2016|2018|2022|2025|2020|2018|2016|2017
370,2017|2020|2016|2020|2016|2023|2020|2021|2020|2024
371,2024|2023|2017|2021|2017|2021|2019|2023|2020|2018
372,2022|2024|2018|2019|2022|2017|2024|2019|2020|2020
373,2017|2019|2017|2025|2023|2022|2021|2023|2024|2023
374,2018|2024|2016|2017|2022|2022|2020|2021|2023|2016
375,2017|2016|2023|2023|2024|2024|2023|2022|2017|2017
376,2021|2021|2021|2021|2016|2025|2017|2022|2018|2020
377,2023|2024|2020|2017|2022|2017|2016|2023|2023|2024
378,2017|2018|2021|2021|2022|2018|2025|2022|2025|2021
379,2020|2016|2023|2024|2020|2019|2018|2021|2022|2024
380,2023|2024|2025|2025|2017|2022|2024|2019|2016|2018
381,2019|2019|2016|2017|2024|2022|2025|2020|2021|2020
382,2020|2025|2023|2020|2023|2024|2023|2025|2020|2023
383,2021|2017|2019|2020|2025|2016|2025|2022|2020|2020
384,2021|2021|2025|2023|2020|2025|2025|2019|2024|2025
385,2019|2023|2025|2024|2017|2022|2017|2024|2024|2018
386,2025|2018|2017|2024|2022|2019|2020|2019|2017|2023
387,2018|2016|2017|2021|2025|2020|2022|2025|2022|2021
388,2023|2024|2018|2024|2017|2018|2020|2022|2023|2017
389,2018|2025|2022|2024|2021|2025|2018|2020|2018|2020
390,2019|2021|2016|2016|2017|2022|2017|2018|2019|2017
391,2024|2020|2017|2025|2018|2021|2021|2018|2024|2020
392,2021|2024|2017|2023|2023|2025|2022|2024|2021|2024
393,2018|2020|2024|2021|2022|2025|2021|2019|2025|2025
394,2020|2025|2019|2017|2023|2017|2024|2016|2022|2022
395,2019|2020|2022|2023|2016|2016|2020|2016|2020|2017
396,2018|2019|2023|2023|2016|2019|2021|2022|2025|2018
397,2023|2016|2023|2023|2020|2024|2018|2021|2020|2018
398,2021|2016|2017|2022|2025|2019|2018|2017|2022|2022
399,2019|2023|2018|2021|2019|2024|2017|2025|2022|2020
400,2024|2023|2018|2017|2025|2019|2023|2016|2021|2023
401,2016|2017|2021|2020|2022|2022|2019|2018|2024|2023
402,2023|2023|2017|2022|2018|2019|2019|2023|2017|2018
403,2016|2020|2018|2024|2025|2017|2021|2022|2017|2021
404,2016|2016|2016|2021|2016|2019|2017|2017|2025|2021
405,2021|2024|2023|2017|2024|2023|2022|2024|2017|2025
406,2019|2016|2019|2022|2017|2019|2021|2017|2023|2022
407,2020|2021|2023|2016|2016|2019|2021|2024|2020|2017
408,2022|2025|2018|2019|2020|2017|2021|2025|2025|2021
409,2021|2020|2018|2019|2016|2022|2024|2024|2017|2022
410,2016|2022|2024|2017|2018|2020|2019|2021|2018|2017
411,2021|2024|2025|2024|2025|2022|2024|2022|2019|2025
412,2018|2021|2016|2019|2018|2021|2016|2019|2024|2023
413,2023|2025|2019|2023|2017|2022|2019|2022|2018|2021
414,2022|2018|2018|2016|2017|2022|2023|2022|2016|2024
415,2020|2025|2022|2025|2016|2023|2019|2025|2018|2017
416,2021|2016|2016|2016|2018|2018|2016|2018|2024|2021
417,2023|2019|2019|2017|2022|2023|2017|2017|2023|2020
418,2018|2022|2022|2017|2016|2024|2023|2022|2025|2016
419,2023|2021|2023|2024|2016|2017|2020|2020|2020|2024
420,2018|2018|2021|2022|2024|2019|2022|2018|2016|2021
421,2023|2018|2018|2023|2022|2020|2019|2017|2018|2025
422,2021|2019|2021|2022|2024|2021|2020|2020|2017|2022
423,2017|2024|2016|2017|2025|2020|2017|2023|2025|2018
424,2024|2025|2020|2019|2018|2023|2016|2018|2018|2016
425,2021|2023|2020|2018|2017|2022|2024|2017|2025|2019
426,2020|2016|2018|2017|2025|2016|2025|2018|2021|2021
427,2016|2025|2024|2025|2022|2024|2024|2020|2024|2016
428,2023|2023|2017|2024|2023|2017|2017|2023|2020|2017
429,2016|2023|2019|2016|2021|2021|2016|2018|2018|2024
430,2021|2024|2023|2020|2022|2021|2024|2024|2020|2020
431,2019|2017|2018|2018|2020|2018|2018|2024|2022|2025
432,2021|2016|2020|2020|2019|2019|2019|2025|2024|2017
433,2017|2022|2016|2023|2017|2016|2021|2020|2024|2022
434,2025|2016|2016|2022|2017|2017|2020|2024|2019|2023
435,2020|2025|2021|2023|2022|2018|2017|2020|2023|2018
436,2021|2023|2024|2021|2023|2017|2020|2017|2021|2016
437,2020|2019|2017|2025|2019|2016|2022|2020|2016|2025
438,2025|2025|2020|2025|2022|2018|2021|2021|2018|2019
439,2021|2018|2023|2023|2016|2023|2018|2020|2020|2023
440,2017|2021|2021|2019|2023|2019|2018|2018|2025|2020
441,2022|2023|2024|2021|2022|2022|2024|2022|2024|2022
442,2016|2021|2020|2020|2023|2020|2020|2018|2020|2019
443,2022|2023|2017|2023|2017|2017|2023|2023|2022|2016
444,2024|2024|2017|2016|2021|2021|2018|2018|2025|2021
445,2022|2024|2018|2022|2019|2020|2025|2021|2020|2025
446,2023|2025|2022|2021|2022|2020|2018|2023|2020|2016
447,2019|2024|2023|2022|2023|2023|2023|2025|2018|2019
448,2024|2024|2017|2025|2019|2022|2019|2019|2018|2025
449,2022|2025|2025|2016|2021|2021|2021|2017|2023|2021
450,2019|2016|2025|2017|2025|2017|2023|2025|2021|2021
451,2019|2016|2025|2022|2018|2017|2017|2025|2023|2025
452,2021|2017|2024|2018|2021|2016|2018|2020|2020|2017
453,2024|2017|2022|2017|2017|2025|2016|2017|2018|2025
454,2019|2022|2024|2016|2021|2019|2025|2021|2017|2018
455,2022|2019|2016|2017|2024|2017|2017|2016|2023|2019
456,2020|2017|2023|2021|2016|2020|2020|2018|2021|2024
457,2020|2024|2021|2025|2021|2017|2017|2023|2017|2018
458,2019|2021|2025|2017|2023|2018|2016|2020|2018|2020
459,2018|2016|2021|2025|2023|2019|2019|2019|2017|2022
460,2021|2019|2019|2016|2022|2022|2020|2022|2016|2023
461,2022|2016|2017|2018|2019|2022|2024|2020|2022|2024
462,2022|2021|2019|2021|2022|2020|2017|2019|2024|2021
463,2023|2018|2024|2017|2018|2025|2023|2025|2022|2019
464,2022|2025|2023|2022|2020|2019|2025|2020|2024|2024
465,2024|2017|2023|2016|2021|2022|2024|2018|2019|2022
466,2016|2017|2021|2024|2024|2019|2018|2025|2022|2020
467,2016|2021|2017|2020|2016|2023|2022|2020|2022|2020
468,2023|2017|2023|2023|2021|2025|2019|2021|2018|2022
469,2018|2025|2024|2024|2025|2021|2023|2022|2021|2022
470,2025|2020|2016|2023|2022|2020|2023|2022|2019|2018
471,2020|2016|2020|2019|2020|2020|2023|2023|2017|2018
472,2020|2025|2018|2019|2021|2018|2018|2016|2016|2021
473,2022|2023|2020|2025|2020|2017|2020|2017|2017|2019
474,2025|2018|2017|2016|2023|2021|2025|2025|2017|2022
475,2025|2016|2019|2024|2019|2024|2023|2016|2024|2018
476,2023|2017|2021|2024|2022|2017|2017|2018|2018|2023
477,2019|2018|2018|2025|2019|2025|2024|2022|2024|2016
478,2019|2025|2022|2017|2016|2021|2021|2017|2024|2018
479,2018|2017|2016|2020|2019|2022|2016|2016|2017|2024
480,2024|2022|2022|2017|2019|2022|2024|2024|2025|2016
481,2016|2018|2022|2025|2018|2016|2022|2016|2022|2018
482,2019|2024|2018|2016|2016|2022|2016|2021|2023|2018
483,2022|2022|2025|2024|2022|2023|2021|2023|2017|2023
484,2018|2020|2023|2024|2025|2021|2016|2020|2024|2024
485,2022|2019|2023|2024|2025|2020|2024|2020|2019|2016
486,2017|2023|2018|2022|2023|2017|2023|2024|2019|2021
487,2018|2023|2019|2016|2021|2020|2020|2025|2023|2017
488,2023|2025|2017|2021|2025|2022|2017|2025|2019|2020
489,2025|2019|2017|2025|2020|2019|2018|2019|2019|2022
490,2019|2023|2022|2024|2023|2024|2023|2017|2018|2025
491,2018|2025|2022|2018|2024|2025|2018|2023|2016|2020
492,2016|2016|2024|2021|2023|2017|2025|2020|2025|2017
493,2024|2020|2016|2019|2017|2017|2016|2021|2016|2024
494,2020|2018|2025|2019|2024|2024|2017|2018|2020|2024
495,2023|2023|2024|2016|2018|2022|2019|2025|2021|2024
496,2016|2022|2016|2025|2021|2022|2024|2023|2020|2024
497,2018|2022|2021|2018|2019|2018|2025|2016|2024|2017
498,2023|2017|2018|2020|2017|2021|2021|2016|2016|2025
499,2023|2021|2025|2025|2017|2022|2019|2019|2025|2019
500,2018|2019|2023|2025|2021|2025|2016|2024|2020|2024
501,2024|2018|2017|2022|2019|2025|2017|2023|2019|2024
502,2017|2023|2016|2017|2020|2018|2023|2021|2021|2024
503,2021|2018|2024|2016|2023|2022|2025|2023|2018|2024
504,2022|2023|2022|2019|2020|2018|2023|2023|2017|2023
505,2024|2021|2019|2023|2022|2021|2018|2018|2024|2025
506,2021|2016|2019|2021|2023|2016|2019|2021|2017|2023
507,2018|2024|2022|2025|2023|2024|2020|2016|2020|2022
508,2018|2022|2019|2024|2020|2022|2017|2016|2023|2019
509,2018|2024|2016|2018|2024|2025|2025|2019|2018|2019
510,2022|2019|2024|2025|2025|2019|2018|2017|2020|2020
511,2017|2017|2016|2025|2017|2024|2023|2016|2022|2019
512,2021|2019|2019|2020|2021|2025|2017|2022|2025|2017
513,2019|2016|2018|2020|2021|2022|2025|2022|2019|2018
514,2020|2018|2023|2025|2024|2024|2021|2023|2020|2023
515,2020|2022|2016|2019|2025|2020|2018|2018|2017|2023
516,2025|2024|2021|2018|2025|2019|2023|2020|2018|2020
517,2019|2025|2024|2022|2020|2024|2025|2021|2016|2021
518,2016|2023|2024|2022|2017|2025|2020|2016|2020|2025
519,2019|2019|2020|2019|2023|2019|2025|2020|2020|2023
520,2025|2018|2020|2017|2022|2025|2018|2022|2024|2022
521,2020|2016|2019|2017|2021|2018|2020|2023|2017|2022
522,2023|2022|2022|2019|2017|2016|2020|2025|2017|2020
523,2023|2020|2018|2022|2023|2024|2020|2025|2020|2020
524,2024|2022|2025|2025|2022|2018|2018|2018|2024|2019
525,2017|2019|2024|2017|2024|2024|2021|2023|2018|2016
526,2020|2017|2016|2021|2023|2017|2025|2021|2018|2022
527,2022|2021|2018|2025|2019|2025|2020|2024|2016|2021
528,2021|2017|2019|2024|2016|2016|2018|2025|2016|2018
529,2025|2024|2023|2016|2025|2019|2019|2023|2017|2018
530,2016|2022|2024|2022|2021|2020|2016|2020|2024|2020
531,2018|2016|2018|2016|2025|2022|2021|2024|2023|2024
532,2021|2022|2019|2019|2018|2017|2019|2017|2016|2025
533,2019|2022|2020|2018|2018|2024|2023|2024|2016|2025
534,2020|2024|2018|2021|2018|2023|2024|2025|2019|2016
535,2018|2020|2017|2021|2018|2017|2024|2023|2017|2023
536,2016|2019|2016|2020|2022|2021|2025|2024|2023|2019
537,2024|2025|2025|2017|2024|2016|2016|2019|2018|2019
538,2020|2016|2016|2022|2018|2021|2020|2020|2017|2020
539,2018|2022|2022|2018|2021|2021|2016|2021|2023|2024
540,2022|2018|2016|2022|2025|2016|2021|2018|2024|2016
541,2024|2022|2023|2016|2023|2024|2019|2020|2025|2024
542,2019|2024|2021|2017|2019|2017|2023|2022|2016|2017
543,2021|2025|2019|2021|2018|2019|2021|2025|2021|2019
544,2017|2019|2023|2023|2017|2024|2020|2016|2022|2020
545,2016|2019|2020|2019|2025|2022|2018|2017|2016|2018
546,2018|2020|2017|2020|2023|2016|2024|2016|2018|2018
547,2024|2016|2016|2024|2017|2021|2024|2024|2017|2020
548,2017|2016|2019|2017|2020|2024|2023|2020|2020|2023
549,2025|2020|2022|2024|2019|2017|2020|2021|2023|2023
550,2024|2022|2018|2020|2020|2019|2018|2021|2017|2023
551,2023|2025|2021|2023|2021|2022|2025|2016|2019|2024
552,2022|2016|2022|2020|2023|2021|2023|2024|2020|2022
553,2023|2018|2022|2017|2018|2018|2021|2024|2022|2017
554,2019|2021|2017|2025|2025|2016|2017|2022|2016|2018
555,2025|2020|2020|2025|2024|2021|2025|2025|2019|2020
556,2022|2019|2018|2017|2021|2017|2020|2020|2017|2018
557,2020|2020|2025|2024|2019|2016|2023|2022|2023|2020
558,2024|2021|2024|2019|2017|2023|2019|2022|2022|2017
559,2018|2022|2021|2017|2017|2019|2019|2023|2017|2025
560,2017|2022|2024|2024|2020|2025|2020|2017|2021|2018
561,2017|2023|2018|2020|2017|2023|2016|2016|2019|2019
562,2022|2019|2021|2018|2023|2023|2021|2021|2018|2024
563,2016|2016|2024|2016|2021|2022|2016|2019|2019|2016
564,2016|2017|2020|2022|2024|2019|2016|2025|2021|2023
565,2025|2020|2025|2019|2018|2022|2022|2018|2020|2024
566,2021|2021|2018|2019|2019|2024|2025|2016|2024|2025
567,2023|2016|2019|2019|2016|2022|2025|2025|2020|2017
568,2019|2021|2022|2016|2019|2022|2022|2018|2021|2025
569,2017|2023|2018|2019|2025|2016|2020|2016|2023|2025
570,2019|2022|2024|2020|2017|2025|2020|2018|2023|2022
571,2019|2016|2016|2025|2017|2016|2023|2023|2022|2020
572,2021|2024|2016|2024|2020|2016|2017|2020|2022|2021
573,2021|2024|2022|2016|2016|2025|2020|2020|2024|2018
574,2016|2021|2025|2021|2018|2021|2020|2018|2020|2024
575,2021|2017|2022|2021|2023|2021|2017|2019|2023|2020
576,2017|2024|2021|2025|2018|2020|2020|2022|2022|2019
577,2020|2020|2021|2017|2022|2021|2018|2020|2016|2021
578,2019|2021|2025|2019|2019|2017|2025|2023|2019|2020
579,2025|2024|2019|2020|2021|2019|2022|2016|2020|2022
580,2018|2023|2022|2018|2024|2022|2022|2021|2021|2019
581,2021|2024|2019|2025|2022|2019|2023|2017|2016|2021
582,2018|2020|2022|2022|2016|2021|2025|2022|2023|2016
583,2023|2023|2021|2021|2022|2017|2018|2016|2016|2020
584,2024|2023|2021|2025|2018|2020|2021|2017|2019|2020
585,2024|2018|2016|2017|2020|2017|2023|2018|2021|2022
586,2022|2021|2023|2025|2025|2021|2022|2019|2018|2021
587,2017|2021|2025|2019|2023|2019|2024|2020|2020|2016
588,2016|2019|2017|2023|2024|2025|2022|2023|2020|2024
589,2017|2021|2017|2025|2019|2018|2021|2023|2019|2021
590,2020|2016|2024|2017|2018|2017|2019|2022|2017|2021
591,2019|2018|2022|2023|2022|2020|2023|2024|2025|2022
592,2019|2020|2022|2024|2018|2024|2024|2021|2021|2023
593,2020|2017|2025|2020|2016|2018|2020|2018|2017|2022
594,2025|2021|2020|2022|2018|2017|2020|2018|2024|2021
595,2024|2022|2019|2022|2020|2021|2021|2025|2020|2024
596,2023|2024|2022|2024|2021|2017|2023|2017|2019|2020
597,2023|2020|2024|2019|2023|2018|2018|2023|2021|2018
598,2021|2017|2019|2024|2022|2016|2024|2025|2020|2020
599,2016|2018|2025|2025|2024|2025|2021|2021|2016|2020
600,2025|2023|2024|2017|2023|2017|2023|2022|2024|2021
601,2017|2025|2016|2022|2023|2024|2021|2021|2022|2017
602,2021|2018|2018|2016|2021|2020|2020|2023|2024|2021
603,2025|2017|2018|2022|2020|2025|2017|2019|2018|2021
604,2019|2019|2016|2020|2024|2024|2021|2018|2025|2018
605,2019|2016|2019|2024|2017|2021|2017|2017|2018|2019
606,2016|2022|2019|2019|2017|2021|2024|2019|2018|2016
607,2016|2019|2017|2025|2022|2025|2021|2018|2019|2023
608,2018|2021|2020|2023|2024|2021|2020|2016|2025|2024
609,2023|2022|2025|2021|2021|2022|2022|2022|2021|2021
610,2025|2017|2021|2018|2020|2020|2023|2020|2020|2022
611,2022|2021|2019|2016|2023|2020|2021|2017|2023|2019
612,2020|2017|2018|2023|2024|2020|2022|2018|2022|2021
613,2022|2023|2018|2021|2022|2017|2024|2025|2025|2016
614,2022|2019|2022|2016|2022|2023|2023|2025|2017|2019
615,2025|2023|2018|2020|2023|2016|2024|2022|2021|2019
616,2024|2022|2021|2019|2021|2019|2016|2023|2024|2019
617,2023|2025|2017|2018|2019|2022|2016|2019|2016|2020
618,2016|2016|2018|2018|2023|2018|2017|2024|2016|2021
619,2024|2019|2025|2025|2020|2020|2023|2022|2016|2019
620,2024|2024|2020|2022|2019|2019|2018|2021|2023|2018
621,2022|2024|2018|2018|2020|2017|2022|2022|2022|2025
622,2017|2025|2017|2020|2023|2016|2018|2020|2019|2023
623,2017|2017|2017|2019|2022|2024|2025|2022|2017|2019
624,2024|2021|2019|2017|2020|2016|2024|2024|2016|2024
625,2023|2021|2016|2023|2017|2023|2022|2024|2025|2017
626,2019|2017|2017|2022|2023|2022|2021|2016|2016|2023
627,2018|2021|2019|2019|2024|2021|2023|2025|2022|2023
628,2019|2020|2023|2019|2025|2019|2020|2019|2021|2025
629,2016|2024|2024|2017|2024|2017|2021|2024|2021|2018
630,2020|2023|2019|2023|2025|2023|2024|2019|2018|2020
631,2025|2017|2025|2016|2020|2020|2025|2023|2023|2021
632,2017|2025|2018|2025|2022|2020|2018|2018|2024|2018
633,2020|2021|2019|2022|2016|2018|2018|2023|2019|2017
634,2017|2021|2017|2025|2016|2021|2019|2025|2018|2019
635,2024|2020|2019|2017|2016|2024|2018|2023|2024|2019
636,2016|2016|2018|2021|2024|2021|2017|2025|2019|2019
637,2021|2022|2024|2023|2025|2023|2024|2016|2020|2016
638,2019|2017|2025|2021|2023|2022|2023|2019|2023|2017
639,2018|2020|2016|2017|2019|2019|2018|2016|2016|2025
640,2020|2021|2021|2018|2025|2021|2019|2016|2025|2020
641,2021|2024|2025|2017|2022|2024|2016|2020|2020|2019
642,2024|2024|2018|2017|2024|2023|2022|2019|2022|2019
643,2024|2021|2024|2025|2020|2023|2025|2022|2025|2020
644,2024|2019|2016|2018|2018|2020|2023|2023|2019|2016
645,2017|2016|2017|2017|2021|2022|2018|2016|2017|2023
646,2017|2016|2021|2022|2019|2020|2022|2016|2022|2022
647,2023|2018|2023|2022|2017|2025|2017|2021|2023|2016
648,2022|2023|2016|2021|2022|2019|2025|2017|2022|2021
649,2021|2024|2024|2022|2021|2025|2024|2020|2018|2017
650,2022|2016|2024|2021|2017|2017|2016|2025|2020|2020
651,2018|2018|2025|2016|2022|2024|2021|2016|2019|2018
652,2025|2017|2017|2021|2023|2019|2023|2022|2018|2023
653,2019|2017|2016|2021|2018|2024|2025|2019|2021|2025
654,2024|2024|2016|2023|2017|2019|2024|2024|2016|2022
655,2022|2017|2017|2022|2023|2020|2017|2021|2016|2016
656,2021|2017|2025|2025|2021|2016|2024|2019|2023|2023
657,2025|2020|2021|2018|2020|2023|2019|2021|2020|2020
658,2018|2020|2017|2025|2025|2016|2022|2017|2016|2017
659,2021|2018|2024|2025|2024|2022|2017|2017|2023|2018
660,2020|2016|2019|2023|2017|2022|2025|2021|2020|2021
661,2018|2022|2023|2021|2018|2024|2017|2017|2022|2020
662,2019|2021|2018|2018|2017|2019|2018|2016|2022|2016
663,2016|2016|2020|2021|2021|2024|2023|2021|2018|2024
664,2022|2018|2020|2019|2018|2025|2023|2018|2025|2023
665,2016|2024|2025|2019|2024|2025|2018|2025|2018|2022
666,2024|2021|2017|2025|2024|2025|2020|2024|2024|2020
667,2022|2016|2023|2018|2021|2019|2017|2025|2019|2018
668,2020|2017|2019|2017|2018|2022|2022|2024|2021|2016
669,2025|2016|2022|2025|2016|2019|2024|2023|2019|2024
670,2020|2018|2016|2023|2016|2019|2016|2019|2024|2017
671,2019|2019|2020|2021|2019|2018|2025|2018|2018|2023
672,2024|2018|2022|2021|2017|2023|2024|2021|2016|2024
673,2017|2016|2025|2018|2025|2023|2022|2024|2018|2024
674,2022|2025|2019|2020|2023|2017|2022|2016|2021|2020
675,2025|2025|2020|2016|2024|2022|2023|2024|2024|2020
676,2019|2019|2024|2024|2024|2016|2025|2018|2023|2022
677,2024|2017|2020|2016|2017|2024|2024|2018|2020|2022
678,2022|2017|2020|2023|2021|2024|2021|2019|2020|2022
679,2018|2024|2017|2023|2023|2023|2019|2019|2025|2016
680,2017|2016|2025|2023|2019|2022|2023|2020|2019|2020
681,2020|2019|2020|2017|2020|2022|2025|2017|2016|2019
682,2020|2017|2019|2021|2018|2018|2020|2023|2022|2021
683,2025|2021|2017|2022|2017|2019|2025|2022|2020|2016
684,2017|2019|2020|2019|2018|2025|2022|2019|2021|2016
685,2020|2016|2024|2025|2025|2025|2019|2023|2024|2020
686,2024|2016|2025|2017|2023|2018|2023|2024|2024|2019
687,2017|2019|2022|2022|2019|2021|2022|2020|2017|2025
688,2018|2017|2020|2025|2023|2022|2021|2019|2020|2017
689,2016|2022|2019|2018|2024|2018|2019|2020|2020|2022
690,2019|2017|2021|2020|2021|2025|2021|2020|2021|2017
691,2019|2017|2022|2017|2018|2022|2018|2025|2024|2019
692,2016|2024|2024|2025|2024|2023|2023|2019|2020|2018
693,2022|2019|2023|2016|2025|2025|2021|2021|2022|2023
694,2021|2024|2018|2017|2018|2022|2021|2021|2019|2016
695,2021|2017|2025|2018|2024|2016|2018|2025|2024|2022
696,2025|2020|2019|2020|2020|2025|2017|2022|2022|2019
697,2016|2023|2021|2021|2024|2019|2025|2024|2021|2019
698,2021|2021|2019|2020|2019|2024|2018|2025|2022|2016
699,2016|2020|2025|2018|2017|2025|2024|2021|2021|2016
700,2021|2022|2016|2023|2018|2020|2025|2022|2016|2021
701,2019|2025|2022|2019|2024|2016|2017|2017|2018|2023
702,2017|2023|2025|2019|2025|2022|2021|2024|2016|2022
703,2019|2021|2016|2024|2017|2022|2022|2025|2016|2025
704,2019|2017|2016|2016|2021|2025|2025|2019|2025|2022
705,2024|2024|2017|2025|2021|2018|2022|2021|2019|2022
706,2022|2025|2017|2019|2023|2018|2022|2023|2019|2020
707,2019|2022|2022|2021|2016|2019|2018|2022|2020|2019
708,2020|2022|2017|2023|2018|2016|2016|2025|2022|2021
709,2021|2016|2021|2016|2025|2016|2020|2024|2019|2016
710,2018|2016|2019|2025|2017|2018|2019|2018|2020|2018
711,2025|2023|2022|2023|2020|2017|2016|2023|2017|2017
712,2018|2023|2022|2025|2016|2022|2019|2018|2020|2016
713,2017|2020|2022|2024|2022|2025|2019|2020|2017|2019
714,2017|2021|2019|2017|2017|2020|2023|2016|2024|2024
715,2024|2024|2025|2024|2016|2020|2024|2024|2022|2022
716,2017|2021|2023|2016|2021|2017|2016|2016|2025|2024
717,2016|2016|2019|2023|2016|2023|2021|2021|2017|2024
718,2018|2020|2021|2018|2022|2016|2025|2019|2023|2023
719,2021|2016|2019|2017|2019|2017|2020|2017|2024|2022
720,2017|2025|2020|2025|2023|2018|2019|2018|2025|2025
721,2020|2017|2025|2020|2020|2020|2019|2022|2023|2018
722,2018|2025|2019|2019|2020|2021|2016|2020|2019|2024
723,2024|2022|2023|2020|2021|2022|2024|2020|2025|2022
724,2023|2021|2021|2022|2021|2024|2018|2021|2019|2017
725,2016|2024|2021|2022|2023|2016|2025|2017|2018|2019
726,2024|2023|2019|2023|2018|2017|2025|2025|2016|2020
727,2016|2019|2016|2022|2025|2016|2023|2021|2022|2024
728,2017|2024|2020|2024|2025|2019|2025|2019|2023|2017
729,2017|2016|2024|2022|2021|2023|2016|2024|2024|2022
730,2017|2017|2024|2016|2021|2019|2016|2021|2016|2019
731,2018|2023|2024|2021|2021|2021|2021|2022|2017|2019
732,2023|2016|2017|2023|2024|2018|2022|2024|2020|2021
733,2020|2025|2022|2023|2019|2019|2016|2018|2018|2021
734,2018|2016|2024|2024|2023|2025|2016|2017|2024|2023
735,2023|2022|2021|2020|2020|2025|2023|2021|2019|2019
736,2025|2020|2019|2021|2024|2024|2024|2017|2021|2020
737,2022|2025|2021|2017|2022|2020|2023|2017|2020|2024
738,2025|2025|2021|2022|2016|2016|2021|2019|2024|2018
739,2019|2016|2017|2024|2016|2024|2022|2025|2024|2021
740,2024|2022|2016|2016|2021|2025|2018|2024|2017|2021
741,2025|2022|2022|2020|2021|2023|2023|2016|2023|2022
742,2018|2023|2021|2023|2016|2023|2023|2016|2017|2017
743,2024|2019|2022|2022|2023|2025|2016|2019|2021|2020
744,2025|2024|2020|2021|2020|2017|2017|2016|2023|2019
745,2017|2021|2018|2019|2016|2025|2017|2016|2017|2022
746,2018|2016|2017|2018|2019|2017|2023|2025|2022|2017
747,2025|2020|2019|2018|2017|2017|2025|2024|2016|2020
748,2022|2020|2025|2023|2021|2018|2023|2016|2016|2024
749,2022|2016|2016|2022|2022|2017|2022|2018|2024|2022
750,2019|2018|2024|2025|2023|2019|2016|2024|2019|2018
751,2018|2017|2025|2017|2022|2020|2018|2019|2023|2018
752,2023|2021|2021|2021|2023|2020|2017|2023|2016|2017
753,2024|2020|2017|2024|2023|2022|2021|2017|2021|2024
754,2018|2023|2016|2020|2021|2024|2018|2019|2016|2023
755,2023|2021|2019|2025|2024|2018|2019|2024|2020|2019
756,2016|2017|2017|2021|2022|2022|2024|2020|2025|2017
757,2016|2018|2025|2018|2019|2016|2017|2024|2016|2018
758,2025|2018|2018|2018|2023|2018|2016|2017|2021|2020
759,2020|2019|2023|2018|2017|2016|2022|2022|2025|2023
760,2023|2021|2017|2019|2018|2018|2017|2023|2020|2020
761,2016|2019|2021|2016|2018|2020|2018|2016|2017|2016
762,2016|2023|2021|2022|2019|2023|2019|2019|2016|2024
763,2019|2020|2018|2024|2019|2022|2017|2025|2018|2025
764,2019|2016|2019|2018|2025|2017|2018|2018|2016|2023
765,2022|2016|2018|2025|2022|2019|2023|2022|2019|2025
766,2022|2024|2021|2016|2025|2017|2019|2023|2025|2016
767,2025|2021|2020|2020|2018|2025|2020|2022|2016|2017
768,2021|2019|2024|2016|2025|2017|2020|2023|2016|2025
769,2025|2024|2020|2021|2021|2016|2023|2024|2018|2017
770,2018|2018|2024|2025|2025|2024|2016|2019|2021|2020
771,2017|2017|2022|2020|2019|2023|2016|2017|2022|2016
772,2018|2020|2017|2020|2020|2020|2018|2019|2018|2023
773,2019|2018|2017|2021|2016|2023|2020|2018|2020|2021
774,2022|2017|2024|2019|2021|2020|2021|2025|2017|2021
775,2025|2017|2019|2020|2016|2021|2021|2022|2016|2020
776,2025|2016|2016|2025|2022|2025|2022|2019|2021|2018
777,2025|2019|2023|2025|2018|2017|2021|2023|2019|2025
778,2022|2021|2024|2020|2017|2023|2018|2019|2016|2017
779,2019|2023|2020|2023|2019|2020|2025|2021|2024|2022
780,2024|2018|2022|2016|2017|2017|2021|2018|2024|2017
781,2025|2017|2021|2016|2017|2017|2018|2018|2016|2025
782,2024|2020|2019|2022|2016|2020|2023|2018|2020|2016
783,2025|2021|2021|2023|2020|2020|2022|2024|2017|2022
784,2016|2020|2020|2017|2017|2024|2024|2023|2018|2022
785,2024|2017|2017|2024|2023|2020|2025|2023|2024|2021
786,2016|2019|2016|2020|2017|2018|2017|2023|2022|2019
787,2018|2019|2024|2019|2022|2017|2024|2017|2022|2024
788,2020|2018|2021|2024|2020|2020|2021|2022|2024|2020
789,2025|2021|2016|2019|2020|2021|2022|2020|2017|2025
790,2019|2025|2016|2024|2019|2022|2020|2025|2025|2022
791,2022|2019|2025|2023|2021|2024|2016|2025|2021|2024
792,2016|2017|2022|2019|2023|2016|2018|2022|2017|2025
793,2019|2024|2020|2019|2020|2017|2024|2022|2020|2021
794,2023|2017|2018|2024|2017|2021|2020|2019|2024|2017
795,2018|2018|2019|2024|2025|2018|2019|2019|2024|2019
796,2022|2023|2023|2016|2020|2023|2022|2025|2024|2023
797,2020|2016|2025|2022|2023|2023|2021|2019|2019|2025
798,2020|2024|2025|2024|2017|2021|2022|2021|2024|2025
799,2018|2025|2016|2017|2016|2018|2024|2025|2019|2021
800,2021|2016|2016|2024|2025|2016|2018|2018|2018|2020
801,2021|2017|2025|2022|2024|2023|2022|2020|2024|2020
802,2025|2018|2025|2020|2020|2022|2017|2020|2017|2022
803,2016|2019|2025|2019|2024|2018|2018|2016|2016|2021
804,2019|2017|2017|2021|2018|2022|2025|2025|2019|2021
805,2021|2019|2017|2021|2021|2019|2025|2019|2016|2020
806,2021|2025|2022|2019|2019|2025|2024|2021|2022|2016
807,2019|2021|2022|2018|2020|2024|2023|2022|2023|2022
808,2020|2017|2021|2017|2017|2019|2019|2016|2018|2023
809,2017|2021|2021|2025|2016|2023|2024|2019|2021|2021
810,2025|2023|2024|2017|2016|2020|2016|2018|2025|2023
811,2019|2020|2023|2025|2020|2020|2020|2016|2020|2020
812,2018|2016|2018|2017|2019|2018|2023|2025|2023|2016
813,2017|2021|2019|2024|2024|2016|2020|2023|2018|2022
814,2025|2025|2020|2021|2020|2024|2023|2016|2023|2025
815,2017|2016|2024|2021|2022|2017|2022|2023|2018|2020
816,2018|2016|2016|2018|2016|2025|2021|2023|2025|2019
817,2017|2024|2023|2018|2016|2016|2025|2016|2023|2022
818,2018|2025|2019|2024|2022|2023|2024|2016|2017|2016
819,2020|2024|2017|2018|2024|2025|2019|2023|2023|2017
820,2017|2018|2017|2024|2022|2023|2023|2024|2023|2020
821,2020|2023|2023|2025|2020|2025|2018|2016|2018|2018
822,2016|2017|2016|2021|2021|2016|2018|2024|2022|2019
823,2022|2025|2018|2021|2024|2025|2018|2017|2018|2022
824,2022|2016|2020|2025|2025|2025|2025|2023|2022|2018
825,2016|2017|2024|2017|2016|2023|2022|2025|2023|2022
826,2024|2019|2017|2022|2021|2021|2019|2016|2017|2024
827,2020|2019|2023|2017|2022|2018|2025|2025|2020|2021
828,2021|2017|2024|2023|2025|2022|2020|2020|2023|2018
829,2017|2019|2024|2025|2024|2022|2020|2019|2019|2020
830,2020|2025|2022|2025|2023|2022|2019|2025|2020|2021
831,2017|2018|2025|2020|2017|2016|2020|2019|2022|2021
832,2025|2022|2025|2016|2022|2022|2025|2024|2018|2025
833,2023|2025|2022|2023|2017|2023|2018|2020|2021|2018
834,2022|2018|2019|2018|2016|2018|2019|2018|2025|2019
835,2025|2018|2021|2018|2022|2023|2025|2021|2023|2018
836,2023|2018|2021|2018|2018|2018|2024|2024|2025|2019
837,2020|2017|2016|2019|2018|2024|2019|2025|2022|2022
838,2024|2018|2022|2018|2021|2020|2017|2024|2025|2020
839,2024|2024|2019|2018|2019|2019|2018|2018|2016|2018
840,2020|2025|2024|2019|2021|2021|2016|2020|2017|2021
841,2018|2024|2025|2021|2025|2025|2022|2021|2019|2021
842,2025|2025|2016|2017|2017|2024|2016|2021|2023|2018
843,2024|2021|2016|2017|2018|2017|2019|2019|2024|2024
844,2024|2023|2023|2024|2023|2021|2016|2022|2025|2020
845,2020|2016|2025|2021|2022|2023|2023|2016|2020|2021
846,2025|2021|2020|2016|2024|2021|2017|2019|2023|2022
847,2024|2019|2016|2017|2023|2025|2021|2024|2025|2020
848,2020|2017|2017|2017|2022|2017|2023|2020|2024|2018
849,2019|2022|2024|2023|2022|2024|2019|2023|2018|2019
850,2022|2020|2020|2024|2018|2020|2016|2024|2025|2017
851,2021|2020|2019|2020|2018|2023|2023|2025|2019|2018
852,2021|2023|2023|2020|2024|2017|2020|2016|2022|2024
853,2019|2021|2016|2017|2019|2020|2017|2022|2018|2025
854,2023|2016|2023|2025|2019|2019|2016|2018|2019|2018
855,2021|2017|2016|2019|2018|2016|2020|2018|2018|2021
856,2025|2017|2018|2016|2017|2023|2018|2023|2025|2022
857,2019|2019|2019|2021|2017|2021|2019|2025|2024|2018
858,2020|2021|2016|2018|2020|2020|2025|2021|2017|2024
859,2025|2024|2017|2021|2022|2025|2021|2022|2019|2024
860,2024|2020|2025|2021|2020|2020|2023|2023|2016|2023
861,2023|2021|2016|2023|2021|2017|2022|2018|2024|2025
862,2025|2022|2024|2018|2019|2023|2022|2021|2019|2025
863,2020|2019|2022|2016|2020|2018|2022|2019|2020|2024
864,2025|2017|2022|2024|2022|2016|2017|2019|2020|2025
865,2019|2020|2017|2023|2016|2016|2020|2017|2018|2024
866,2018|2024|2020|2019|2020|2021|2023|2024|2020|2021
867,2016|2022|2024|2016|2020|2018|2017|2017|2025|2019
868,2018|2025|2021|2020|2018|2022|2019|2019|2016|2018
869,2025|2020|2023|2020|2018|2017|2019|2018|2020|2024
870,2017|2018|2022|2020|2024|2016|2016|2023|2024|2016
871,2019|2022|2019|2018|2018|2025|2016|2016|2025|2019
872,2024|2022|2019|2021|2019|2021|2016|2023|2020|2022
873,2016|2018|2021|2022|2025|2016|2016|2016|2019|2016
874,2025|2020|2024|2020|2020|2018|2021|2016|2022|2018
875,2020|2018|2025|2019|2025|2020|2025|2022|2024|2016
876,2020|2016|2024|2022|2016|2022|2020|2022|2016|2022
877,2021|2017|2021|2021|2018|2018|2020|2021|2017|2018
878,2022|2018|2020|2016|2024|2022|2019|2020|2018|2021
879,2021|2024|2018|2024|2021|2017|2019|2025|2019|2020
880,2023|2016|2016|2016|2018|2016|2020|2016|2022|2018
881,2016|2019|2025|2017|2025|2020|2023|2022|2024|2023
882,2021|2024|2021|2016|2025|2016|2022|2018|2017|2023
883,2024|2023|2021|2019|2023|2023|2019|2022|2017|2018
884,2025|2025|2017|2025|2018|2016|2016|2017|2017|2018
885,2025|2021|2025|2024|2022|2021|2018|2021|2016|2022
886,2021|2018|2017|2024|2016|2021|2019|2016|2024|2024
887,2021|2025|2022|2023|2019|2024|2018|2023|2022|2025
888,2022|2018|2018|2017|2020|2020|2025|2018|2018|2025
889,2021|2019|2021|2019|2017|2016|2017|2022|2023|2020
890,2019|2016|2016|2016|2025|2025|2018|2018|2022|2017
891,2023|2019|2022|2022|2018|2016|2022|2018|2017|2022
892,2018|2017|2019|2023|2020|2021|2021|2017|2021|2022
893,2021|2016|2025|2021|2018|2016|2017|2017|2022|2016
894,2019|2021|2018|2017|2025|2021|2018|2019|2018|2024
895,2025|2022|2019|2024|2024|2017|2018|2022|2018|2021
896,2022|2017|2018|2018|2024|2018|2025|2018|2024|2016
897,2025|2025|2017|2018|2016|2021|2016|2019|2018|2023
898,2021|2021|2025|2019|2024|2018|2020|2020|2019|2021
899,2024|2021|2020|2024|2023|2025|2019|2023|2025|2016
900,2022|2016|2023|2023|2021|2018|2018|2020|2022|2020
901,2024|2019|2023|2025|2023|2020|2024|2019|2021|2024
902,2017|2024|2018|2025|2021|2021|2023|2017|2022|2023
903,2017|2016|2023|2019|2022|2025|2019|2019|2020|2017
904,2019|2024|2025|2020|2021|2019|2016|2024|2025|2025
905,2024|2019|2018|2024|2016|2016|2024|2021|2018|2022
906,2023|2020|2025|2021|2020|2020|2025|2020|2017|2021
907,2023|2018|2022|2016|2020|2021|2017|2019|2019|2023
908,2017|2020|2017|2016|2016|2020|2023|2021|2022|2017
909,2025|2017|2018|2018|2022|2025|2017|2025|2024|2020
910,2025|2024|2020|2020|2020|2017|2019|2022|2023|2017
911,2017|2020|2016|2025|2018|2022|2020|2025|2018|2017
912,2017|2025|2024|2025|2022|2017|2020|2021|2020|2025
913,2019|2019|2022|2016|2016|2024|2025|2020|2018|2021
914,2016|2020|2016|2020|2025|2019|2018|2019|2021|2017
915,2019|2020|2017|2023|2023|2021|2016|2023|2016|2025
916,2017|2018|2020|2019|2019|2018|2016|2016|2016|2020
917,2024|2019|2022|2018|2018|2022|2022|2018|2025|2016
918,2016|2019|2022|2023|2021|2020|2025|2016|2025|2021
919,2022|2021|2022|2023|2023|2018|2025|2021|2020|2025
920,2019|2016|2024|2017|2018|2020|2018|2025|2025|2018
921,2019|2019|2022|2021|2021|2019|2022|2024|2021|2025
922,2016|2022|2020|2025|2023|2018|2020|2019|2025|2021
923,2021|2016|2022|2018|2023|2024|2021|2023|2020|2020
924,2024|2024|2018|2021|2025|2018|2017|2016|2016|2017
925,2017|2023|2025|2022|2024|2022|2023|2016|2024|2021
926,2018|2019|2018|2022|2025|2019|2017|2023|2023|2016
927,2016|2018|2022|2024|2025|2017|2025|2018|2020|2018
928,2019|2025|2020|2018|2024|2017|2021|2019|2020|2025
929,2022|2020|2018|2018|2022|2025|2020|2019|2025|2017
930,2024|2023|2023|2024|2017|2021|2024|2024|2023|2019
931,2018|2016|2025|2020|2021|2023|2021|2019|2018|2021
932,2024|2019|2018|2019|2022|2020|2021|2016|2024|2023
933,2024|2024|2017|2018|2023|2025|2024|2025|2021|2020
934,2016|2024|2024|2020|2020|2016|2020|2024|2025|2017
935,2021|2021|2019|2022|2016|2018|2017|2021|2016|2021
936,2024|2018|2019|2023|2016|2023|2023|2022|2021|2019
937,2023|2017|2021|2018|2025|2019|2020|2023|2020|2024
938,2018|2022|2020|2021|2016|2018|2017|2020|2025|2020
939,2024|2019|2016|2025|2021|2022|2022|2023|2017|2019
940,2020|2025|2017|2025|2020|2021|2022|2019|2018|2021
941,2024|2018|2022|2021|2024|2023|2023|2019|2024|2025
942,2018|2025|2016|2021|2019|2018|2020|2018|2016|2018
943,2019|2020|2022|2017|2016|2017|2017|2020|2017|2023
944,2022|2018|2021|2024|2019|2021|2023|2021|2021|2017
945,2022|2018|2019|2018|2024|2020|2017|2025|2018|2023
946,2021|2016|2016|2020|2021|2023|2017|2021|2021|2022
947,2022|2021|2018|2016|2025|2023|2018|2022|2025|2017
948,2019|2025|2021|2018|2020|2022|2025|2024|2016|2021
949,2017|2021|2017|2020|2024|2019|2019|2017|2022|2025
950,2021|2021|2019|2024|2021|2024|2022|2016|2020|2023
951,2024|2025|2018|2024|2016|2025|2022|2020|2016|2017
952,2020|2022|2025|2022|2019|2016|2021|2017|2017|2022
953,2024|2019|2022|2016|2025|2016|2025|2021|2024|2021
954,2019|2019|2016|2024|2018|2022|2018|2019|2017|2024
955,2021|2018|2017|2017|2019|2019|2025|2022|2021|2024
956,2019|2022|2019|2020|2021|2019|2023|2024|2021|2022
957,2022|2024|2018|2017|2024|2017|2022|2019|2023|2019
958,2025|2018|2019|2020|2022|2024|2018|2018|2023|2016
959,2017|2020|2020|2018|2017|2021|2020|2016|2022|2019
960,2021|2022|2018|2016|2023|2025|2019|2019|2019|2024
961,2022|2019|2024|2018|2016|2024|2018|2020|2024|2023
962,2016|2018|2017|2024|2020|2019|2017|2025|2017|2025
963,2024|2020|2025|2020|2018|2020|2020|2023|2019|2025
964,2021|2023|2019|2021|2019|2025|2016|2019|2024|2017
965,2021|2024|2025|2021|2016|2024|2018|2019|2018|2018
966,2024|2024|2024|2021|2018|2019|2022|2019|2024|2022
967,2024|2022|2021|2025|2024|2019|2017|2018|2016|2024
968,2020|2024|2025|2025|2021|2021|2019|2016|2021|2019
969,2022|2024|2021|2019|2022|2017|2022|2023|2022|2022
970,2020|2018|2019|2020|2025|2023|2020|2017|2024|2021
971,2017|2025|2016|2019|2024|2020|2019|2019|2025|2016
972,2024|2018|2021|2018|2018|2020|2016|2024|2022|2016
973,2016|2024|2020|2024|2021|2018|2016|2016|2016|2017
974,2016|2017|2025|2022|2022|2017|2021|2016|2018|2022
975,2025|2016|2024|2024|2020|2023|2016|2020|2016|2022
976,2024|2023|2022|2017|2016|2018|2018|2018|2021|2020
977,2025|2020|2023|2017|2023|2022|2018|2022|2022|2020
978,2018|2016|2024|2025|2017|2017|2022|2018|2023|2019
979,2017|2018|2017|2023|2019|2019|2017|2018|2023|2018
980,2022|2025|2019|2017|2018|2020|2022|2018|2025|2023
981,2017|2016|2016|2016|2025|2021|2017|2018|2016|2021
982,2023|2018|2017|2023|2016|2024|2025|2019|2025|2023
983,2020|2021|2025|2016|2017|2016|2023|2024|2019|2022
984,2018|2025|2023|2023|2019|2017|2023|2025|2022|2018
985,2023|2018|2017|2018|2018|2023|2020|2016|2017|2025
986,2017|2023|2016|2020|2016|2022|2022|2017|2017|2021
987,2021|2017|2017|2020|2023|2021|2022|2016|2023|2019
988,2017|2023|2020|2018|2019|2025|2025|2017|2018|2023
989,2019|2016|2018|2021|2022|2025|2019|2018|2020|2016
990,2025|2021|2017|2016|2022|2021|2025|2019|2017|2022
991,2020|2023|2023|2016|2023|2020|2024|2025|2023|2023
992,2020|2024|2020|2021|2025|2025|2025|2024|2017|2025
993,2018|2018|2018|2023|2022|2025|2018|2018|2025|2017
994,2017|2016|2025|2016|2024|2016|2024|2018|2017|2023
995,2024|2018|2017|2019|2022|2024|2023|2024|2017|2023
996,2016|2016|2021|2024|2021|2016|2019|2017|2017|2025
997,2018|2018|2018|2018|2017|2023|2019|2023|2021|2023
998,2019|2021|2024|2017|2024|2025|2020|2021|2021|2016
999,2021|2018|2018|2017|2020|2021|2019|2023|2025|2023
1000,2019|2024|2018|2020|2019|2016|2020|2017|2016|2016
1001,2016|2024|2022|2020|2019|2020|2022|2022|2017|2021
1002,2021|2016|2023|2025|2020|2018|2018|2024|2020|2019
1003,2018|2023|2019|2017|2019|2023|2019|2025|2018|2016
1004,2018|2025|2016|2024|2024|2021|2019|2021|2020|2019
1005,2018|2020|2021|2021|2020|2018|2018|2023|2019|2022
1006,2018|2016|2024|2016|2024|2023|2020|2025|2022|2019
1007,2018|2022|2024|2024|2016|2018|2016|2020|2024|2022
1008,2022|2017|2016|2016|2021|2022|2017|2023|2023|2024
1009,2019|2019|2017|2020|2017|2017|2016|2022|2018|2019
1010,2017|2020|2018|2022|2020|2020|2017|2018|2022|2019
1011,2021|2022|2019|2024|2023|2020|2022|2018|2025|2017
1012,2023|2017|2020|2023|2019|2019|2017|2016|2025|2021
1013,2021|2018|2018|2022|2025|2022|2018|2024|2021|2025
1014,2020|2016|2018|2020|2025|2018|2025|2025|2021|2018
1015,2018|2021|2020|2025|2024|2022|2019|2024|2025|2025
1016,2024|2018|2017|2019|2019|2021|2019|2023|2021|2023
1017,2019|2016|2021|2016|2023|2019|2022|2017|2021|2019
1018,2024|2021|2022|2020|2018|2024|2017|2017|2020|2021
1019,2021|2016|2016|2017|2017|2016|2019|2018|2024|2020
1020,2024|2022|2025|2016|2019|2023|2016|2022|2025|2016
1021,2017|2019|2025|2020|2019|2022|2025|2017|2017|2022
1022,2017|2023|2016|2017|2024|2017|2023|2024|2020|2017
1023,2024|2020|2018|2021|2022|2023|2016|2020|2016|2021
1024,2018|2020|2025|2025|2022|2018|2025|2022|2017|2023
1025,2017|2025|2023|2018|2025|2023|2021|2018|2025|2018
1026,2023|2020|2024|2017|2019|2021|2021|2022|2019|2021
1027,2017|2016|2021|2016|2023|2018|2024|2017|2017|2019
1028,2023|2016|2018|2017|2016|2017|2021|2018|2021|2022
1029,2024|2024|2017|2017|2025|2017|2021|2021|2018|2020
1030,2017|2017|2018|2017|2018|2025|2025|2025|2023|2021
1031,2017|2017|2018|2021|2022|2023|2016|2024|2019|2019
1032,2017|2024|2019|2018|2017|2023|2024|2018|2025|2020
1033,2020|2024|2022|2021|2020|2023|2017|2021|2016|2025
1034,2024|2024|2018|2022|2018|2017|2025|2016|2024|2022
1035,2019|2016|2024|2018|2019|2022|2022|2018|2018|2020
1036,2024|2018|2022|2017|2023|2019|2018|2022|2025|2025
1037,2017|2025|2016|2023|2023|2019|2024|2018|2017|2016
1038,2016|2016|2024|2024|2023|2023|2023|2019|2025|2021
1039,2018|2023|2022|2025|2025|2018|2017|2019|2019|2019
1040,2018|2017|2025|2024|2019|2019|2018|2018|2021|2019
1041,2018|2016|2024|2016|2016|2025|2017|2022|2021|2025
1042,2019|2020|2025|2022|2023|2025|2024|2017|2024|2019
1043,2024|2018|2017|2020|2021|2025|2016|2023|2023|2016
1044,2023|2017|2021|2017|2016|2018|2021|2017|2018|2021
1045,2024|2019|2018|2016|2018|2022|2023|2022|2020|2020
1046,2018|2023|2016|2017|2020|2023|2019|2022|2017|2023
1047,2018|2020|2024|2016|2022|2025|2020|2018|2021|2021
1048,2021|2025|2025|2025|2016|2021|2021|2025|2018|2018
1049,2025|2020|2024|2019|2018|2024|2023|2025|2019|2021
1050,2017|2017|2020|2021|2017|2022|2018|2019|2018|2021
1051,2016|2024|2022|2020|2019|2023|2022|2020|2024|2023
1052,2018|2020|2018|2019|2020|2023|2017|2018|2022|2024
1053,2023|2020|2019|2018|2016|2019|2019|2025|2023|2024
1054,2018|2024|2025|2023|2023|2016|2018|2018|2018|2024
1055,2025|2020|2016|2021|2017|2017|2020|2024|2019|2020
1056,2020|2017|2017|2022|2018|2020|2023|2020|2016|2025
1057,2021|2024|2020|2019|2023|2025|2024|2025|2021|2018
1058,2019|2022|2023|2023|2020|2018|2017|2022|2024|2024
1059,2016|2025|2025|2023|2020|2018|2016|2017|2020|2019
1060,2017|2025|2020|2021|2019|2025|2024|2017|2020|2024
1061,2016|2023|2023|2017|2025|2017|2020|2016|2024|2019
1062,2018|2017|2024|2018|2021|2017|2024|2022|2022|2020
1063,2017|2025|2025|2022|2022|2019|2018|2016|2016|2016
1064,2021|2020|2019|2025|2018|2025|2018|2018|2025|2020
1065,2017|2020|2020|2020|2020|2024|2017|2023|2018|2019
1066,2020|2019|2016|2022|2024|2020|2019|2021|2019|2016
1067,2020|2023|2017|2018|2017|2016|2023|2022|2022|2023
1068,2021|2018|2024|2016|2016|2018|2022|2023|2020|2022
1069,2016|2017|2018|2019|2023|2024|2021|2017|2024|2023
1070,2017|2022|2023|2021|2016|2025|2024|2020|2016|2018
1071,2024|2018|2020|2022|2021|2022|2024|2020|2024|2021
1072,2020|2022|2016|2024|2025|2022|2016|2023|2025|2019
1073,2018|2021|2018|2017|2020|2025|2017|2025|2024|2021
1074,2018|2025|2018|2017|2017|2023|2017|2018|2018|2024
1075,2017|2019|2024|2022|2018|2025|2024|2021|2017|2021
1076,2024|2024|2025|2017|2023|2023|2022|2020|2019|2023
1077,2017|2020|2025|2016|2021|2016|2016|2021|2021|2016
1078,2019|2016|2018|2025|2024|2019|2016|2025|2022|2024
1079,2018|2022|2018|2024|2016|2024|2017|2024|2019|2023
1080,2017|2018|2022|2021|2020|2023|2021|2025|2024|2024
1081,2019|2023|2018|2020|2018|2019|2023|2020|2022|2024
1082,2020|2018|2025|2018|2025|2022|2023|2017|2016|2024
1083,2016|2025|2021|2024|2017|2025|2022|2021|2024|2023
1084,2025|2024|2017|2021|2018|2022|2020|2017|2021|2020
1085,2017|2025|2023|2017|2023|2018|2016|2025|2020|2023
1086,2021|2020|2024|2025|2016|2023|2017|2020|2019|2018
1087,2018|2022|2023|2025|2018|2022|2017|2023|2020|2017
1088,2023|2021|2018|2022|2023|2024|2025|2017|2017|2023
1089,2018|2016|2023|2020|2018|2016|2019|2018|2024|2024
1090,2025|2021|2019|2024|2023|2016|2016|2021|2018|2021
1091,2019|2016|2025|2020|2016|2021|2025|2019|2023|2017
1092,2025|2018|2018|2021|2023|2018|2018|2020|2024|2020
1093,2021|2022|2022|2025|2021|2022|2016|2024|2018|2022
1094,2025|2018|2022|2025|2017|2024|2024|2017|2021|2023
1095,2019|2020|2016|2016|2025|2019|2019|2020|2017|2018
1096,2020|2023|2022|2021|2019|2024|2020|2024|2016|2025
1097,2019|2019|2020|2024|2017|2016|2024|2025|2021|2022
1098,2024|2023|2024|2018|2025|2019|2021|2017|2018|2017
1099,2023|2024|2022|2016|2024|2017|2016|2023|2023|2024
1100,2025|2024|2022|2021|2017|2017|2023|2017|2020|2020
1101,2022|2022|2018|2025|2022|2023|2018|2021|2020|2025
1102,2018|2022|2020|2020|2024|2016|2018|2020|2025|2018
1103,2024|2017|2024|2016|2019|2022|2023|2017|2022|2023
1104,2022|2018|2019|2024|2021|2024|2021|2023|2019|2022
1105,2024|2024|2024|2025|2023|2025|2023|2025|2017|2025
1106,2023|2021|2018|2018|2019|2023|2023|2018|2018|2016
1107,2018|2024|2022|2017|2024|2022|2016|2018|2019|2019
1108,2020|2018|2025|2021|2023|2018|2024|2022|2024|2017
1109,2019|2017|2018|2020|2024|2024|2024|2022|2022|2018
1110,2018|2018|2017|2025|2025|2020|2021|2022|2025|2025
1111,2018|2025|2025|2024|2023|2023|2019|2022|2024|2025
1112,2019|2016|2023|2021|2018|2017|2020|2018|2024|2016
1113,2021|2025|2021|2025|2025|2023|2024|2022|2018|2019
1114,2024|2021|2017|2019|2024|2017|2017|2017|2018|2020
1115,2024|2016|2018|2021|2025|2024|2018|2019|2025|2017
1116,2025|2019|2022|2022|2017|2018|2022|2025|2017|2022
1117,2021|2025|2024|2025|2023|2021|2019|2016|2025|2023
1118,2025|2020|2023|2020|2022|2025|2018|2018|2021|2021
1119,2016|2017|2025|2022|2024|2022|2023|2016|2020|2023
1120,2021|2017|2023|2022|2018|2020|2025|2021|2018|2017
1121,2017|2021|2022|2018|2016|2020|2021|2021|2020|2016
1122,2020|2018|2018|2023|2016|2019|2024|2016|2016|2025
1123,2020|2022|2021|2016|2024|2018|2016|2022|2016|2023
1124,2022|2025|2017|2025|2018|2018|2024|2021|2017|2021
1125,2023|2018|2019|2019|2022|2018|2019|2016|2016|2017
1126,2017|2019|2016|2020|2023|2025|2022|2024|2019|2024
1127,2023|2017|2021|2020|2021|2020|2021|2017|2016|2024
1128,2022|2019|2019|2019|2018|2022|2023|2016|2022|2021
1129,2021|2017|2024|2022|2018|2023|2024|2025|2024|2020
1130,2018|2018|2018|2025|2018|2024|2020|2019|2025|2021
1131,2019|2019|2023|2017|2023|2021|2024|2021|2023|2024
1132,2018|2016|2025|2019|2021|2020|2017|2016|2016|2025
1133,2024|2024|2016|2023|2025|2016|2025|2018|2018|2025
1134,2020|2020|2024|2020|2024|2021|2017|2021|2022|2025
1135,2021|2023|2019|2025|2024|2017|2025|2019|2024|2023
1136,2022|2018|2024|2020|2018|2019|2021|2025|2021|2024
1137,2019|2017|2020|2019|2021|2024|2017|2022|2024|2017
1138,2023|2018|2023|2016|2016|2023|2025|2023|2023|2021
1139,2018|2021|2017|2022|2022|2020|2019|2022|2023|2022
1140,2022|2017|2023|2017|2022|2023|2017|2020|2022|2024
1141,2017|2025|2020|2018|2022|2025|2022|2020|2017|2020
1142,2022|2024|2016|2022|2019|2019|2023|2022|2023|2020
1143,2018|2019|2016|2019|2016|2023|2025|2025|2023|2022
1144,2018|2019|2023|2021|2022|2018|2018|2017|2020|2016
1145,2020|2024|2020|2025|2021|2023|2020|2018|2022|2020
1146,2020|2023|2023|2021|2018|2019|2016|2022|2022|2018
1147,2020|2016|2024|2017|2021|2021|2016|2023|2016|2025
1148,2020|2017|2020|2022|2023|2019|2020|2024|2016|2021
1149,2019|2023|2021|2016|2017|2017|2022|2023|2018|2023
1150,2017|2018|2021|2021|2019|2025|2017|2022|2025|2018
1151,2022|2022|2019|2025|2023|2018|2016|2021|2024|2023
1152,2021|2025|2016|2024|2024|2023|2018|2018|2023|2016
1153,2017|2025|2022|2023|2025|2016|2022|2016|2018|2018
1154,2022|2017|2017|2017|2025|2019|2019|2024|2024|2020
1155,2025|2017|2019|2024|2020|2022|2020|2023|2025|2024
1156,2022|2016|2021|2024|2025|2024|2023|2025|2022|2021
1157,2025|2022|2018|2022|2023|2024|2024|2024|2018|2022
1158,2018|2025|2017|2016|2017|2018|2018|2018|2021|2021
1159,2017|2016|2020|2023|2024|2016|2019|2021|2017|2019
1160,2022|2025|2024|2025|2019|2019|2016|2021|2022|2023
1161,2022|2024|2023|2023|2021|2016|2025|2020|2018|2022
1162,2018|2019|2016|2022|2018|2018|2025|2019|2016|2018
1163,2019|2019|2018|2016|2025|2016|2020|2020|2019|2019
1164,2016|2022|2023|2021|2020|2016|2020|2025|2022|2017
1165,2018|2018|2020|2022|2023|2019|2022|2024|2021|2025
1166,2023|2019|2019|2020|2018|2018|2022|2016|2016|2022
1167,2024|2019|2019|2024|2022|2016|2021|2025|2023|2016
1168,2022|2025|2025|2017|2020|2020|2023|2024|2024|2020
1169,2019|2025|2021|2017|2017|2024|2022|2025|2023|2021
1170,2016|2017|2016|2022|2021|2023|2020|2017|2019|2025
1171,2023|2022|2022|2023|2017|2024|2025|2018|2025|2016
1172,2020|2019|2025|2024|2025|2021|2025|2021|2022|2019
1173,2020|2019|2018|2025|2022|2023|2024|2017|2019|2016
1174,2024|2025|2022|2018|2016|2019|2021|2022|2018|2016
1175,2019|2025|2022|2021|2018|2019|2018|2022|2016|2024
1176,2024|2016|2017|2016|2020|2024|2019|2018|2021|2022
1177,2020|2024|2022|2023|2025|2020|2019|2021|2021|2016
1178,2021|2023|2022|2023|2022|2018|2019|2022|2021|2019
1179,2018|2016|2016|2017|2017|2021|2020|2016|2023|2022
1180,2023|2021|2023|2021|2020|2024|2025|2024|2020|2022
1181,2019|2020|2021|2020|2025|2017|2023|2024|2020|2018
1182,2019|2023|2019|2025|2024|2018|2018|2019|2024|2022
1183,2016|2019|2018|2022|2019|2025|2018|2020|2023|2017
1184,2019|2021|2018|2018|2022|2018|2016|2019|2016|2020
1185,2025|2016|2018|2017|2020|2025|2017|2021|2020|2025
1186,2018|2019|2017|2017|2020|2018|2022|2016|2024|2021
1187,2016|2023|2023|2025|2022|2019|2016|2024|2023|2021
1188,2017|2016|2021|2024|2017|2016|2016|2020|2018|2021
1189,2016|2024|2018|2021|2019|2016|2020|2022|2022|2022
1190,2023|2018|2017|2018|2024|2019|2019|2022|2020|2021
1191,2017|2018|2020|2024|2025|2017|2018|2020|2023|2017
1192,2021|2024|2020|2017|2018|2022|2020|2022|2018|2016
1193,2018|2024|2016|2018|2023|2016|2017|2019|2024|2018
1194,2023|2022|2022|2016|2020|2018|2020|2021|2021|2019
1195,2025|2025|2022|2025|2018|2022|2024|2022|2022|2016
1196,2016|2021|2016|2018|2017|2020|2019|2020|2020|2017
1197,2022|2020|2025|2025|2018|2016|2020|2019|2024|2021
1198,2020|2021|2019|2020|2024|2021|2022|2021|2024|2017
1199,2023|2025|2025|2017|2020|2019|2022|2025|2022|2025
1200,2018|2022|2018|2020|2023|2025|2022|2018|2025|2017
1201,2018|2017|2023|2024|2024|2023|2016|2025|2020|2017
1202,2019|2018|2020|2016|2022|2017|2023|2022|2022|2017
1203,2016|2021|2020|2019|2018|2018|2021|2020|2022|2021
1204,2019|2024|2025|2018|2022|2025|2016|2017|2020|2017
1205,2022|2019|2016|2017|2018|2022|2019|2025|2018|2016
1206,2025|2017|2019|2019|2017|2019|2025|2016|2019|2025
1207,2018|2023|2020|2016|2020|2020|2024|2019|2020|2019
1208,2023|2025|2023|2017|2022|2017|2017|2017|2019|2018
1209,2018|2017|2025|2016|2019|2022|2025|2022|2020|2021
1210,2024|2019|2024|2018|2023|2017|2023|2025|2025|2020
1211,2020|2019|2023|2021|2025|2025|2017|2025|2019|2024
1212,2020|2023|2017|2022|2019|2019|2023|2019|2023|2022
1213,2016|2024|2016|2019|2020|2018|2022|2019|2021|2024
1214,2024|2017|2020|2020|2023|2017|2017|2019|2021|2022
1215,2020|2021|2018|2025|2022|2020|2020|2024|2019|2016
1216,2019|2021|2024|2016|2021|2020|2025|2016|2019|2021
1217,2016|2019|2024|2025|2020|2018|2017|2019|2025|2023
1218,2017|2025|2020|2021|2017|2020|2019|2025|2016|2023
1219,2024|2023|2022|2016|2018|2023|2021|2020|2016|2024
1220,2020|2022|2025|2023|2021|2023|2018|2017|2017|2025
1221,2017|2016|2024|2016|2020|2020|2025|2019|2018|2017
1222,2022|2016|2021|2020|2021|2019|2024|2020|2022|2025
1223,2023|2018|2024|2020|2021|2025|2016|2024|2017|2016
1224,2024|2023|2025|2021|2022|2021|2019|2018|2024|2019
1225,2019|2017|2022|2023|2025|2023|2023|2020|2024|2022
1226,2023|2022|2017|2024|2020|2017|2020|2020|2023|2021
1227,2016|2020|2017|2025|2021|2024|2020|2022|2019|2019
1228,2020|2023|2017|2019|2023|2017|2023|2023|2022|2016
1229,2022|2018|2025|2017|2023|2017|2023|2021|2021|2021
1230,2024|2025|2024|2021|2021|2021|2016|2018|2024|2024
1231,2023|2020|2019|2018|2021|2017|2018|2020|2019|2022
1232,2016|2018|2016|2017|2025|2018|2017|2022|2023|2025
1233,2020|2016|2023|2025|2025|2023|2021|2023|2017|2024
1234,2025|2016|2023|2017|2019|2017|2022|2016|2017|2020
1235,2025|2022|2023|2020|2024|2024|2025|2023|2023|2016
1236,2018|2024|2017|2022|2018|2019|2025|2025|2023|2017
1237,2023|2016|2025|2025|2016|2021|2023|2024|2023|2019
1238,2018|2017|2020|2022|2019|2025|2022|2024|2017|2020
1239,2022|2024|2019|2020|2016|2022|2021|2019|2023|2019
1240,2017|2017|2022|2017|2017|2021|2019|2020|2020|2018
1241,2017|2023|2018|2019|2021|2022|2016|2023|2018|2019
1242,2022|2025|2024|2024|2016|2018|2016|2023|2016|2024
1243,2017|2024|2021|2017|2020|2025|2019|2018|2020|2020
1244,2017|2022|2020|2019|2025|2018|2017|2018|2021|2025
1245,2024|2024|2020|2016|2017|2025|2023|2016|2025|2022
1246,2022|2022|2025|2020|2022|2019|2016|2022|2019|2025
1247,2020|2019|2025|2016|2025|2018|2021|2016|2022|2024
1248,2022|2016|2024|2019|2020|2025|2021|2019|2017|2019
1249,2022|2017|2018|2024|2016|2019|2023|2018|2025|2025
1250,2021|2020|2019|2024|2025|2025|2021|2017|2021|2016
1251,2022|2016|2025|2022|2018|2017|2021|2025|2019|2018
1252,2020|2016|2021|2025|2022|2023|2020|2024|2024|2020
1253,2018|2020|2025|2016|2024|2016|2019|2019|2022|2022
1254,2018|2018|2024|2025|2022|2017|2025|2017|2022|2017
1255,2023|2024|2016|2020|2022|2016|2018|2022|2023|2020
1256,2016|2022|2022|2017|2018|2022|2023|2018|2018|2019
1257,2021|2018|2021|2022|2020|2021|2021|2023|2023|2022
1258,2023|2020|2023|2023|2019|2016|2016|2021|2025|2024
1259,2022|2021|2017|2017|2020|2022|2016|2022|2023|2025
1260,2021|2022|2017|2021|2017|2021|2017|2019|2016|2019
1261,2021|2022|2016|2022|2025|2024|2019|2017|2024|2018
1262,2023|2018|2021|2021|2021|2019|2023|2017|2025|2025
1263,2021|2024|2025|2023|2019|2025|2018|2016|2018|2018
1264,2018|2016|2022|2022|2016|2017|2024|2025|2017|2022
1265,2020|2022|2023|2017|2016|2017|2020|2019|2016|2021
1266,2018|2021|2021|2021|2020|2025|2018|2021|2017|2019
1267,2021|2023|2017|2020|2019|2023|2017|2020|2018|2024
1268,2019|2021|2018|2025|2023|2017|2025|2024|2025|2022
1269,2017|2020|2024|2017|2024|2020|2018|2019|2024|2022
1270,2022|2021|2024|2019|2016|2016|2021|2017|2023|2023
1271,2024|2022|2016|2016|2024|2019|2016|2022|2023|2023
1272,2021|2018|2025|2019|2023|2021|2017|2020|2021|2024
1273,2018|2020|2020|2025|2017|2023|2022|2018|2024|2020
1274,2016|2020|2018|2023|2022|2024|2022|2019|2021|2023
1275,2019|2023|2017|2023|2018|2025|2025|2020|2023|2016
1276,2020|2019|2023|2017|2020|2019|2022|2018|2017|2020
1277,2023|2017|2024|2016|2017|2022|2024|2017|2016|2024
1278,2025|2023|2018|2017|2019|2016|2021|2019|2018|2024
1279,2018|2019|2018|2024|2018|2018|2020|2019|2023|2025
1280,2017|2023|2019|2018|2020|2022|2023|2019|2025|2022
1281,2023|2018|2023|2018|2021|2016|2022|2024|2020|2018
1282,2023|2022|2017|2016|2023|2025|2025|2024|2024|2023
1283,2023|2017|2019|2020|2020|2018|2025|2021|2018|2016
1284,2025|2020|2019|2016|2024|2020|2019|2019|2023|2017
1285,2018|2020|2022|2021|2024|2017|2020|2025|2017|2024
1286,2024|2020|2020|2024|2016|2016|2021|2023|2017|2021
1287,2024|2019|2017|2016|2022|2023|2018|2016|2025|2017
1288,2024|2020|2016|2024|2021|2023|2019|2017|2018|2018
1289,2019|2021|2023|2016|2023|2016|2018|2018|2019|2016
1290,2022|2022|2017|2022|2017|2020|2016|2021|2016|2024
1291,2017|2017|2018|2023|2017|2017|2019|2017|2025|2018
1292,2021|2017|2023|2017|2021|2020|2017|2019|2025|2024
1293,2024|2019|2023|2016|2019|2021|2023|2025|2021|2022
1294,2018|2021|2020|2021|2024|2018|2023|2018|2022|2022
1295,2021|2022|2022|2020|2021|2016|2016|2022|2022|2017
1296,2020|2017|2020|2022|2025|2019|2023|2020|2023|2025
1297,2024|2017|2024|2020|2020|2018|2020|2023|2018|2017
1298,2017|2024|2023|2019|2021|2025|2023|2022|2023|2018
1299,2020|2023|2021|2025|2020|2025|2022|2017|2025|2016
1300,2025|2024|2025|2023|2019|2020|2022|2016|2017|2017
1301,2024|2024|2024|2024|2016|2019|2025|2017|2024|2017
1302,2020|2024|2023|2020|2020|2025|2018|2017|2024|2020
1303,2022|2020|2024|2024|2018|2020|2019|2021|2024|2021
1304,2023|2019|2016|2024|2025|2022|2023|2025|2024|2022
1305,2025|2023|2022|2017|2025|2019|2018|2016|2018|2020
1306,2022|2016|2018|2024|2018|2017|2021|2019|2016|2021
1307,2017|2020|2020|2022|2019|2020|2024|2020|2024|2023
1308,2022|2025|2017|2023|2022|2022|2022|2017|2024|2022
1309,2023|2016|2020|2024|2023|2019|2018|2017|2022|2020
1310,2016|2018|2024|2017|2017|2023|2020|2023|2017|2022
1311,2016|2018|2020|2022|2018|2022|2019|2018|2018|2023
1312,2018|2018|2018|2024|2018|2024|2017|2016|2018|2023
1313,2019|2020|2021|2023|2017|2025|2018|2023|2024|2017
1314,2023|2024|2023|2017|2017|2016|2024|2025|2018|2025
1315,2024|2025|2024|2019|2025|2022|2025|2024|2021|2018
1316,2022|2021|2020|2023|2017|2025|2016|2023|2023|2018
1317,2020|2016|2021|2016|2016|2016|2017|2017|2022|2018
1318,2020|2017|2021|2019|2019|2019|2024|2021|2016|2017
1319,2017|2025|2025|2019|2020|2023|2019|2024|2025|2023
1320,2021|2018|2025|2019|2017|2025|2022|2016|2023|2022
1321,2017|2016|2019|2021|2019|2025|2023|2024|2019|2024
1322,2024|2018|2022|2017|2021|2017|2018|2019|2020|2021
1323,2021|2017|2023|2021|2019|2020|2016|2023|2017|2021
1324,2024|2020|2016|2022|2019|2019|2020|2019|2023|2019
1325,2022|2018|2019|2021|2024|2023|2022|2016|2023|2020
1326,2020|2021|2018|2022|2024|2023|2020|2018|2024|2018
1327,2017|2023|2017|2024|2025|2022|2016|2024|2023|2016
1328,2021|2022|2020|2018|2024|2023|2025|2024|2020|2022
1329,2020|2016|2024|2025|2023|2023|2025|2020|2016|2023
1330,2022|2023|2023|2021|2017|2024|2018|2018|2016|2016
1331,2017|2019|2019|2023|2024|2025|2016|2024|2024|2022
1332,2024|2021|2021|2024|2018|2020|2024|2024|2023|2024
1333,2024|2018|2020|2017|2022|2021|2019|2023|2023|2016
1334,2022|2025|2024|2025|2021|2021|2018|2021|2018|2023
1335,2016|2024|2025|2023|2025|2022|2021|2017|2016|2017
1336,2016|2023|2020|2020|2022|2024|2021|2021|2021|2016
1337,2021|2023|2017|2020|2022|2023|2022|2016|2021|2024
1338,2022|2025|2021|2022|2022|2016|2022|2022|2022|2018
1339,2023|2022|2021|2023|2016|2017|2022|2018|2016|2016
1340,2017|2020|2018|2025|2020|2016|2019|2025|2022|2016
1341,2025|2017|2025|2016|2021|2017|2020|2020|2019|2020
1342,2023|2022|2016|2025|2024|2017|2024|2020|2020|2016
1343,2017|2021|2020|2018|2016|2021|2022|2021|2023|2023
1344,2023|2022|2025|2018|2018|2020|2023|2018|2017|2023
1345,2016|2020|2018|2021|2021|2020|2018|2017|2019|2016
1346,2025|2021|2016|2024|2017|2023|2019|2024|2016|2019
1347,2023|2024|2017|2016|2021|2020|2018|2017|2022|2016
1348,2017|2021|2024|2024|2019|2022|2018|2017|2016|2017
1349,2016|2025|2016|2017|2021|2018|2025|2018|2019|2025
1350,2021|2024|2023|2017|2020|2018|2024|2022|2017|2019
1351,2025|2025|2017|2020|2025|2018|2025|2021|2025|2025
1352,2019|2018|2021|2017|2019|2023|2020|2023|2018|2017
1353,2024|2023|2023|2020|2025|2017|2024|2024|2023|2019
1354,2022|2022|2025|2019|2021|2017|2019|2025|2019|2017
1355,2022|2017|2017|2023|2024|2018|2021|2023|2018|2020
1356,2017|2020|2019|2018|2021|2018|2025|2018|2018|2020
1357,2023|2024|2020|2017|2023|2017|2022|2019|2022|2023
1358,2024|2020|2024|2017|2023|2016|2025|2018|2016|2019
1359,2022|2021|2021|2022|2023|2022|2017|2024|2021|2024
1360,2025|2020|2019|2023|2016|2017|2016|2022|2022|2018
1361,2021|2016|2020|2023|2022|2020|2016|2022|2022|2021
1362,2020|2024|2017|2021|2025|2017|2023|2016|2022|2021
1363,2019|2020|2018|2019|2025|2016|2025|2020|2018|2017
1364,2019|2016|2018|2019|2020|2020|2018|2025|2016|2018
1365,2021|2025|2021|2017|2016|2025|2016|2023|2022|2016
1366,2025|2016|2022|2022|2016|2021|2020|2023|2016|2018
1367,2024|2021|2025|2022|2025|2019|2024|2019|2020|2025
1368,2019|2020|2025|2025|2018|2017|2023|2017|2023|2023
1369,2019|2025|2018|2021|2018|2018|2018|2017|2016|2024
1370,2021|2024|2016|2017|2018|2021|2020|2025|2019|2022
1371,2025|2018|2018|2018|2016|2025|2023|2022|2022|2024
1372,2025|2025|2022|2021|2025|2017|2021|2022|2017|2023
1373,2020|2023|2022|2022|2018|2020|2021|2019|2020|2023
1374,2018|2024|2016|2025|2024|2018|2021|2016|2024|2023
1375,2021|2023|2018|2025|2023|2021|2016|2016|2024|2016
1376,2024|2022|2025|2024|2019|2016|2022|2020|2018|2022
1377,2023|2021|2018|2017|2022|2021|2024|2020|2022|2016
1378,2017|2024|2022|2017|2025|2017|2018|2021|2018|2022
1379,2017|2020|2018|2022|2018|2022|2020|2025|2017|2024
1380,2022|2022|2021|2020|2016|2024|2016|2018|2025|2023
1381,2019|2024|2025|2024|2021|2024|2020|2020|2016|2025
1382,2021|2024|2020|2018|2025|2024|2022|2024|2018|2025
1383,2016|2021|2024|2018|2016|2017|2021|2021|2022|2021
1384,2016|2019|2022|2020|2016|2016|2023|2025|2016|2022
1385,2025|2019|2019|2023|2016|2024|2021|2023|2021|2019
1386,2018|2023|2019|2017|2022|2022|2025|2025|2022|2020
1387,2019|2017|2016|2018|2021|2021|2021|2023|2024|2024
1388,2018|2021|2024|2022|2019|2020|2023|2017|2022|2016
1389,2017|2018|2019|2022|2019|2021|2022|2018|2021|2018
1390,2024|2021|2017|2016|2022|2025|2017|2023|2018|2018
1391,2024|2020|2020|2023|2019|2018|2024|2021|2020|2017
1392,2018|2017|2023|2023|2022|2023|2018|2023|2023|2024
1393,2023|2020|2025|2019|2016|2018|2022|2021|2019|2019
1394,2021|2023|2025|2021|2023|2021|2024|2016|2017|2019
1395,2023|2024|2021|2018|2023|2020|2017|2023|2025|2020
1396,2025|2021|2020|2020|2016|2018|2022|2024|2024|2018
1397,2018|2021|2018|2017|2025|2016|2018|2019|2021|2023
1398,2019|2019|2020|2021|2023|2019|2018|2016|2025|2020
1399,2019|2022|2021|2023|2016|2022|2018|2022|2022|2019
1400,2020|2023|2024|2020|2020|2023|2021|2021|2020|2022
1401,2017|2022|2018|2025|2020|2020|2019|2022|2025|2022
1402,2018|2019|2024|2016|2019|2023|2025|2019|2025|2025
1403,2020|2016|2023|2017|2023|2021|2019|2022|2017|2023
1404,2019|2021|2020|2025|2023|2024|2023|2025|2019|2018
1405,2023|2017|2025|2016|2021|2019|2020|2020|2018|2021
1406,2024|2017|2025|2018|2016|2018|2021|2020|2019|2023
1407,2019|2024|2018|2023|2023|2025|2017|2016|2022|2017
1408,2021|2017|2017|2025|2024|2023|2020|2022|2021|2020
1409,2019|2016|2020|2017|2017|2016|2017|2025|2020|2019
1410,2021|2025|2018|2020|2017|2023|2017|2024|2022|2022
1411,2017|2016|2016|2019|2020|2025|2025|2020|2024|2019
1412,2021|2017|2018|2024|2016|2021|2020|2018|2019|2024
1413,2020|2021|2017|2023|2021|2020|2025|2018|2018|2016
1414,2021|2018|2021|2021|2021|2016|2022|2019|2023|2024
1415,2020|2020|2022|2020|2025|2021|2022|2025|2017|2016
1416,2017|2024|2020|2016|2018|2024|2022|2025|2018|2025
1417,2024|2016|2019|2025|2017|2017|2019|2025|2023|2016
1418,2017|2021|2017|2023|2024|2018|2025|2023|2024|2024
1419,2024|2021|2021|2018|2021|2019|2019|2025|2019|2018
1420,2017|2018|2022|2021|2021|2023|2021|2025|2019|2018
1421,2021|2018|2023|2025|2016|2021|2021|2021|2024|2025
1422,2018|2019|2016|2022|2021|2018|2016|2017|2016|2021
1423,2021|2024|2016|2024|2023|2016|2020|2017|2023|2020
1424,2022|2024|2019|2016|2024|2022|2016|2025|2024|2021
1425,2025|2017|2020|2022|2019|2016|2024|2022|2021|2024
1426,2022|2023|2020|2020|2020|2018|2017|2016|2021|2022
1427,2024|2020|2023|2023|2020|2022|2018|2024|2023|2017
1428,2016|2016|2017|2021|2016|2023|2022|2017|2025|2019
1429,2019|2024|2021|2025|2019|2018|2016|2024|2022|2016
1430,2018|2023|2016|2025|2019|2024|2023|2019|2023|2025
1431,2023|2016|2025|2019|2021|2023|2025|2021|2023|2023
1432,2023|2016|2024|2017|2025|2025|2021|2017|2017|2017
1433,2021|2019|2019|2025|2023|2022|2019|2017|2021|2021
1434,2017|2016|2021|2016|2021|2021|2023|2019|2021|2017
1435,2022|2022|2019|2019|2023|2024|2021|2016|2017|2025
1436,2022|2022|2024|2023|2024|2023|2017|2019|2021|2025
1437,2020|2025|2018|2024|2024|2017|2020|2020|2025|2020
1438,2023|2020|2016|2022|2024|2024|2021|2022|2018|2016
1439,2025|2021|2017|2021|2023|2025|2020|2023|2025|2024
1440,2016|2019|2023|2020|2023|2016|2022|2022|2023|2023
1441,2018|2019|2019|2023|2018|2020|2023|2020|2023|2016
1442,2019|2022|2019|2017|2024|2016|2023|2019|2017|2019
1443,2021|2020|2016|2022|2023|2022|2025|2018|2016|2023
1444,2023|2016|2021|2021|2016|2024|2022|2018|2016|2017
1445,2025|2016|2022|2019|2016|2023|2024|2019|2025|2022
1446,2024|2023|2024|2023|2017|2019|2018|2025|2017|2020
1447,2021|2025|2021|2019|2023|2020|2022|2022|2018|2024
1448,2025|2025|2021|2018|2020|2021|2023|2016|2020|2016
1449,2016|2019|2021|2017|2020|2023|2020|2025|2019|2020
1450,2025|2017|2025|2019|2017|2018|2019|2019|2021|2022
1451,2022|2017|2019|2019|2018|2025|2022|2020|2021|2021
1452,2024|2025|2021|2023|2018|2020|2016|2017|2017|2022
1453,2022|2022|2017|2016|2019|2022|2022|2021|2020|2022
1454,2018|2025|2017|2025|2018|2020|2017|2019|2018|2018
1455,2018|2025|2016|2023|2021|2024|2017|2016|2025|2023
1456,2019|2017|2017|2020|2025|2016|2017|2021|2024|2025
1457,2024|2022|2016|2022|2021|2019|2017|2019|2017|2024
1458,2024|2023|2019|2018|2023|2021|2024|2017|2016|2023
1459,2025|2024|2024|2022|2018|2023|2023|2016|2019|2019
1460,2021|2016|2024|2016|2016|2018|2021|2024|2022|2019
1461,2021|2018|2016|2016|2021|2023|2023|2024|2016|2021
1462,2025|2025|2017|2022|2022|2021|2017|2016|2021|2017
1463,2022|2025|2018|2024|2024|2016|2022|2017|2019|2021
1464,2017|2024|2023|2018|2018|2024|2022|2023|2016|2018
1465,2025|2018|2020|2025|2023|2016|2024|2024|2019|2020
1466,2016|2025|2018|2019|2020|2023|2024|2019|2019|2019
1467,2022|2020|2018|2022|2016|2022|2021|2022|2016|2019
1468,2019|2019|2023|2017|2021|2020|2016|2023|2018|2023
1469,2017|2020|2025|2021|2016|2023|2024|2019|2023|2023
1470,2025|2022|2019|2016|2017|2020|2020|2021|2018|2016
1471,2017|2025|2019|2019|2023|2018|2016|2024|2025|2018
1472,2018|2025|2016|2018|2023|2016|2021|2017|2017|2017
1473,2024|2019|2018|2023|2021|2017|2021|2021|2016|2017
1474,2025|2022|2024|2018|2018|2016|2016|2017|2020|2024
1475,2022|2019|2020|2022|2020|2025|2016|2020|2017|2018
1476,2018|2019|2021|2017|2017|2024|2016|2021|2017|2021
1477,2024|2023|2023|2017|2016|2017|2021|2021|2025|2022
1478,2019|2019|2023|2018|2020|2019|2018|2024|2017|2025
1479,2020|2024|2017|2018|2025|2017|2017|2018|2021|2019
1480,2023|2023|2022|2016|2016|2018|2016|2024|2020|2022
1481,2024|2025|2025|2023|2024|2024|2019|2017|2024|2019
1482,2016|2025|2020|2023|2016|2024|2017|2024|2022|2016
1483,2018|2016|2019|2024|2018|2022|2024|2018|2018|2018
1484,2024|2017|2017|2021|2020|2018|2024|2016|2016|2018
1485,2016|2025|2021|2017|2022|2017|2024|2020|2021|2019
1486,2022|2021|2025|2022|2019|2025|2019|2023|2024|2021
1487,2018|2017|2025|2025|2022|2017|2018|2018|2023|2016
1488,2021|2024|2020|2025|2018|2019|2020|2022|2021|2020
1489,2016|2024|2021|2024|2016|2023|2017|2019|2024|2021
1490,2019|2019|2021|2025|2022|2021|2021|2024|2018|2020
1491,2023|2020|2022|2023|2024|2018|2025|2021|2017|2020
1492,2020|2019|2021|2020|2019|2019|2018|2016|2021|2018
1493,2022|2018|2016|2021|2018|2019|2018|2018|2022|2022
1494,2023|2018|2018|2025|2020|2025|2022|2019|2021|2020
1495,2022|2021|2018|2017|2023|2020|2023|2024|2022|2023
1496,2023|2023|2021|2023|2024|2021|2024|2019|2016|2018
1497,2019|2018|2025|2021|2017|2020|2022|2021|2022|2025
1498,2024|2023|2019|2023|2018|2025|2024|2021|2021|2022
1499,2021|2016|2023|2025|2017|2022|2022|2025|2019|2024
1500,2017|2024|2021|2016|2018|2025|2018|2023|2024|2022
1501,2024|2016|2017|2018|2025|2023|2018|2023|2021|2017
1502,2019|2023|2020|2019|2018|2021|2025|2021|2024|2025
1503,2016|2024|2022|2022|2018|2025|2020|2016|2024|2019
1504,2016|2019|2023|2024|2019|2020|2025|2024|2023|2019
1505,2023|2023|2017|2024|2017|2024|2023|2017|2025|2018
1506,2025|2025|2025|2024|2024|2019|2018|2021|2021|2023
1507,2017|2017|2023|2018|2023|2019|2016|2019|2022|2022
1508,2016|2018|2023|2025|2025|2023|2017|2023|2020|2023
1509,2021|2016|2017|2016|2022|2022|2025|2023|2020|2024
1510,2018|2024|2016|2022|2017|2020|2020|2018|2024|2021
1511,2017|2019|2021|2022|2020|2017|2022|2025|2018|2017
1512,2016|2021|2021|2016|2020|2024|2023|2018|2016|2024
1513,2022|2020|2023|2024|2023|2024|2018|2022|2017|2023
1514,2024|2016|2024|2025|2022|2023|2019|2024|2016|2017
1515,2016|2025|2021|2024|2020|2019|2022|2021|2020|2017
1516,2018|2022|2016|2020|2021|2018|2024|2018|2025|2019
1517,2025|2017|2022|2018|2016|2022|2017|2021|2020|2018
1518,2020|2025|2022|2020|2020|2022|2023|2021|2024|2023
1519,2025|2019|2025|2019|2020|2017|2022|2022|2018|2022
1520,2018|2023|2024|2024|2024|2024|2025|2023|2024|2021
1521,2022|2023|2024|2025|2023|2024|2019|2018|2025|2022
1522,2023|2023|2020|2021|2018|2016|2018|2019|2019|2019
1523,2016|2019|2021|2020|2019|2024|2025|2021|2025|2016
1524,2023|2025|2021|2021|2016|2017|2024|2025|2025|2020
1525,2021|2022|2024|2020|2017|2019|2025|2019|2018|2019
1526,2018|2016|2018|2016|2016|2025|2019|2025|2020|2024
1527,2017|2017|2016|2025|2024|2018|2017|2024|2016|2023
1528,2022|2017|2016|2025|2020|2022|2018|2016|2022|2025
1529,2020|2025|2025|2022|2023|2018|2016|2017|2019|2017
1530,2025|2024|2020|2019|2023|2025|2018|2023|2020|2018
1531,2020|2018|2019|2020|2016|2025|2021|2025|2018|2023
1532,2023|2019|2018|2019|2022|2016|2023|2019|2024|2016
1533,2025|2018|2017|2021|2018|2023|2017|2018|2020|2021
1534,2023|2025|2020|2018|2017|2022|2025|2025|2018|2022
1535,2025|2020|2016|2022|2025|2024|2017|2019|2017|2023
1536,2023|2019|2022|2020|2025|2019|2019|2017|2022|2017
1537,2018|2017|2025|2024|2016|2023|2016|2024|2022|2020
1538,2022|2025|2025|2021|2016|2019|2022|2023|2025|2018
1539,2016|2018|2024|2017|2021|2024|2021|2023|2018|2017
1540,2024|2019|2025|2016|2021|2025|2018|2017|2023|2024
1541,2021|2018|2024|2017|2023|2018|2023|2021|2021|2021
1542,2019|2024|2018|2016|2023|2025|2019|2025|2024|2025
1543,2019|2024|2020|2017|2023|2018|2019|2021|2016|2018
1544,2018|2023|2016|2016|2020|2017|2022|2019|2025|2022
1545,2016|2025|2017|2024|2022|2016|2025|2022|2025|2022
1546,2022|2020|2019|2019|2021|2016|2024|2024|2019|2018
1547,2022|2021|2023|2019|2017|2018|2019|2021|2021|2024
1548,2021|2025|2022|2019|2020|2024|2018|2022|2022|2025
1549,2017|2017|2024|2018|2025|2018|2024|2020|2024|2021
1550,2019|2017|2019|2020|2023|2025|2019|2017|2022|2017
1551,2022|2019|2023|2022|2023|2019|2018|2019|2023|2016
1552,2020|2019|2018|2025|2020|2020|2025|2021|2019|2018
1553,2017|2021|2023|2018|2020|2023|2018|2024|2024|2022
1554,2018|2017|2021|2018|2025|2016|2025|2018|2018|2020
1555,2022|2025|2019|2016|2020|2021|2024|2016|2021|2020
1556,2023|2025|2024|2019|2022|2019|2024|2024|2023|2020
1557,2020|2023|2022|2024|2023|2017|2022|2023|2020|2018
1558,2023|2024|2025|2019|2022|2022|2016|2020|2018|2021
1559,2024|2023|2017|2021|2022|2022|2022|2017|2024|2016
1560,2024|2016|2025|2019|2018|2025|2025|2021|2020|2023
1561,2018|2023|2019|2020|2023|2022|2025|2019|2019|2016
1562,2025|2025|2018|2021|2017|2024|2018|2024|2018|2021
1563,2019|2025|2025|2018|2020|2018|2016|2023|2020|2025
1564,2023|2021|2019|2018|2016|2019|2018|2022|2025|2020
1565,2025|2021|2021|2020|2024|2019|2018|2022|2021|2020
1566,2023|2018|2018|2023|2021|2023|2025|2016|2025|2024
1567,2021|2017|2018|2021|2022|2020|2019|2016|2018|2016
1568,2022|2022|2019|2023|2018|2017|2018|2025|2020|2024
1569,2023|2022|2024|2016|2025|2025|2016|2020|2018|2018
1570,2022|2022|2016|2022|2020|2019|2018|2022|2024|2025
1571,2020|2016|2023|2017|2021|2017|2017|2018|2022|2022
1572,2018|2019|2025|2017|2024|2021|2025|2018|2022|2020
1573,2017|2020|2016|2023|2025|2020|2018|2017|2016|2020
1574,2019|2023|2022|2017|2025|2024|2022|2025|2024|2019
1575,2018|2017|2020|2018|2017|2024|2018|2025|2022|2017
1576,2021|2025|2020|2021|2019|2022|2022|2023|2023|2022
1577,2017|2025|2018|2020|2017|2016|2018|2018|2024|2022
1578,2025|2017|2021|2022|2018|2018|2020|2021|2020|2022
1579,2023|2016|2016|2019|2019|2025|2020|2022|2019|2023
1580,2017|2019|2021|2018|2024|2020|2016|2025|2025|2023
1581,2016|2019|2016|2019|2021|2024|2020|2017|2019|2023
1582,2018|2022|2018|2021|2020|2019|2023|2017|2018|2023
1583,2021|2023|2016|2025|2021|2023|2016|2019|2023|2024
1584,2021|2025|2024|2024|2021|2020|2020|2025|2019|2024
1585,2019|2017|2017|2023|2018|2021|2020|2023|2016|2016
1586,2021|2020|2021|2021|2024|2024|2023|2019|2022|2021
1587,2025|2023|2017|2017|2020|2018|2021|2018|2018|2020
1588,2017|2017|2021|2024|2020|2023|2018|2019|2020|2019
1589,2025|2016|2022|2024|2021|2018|2021|2024|2022|2022
1590,2023|2022|2024|2017|2020|2021|2022|2019|2017|2021
1591,2021|2022|2022|2017|2021|2025|2022|2016|2018|2021
1592,2024|2022|2019|2024|2025|2019|2018|2016|2021|2020
1593,2018|2022|2019|2020|2019|2023|2021|2018|2020|2022
1594,2016|2016|2024|2018|2022|2017|2021|2019|2016|2024
1595,2021|2025|2021|2023|2025|2025|2024|2022|2018|2025
1596,2022|2016|2020|2016|2022|2020|2020|2023|2023|2017
1597,2017|2023|2023|2021|2018|2023|2019|2020|2025|2024
1598,2022|2023|2017|2022|2020|2025|2019|2024|2025|2021
1599,2025|2016|2018|2024|2025|2016|2022|2022|2020|2025
1600,2016|2021|2020|2021|2016|2022|2022|2023|2017|2019
1601,2025|2022|2022|2017|2023|2022|2022|2018|2025|2024
1602,2019|2017|2016|2024|2018|2023|2018|2024|2016|2020
1603,2018|2023|2020|2019|2024|2017|2021|2021|2021|2021
1604,2024|2021|2025|2022|2019|2019|2020|2024|2017|2016
1605,2022|2019|2018|2018|2020|2023|2024|2017|2023|2022
1606,2024|2024|2025|2018|2018|2022|2024|2024|2025|2022
1607,2025|2021|2017|2024|2019|2020|2024|2017|2025|2018
1608,2024|2020|2024|2018|2021|2017|2016|2025|2019|2022
1609,2019|2024|2017|2021|2018|2023|2019|2019|2019|2020
1610,2019|2021|2025|2016|2025|2025|2020|2017|2016|2021
1611,2017|2017|2022|2022|2024|2018|2022|2019|2016|2019
1612,2017|2017|2020|2021|2016|2017|2025|2017|2016|2022
1613,2025|2023|2021|2019|2020|2016|2023|2024|2016|2018
1614,2017|2023|2022|2017|2021|2022|2021|2016|2024|2016
1615,2016|2024|2017|2021|2020|2021|2019|2024|2016|2019
1616,2024|2020|2023|2025|2019|2024|2019|2019|2025|2018
1617,2020|2021|2017|2025|2025|2025|2023|2025|2023|2025
1618,2016|2019|2024|2023|2022|2025|2020|2025|2021|2022
1619,2022|2025|2021|2021|2019|2017|2019|2023|2023|2021
1620,2019|2019|2023|2021|2017|2018|2023|2016|2017|2020
1621,2020|2017|2017|2016|2016|2024|2024|2021|2025|2021
1622,2024|2018|2017|2021|2023|2019|2025|2024|2022|2023
1623,2016|2019|2022|2023|2022|2016|2021|2021|2023|2019
1624,2021|2017|2019|2025|2016|2024|2020|2017|2017|2020
1625,2017|2016|2018|2022|2019|2021|2020|2025|2023|2018
1626,2018|2023|2018|2023|2017|2023|2024|2021|2025|2016
1627,2023|2023|2020|2018|2016|2021|2018|2016|2025|2023
1628,2024|2024|2017|2021|2016|2024|2021|2021|2020|2019
1629,2019|2016|2022|2019|2025|2016|2023|2024|2017|2023
1630,2025|2021|2017|2023|2017|2016|2017|2017|2025|2016
1631,2024|2023|2023|2019|2018|2017|2025|2023|2017|2022
1632,2024|2023|2017|2023|2021|2025|2024|2021|2020|2021
1633,2021|2018|2017|2020|2024|2018|2020|2020|2025|2017
1634,2023|2025|2016|2021|2022|2024|2024|2024|2017|2018
1635,2018|2020|2023|2016|2018|2019|2016|2017|2022|2018
1636,2018|2020|2025|2019|2025|2025|2024|2019|2024|2018
1637,2025|2024|2021|2020|2025|2025|2020|2017|2025|2017
1638,2024|2019|2023|2019|2018|2019|2023|2021|2019|2024
1639,2020|2025|2023|2022|2021|2020|2020|2018|2021|2025
1640,2020|2018|2021|2018|2019|2022|2019|2024|2016|2023
1641,2017|2017|2019|2023|2024|2022|2020|2016|2018|2019
1642,2020|2017|2021|2024|2024|2017|2019|2022|2020|2021
1643,2025|2018|2018|2024|2017|2025|2016|2020|2025|2016
1644,2020|2023|2017|2016|2022|2017|2016|2025|2024|2023
1645,2019|2025|2023|2022|2018|2017|2018|2018|2018|2022
1646,2024|2021|2018|2021|2020|2019|2025|2019|2017|2017
1647,2021|2024|2019|2018|2020|2021|2021|2021|2016|2018
1648,2025|2017|2025|2018|2023|2018|2022|2025|2020|2025
1649,2023|2022|2024|2019|2020|2018|2025|2023|2023|2020
1650,2023|2021|2024|2023|2019|2023|2025|2019|2017|2019
1651,2023|2022|2021|2018|2025|2017|2019|2019|2021|2022
1652,2023|2024|2022|2024|2022|2020|2022|2025|2022|2021
1653,2019|2017|2022|2016|2024|2021|2018|2016|2020|2020
1654,2023|2016|2022|2021|2021|2024|2019|2016|2021|2023
1655,2018|2020|2021|2020|2021|2018|2016|2018|2016|2017
1656,2021|2017|2023|2023|2019|2016|2016|2019|2020|2023
1657,2020|2020|2019|2016|2022|2025|2025|2018|2018|2023
1658,2024|2023|2019|2020|2022|2024|2020|2020|2017|2025
1659,2021|2016|2020|2023|2016|2022|2019|2020|2018|2022
1660,2018|2022|2025|2022|2020|2020|2020|2022|2019|2023
1661,2017|2022|2019|2023|2018|2022|2016|2022|2021|2019
1662,2019|2025|2023|2016|2019|2024|2024|2018|2017|2017
1663,2018|2024|2020|2021|2016|2024|2020|2024|2019|2017
1664,2025|2017|2025|2017|2018|2021|2020|2016|2016|2017
1665,2016|2018|2023|2016|2023|2020|2025|2017|2021|2024
1666,2023|2017|2021|2019|2021|2018|2016|2019|2024|2019
1667,2022|2021|2018|2023|2020|2020|2023|2016|2025|2018
1668,2025|2019|2018|2020|2022|2021|2024|2023|2016|2020
1669,2022|2021|2016|2023|2016|2023|2017|2020|2019|2022
1670,2018|2019|2019|2016|2022|2024|2024|2020|2017|2021
1671,2024|2024|2016|2021|2022|2018|2021|2019|2019|2022
1672,2021|2024|2016|2018|2016|2022|2025|2018|2023|2023
1673,2025|2017|2018|2025|2023|2017|2019|2019|2025|2016
1674,2017|2024|2018|2016|2022|2021|2023|2022|2020|2020
1675,2017|2020|2021|2025|2017|2016|2016|2017|2019|2017
1676,2025|2023|2025|2019|2023|2025|2020|2018|2020|2019
1677,2023|2018|2021|2020|2016|2025|2025|2025|2023|2022
1678,2025|2020|2024|2025|2020|2019|2022|2019|2020|2024
1679,2018|2020|2021|2025|2020|2025|2023|2022|2022|2018
1680,2025|2022|2022|2020|2019|2019|2019|2024|2023|2020
1681,2023|2019|2024|2017|2016|2025|2020|2017|2019|2025
1682,2021|2022|2018|2019|2021|2020|2023|2021|2020|2023
1683,2023|2024|2025|2016|2019|2019|2018|2020|2016|2022
1684,2017|2018|2022|2023|2016|2023|2017|2017|2017|2021
1685,2019|2019|2024|2019|2022|2022|2021|2021|2024|2023
1686,2025|2025|2024|2016|2022|2021|2025|2023|2022|2025
1687,2022|2020|2021|2025|2025|2018|2021|2025|2020|2020
1688,2021|2025|2022|2018|2017|2016|2018|2021|2023|2021
1689,2022|2023|2018|2021|2018|2025|2025|2018|2023|2025
1690,2023|2020|2025|2019|2022|2025|2018|2019|2017|2022
1691,2022|2018|2022|2023|2022|2016|2021|2021|2017|2025
1692,2019|2025|2021|2016|2023|2022|2018|2024|2022|2019
1693,2017|2022|2017|2019|2019|2023|2016|2018|2017|2023
1694,2021|2023|2020|2019|2018|2016|2020|2017|2022|2021
1695,2020|2016|2025|2023|2016|2023|2025|2021|2023|2018
1696,2019|2017|2021|2024|2021|2023|2023|2017|2023|2017
1697,2018|2024|2021|2020|2022|2016|2020|2017|2019|2022
1698,2017|2019|2024|2019|2018|2017|2021|2024|2025|2022
1699,2017|2018|2020|2018|2017|2022|2019|2020|2018|2020
1700,2019|2020|2017|2019|2018|2025|2020|2024|2022|2025
1701,2018|2024|2025|2024|2019|2018|2023|2018|2017|2017
1702,2017|2020|2017|2019|2022|2023|2024|2021|2017|2021
1703,2017|2024|2025|2023|2019|2023|2019|2022|2025|2020
1704,2016|2023|2016|2017|2024|2017|2024|2025|2022|2023
1705,2024|2024|2018|2017|2018|2025|2025|2021|2020|2024
1706,2023|2023|2022|2017|2022|2022|2025|2018|2023|2017
1707,2025|2017|2018|2022|2017|2025|2024|2025|2021|2021
1708,2024|2022|2016|2025|2017|2024|2017|2022|2022|2021
1709,2024|2016|2025|2022|2017|2024|2016|2017|2021|2017
1710,2020|2025|2025|2022|2021|2018|2019|2019|2016|2025
1711,2016|2016|2023|2023|2017|2018|2021|2016|2025|2024
1712,2024|2019|2017|2024|2023|2018|2025|2020|2019|2025
1713,2024|2021|2018|2016|2023|2022|2019|2017|2016|2021
1714,2018|2025|2016|2024|2021|2023|2019|2024|2019|2019
1715,2016|2019|2018|2025|2018|2022|2020|2020|2021|2017
1716,2019|2018|2021|2023|2025|2024|2021|2022|2016|2021
1717,2016|2023|2021|2016|2024|2024|2022|2019|2020|2021
1718,2019|2017|2017|2017|2020|2022|2020|2018|2025|2025
1719,2016|2021|2020|2018|2023|2021|2022|2019|2021|2020
1720,2023|2024|2016|2025|2023|2018|2019|2022|2024|2020
1721,2025|2021|2023|2020|2021|2023|2021|2017|2020|2024
1722,2022|2023|2022|2017|2024|2022|2021|2025|2023|2025
1723,2023|2016|2018|2025|2018|2017|2017|2023|2019|2019
1724,2021|2024|2021|2018|2020|2025|2017|2024|2019|2023
1725,2020|2022|2019|2016|2023|2023|2020|2025|2021|2017
1726,2018|2020|2025|2020|2016|2025|2023|2020|2023|2025
1727,2016|2022|2023|2018|2016|2023|2018|2025|2025|2021
1728,2019|2024|2019|2022|2021|2022|2021|2018|2018|2017
1729,2024|2022|2022|2019|2017|2025|2023|2017|2021|2016
1730,2019|2021|2016|2022|2018|2018|2017|2024|2022|2018
1731,2017|2024|2024|2020|2020|2023|2019|2018|2024|2022
1732,2017|2022|2021|2023|2021|2017|2021|2018|2016|2019
1733,2021|2022|2024|2020|2018|2019|2023|2023|2016|2018
1734,2019|2021|2017|2019|2017|2016|2018|2019|2021|2024
1735,2022|2017|2021|2019|2020|2024|2022|2017|2022|2020
1736,2021|2017|2025|2016|2022|2025|2023|2019|2017|2021
1737,2021|2019|2024|2023|2024|2023|2023|2021|2019|2019
1738,2023|2024|2018|2024|2023|2024|2020|2021|2025|2018
1739,2025|2023|2018|2025|2021|2019|2024|2018|2016|2018
1740,2022|2025|2024|2025|2020|2016|2017|2022|2019|2018
1741,2020|2024|2023|2016|2016|2017|2019|2017|2023|2025
1742,2020|2019|2023|2020|2019|2017|2019|2025|2018|2024
1743,2024|2025|2020|2020|2020|2025|2022|2016|2023|2017
1744,2022|2025|2018|2024|2024|2017|2016|2020|2019|2024
1745,2016|2022|2016|2017|2023|2023|2020|2024|2017|2022
1746,2025|2019|2022|2020|2021|2017|2021|2022|2022|2022
1747,2016|2024|2017|2022|2021|2025|2021|2020|2021|2025
1748,2020|2024|2022|2023|2018|2021|2019|2018|2020|2017
1749,2016|2020|2024|2018|2025|2018|2018|2018|2022|2021
1750,2020|2018|2017|2016|2021|2016|2024|2020|2018|2023
1751,2020|2025|2022|2023|2016|2020|2016|2021|2024|2018
1752,2023|2022|2023|2020|2022|2017|2023|2018|2022|2020
1753,2023|2018|2017|2025|2016|2020|2023|2019|2020|2025
1754,2025|2019|2020|2019|2017|2017|2018|2020|2021|2019
1755,2021|2023|2019|2018|2019|2016|2017|2021|2021|2019
1756,2017|2020|2019|2023|2018|2017|2016|2022|2022|2025
1757,2019|2023|2018|2025|2021|2018|2017|2025|2016|2016
1758,2018|2016|2018|2024|2022|2020|2025|2018|2021|2016
1759,2020|2017|2025|2023|2016|2020|2016|2020|2025|2021
1760,2023|2023|2017|2024|2023|2020|2025|2023|2019|2022
1761,2024|2021|2021|2025|2018|2021|2025|2020|2025|2022
1762,2019|2021|2017|2020|2019|2024|2024|2016|2024|2018
1763,2019|2025|2017|2018|2021|2019|2019|2020|2021|2021
1764,2016|2025|2022|2016|2023|2021|2019|2023|2020|2017
1765,2017|2023|2024|2024|2019|2017|2024|2024|2016|2018
1766,2023|2016|2024|2020|2016|2023|2023|2022|2016|2019
1767,2016|2020|2025|2022|2019|2025|2022|2016|2022|2016
1768,2020|2018|2017|2019|2019|2016|2023|2022|2025|2023
1769,2017|2019|2018|2023|2022|2019|2023|2018|2016|2016
1770,2019|2021|2023|2016|2018|2020|2017|2022|2018|2016
1771,2019|2018|2022|2022|2022|2017|2023|2024|2021|2016
1772,2019|2017|2023|2016|2016|2022|2023|2025|2021|2021
1773,2018|2023|2020|2025|2017|2020|2021|2024|2022|2021
1774,2016|2021|2023|2020|2019|2017|2019|2017|2016|2025
1775,2024|2019|2020|2021|2019|2024|2019|2018|2022|2017
1776,2016|2016|2024|2019|2018|2024|2023|2017|2025|2021
1777,2017|2022|2020|2019|2025|2020|2024|2016|2023|2022
1778,2016|2021|2021|2025|2024|2025|2021|2019|2020|2022
1779,2016|2017|2018|2022|2017|2025|2023|2020|2019|2023
1780,2024|2016|2019|2024|2019|2020|2023|2020|2021|2017
1781,2023|2024|2022|2022|2024|2020|2021|2023|2023|2016
1782,2018|2018|2016|2017|2020|2021|2020|2023|2023|2020
1783,2020|2020|2018|2023|2017|2022|2023|2020|2016|2021
1784,2019|2016|2022|2025|2024|2022|2018|2021|2022|2025
1785,2017|2020|2017|2020|2024|2016|2018|2020|2022|2016
1786,2019|2023|2025|2018|2016|2024|2022|2023|2021|2019
1787,2019|2020|2021|2018|2020|2019|2019|2018|2023|2020
1788,2020|2023|2018|2025|2017|2020|2018|2025|2017|2023
1789,2019|2020|2023|2021|2022|2020|2017|2022|2017|2024
1790,2023|2021|2018|2020|2021|2021|2021|2025|2017|2022
1791,2021|2021|2024|2016|2019|2020|2021|2024|2021|2019
1792,2023|2022|2018|2017|2016|2024|2024|2022|2023|2017
1793,2019|2019|2021|2025|2017|2020|2022|2016|2023|2025
1794,2024|2019|2016|2023|2018|2016|2022|2023|2020|2021
1795,2019|2017|2020|2019|2020|2020|2023|2020|2021|2021
1796,2024|2022|2023|2024|2016|2021|2017|2025|2024|2018
1797,2025|2022|2018|2016|2019|2018|2021|2019|2023|2016
1798,2025|2016|2020|2023|2021|2021|2022|2016|2025|2023
1799,2020|2021|2020|2024|2022|2018|2016|2016|2023|2016
1800,2025|2018|2017|2017|2016|2020|2022|2025|2016|2023
1801,2020|2022|2025|2018|2025|2022|2017|2025|2024|2018
1802,2016|2022|2023|2020|2023|2025|2018|2023|2017|2019
1803,2019|2018|2017|2021|2016|2023|2019|2019|2021|2021
1804,2016|2023|2020|2019|2023|2018|2023|2023|2019|2025
1805,2019|2023|2016|2024|2022|2023|2019|2020|2022|2025
1806,2017|2025|2025|2021|2022|2021|2021|2016|2017|2025
1807,2018|2019|2018|2016|2022|2017|2025|2025|2020|2019
1808,2025|2023|2021|2016|2021|2020|2017|2019|2019|2023
1809,2018|2024|2025|2024|2022|2023|2022|2024|2020|2019
1810,2017|2024|2021|2016|2024|2021|2020|2019|2018|2021
1811,2021|2019|2025|2017|2025|2018|2024|2024|2017|2017
1812,2025|2024|2020|2023|2019|2025|2017|2023|2025|2016
1813,2023|2016|2023|2024|2023|2024|2021|2025|2020|2022
1814,2022|2023|2024|2022|2020|2021|2018|2017|2019|2024
1815,2017|2024|2018|2019|2024|2022|2017|2019|2023|2021
1816,2023|2024|2016|2025|2025|2023|2017|2022|2025|2024
1817,2024|2024|2022|2019|2025|2020|2019|2022|2018|2019
1818,2025|2018|2024|2021|2017|2016|2022|2020|2021|2024
1819,2020|2016|2020|2016|2022|2018|2020|2016|2020|2019
1820,2023|2023|2017|2021|2025|2020|2020|2025|2019|2016
1821,2016|2016|2022|2021|2019|2018|2023|2018|2018|2020
1822,2017|2016|2024|2024|2017|2022|2025|2025|2020|2018
1823,2020|2023|2018|2024|2020|2023|2020|2023|2017|2018
1824,2016|2025|2018|2018|2023|2017|2017|2018|2020|2025
1825,2022|2021|2016|2023|2019|2019|2019|2024|2016|2017
1826,2024|2023|2020|2025|2022|2023|2021|2017|2024|2022
1827,2017|2021|2019|2025|2016|2018|2024|2021|2023|2016
1828,2023|2019|2025|2022|2021|2018|2022|2025|2017|2022
1829,2017|2023|2022|2023|2025|2025|2017|2020|2021|2025
1830,2018|2016|2017|2020|2020|2021|2019|2021|2016|2020
1831,2024|2021|2025|2024|2024|2024|2023|2016|2019|2017
1832,2022|2024|2020|2018|2016|2019|2019|2024|2023|2020
1833,2018|2018|2018|2018|2024|2023|2025|2024|2019|2024
1834,2016|2022|2022|2022|2022|2017|2017|2021|2019|2016
1835,2018|2016|2018|2021|2023|2020|2021|2017|2019|2018
1836,2017|2019|2023|2023|2016|2019|2020|2023|2017|2020
1837,2023|2018|2016|2023|2025|2019|2017|2020|2025|2022
1838,2022|2025|2019|2018|2022|2025|2017|2018|2022|2020
1839,2021|2022|2023|2022|2022|2023|2016|2022|2020|2018
1840,2018|2021|2021|2021|2024|2022|2023|2017|2023|2018
1841,2018|2019|2019|2021|2024|2017|2022|2020|2023|2016
1842,2023|2022|2017|2017|2022|2017|2016|2023|2025|2024
1843,2018|2024|2025|2022|2020|2017|2024|2020|2022|2020
1844,2025|2020|2024|2023|2025|2025|2025|2022|2017|2023
1845,2016|2017|2024|2019|2022|2016|2020|2016|2019|2023
1846,2018|2021|2018|2019|2022|2017|2021|2023|2024|2025
1847,2023|2023|2025|2018|2019|2022|2017|2025|2024|2022
1848,2019|2021|2017|2024|2019|2020|2020|2018|2023|2021
1849,2021|2017|2025|2022|2019|2019|2019|2024|2023|2024
1850,2016|2018|2025|2019|2018|2024|2018|2017|2025|2017
1851,2024|2024|2021|2018|2018|2025|2025|2019|2019|2022
1852,2023|2019|2019|2020|2020|2019|2016|2024|2023|2021
1853,2025|2017|2022|2021|2021|2024|2025|2016|2017|2025
1854,2018|2024|2022|2020|2019|2024|2025|2016|2022|2023
1855,2022|2021|2016|2022|2024|2024|2017|2016|2022|2025
1856,2017|2017|2022|2017|2019|2020|2023|2017|2024|2019
1857,2020|2019|2017|2020|2019|2025|2017|2022|2024|2021
1858,2023|2020|2016|2019|2025|2024|2018|2019|2018|2022
1859,2016|2023|2023|2016|2021|2022|2024|2024|2017|2024
1860,2020|2020|2023|2024|2016|2024|2025|2025|2019|2021
1861,2024|2021|2021|2025|2024|2023|2023|2016|2022|2019
1862,2016|2018|2018|2017|2025|2016|2025|2021|2021|2021
1863,2017|2025|2016|2018|2021|2018|2023|2023|2016|2025
1864,2021|2022|2018|2016|2019|2021|2019|2019|2018|2020
1865,2021|2023|2021|2019|2020|2020|2022|2025|2023|2022
1866,2019|2019|2025|2021|2017|2025|2018|2022|2022|2020
1867,2023|2025|2017|2020|2024|2020|2021|2016|2021|2020
1868,2018|2018|2024|2016|2020|2022|2023|2021|2024|2020
1869,2019|2016|2024|2020|2020|2025|2016|2022|2025|2016
1870,2025|2023|2016|2016|2017|2025|2019|2023|2017|2024
1871,2024|2025|2025|2024|2016|2020|2018|2016|2025|2017
1872,2020|2025|2019|2025|2016|2022|2022|2024|2023|2018
1873,2024|2019|2021|2017|2016|2023|2017|2019|2017|2020
1874,2025|2017|2017|2023|2018|2016|2022|2025|2017|2025
1875,2022|2021|2024|2021|2025|2019|2016|2018|2024|2017
1876,2022|2024|2019|2020|2023|2025|2018|2022|2016|2023
1877,2017|2024|2020|2019|2021|2024|2017|2023|2021|2016
1878,2019|2023|2022|2016|2020|2024|2017|2024|2020|2025
1879,2024|2022|2016|2025|2019|2023|2024|2024|2025|2023
1880,2025|2018|2025|2020|2021|2017|2017|2019|2016|2022
1881,2016|2024|2019|2023|2025|2017|2021|2025|2024|2025
1882,2024|2021|2016|2022|2024|2021|2020|2025|2018|2019
1883,2017|2019|2017|2023|2023|2023|2025|2022|2025|2018
1884,2022|2021|2018|2016|2025|2025|2017|2021|2016|2016
1885,2019|2023|2023|2016|2024|2017|2020|2022|2020|2021
1886,2022|2017|2016|2021|2021|2019|2022|2022|2017|2022
1887,2019|2025|2022|2022|2021|2024|2018|2018|2025|2019
1888,2019|2023|2016|2023|2023|2024|2020|2023|2017|2018
1889,2020|2020|2024|2022|2018|2020|2016|2017|2017|2016
1890,2024|2020|2021|2018|2024|2021|2021|2023|2025|2019
1891,2022|2020|2023|2016|2019|2018|2024|2016|2024|2020
1892,2023|2024|2022|2019|2024|2019|2023|2020|2016|2025
1893,2016|2016|2024|2017|2022|2023|2017|2019|2019|2023
1894,2016|2016|2022|2022|2025|2020|2020|2020|2016|2021
1895,2024|2016|2017|2024|2022|2024|2016|2016|2020|2016
1896,2023|2021|2025|2025|2019|2021|2024|2019|2024|2023
1897,2016|2018|2024|2022|2024|2017|2019|2019|2022|2024
1898,2025|2022|2020|2024|2017|2022|2019|2017|2017|2016
1899,2025|2018|2019|2020|2019|2022|2024|2018|2023|2016
1900,2023|2016|2018|2022|2021|2017|2019|2018|2016|2020
1901,2022|2017|2021|2019|2019|2025|2019|2018|2020|2025
1902,2025|2024|2025|2024|2024|2016|2019|2019|2023|2017
1903,2024|2018|2023|2020|2023|2016|2017|2018|2018|2024
1904,2020|2019|2024|2022|2025|2025|2016|2016|2023|2023
1905,2017|2020|2017|2024|2020|2021|2023|2020|2017|2021
1906,2021|2025|2018|2023|2018|2023|2021|2018|2019|2021
1907,2017|2021|2023|2018|2016|2020|2024|2018|2022|2022
1908,2017|2021|2019|2022|2022|2025|2018|2019|2019|2018
1909,2017|2021|2020|2023|2024|2018|2017|2021|2024|2020
1910,2019|2018|2023|2020|2024|2025|2024|2016|2018|2023
1911,2018|2016|2016|2024|2016|2025|2023|2025|2019|2018
1912,2019|2025|2017|2023|2016|2019|2025|2016|2022|2016
1913,2018|2017|2018|2016|2017|2017|2018|2018|2016|2022
1914,2021|2019|2024|2023|2016|2019|2017|2022|2016|2023
1915,2019|2025|2019|2016|2019|2020|2023|2017|2016|2024
1916,2025|2018|2018|2021|2024|2024|2020|2019|2016|2024
1917,2019|2025|2021|2017|2018|2023|2021|2023|2017|2025
1918,2022|2023|2020|2020|2021|2024|2020|2025|2016|2025
1919,2020|2016|2022|2025|2024|2016|2017|2021|2017|2025
1920,2020|2019|2021|2020|2020|2016|2020|2025|2023|2021
1921,2023|2022|2022|2023|2019|2019|2020|2023|2024|2016
1922,2017|2024|2024|2020|2017|2018|2019|2025|2022|2017
1923,2019|2024|2016|2020|2021|2025|2021|2016|2021|2025
1924,2020|2022|2024|2022|2018|2022|2022|2018|2020|2022
1925,2023|2018|2019|2020|2018|2025|2021|2017|2018|2020
1926,2021|2016|2020|2018|2023|2024|2019|2024|2023|2019
1927,2022|2017|2024|2017|2019|2020|2019|2024|2024|2018
1928,2020|2017|2018|2019|2025|2023|2022|2022|2023|2025
1929,2024|2018|2017|2017|2018|2020|2021|2016|2022|2017
1930,2016|2017|2020|2020|2022|2025|2018|2021|2018|2016
1931,2017|2024|2024|2018|2017|2022|2024|2016|2024|2017
1932,2024|2021|2019|2024|2023|2020|2019|2018|2021|2024
1933,2019|2025|2017|2022|2023|2019|2025|2018|2019|2020
1934,2018|2021|2018|2016|2017|2024|2024|2020|2019|2016
1935,2018|2022|2023|2017|2022|2022|2024|2023|2016|2020
1936,2021|2021|2020|2019|2016|2021|2023|2019|2020|2020
1937,2025|2020|2019|2022|2023|2022|2016|2018|2017|2021
1938,2017|2020|2016|2025|2021|2021|2020|2023|2019|2019
1939,2023|2025|2022|2019|2018|2017|2017|2023|2018|2017
1940,2025|2023|2023|2024|2025|2017|2019|2020|2018|2025
1941,2018|2017|2023|2020|2019|2016|2025|2021|2022|2024
1942,2018|2018|2025|2025|2017|2022|2021|2023|2018|2016
1943,2020|2022|2022|2019|2022|2017|2023|2024|2022|2023
1944,2024|2017|2020|2022|2017|2022|2019|2018|2016|2021
1945,2024|2024|2018|2016|2024|2024|2021|2025|2016|2018
1946,2020|2019|2020|2025|2025|2019|2019|2023|2025|2018
1947,2016|2020|2025|2020|2025|2023|2016|2020|2020|2022
1948,2020|2021|2018|2024|2018|2020|2024|2023|2021|2022
1949,2021|2017|2022|2023|2019|2018|2025|2022|2024|2025
1950,2017|2022|2020|2019|2017|2018|2017|2018|2021|2024
1951,2025|2019|2016|2025|2023|2018|2023|2016|2021|2016
1952,2025|2021|2019|2018|2022|2019|2022|2018|2016|2018
1953,2019|2020|2016|2017|2018|2019|2021|2024|2025|2018
1954,2019|2018|2020|2018|2017|2025|2025|2019|2024|2016
1955,2024|2024|2025|2025|2020|2018|2018|2021|2021|2020
1956,2023|2016|2017|2017|2019|2020|2016|2023|2022|2019
1957,2019|2021|2022|2019|2023|2020|2021|2022|2022|2021
1958,2021|2018|2024|2022|2025|2023|2022|2023|2025|2016
1959,2024|2017|2018|2020|2023|2024|2024|2018|2018|2023
1960,2022|2019|2021|2025|2022|2018|2018|2016|2024|2023
1961,2024|2025|2025|2022|2020|2021|2024|2016|2017|2020
1962,2025|2023|2019|2018|2018|2018|2017|2023|2023|2017
1963,2020|2016|2017|2024|2024|2022|2018|2017|2018|2019
1964,2017|2019|2022|2020|2018|2021|2019|2020|2021|2022
1965,2016|2020|2017|2021|2017|2024|2019|2020|2019|2023
1966,2022|2025|2022|2019|2018|2025|2023|2024|2022|2021
1967,2017|2022|2024|2018|2019|2020|2025|2025|2020|2019
1968,2020|2020|2024|2024|2018|2020|2016|2021|2016|2020
1969,2016|2021|2018|2022|2022|2022|2021|2016|2023|2017
1970,2019|2019|2022|2017|2018|2019|2017|2025|2025|2019
1971,2016|2024|2016|2016|2019|2020|2025|2020|2025|2025
1972,2016|2019|2018|2020|2024|2016|2020|2024|2022|2024
1973,2016|2022|2023|2022|2022|2021|2025|2020|2023|2023
1974,2019|2019|2016|2016|2021|2016|2024|2024|2021|2018
1975,2022|2020|2023|2019|2019|2017|2022|2024|2021|2018
1976,2022|2016|2025|2025|2021|2021|2016|2023|2024|2020
1977,2019|2020|2024|2021|2022|2017|2020|2018|2024|2019
1978,2024|2023|2022|2024|2016|2018|2023|2021|2025|2021
1979,2022|2016|2023|2022|2016|2025|2019|2016|2019|2023
1980,2019|2025|2016|2025|2017|2022|2022|2024|2020|2024
1981,2024|2020|2016|2018|2019|2018|2017|2022|2016|2023
1982,2020|2017|2020|2021|2023|2024|2023|2018|2017|2016
1983,2020|2016|2017|2020|2023|2024|2018|2024|2024|2017
1984,2016|2016|2025|2023|2017|2018|2019|2023|2019|2021
1985,2025|2020|2021|2022|2017|2025|2016|2020|2021|2016
1986,2019|2024|2025|2023|2021|2019|2016|2021|2025|2025
1987,2019|2024|2024|2023|2025|2017|2017|2021|2017|2017
1988,2019|2020|2021|2023|2021|2025|2016|2016|2023|2020
1989,2017|2020|2020|2017|2025|2025|2023|2023|2022|2023
1990,2017|2023|2022|2021|2016|2024|2016|2019|2025|2024
1991,2017|2025|2020|2025|2020|2020|2021|2018|2020|2021
1992,2025|2022|2020|2023|2017|2022|2022|2018|2016|2021
1993,2025|2025|2022|2016|2018|2023|2019|2025|2023|2019
1994,2020|2018|2022|2022|2021|2025|2019|2022|2020|2020
1995,2025|2022|2018|2025|2022|2016|2021|2023|2020|2016
1996,2023|2016|2024|2024|2017|2024|2022|2019|2017|2019
1997,2024|2023|2025|2023|2023|2017|2017|2017|2025|2024
1998,2017|2020|2023|2021|2022|2019|2016|2017|2019|2018
1999,2022|2023|2023|2022|2017|2019|2024|2016|2023|2021
