replicate,sampled_years,threshold
0,2024|2024|2017|2025|2020|2021|2018|2020|2022|2020,z<-1
1,2019|2017|2025|2021|2022|2019|2023|2018|2016|2016,z<-1
2,2021|2020|2022|2019|2024|2024|2018|2020|2017|2023,z<-1
3,2016|2017|2017|2021|2018|2022|2016|2019|2025|2023,z<-1
4,2024|2025|2019|2025|2016|2018|2022|2022|2024|2025,z<-1
5,2021|2017|2023|2024|2019|2021|2018|2024|2020|2023,z<-1
6,2023|2016|2018|2020|2016|2025|2025|2018|2017|2021,z<-1
7,2025|2016|2021|2023|2020|2019|2024|2020|2019|2025,z<-1
8,2024|2019|2025|2019|2025|2024|2019|2021|2025|2017,z<-1
9,2019|2021|2021|2019|2017|2025|2022|2016|2019|2024,z<-1
10,2022|2022|2020|2022|2021|2018|2020|2021|2018|2017,z<-1
11,2024|2023|2024|2018|2021|2020|2022|2021|2020|2021,z<-1
12,2025|2023|2019|2016|2017|2023|2020|2018|2025|2025,z<-1
13,2018|2021|2017|2020|2025|2019|2023|2018|2020|2017,z<-1
14,2016|2023|2024|2020|2024|2022|2019|2022|2023|2020,z<-1
15,2024|2019|2024|2019|2024|2016|2017|2020|2017|2024,z<-1
16,2022|2022|2016|2023|2017|2016|2022|2018|2021|2019,z<-1
17,2023|2023|2016|2019|2024|2018|2020|2019|2025|2018,z<-1
18,2025|2016|2018|2019|2017|2025|2022|2020|2017|2022,z<-1
19,2018|2021|2024|2024|2021|2021|2019|2018|2017|2016,z<-1
20,2020|2017|2025|2016|2019|2018|2024|2020|2023|2025,z<-1
21,2019|2021|2025|2024|2021|2023|2020|2023|2019|2019,z<-1
22,2016|2019|2017|2016|2022|2025|2020|2022|2023|2017,z<-1
23,2022|2017|2025|2016|2024|2022|2025|2016|2025|2016,z<-1
24,2022|2019|2023|2016|2024|2019|2020|2021|2025|2017,z<-1
25,2024|2025|2017|2023|2022|2020|2016|2024|2017|2018,z<-1
26,2017|2020|2016|2017|2016|2020|2017|2019|2019|2017,z<-1
27,2025|2023|2021|2017|2023|2019|2024|2020|2021|2019,z<-1
28,2018|2024|2020|2017|2020|2025|2018|2023|2023|2019,z<-1
29,2021|2021|2022|2019|2022|2021|2021|2021|2021|2016,z<-1
30,2025|2016|2020|2019|2018|2018|2022|2019|2022|2016,z<-1
31,2022|2016|2020|2019|2024|2023|2019|2024|2020|2018,z<-1
32,2016|2019|2018|2025|2024|2019|2021|2017|2022|2020,z<-1
33,2025|2016|2019|2022|2023|2024|2022|2022|2020|2025,z<-1
34,2022|2021|2019|2025|2025|2019|2023|2020|2023|2024,z<-1
35,2025|2021|2024|2019|2022|2025|2017|2018|2022|2020,z<-1
36,2022|2018|2018|2016|2020|2025|2016|2016|2019|2021,z<-1
37,2019|2017|2023|2018|2018|2025|2018|2016|2020|2016,z<-1
38,2020|2021|2021|2020|2021|2017|2016|2017|2019|2019,z<-1
39,2019|2023|2021|2023|2025|2022|2024|2016|2017|2025,z<-1
40,2017|2022|2024|2016|2020|2016|2020|2025|2016|2017,z<-1
41,2025|2016|2019|2016|2025|2018|2022|2020|2016|2019,z<-1
42,2023|2018|2019|2022|2016|2025|2023|2020|2020|2016,z<-1
43,2024|2022|2019|2025|2025|2019|2016|2023|2018|2021,z<-1
44,2017|2017|2024|2018|2022|2023|2019|2016|2016|2023,z<-1
45,2018|2021|2020|2025|2024|2021|2017|2020|2019|2019,z<-1
46,2023|2025|2023|2022|2016|2019|2020|2025|2021|2019,z<-1
47,2022|2025|2020|2020|2020|2021|2025|2022|2018|2016,z<-1
48,2023|2025|2018|2024|2018|2020|2025|2025|2020|2020,z<-1
49,2022|2019|2020|2016|2018|2023|2016|2016|2024|2025,z<-1
50,2021|2025|2019|2017|2019|2020|2018|2019|2025|2020,z<-1
51,2020|2023|2024|2024|2019|2020|2018|2024|2025|2022,z<-1
52,2016|2019|2020|2025|2025|2016|2022|2016|2021|2025,z<-1
53,2016|2016|2022|2018|2016|2017|2022|2024|2020|2016,z<-1
54,2022|2021|2025|2018|2025|2018|2022|2019|2023|2021,z<-1
55,2017|2016|2021|2016|2019|2020|2019|2019|2022|2019,z<-1
56,2020|2020|2017|2022|2023|2019|2025|2016|2017|2024,z<-1
57,2023|2023|2021|2016|2017|2016|2016|2019|2018|2018,z<-1
58,2019|2020|2017|2019|2025|2017|2019|2021|2020|2020,z<-1
59,2017|2017|2021|2016|2018|2021|2018|2021|2017|2024,z<-1
60,2022|2021|2019|2016|2016|2021|2022|2025|2016|2017,z<-1
61,2025|2024|2017|2016|2025|2017|2023|2024|2021|2017,z<-1
62,2025|2017|2022|2017|2019|2023|2025|2025|2016|2019,z<-1
63,2017|2022|2024|2025|2024|2023|2024|2016|2023|2016,z<-1
64,2022|2019|2021|2016|2018|2021|2022|2023|2025|2017,z<-1
65,2025|2022|2022|2025|2016|2024|2017|2025|2018|2016,z<-1
66,2025|2023|2021|2022|2018|2023|2021|2019|2023|2016,z<-1
67,2017|2021|2016|2024|2018|2023|2022|2020|2017|2023,z<-1
68,2024|2025|2020|2018|2017|2022|2018|2022|2021|2025,z<-1
69,2023|2018|2020|2019|2018|2018|2025|2016|2018|2022,z<-1
70,2019|2022|2016|2025|2021|2024|2021|2024|2022|2025,z<-1
71,2018|2018|2022|2022|2019|2025|2023|2018|2022|2016,z<-1
72,2020|2017|2018|2017|2017|2020|2016|2018|2020|2017,z<-1
73,2025|2020|2021|2016|2018|2018|2021|2021|2022|2017,z<-1
74,2016|2019|2019|2021|2024|2019|2025|2017|2018|2019,z<-1
75,2022|2017|2019|2025|2016|2025|2022|2017|2017|2017,z<-1
76,2024|2024|2018|2020|2017|2016|2020|2016|2018|2019,z<-1
77,2019|2019|2021|2016|2025|2025|2021|2016|2021|2024,z<-1
78,2021|2025|2017|2019|2023|2024|2023|2025|2025|2020,z<-1
79,2017|2021|2017|2025|2025|2022|2023|2016|2021|2016,z<-1
80,2022|2019|2021|2022|2017|2025|2022|2019|2020|2018,z<-1
81,2023|2019|2019|2021|2023|2017|2021|2019|2018|2017,z<-1
82,2018|2021|2016|2024|2016|2023|2021|2023|2020|2023,z<-1
83,2020|2018|2018|2021|2020|2019|2018|2016|2022|2023,z<-1
84,2017|2018|2022|2019|2021|2025|2017|2022|2020|2021,z<-1
85,2018|2021|2019|2016|2017|2019|2025|2017|2024|2020,z<-1
86,2016|2018|2016|2024|2023|2020|2024|2024|2019|2020,z<-1
87,2019|2016|2017|2017|2024|2018|2017|2019|2017|2021,z<-1
88,2022|2017|2016|2024|2022|2017|2019|2022|2016|2018,z<-1
89,2023|2019|2019|2021|2023|2020|2025|2025|2021|2025,z<-1
90,2024|2019|2019|2024|2022|2020|2024|2019|2021|2025,z<-1
91,2018|2021|2020|2021|2018|2023|2024|2016|2016|2022,z<-1
92,2018|2024|2018|2022|2017|2016|2025|2021|2019|2023,z<-1
93,2023|2025|2021|2025|2018|2020|2016|2021|2019|2017,z<-1
94,2019|2023|2016|2023|2018|2022|2019|2018|2025|2018,z<-1
95,2019|2017|2025|2021|2016|2022|2018|2022|2017|2020,z<-1
96,2025|2018|2019|2025|2017|2016|2022|2017|2025|2019,z<-1
97,2018|2016|2023|2023|2025|2017|2016|2018|2020|2019,z<-1
98,2025|2017|2021|2021|2023|2022|2021|2017|2021|2017,z<-1
99,2025|2023|2018|2018|2022|2019|2022|2019|2023|2020,z<-1
100,2020|2022|2024|2016|2023|2016|2025|2020|2024|2019,z<-1
101,2022|2018|2023|2025|2022|2016|2025|2017|2017|2018,z<-1
102,2023|2023|2019|2024|2019|2023|2021|2019|2023|2019,z<-1
103,2017|2019|2020|2016|2016|2025|2023|2017|2025|2017,z<-1
104,2017|2024|2022|2019|2017|2017|2021|2018|2020|2021,z<-1
105,2021|2021|2019|2018|2020|2025|2020|2023|2025|2023,z<-1
106,2016|2025|2016|2016|2020|2024|2016|2023|2025|2025,z<-1
107,2024|2022|2021|2021|2017|2023|2020|2019|2025|2025,z<-1
108,2022|2023|2019|2020|2024|2017|2016|2020|2017|2020,z<-1
109,2018|2020|2025|2018|2017|2017|2024|2018|2023|2021,z<-1
110,2019|2017|2024|2023|2023|2016|2025|2016|2016|2020,z<-1
111,2018|2021|2025|2017|2019|2025|2016|2022|2020|2025,z<-1
112,2017|2025|2024|2022|2022|2016|2024|2017|2023|2018,z<-1
113,2025|2021|2025|2023|2022|2018|2021|2019|2022|2025,z<-1
114,2016|2020|2024|2019|2016|2019|2023|2022|2020|2021,z<-1
115,2019|2018|2020|2024|2021|2025|2024|2019|2019|2019,z<-1
116,2020|2021|2023|2017|2022|2016|2025|2019|2017|2022,z<-1
117,2018|2025|2016|2020|2018|2024|2019|2019|2021|2021,z<-1
118,2019|2021|2017|2016|2020|2025|2024|2017|2020|2024,z<-1
119,2021|2019|2016|2020|2020|2016|2024|2018|2025|2022,z<-1
120,2018|2022|2023|2025|2024|2025|2024|2019|2017|2016,z<-1
121,2023|2021|2017|2018|2019|2024|2017|2016|2016|2017,z<-1
122,2017|2016|2018|2021|2025|2018|2019|2018|2021|2024,z<-1
123,2019|2025|2017|2021|2016|2022|2019|2023|2023|2025,z<-1
124,2025|2025|2021|2017|2016|2018|2016|2024|2017|2022,z<-1
125,2020|2024|2019|2016|2025|2022|2017|2020|2021|2017,z<-1
126,2018|2023|2016|2021|2017|2019|2017|2020|2019|2024,z<-1
127,2023|2018|2022|2025|2016|2025|2017|2022|2021|2018,z<-1
128,2022|2023|2023|2022|2018|2022|2020|2019|2019|2016,z<-1
129,2022|2022|2025|2018|2019|2024|2016|2018|2023|2017,z<-1
130,2023|2021|2016|2019|2018|2022|2021|2025|2021|2018,z<-1
131,2018|2021|2016|2017|2022|2023|2022|2022|2016|2022,z<-1
132,2021|2017|2017|2017|2021|2024|2023|2018|2020|2018,z<-1
133,2020|2020|2023|2019|2020|2019|2016|2018|2020|2017,z<-1
134,2025|2019|2017|2024|2025|2018|2024|2017|2020|2018,z<-1
135,2020|2019|2016|2022|2018|2021|2020|2019|2023|2016,z<-1
136,2020|2024|2023|2025|2016|2016|2017|2023|2020|2025,z<-1
137,2024|2021|2019|2018|2019|2018|2024|2017|2025|2021,z<-1
138,2025|2019|2022|2017|2018|2023|2020|2019|2019|2016,z<-1
139,2020|2018|2016|2021|2018|2018|2022|2020|2019|2021,z<-1
140,2022|2021|2016|2023|2024|2017|2017|2022|2023|2020,z<-1
141,2018|2025|2023|2016|2018|2017|2016|2020|2020|2016,z<-1
142,2024|2023|2023|2023|2020|2025|2018|2019|2024|2022,z<-1
143,2017|2018|2019|2018|2017|2020|2021|2017|2025|2023,z<-1
144,2016|2024|2023|2020|2021|2017|2016|2021|2023|2020,z<-1
145,2021|2019|2023|2018|2021|2021|2025|2018|2024|2016,z<-1
146,2021|2018|2021|2025|2020|2020|2024|2025|2025|2022,z<-1
147,2022|2025|2023|2017|2024|2025|2018|2025|2022|2024,z<-1
148,2024|2018|2022|2017|2021|2020|2021|2023|2017|2020,z<-1
149,2024|2017|2022|2025|2016|2019|2019|2021|2019|2018,z<-1
150,2016|2019|2024|2021|2020|2017|2021|2020|2018|2021,z<-1
151,2025|2019|2024|2021|2023|2024|2019|2025|2017|2019,z<-1
152,2018|2024|2023|2023|2025|2022|2025|2023|2024|2023,z<-1
153,2016|2025|2023|2024|2018|2021|2023|2025|2025|2022,z<-1
154,2017|2022|2017|2022|2023|2023|2018|2020|2020|2023,z<-1
155,2018|2021|2016|2022|2019|2017|2018|2025|2019|2018,z<-1
156,2022|2021|2024|2019|2024|2021|2016|2016|2016|2023,z<-1
157,2024|2023|2022|2024|2019|2023|2016|2020|2023|2020,z<-1
158,2016|2018|2021|2019|2021|2017|2022|2022|2017|2019,z<-1
159,2018|2025|2023|2025|2022|2020|2019|2024|2021|2017,z<-1
160,2022|2017|2017|2019|2017|2021|2019|2019|2018|2019,z<-1
161,2024|2016|2025|2022|2019|2022|2022|2019|2021|2025,z<-1
162,2022|2025|2019|2021|2021|2016|2025|2017|2021|2023,z<-1
163,2016|2024|2020|2021|2019|2020|2017|2020|2018|2022,z<-1
164,2021|2019|2019|2016|2019|2018|2020|2021|2018|2019,z<-1
165,2019|2020|2023|2017|2021|2022|2024|2019|2016|2023,z<-1
166,2024|2025|2018|2017|2025|2024|2021|2018|2019|2017,z<-1
167,2019|2024|2017|2020|2016|2019|2017|2018|2022|2017,z<-1
168,2024|2018|2018|2016|2019|2020|2017|2021|2024|2021,z<-1
169,2023|2022|2019|2020|2025|2020|2022|2019|2016|2023,z<-1
170,2023|2025|2024|2022|2018|2017|2016|2017|2016|2025,z<-1
171,2021|2025|2017|2021|2019|2020|2023|2021|2023|2020,z<-1
172,2021|2019|2016|2019|2021|2021|2024|2025|2021|2017,z<-1
173,2024|2024|2020|2019|2023|2025|2024|2018|2017|2017,z<-1
174,2019|2023|2025|2025|2018|2021|2023|2021|2018|2020,z<-1
175,2021|2017|2019|2023|2017|2016|2022|2020|2021|2019,z<-1
176,2019|2020|2024|2016|2016|2023|2021|2016|2020|2017,z<-1
177,2021|2017|2016|2023|2021|2016|2021|2016|2020|2019,z<-1
178,2016|2024|2019|2017|2017|2022|2021|2025|2018|2024,z<-1
179,2016|2021|2018|2017|2022|2021|2019|2020|2019|2019,z<-1
180,2018|2021|2016|2017|2018|2025|2023|2025|2017|2019,z<-1
181,2017|2017|2022|2019|2021|2021|2016|2019|2020|2024,z<-1
182,2019|2022|2017|2017|2018|2019|2024|2023|2025|2016,z<-1
183,2023|2018|2018|2021|2024|2024|2017|2019|2022|2021,z<-1
184,2024|2020|2016|2022|2017|2023|2020|2019|2023|2019,z<-1
185,2018|2025|2018|2021|2022|2021|2021|2023|2021|2025,z<-1
186,2019|2019|2022|2018|2024|2021|2024|2022|2025|2019,z<-1
187,2019|2017|2019|2022|2018|2025|2019|2022|2018|2024,z<-1
188,2022|2023|2021|2016|2016|2018|2021|2019|2025|2025,z<-1
189,2017|2025|2024|2021|2017|2024|2016|2018|2022|2025,z<-1
190,2016|2024|2016|2020|2023|2016|2024|2022|2017|2021,z<-1
191,2020|2020|2022|2019|2023|2016|2021|2017|2017|2019,z<-1
192,2019|2021|2016|2023|2020|2018|2020|2016|2020|2024,z<-1
193,2019|2025|2022|2021|2020|2021|2018|2023|2017|2022,z<-1
194,2016|2019|2020|2021|2018|2020|2025|2025|2021|2024,z<-1
195,2017|2020|2019|2023|2025|2025|2017|2019|2024|2020,z<-1
196,2021|2023|2019|2017|2022|2022|2019|2016|2020|2025,z<-1
197,2019|2019|2018|2018|2024|2023|2024|2025|2018|2022,z<-1
198,2017|2019|2024|2024|2019|2023|2016|2020|2022|2016,z<-1
199,2019|2020|2023|2023|2019|2021|2017|2016|2022|2018,z<-1
200,2024|2019|2020|2018|2022|2019|2022|2017|2019|2022,z<-1
201,2025|2017|2019|2017|2019|2017|2020|2025|2025|2023,z<-1
202,2018|2025|2017|2016|2022|2025|2022|2020|2024|2025,z<-1
203,2016|2016|2024|2022|2018|2017|2020|2020|2017|2023,z<-1
204,2017|2020|2024|2023|2017|2022|2023|2021|2019|2019,z<-1
205,2020|2019|2017|2020|2025|2020|2025|2017|2018|2017,z<-1
206,2021|2016|2017|2020|2023|2020|2025|2023|2020|2025,z<-1
207,2020|2025|2025|2017|2025|2019|2022|2025|2016|2025,z<-1
208,2017|2020|2024|2017|2016|2024|2017|2024|2024|2025,z<-1
209,2025|2017|2025|2022|2018|2024|2025|2017|2019|2020,z<-1
210,2017|2016|2023|2021|2024|2017|2025|2024|2019|2017,z<-1
211,2025|2024|2022|2018|2023|2022|2020|2023|2021|2023,z<-1
212,2024|2021|2017|2024|2025|2018|2025|2025|2023|2025,z<-1
213,2024|2024|2020|2025|2017|2018|2025|2022|2020|2018,z<-1
214,2021|2019|2024|2019|2024|2017|2016|2016|2022|2019,z<-1
215,2023|2016|2019|2025|2020|2020|2024|2019|2022|2024,z<-1
216,2019|2018|2016|2020|2020|2020|2018|2021|2025|2025,z<-1
217,2023|2022|2024|2024|2021|2020|2018|2019|2016|2023,z<-1
218,2017|2017|2020|2019|2022|2016|2018|2017|2022|2024,z<-1
219,2019|2017|2018|2025|2020|2023|2023|2018|2023|2021,z<-1
220,2021|2021|2024|2017|2024|2020|2017|2018|2023|2021,z<-1
221,2023|2017|2024|2024|2018|2016|2016|2024|2020|2017,z<-1
222,2022|2018|2023|2020|2023|2018|2020|2023|2025|2022,z<-1
223,2016|2016|2019|2019|2017|2025|2025|2018|2018|2018,z<-1
224,2018|2018|2025|2021|2019|2017|2019|2020|2023|2021,z<-1
225,2020|2019|2019|2021|2023|2021|2025|2017|2025|2017,z<-1
226,2022|2021|2025|2024|2022|2019|2019|2018|2016|2025,z<-1
227,2019|2020|2016|2018|2022|2020|2023|2020|2016|2022,z<-1
228,2022|2021|2024|2020|2023|2022|2021|2016|2025|2021,z<-1
229,2023|2024|2020|2023|2024|2018|2019|2024|2019|2018,z<-1
230,2025|2023|2021|2021|2016|2025|2021|2020|2019|2018,z<-1
231,2019|2024|2019|2016|2023|2018|2022|2024|2020|2018,z<-1
232,2023|2023|2017|2025|2023|2021|2025|2020|2022|2024,z<-1
233,2019|2018|2019|2020|2024|2025|2018|2021|2017|2018,z<-1
234,2020|2025|2019|2021|2024|2016|2019|2022|2022|2016,z<-1
235,2021|2017|2022|2018|2017|2019|2018|2018|2023|2025,z<-1
236,2020|2023|2018|2017|2022|2016|2017|2021|2017|2024,z<-1
237,2021|2019|2022|2024|2022|2021|2020|2021|2019|2020,z<-1
238,2017|2022|2024|2022|2017|2024|2021|2019|2023|2020,z<-1
239,2024|2020|2020|2020|2019|2019|2025|2023|2017|2019,z<-1
240,2021|2024|2024|2021|2017|2024|2024|2024|2025|2022,z<-1
241,2018|2023|2025|2016|2016|2016|2021|2017|2017|2025,z<-1
242,2024|2020|2021|2020|2018|2018|2025|2022|2017|2019,z<-1
243,2018|2022|2020|2019|2021|2017|2016|2021|2018|2018,z<-1
244,2018|2021|2019|2017|2023|2019|2025|2022|2025|2020,z<-1
245,2023|2023|2021|2016|2025|2021|2018|2021|2019|2022,z<-1
246,2019|2017|2023|2018|2020|2018|2023|2023|2017|2017,z<-1
247,2020|2018|2025|2017|2023|2022|2018|2019|2020|2024,z<-1
248,2025|2023|2018|2024|2022|2023|2023|2025|2020|2023,z<-1
249,2016|2022|2019|2023|2025|2019|2016|2025|2021|2020,z<-1
250,2025|2016|2024|2019|2017|2016|2016|2019|2020|2020,z<-1
251,2020|2023|2020|2018|2025|2024|2018|2023|2017|2021,z<-1
252,2017|2017|2023|2025|2024|2023|2021|2023|2023|2022,z<-1
253,2022|2024|2025|2021|2019|2022|2021|2021|2016|2021,z<-1
254,2016|2019|2023|2016|2020|2023|2016|2022|2017|2018,z<-1
255,2024|2017|2016|2016|2022|2024|2019|2020|2022|2021,z<-1
256,2021|2022|2017|2025|2018|2024|2016|2017|2025|2025,z<-1
257,2016|2023|2020|2025|2021|2025|2020|2016|2017|2021,z<-1
258,2025|2020|2016|2020|2023|2021|2025|2021|2025|2024,z<-1
259,2018|2018|2017|2020|2023|2020|2017|2017|2024|2022,z<-1
260,2020|2025|2016|2019|2020|2021|2025|2020|2024|2019,z<-1
261,2025|2018|2019|2019|2024|2024|2024|2024|2019|2020,z<-1
262,2016|2017|2018|2022|2025|2025|2022|2020|2023|2016,z<-1
263,2016|2024|2019|2024|2017|2021|2018|2016|2020|2025,z<-1
264,2023|2019|2024|2025|2020|2025|2022|2018|2019|2022,z<-1
265,2017|2025|2019|2019|2018|2019|2022|2020|2021|2018,z<-1
266,2019|2017|2023|2018|2019|2020|2024|2022|2021|2021,z<-1
267,2017|2020|2025|2024|2017|2016|2017|2016|2016|2022,z<-1
268,2017|2025|2016|2017|2017|2020|2018|2025|2018|2018,z<-1
269,2024|2025|2018|2022|2022|2016|2021|2024|2022|2025,z<-1
270,2018|2017|2020|2019|2019|2025|2025|2025|2020|2024,z<-1
271,2017|2024|2021|2020|2025|2020|2025|2023|2023|2022,z<-1
272,2020|2024|2018|2023|2016|2017|2024|2020|2025|2021,z<-1
273,2025|2016|2020|2022|2025|2020|2019|2018|2023|2017,z<-1
274,2019|2021|2023|2017|2023|2020|2023|2016|2018|2019,z<-1
275,2024|2020|2021|2023|2018|2023|2016|2024|2021|2024,z<-1
276,2020|2022|2019|2023|2023|2021|2024|2021|2019|2023,z<-1
277,2017|2025|2018|2020|2025|2022|2017|2024|2016|2017,z<-1
278,2020|2022|2022|2023|2018|2024|2024|2023|2021|2021,z<-1
279,2020|2019|2016|2024|2020|2019|2018|2024|2021|2020,z<-1
280,2017|2020|2025|2017|2021|2023|2017|2022|2024|2017,z<-1
281,2022|2018|2021|2022|2020|2025|2018|2021|2024|2025,z<-1
282,2023|2025|2021|2023|2023|2019|2024|2016|2023|2024,z<-1
283,2018|2022|2017|2022|2017|2019|2020|2018|2018|2021,z<-1
284,2021|2018|2025|2021|2016|2018|2020|2021|2017|2022,z<-1
285,2020|2023|2023|2022|2018|2022|2020|2024|2020|2016,z<-1
286,2019|2024|2021|2025|2023|2022|2017|2022|2025|2016,z<-1
287,2022|2024|2025|2018|2019|2022|2021|2022|2025|2021,z<-1
288,2024|2020|2022|2016|2017|2024|2020|2020|2020|2021,z<-1
289,2025|2016|2022|2016|2019|2018|2017|2023|2017|2019,z<-1
290,2020|2023|2020|2017|2023|2024|2017|2022|2022|2020,z<-1
291,2024|2021|2018|2018|2025|2017|2022|2019|2016|2018,z<-1
292,2017|2025|2020|2017|2018|2024|2022|2023|2016|2024,z<-1
293,2016|2019|2023|2020|2018|2017|2025|2022|2025|2020,z<-1
294,2017|2023|2023|2016|2025|2022|2023|2021|2020|2021,z<-1
295,2019|2024|2020|2021|2021|2022|2021|2021|2024|2022,z<-1
296,2024|2022|2022|2021|2018|2021|2024|2021|2025|2020,z<-1
297,2017|2021|2022|2018|2021|2019|2024|2025|2017|2018,z<-1
298,2018|2020|2022|2018|2019|2021|2019|2017|2017|2017,z<-1
299,2025|2024|2016|2023|2024|2025|2018|2016|2025|2020,z<-1
300,2017|2025|2017|2019|2021|2017|2024|2023|2025|2022,z<-1
301,2020|2022|2021|2016|2021|2022|2025|2023|2025|2023,z<-1
302,2020|2017|2022|2023|2021|2018|2025|2019|2023|2017,z<-1
303,2021|2021|2020|2025|2020|2016|2024|2020|2025|2018,z<-1
304,2023|2023|2022|2020|2022|2019|2022|2021|2018|2017,z<-1
305,2017|2019|2020|2019|2017|2020|2024|2018|2017|2018,z<-1
306,2020|2019|2024|2025|2025|2016|2023|2019|2020|2016,z<-1
307,2024|2019|2023|2018|2019|2021|2017|2019|2019|2024,z<-1
308,2020|2018|2021|2022|2022|2022|2019|2016|2017|2024,z<-1
309,2020|2019|2024|2017|2018|2020|2021|2025|2017|2020,z<-1
310,2016|2024|2017|2016|2018|2025|2019|2018|2017|2023,z<-1
311,2022|2023|2017|2021|2022|2024|2024|2024|2025|2019,z<-1
312,2023|2022|2020|2021|2019|2019|2022|2025|2023|2018,z<-1
313,2017|2021|2021|2019|2021|2024|2019|2020|2020|2022,z<-1
314,2022|2017|2016|2020|2017|2018|2023|2019|2021|2020,z<-1
315,2025|2017|2019|2023|2020|2017|2020|2019|2017|2018,z<-1
316,2020|2017|2019|2025|2021|2017|2020|2025|2020|2018,z<-1
317,2022|2016|2019|2025|2023|2021|2018|2023|2018|2016,z<-1
318,2019|2021|2024|2025|2025|2025|2020|2020|2023|2023,z<-1
319,2021|2024|2020|2021|2019|2017|2018|2016|2017|2025,z<-1
320,2020|2021|2021|2016|2020|2017|2025|2022|2025|2024,z<-1
321,2018|2016|2017|2019|2025|2018|2021|2021|2024|2020,z<-1
322,2018|2021|2018|2022|2025|2018|2017|2024|2023|2019,z<-1
323,2025|2019|2017|2021|2019|2021|2024|2022|2021|2020,z<-1
324,2025|2022|2023|2020|2022|2019|2023|2020|2024|2017,z<-1
325,2019|2016|2025|2020|2024|2021|2021|2021|2025|2016,z<-1
326,2025|2022|2022|2016|2024|2016|2020|2020|2018|2019,z<-1
327,2022|2019|2016|2025|2020|2017|2020|2019|2017|2022,z<-1
328,2017|2023|2017|2017|2016|2018|2025|2016|2021|2016,z<-1
329,2017|2025|2021|2022|2018|2018|2023|2016|2023|2021,z<-1
330,2019|2024|2019|2021|2024|2018|2023|2016|2021|2022,z<-1
331,2024|2017|2018|2018|2020|2023|2022|2021|2020|2021,z<-1
332,2023|2021|2024|2017|2025|2016|2024|2020|2020|2025,z<-1
333,2025|2023|2018|2020|2019|2022|2020|2025|2017|2025,z<-1
334,2022|2025|2024|2021|2022|2022|2021|2022|2016|2021,z<-1
335,2016|2023|2016|2017|2022|2019|2021|2020|2020|2021,z<-1
336,2022|2016|2017|2023|2019|2025|2025|2019|2022|2016,z<-1
337,2024|2022|2021|2025|2021|2024|2017|2023|2022|2019,z<-1
338,2018|2020|2023|2024|2023|2019|2025|2018|2016|2022,z<-1
339,2020|2023|2016|2016|2025|2023|2018|2020|2024|2024,z<-1
340,2024|2024|2022|2023|2020|2019|2016|2020|2020|2021,z<-1
341,2017|2024|2024|2016|2022|2018|2018|2017|2018|2025,z<-1
342,2022|2020|2022|2024|2020|2023|2022|2024|2019|2020,z<-1
343,2018|2016|2017|2024|2018|2016|2016|2019|2024|2018,z<-1
344,2023|2024|2024|2023|2025|2023|2024|2018|2021|2019,z<-1
345,2017|2018|2020|2025|2021|2023|2023|2020|2020|2024,z<-1
346,2024|2023|2016|2022|2021|2017|2022|2025|2023|2025,z<-1
347,2016|2018|2016|2024|2017|2025|2022|2023|2021|2021,z<-1
348,2025|2016|2019|2019|2025|2020|2025|2017|2017|2021,z<-1
349,2017|2019|2017|2024|2017|2017|2021|2016|2017|2022,z<-1
350,2023|2024|2023|2023|2016|2021|2023|2023|2025|2025,z<-1
351,2018|2025|2019|2025|2020|2025|2021|2017|2023|2023,z<-1
352,2017|2020|2023|2023|2025|2025|2016|2019|2017|2022,z<-1
353,2018|2017|2018|2016|2023|2018|2020|2025|2025|2019,z<-1
354,2020|2019|2017|2018|2025|2022|2025|2018|2021|2024,z<-1
355,2023|2020|2016|2024|2020|2016|2016|2017|2023|2025,z<-1
356,2020|2025|2025|2025|2016|2022|2021|2018|2017|2018,z<-1
357,2025|2024|2016|2019|2025|2024|2017|2020|2017|2020,z<-1
358,2019|2025|2018|2023|2024|2017|2016|2019|2018|2021,z<-1
359,2016|2020|2022|2024|2020|2016|2021|2017|2016|2024,z<-1
360,2025|2018|2017|2019|2025|2020|2021|2022|2022|2024,z<-1
361,2023|2020|2018|2016|2018|2022|2017|2025|2017|2018,z<-1
362,2016|2025|2021|2023|2025|2018|2023|2025|2020|2021,z<-1
363,2021|2022|2025|2016|2020|2019|2017|2017|2016|2019,z<-1
364,2023|2022|2016|2023|2023|2024|2025|2019|2024|2017,z<-1
365,2019|2022|2020|2025|2021|2022|2022|2017|2022|2019,z<-1
366,2019|2025|2020|2025|2018|2019|2025|2016|2016|2022,z<-1
367,2018|2023|2025|2018|2022|2024|2024|2023|2017|2017,z<-1
368,2017|2019|2020|2021|2017|2024|2019|2019|2020|2023,z<-1
369,2017|2023|2016|2018|2022|2025|2020|2018|2016|2017,z<-1
370,2017|2020|2016|2020|2016|2023|2020|2021|2020|2024,z<-1
371,2024|2023|2017|2021|2017|2021|2019|2023|2020|2018,z<-1
372,2022|2024|2018|2019|2022|2017|2024|2019|2020|2020,z<-1
373,2017|2019|2017|2025|2023|2022|2021|2023|2024|2023,z<-1
374,2018|2024|2016|2017|2022|2022|2020|2021|2023|2016,z<-1
375,2017|2016|2023|2023|2024|2024|2023|2022|2017|2017,z<-1
376,2021|2021|2021|2021|2016|2025|2017|2022|2018|2020,z<-1
377,2023|2024|2020|2017|2022|2017|2016|2023|2023|2024,z<-1
378,2017|2018|2021|2021|2022|2018|2025|2022|2025|2021,z<-1
379,2020|2016|2023|2024|2020|2019|2018|2021|2022|2024,z<-1
380,2023|2024|2025|2025|2017|2022|2024|2019|2016|2018,z<-1
381,2019|2019|2016|2017|2024|2022|2025|2020|2021|2020,z<-1
382,2020|2025|2023|2020|2023|2024|2023|2025|2020|2023,z<-1
383,2021|2017|2019|2020|2025|2016|2025|2022|2020|2020,z<-1
384,2021|2021|2025|2023|2020|2025|2025|2019|2024|2025,z<-1
385,2019|2023|2025|2024|2017|2022|2017|2024|2024|2018,z<-1
386,2025|2018|2017|2024|2022|2019|2020|2019|2017|2023,z<-1
387,2018|2016|2017|2021|2025|2020|2022|2025|2022|2021,z<-1
388,2023|2024|2018|2024|2017|2018|2020|2022|2023|2017,z<-1
389,2018|2025|2022|2024|2021|2025|2018|2020|2018|2020,z<-1
390,2019|2021|2016|2016|2017|2022|2017|2018|2019|2017,z<-1
391,2024|2020|2017|2025|2018|2021|2021|2018|2024|2020,z<-1
392,2021|2024|2017|2023|2023|2025|2022|2024|2021|2024,z<-1
393,2018|2020|2024|2021|2022|2025|2021|2019|2025|2025,z<-1
394,2020|2025|2019|2017|2023|2017|2024|2016|2022|2022,z<-1
395,2019|2020|2022|2023|2016|2016|2020|2016|2020|2017,z<-1
396,2018|2019|2023|2023|2016|2019|2021|2022|2025|2018,z<-1
397,2023|2016|2023|2023|2020|2024|2018|2021|2020|2018,z<-1
398,2021|2016|2017|2022|2025|2019|2018|2017|2022|2022,z<-1
399,2019|2023|2018|2021|2019|2024|2017|2025|2022|2020,z<-1
400,2024|2023|2018|2017|2025|2019|2023|2016|2021|2023,z<-1
401,2016|2017|2021|2020|2022|2022|2019|2018|2024|2023,z<-1
402,2023|2023|2017|2022|2018|2019|2019|2023|2017|2018,z<-1
403,2016|2020|2018|2024|2025|2017|2021|2022|2017|2021,z<-1
404,2016|2016|2016|2021|2016|2019|2017|2017|2025|2021,z<-1
405,2021|2024|2023|2017|2024|2023|2022|2024|2017|2025,z<-1
406,2019|2016|2019|2022|2017|2019|2021|2017|2023|2022,z<-1
407,2020|2021|2023|2016|2016|2019|2021|2024|2020|2017,z<-1
408,2022|2025|2018|2019|2020|2017|2021|2025|2025|2021,z<-1
409,2021|2020|2018|2019|2016|2022|2024|2024|2017|2022,z<-1
410,2016|2022|2024|2017|2018|2020|2019|2021|2018|2017,z<-1
411,2021|2024|2025|2024|2025|2022|2024|2022|2019|2025,z<-1
412,2018|2021|2016|2019|2018|2021|2016|2019|2024|2023,z<-1
413,2023|2025|2019|2023|2017|2022|2019|2022|2018|2021,z<-1
414,2022|2018|2018|2016|2017|2022|2023|2022|2016|2024,z<-1
415,2020|2025|2022|2025|2016|2023|2019|2025|2018|2017,z<-1
416,2021|2016|2016|2016|2018|2018|2016|2018|2024|2021,z<-1
417,2023|2019|2019|2017|2022|2023|2017|2017|2023|2020,z<-1
418,2018|2022|2022|2017|2016|2024|2023|2022|2025|2016,z<-1
419,2023|2021|2023|2024|2016|2017|2020|2020|2020|2024,z<-1
420,2018|2018|2021|2022|2024|2019|2022|2018|2016|2021,z<-1
421,2023|2018|2018|2023|2022|2020|2019|2017|2018|2025,z<-1
422,2021|2019|2021|2022|2024|2021|2020|2020|2017|2022,z<-1
423,2017|2024|2016|2017|2025|2020|2017|2023|2025|2018,z<-1
424,2024|2025|2020|2019|2018|2023|2016|2018|2018|2016,z<-1
425,2021|2023|2020|2018|2017|2022|2024|2017|2025|2019,z<-1
426,2020|2016|2018|2017|2025|2016|2025|2018|2021|2021,z<-1
427,2016|2025|2024|2025|2022|2024|2024|2020|2024|2016,z<-1
428,2023|2023|2017|2024|2023|2017|2017|2023|2020|2017,z<-1
429,2016|2023|2019|2016|2021|2021|2016|2018|2018|2024,z<-1
430,2021|2024|2023|2020|2022|2021|2024|2024|2020|2020,z<-1
431,2019|2017|2018|2018|2020|2018|2018|2024|2022|2025,z<-1
432,2021|2016|2020|2020|2019|2019|2019|2025|2024|2017,z<-1
433,2017|2022|2016|2023|2017|2016|2021|2020|2024|2022,z<-1
434,2025|2016|2016|2022|2017|2017|2020|2024|2019|2023,z<-1
435,2020|2025|2021|2023|2022|2018|2017|2020|2023|2018,z<-1
436,2021|2023|2024|2021|2023|2017|2020|2017|2021|2016,z<-1
437,2020|2019|2017|2025|2019|2016|2022|2020|2016|2025,z<-1
438,2025|2025|2020|2025|2022|2018|2021|2021|2018|2019,z<-1
439,2021|2018|2023|2023|2016|2023|2018|2020|2020|2023,z<-1
440,2017|2021|2021|2019|2023|2019|2018|2018|2025|2020,z<-1
441,2022|2023|2024|2021|2022|2022|2024|2022|2024|2022,z<-1
442,2016|2021|2020|2020|2023|2020|2020|2018|2020|2019,z<-1
443,2022|2023|2017|2023|2017|2017|2023|2023|2022|2016,z<-1
444,2024|2024|2017|2016|2021|2021|2018|2018|2025|2021,z<-1
445,2022|2024|2018|2022|2019|2020|2025|2021|2020|2025,z<-1
446,2023|2025|2022|2021|2022|2020|2018|2023|2020|2016,z<-1
447,2019|2024|2023|2022|2023|2023|2023|2025|2018|2019,z<-1
448,2024|2024|2017|2025|2019|2022|2019|2019|2018|2025,z<-1
449,2022|2025|2025|2016|2021|2021|2021|2017|2023|2021,z<-1
450,2019|2016|2025|2017|2025|2017|2023|2025|2021|2021,z<-1
451,2019|2016|2025|2022|2018|2017|2017|2025|2023|2025,z<-1
452,2021|2017|2024|2018|2021|2016|2018|2020|2020|2017,z<-1
453,2024|2017|2022|2017|2017|2025|2016|2017|2018|2025,z<-1
454,2019|2022|2024|2016|2021|2019|2025|2021|2017|2018,z<-1
455,2022|2019|2016|2017|2024|2017|2017|2016|2023|2019,z<-1
456,2020|2017|2023|2021|2016|2020|2020|2018|2021|2024,z<-1
457,2020|2024|2021|2025|2021|2017|2017|2023|2017|2018,z<-1
458,2019|2021|2025|2017|2023|2018|2016|2020|2018|2020,z<-1
459,2018|2016|2021|2025|2023|2019|2019|2019|2017|2022,z<-1
460,2021|2019|2019|2016|2022|2022|2020|2022|2016|2023,z<-1
461,2022|2016|2017|2018|2019|2022|2024|2020|2022|2024,z<-1
462,2022|2021|2019|2021|2022|2020|2017|2019|2024|2021,z<-1
463,2023|2018|2024|2017|2018|2025|2023|2025|2022|2019,z<-1
464,2022|2025|2023|2022|2020|2019|2025|2020|2024|2024,z<-1
465,2024|2017|2023|2016|2021|2022|2024|2018|2019|2022,z<-1
466,2016|2017|2021|2024|2024|2019|2018|2025|2022|2020,z<-1
467,2016|2021|2017|2020|2016|2023|2022|2020|2022|2020,z<-1
468,2023|2017|2023|2023|2021|2025|2019|2021|2018|2022,z<-1
469,2018|2025|2024|2024|2025|2021|2023|2022|2021|2022,z<-1
470,2025|2020|2016|2023|2022|2020|2023|2022|2019|2018,z<-1
471,2020|2016|2020|2019|2020|2020|2023|2023|2017|2018,z<-1
472,2020|2025|2018|2019|2021|2018|2018|2016|2016|2021,z<-1
473,2022|2023|2020|2025|2020|2017|2020|2017|2017|2019,z<-1
474,2025|2018|2017|2016|2023|2021|2025|2025|2017|2022,z<-1
475,2025|2016|2019|2024|2019|2024|2023|2016|2024|2018,z<-1
476,2023|2017|2021|2024|2022|2017|2017|2018|2018|2023,z<-1
477,2019|2018|2018|2025|2019|2025|2024|2022|2024|2016,z<-1
478,2019|2025|2022|2017|2016|2021|2021|2017|2024|2018,z<-1
479,2018|2017|2016|2020|2019|2022|2016|2016|2017|2024,z<-1
480,2024|2022|2022|2017|2019|2022|2024|2024|2025|2016,z<-1
481,2016|2018|2022|2025|2018|2016|2022|2016|2022|2018,z<-1
482,2019|2024|2018|2016|2016|2022|2016|2021|2023|2018,z<-1
483,2022|2022|2025|2024|2022|2023|2021|2023|2017|2023,z<-1
484,2018|2020|2023|2024|2025|2021|2016|2020|2024|2024,z<-1
485,2022|2019|2023|2024|2025|2020|2024|2020|2019|2016,z<-1
486,2017|2023|2018|2022|2023|2017|2023|2024|2019|2021,z<-1
487,2018|2023|2019|2016|2021|2020|2020|2025|2023|2017,z<-1
488,2023|2025|2017|2021|2025|2022|2017|2025|2019|2020,z<-1
489,2025|2019|2017|2025|2020|2019|2018|2019|2019|2022,z<-1
490,2019|2023|2022|2024|2023|2024|2023|2017|2018|2025,z<-1
491,2018|2025|2022|2018|2024|2025|2018|2023|2016|2020,z<-1
492,2016|2016|2024|2021|2023|2017|2025|2020|2025|2017,z<-1
493,2024|2020|2016|2019|2017|2017|2016|2021|2016|2024,z<-1
494,2020|2018|2025|2019|2024|2024|2017|2018|2020|2024,z<-1
495,2023|2023|2024|2016|2018|2022|2019|2025|2021|2024,z<-1
496,2016|2022|2016|2025|2021|2022|2024|2023|2020|2024,z<-1
497,2018|2022|2021|2018|2019|2018|2025|2016|2024|2017,z<-1
498,2023|2017|2018|2020|2017|2021|2021|2016|2016|2025,z<-1
499,2023|2021|2025|2025|2017|2022|2019|2019|2025|2019,z<-1
500,2018|2019|2023|2025|2021|2025|2016|2024|2020|2024,z<-1
501,2024|2018|2017|2022|2019|2025|2017|2023|2019|2024,z<-1
502,2017|2023|2016|2017|2020|2018|2023|2021|2021|2024,z<-1
503,2021|2018|2024|2016|2023|2022|2025|2023|2018|2024,z<-1
504,2022|2023|2022|2019|2020|2018|2023|2023|2017|2023,z<-1
505,2024|2021|2019|2023|2022|2021|2018|2018|2024|2025,z<-1
506,2021|2016|2019|2021|2023|2016|2019|2021|2017|2023,z<-1
507,2018|2024|2022|2025|2023|2024|2020|2016|2020|2022,z<-1
508,2018|2022|2019|2024|2020|2022|2017|2016|2023|2019,z<-1
509,2018|2024|2016|2018|2024|2025|2025|2019|2018|2019,z<-1
510,2022|2019|2024|2025|2025|2019|2018|2017|2020|2020,z<-1
511,2017|2017|2016|2025|2017|2024|2023|2016|2022|2019,z<-1
512,2021|2019|2019|2020|2021|2025|2017|2022|2025|2017,z<-1
513,2019|2016|2018|2020|2021|2022|2025|2022|2019|2018,z<-1
514,2020|2018|2023|2025|2024|2024|2021|2023|2020|2023,z<-1
515,2020|2022|2016|2019|2025|2020|2018|2018|2017|2023,z<-1
516,2025|2024|2021|2018|2025|2019|2023|2020|2018|2020,z<-1
517,2019|2025|2024|2022|2020|2024|2025|2021|2016|2021,z<-1
518,2016|2023|2024|2022|2017|2025|2020|2016|2020|2025,z<-1
519,2019|2019|2020|2019|2023|2019|2025|2020|2020|2023,z<-1
520,2025|2018|2020|2017|2022|2025|2018|2022|2024|2022,z<-1
521,2020|2016|2019|2017|2021|2018|2020|2023|2017|2022,z<-1
522,2023|2022|2022|2019|2017|2016|2020|2025|2017|2020,z<-1
523,2023|2020|2018|2022|2023|2024|2020|2025|2020|2020,z<-1
524,2024|2022|2025|2025|2022|2018|2018|2018|2024|2019,z<-1
525,2017|2019|2024|2017|2024|2024|2021|2023|2018|2016,z<-1
526,2020|2017|2016|2021|2023|2017|2025|2021|2018|2022,z<-1
527,2022|2021|2018|2025|2019|2025|2020|2024|2016|2021,z<-1
528,2021|2017|2019|2024|2016|2016|2018|2025|2016|2018,z<-1
529,2025|2024|2023|2016|2025|2019|2019|2023|2017|2018,z<-1
530,2016|2022|2024|2022|2021|2020|2016|2020|2024|2020,z<-1
531,2018|2016|2018|2016|2025|2022|2021|2024|2023|2024,z<-1
532,2021|2022|2019|2019|2018|2017|2019|2017|2016|2025,z<-1
533,2019|2022|2020|2018|2018|2024|2023|2024|2016|2025,z<-1
534,2020|2024|2018|2021|2018|2023|2024|2025|2019|2016,z<-1
535,2018|2020|2017|2021|2018|2017|2024|2023|2017|2023,z<-1
536,2016|2019|2016|2020|2022|2021|2025|2024|2023|2019,z<-1
537,2024|2025|2025|2017|2024|2016|2016|2019|2018|2019,z<-1
538,2020|2016|2016|2022|2018|2021|2020|2020|2017|2020,z<-1
539,2018|2022|2022|2018|2021|2021|2016|2021|2023|2024,z<-1
540,2022|2018|2016|2022|2025|2016|2021|2018|2024|2016,z<-1
541,2024|2022|2023|2016|2023|2024|2019|2020|2025|2024,z<-1
542,2019|2024|2021|2017|2019|2017|2023|2022|2016|2017,z<-1
543,2021|2025|2019|2021|2018|2019|2021|2025|2021|2019,z<-1
544,2017|2019|2023|2023|2017|2024|2020|2016|2022|2020,z<-1
545,2016|2019|2020|2019|2025|2022|2018|2017|2016|2018,z<-1
546,2018|2020|2017|2020|2023|2016|2024|2016|2018|2018,z<-1
547,2024|2016|2016|2024|2017|2021|2024|2024|2017|2020,z<-1
548,2017|2016|2019|2017|2020|2024|2023|2020|2020|2023,z<-1
549,2025|2020|2022|2024|2019|2017|2020|2021|2023|2023,z<-1
550,2024|2022|2018|2020|2020|2019|2018|2021|2017|2023,z<-1
551,2023|2025|2021|2023|2021|2022|2025|2016|2019|2024,z<-1
552,2022|2016|2022|2020|2023|2021|2023|2024|2020|2022,z<-1
553,2023|2018|2022|2017|2018|2018|2021|2024|2022|2017,z<-1
554,2019|2021|2017|2025|2025|2016|2017|2022|2016|2018,z<-1
555,2025|2020|2020|2025|2024|2021|2025|2025|2019|2020,z<-1
556,2022|2019|2018|2017|2021|2017|2020|2020|2017|2018,z<-1
557,2020|2020|2025|2024|2019|2016|2023|2022|2023|2020,z<-1
558,2024|2021|2024|2019|2017|2023|2019|2022|2022|2017,z<-1
559,2018|2022|2021|2017|2017|2019|2019|2023|2017|2025,z<-1
560,2017|2022|2024|2024|2020|2025|2020|2017|2021|2018,z<-1
561,2017|2023|2018|2020|2017|2023|2016|2016|2019|2019,z<-1
562,2022|2019|2021|2018|2023|2023|2021|2021|2018|2024,z<-1
563,2016|2016|2024|2016|2021|2022|2016|2019|2019|2016,z<-1
564,2016|2017|2020|2022|2024|2019|2016|2025|2021|2023,z<-1
565,2025|2020|2025|2019|2018|2022|2022|2018|2020|2024,z<-1
566,2021|2021|2018|2019|2019|2024|2025|2016|2024|2025,z<-1
567,2023|2016|2019|2019|2016|2022|2025|2025|2020|2017,z<-1
568,2019|2021|2022|2016|2019|2022|2022|2018|2021|2025,z<-1
569,2017|2023|2018|2019|2025|2016|2020|2016|2023|2025,z<-1
570,2019|2022|2024|2020|2017|2025|2020|2018|2023|2022,z<-1
571,2019|2016|2016|2025|2017|2016|2023|2023|2022|2020,z<-1
572,2021|2024|2016|2024|2020|2016|2017|2020|2022|2021,z<-1
573,2021|2024|2022|2016|2016|2025|2020|2020|2024|2018,z<-1
574,2016|2021|2025|2021|2018|2021|2020|2018|2020|2024,z<-1
575,2021|2017|2022|2021|2023|2021|2017|2019|2023|2020,z<-1
576,2017|2024|2021|2025|2018|2020|2020|2022|2022|2019,z<-1
577,2020|2020|2021|2017|2022|2021|2018|2020|2016|2021,z<-1
578,2019|2021|2025|2019|2019|2017|2025|2023|2019|2020,z<-1
579,2025|2024|2019|2020|2021|2019|2022|2016|2020|2022,z<-1
580,2018|2023|2022|2018|2024|2022|2022|2021|2021|2019,z<-1
581,2021|2024|2019|2025|2022|2019|2023|2017|2016|2021,z<-1
582,2018|2020|2022|2022|2016|2021|2025|2022|2023|2016,z<-1
583,2023|2023|2021|2021|2022|2017|2018|2016|2016|2020,z<-1
584,2024|2023|2021|2025|2018|2020|2021|2017|2019|2020,z<-1
585,2024|2018|2016|2017|2020|2017|2023|2018|2021|2022,z<-1
586,2022|2021|2023|2025|2025|2021|2022|2019|2018|2021,z<-1
587,2017|2021|2025|2019|2023|2019|2024|2020|2020|2016,z<-1
588,2016|2019|2017|2023|2024|2025|2022|2023|2020|2024,z<-1
589,2017|2021|2017|2025|2019|2018|2021|2023|2019|2021,z<-1
590,2020|2016|2024|2017|2018|2017|2019|2022|2017|2021,z<-1
591,2019|2018|2022|2023|2022|2020|2023|2024|2025|2022,z<-1
592,2019|2020|2022|2024|2018|2024|2024|2021|2021|2023,z<-1
593,2020|2017|2025|2020|2016|2018|2020|2018|2017|2022,z<-1
594,2025|2021|2020|2022|2018|2017|2020|2018|2024|2021,z<-1
595,2024|2022|2019|2022|2020|2021|2021|2025|2020|2024,z<-1
596,2023|2024|2022|2024|2021|2017|2023|2017|2019|2020,z<-1
597,2023|2020|2024|2019|2023|2018|2018|2023|2021|2018,z<-1
598,2021|2017|2019|2024|2022|2016|2024|2025|2020|2020,z<-1
599,2016|2018|2025|2025|2024|2025|2021|2021|2016|2020,z<-1
600,2025|2023|2024|2017|2023|2017|2023|2022|2024|2021,z<-1
601,2017|2025|2016|2022|2023|2024|2021|2021|2022|2017,z<-1
602,2021|2018|2018|2016|2021|2020|2020|2023|2024|2021,z<-1
603,2025|2017|2018|2022|2020|2025|2017|2019|2018|2021,z<-1
604,2019|2019|2016|2020|2024|2024|2021|2018|2025|2018,z<-1
605,2019|2016|2019|2024|2017|2021|2017|2017|2018|2019,z<-1
606,2016|2022|2019|2019|2017|2021|2024|2019|2018|2016,z<-1
607,2016|2019|2017|2025|2022|2025|2021|2018|2019|2023,z<-1
608,2018|2021|2020|2023|2024|2021|2020|2016|2025|2024,z<-1
609,2023|2022|2025|2021|2021|2022|2022|2022|2021|2021,z<-1
610,2025|2017|2021|2018|2020|2020|2023|2020|2020|2022,z<-1
611,2022|2021|2019|2016|2023|2020|2021|2017|2023|2019,z<-1
612,2020|2017|2018|2023|2024|2020|2022|2018|2022|2021,z<-1
613,2022|2023|2018|2021|2022|2017|2024|2025|2025|2016,z<-1
614,2022|2019|2022|2016|2022|2023|2023|2025|2017|2019,z<-1
615,2025|2023|2018|2020|2023|2016|2024|2022|2021|2019,z<-1
616,2024|2022|2021|2019|2021|2019|2016|2023|2024|2019,z<-1
617,2023|2025|2017|2018|2019|2022|2016|2019|2016|2020,z<-1
618,2016|2016|2018|2018|2023|2018|2017|2024|2016|2021,z<-1
619,2024|2019|2025|2025|2020|2020|2023|2022|2016|2019,z<-1
620,2024|2024|2020|2022|2019|2019|2018|2021|2023|2018,z<-1
621,2022|2024|2018|2018|2020|2017|2022|2022|2022|2025,z<-1
622,2017|2025|2017|2020|2023|2016|2018|2020|2019|2023,z<-1
623,2017|2017|2017|2019|2022|2024|2025|2022|2017|2019,z<-1
624,2024|2021|2019|2017|2020|2016|2024|2024|2016|2024,z<-1
625,2023|2021|2016|2023|2017|2023|2022|2024|2025|2017,z<-1
626,2019|2017|2017|2022|2023|2022|2021|2016|2016|2023,z<-1
627,2018|2021|2019|2019|2024|2021|2023|2025|2022|2023,z<-1
628,2019|2020|2023|2019|2025|2019|2020|2019|2021|2025,z<-1
629,2016|2024|2024|2017|2024|2017|2021|2024|2021|2018,z<-1
630,2020|2023|2019|2023|2025|2023|2024|2019|2018|2020,z<-1
631,2025|2017|2025|2016|2020|2020|2025|2023|2023|2021,z<-1
632,2017|2025|2018|2025|2022|2020|2018|2018|2024|2018,z<-1
633,2020|2021|2019|2022|2016|2018|2018|2023|2019|2017,z<-1
634,2017|2021|2017|2025|2016|2021|2019|2025|2018|2019,z<-1
635,2024|2020|2019|2017|2016|2024|2018|2023|2024|2019,z<-1
636,2016|2016|2018|2021|2024|2021|2017|2025|2019|2019,z<-1
637,2021|2022|2024|2023|2025|2023|2024|2016|2020|2016,z<-1
638,2019|2017|2025|2021|2023|2022|2023|2019|2023|2017,z<-1
639,2018|2020|2016|2017|2019|2019|2018|2016|2016|2025,z<-1
640,2020|2021|2021|2018|2025|2021|2019|2016|2025|2020,z<-1
641,2021|2024|2025|2017|2022|2024|2016|2020|2020|2019,z<-1
642,2024|2024|2018|2017|2024|2023|2022|2019|2022|2019,z<-1
643,2024|2021|2024|2025|2020|2023|2025|2022|2025|2020,z<-1
644,2024|2019|2016|2018|2018|2020|2023|2023|2019|2016,z<-1
645,2017|2016|2017|2017|2021|2022|2018|2016|2017|2023,z<-1
646,2017|2016|2021|2022|2019|2020|2022|2016|2022|2022,z<-1
647,2023|2018|2023|2022|2017|2025|2017|2021|2023|2016,z<-1
648,2022|2023|2016|2021|2022|2019|2025|2017|2022|2021,z<-1
649,2021|2024|2024|2022|2021|2025|2024|2020|2018|2017,z<-1
650,2022|2016|2024|2021|2017|2017|2016|2025|2020|2020,z<-1
651,2018|2018|2025|2016|2022|2024|2021|2016|2019|2018,z<-1
652,2025|2017|2017|2021|2023|2019|2023|2022|2018|2023,z<-1
653,2019|2017|2016|2021|2018|2024|2025|2019|2021|2025,z<-1
654,2024|2024|2016|2023|2017|2019|2024|2024|2016|2022,z<-1
655,2022|2017|2017|2022|2023|2020|2017|2021|2016|2016,z<-1
656,2021|2017|2025|2025|2021|2016|2024|2019|2023|2023,z<-1
657,2025|2020|2021|2018|2020|2023|2019|2021|2020|2020,z<-1
658,2018|2020|2017|2025|2025|2016|2022|2017|2016|2017,z<-1
659,2021|2018|2024|2025|2024|2022|2017|2017|2023|2018,z<-1
660,2020|2016|2019|2023|2017|2022|2025|2021|2020|2021,z<-1
661,2018|2022|2023|2021|2018|2024|2017|2017|2022|2020,z<-1
662,2019|2021|2018|2018|2017|2019|2018|2016|2022|2016,z<-1
663,2016|2016|2020|2021|2021|2024|2023|2021|2018|2024,z<-1
664,2022|2018|2020|2019|2018|2025|2023|2018|2025|2023,z<-1
665,2016|2024|2025|2019|2024|2025|2018|2025|2018|2022,z<-1
666,2024|2021|2017|2025|2024|2025|2020|2024|2024|2020,z<-1
667,2022|2016|2023|2018|2021|2019|2017|2025|2019|2018,z<-1
668,2020|2017|2019|2017|2018|2022|2022|2024|2021|2016,z<-1
669,2025|2016|2022|2025|2016|2019|2024|2023|2019|2024,z<-1
670,2020|2018|2016|2023|2016|2019|2016|2019|2024|2017,z<-1
671,2019|2019|2020|2021|2019|2018|2025|2018|2018|2023,z<-1
672,2024|2018|2022|2021|2017|2023|2024|2021|2016|2024,z<-1
673,2017|2016|2025|2018|2025|2023|2022|2024|2018|2024,z<-1
674,2022|2025|2019|2020|2023|2017|2022|2016|2021|2020,z<-1
675,2025|2025|2020|2016|2024|2022|2023|2024|2024|2020,z<-1
676,2019|2019|2024|2024|2024|2016|2025|2018|2023|2022,z<-1
677,2024|2017|2020|2016|2017|2024|2024|2018|2020|2022,z<-1
678,2022|2017|2020|2023|2021|2024|2021|2019|2020|2022,z<-1
679,2018|2024|2017|2023|2023|2023|2019|2019|2025|2016,z<-1
680,2017|2016|2025|2023|2019|2022|2023|2020|2019|2020,z<-1
681,2020|2019|2020|2017|2020|2022|2025|2017|2016|2019,z<-1
682,2020|2017|2019|2021|2018|2018|2020|2023|2022|2021,z<-1
683,2025|2021|2017|2022|2017|2019|2025|2022|2020|2016,z<-1
684,2017|2019|2020|2019|2018|2025|2022|2019|2021|2016,z<-1
685,2020|2016|2024|2025|2025|2025|2019|2023|2024|2020,z<-1
686,2024|2016|2025|2017|2023|2018|2023|2024|2024|2019,z<-1
687,2017|2019|2022|2022|2019|2021|2022|2020|2017|2025,z<-1
688,2018|2017|2020|2025|2023|2022|2021|2019|2020|2017,z<-1
689,2016|2022|2019|2018|2024|2018|2019|2020|2020|2022,z<-1
690,2019|2017|2021|2020|2021|2025|2021|2020|2021|2017,z<-1
691,2019|2017|2022|2017|2018|2022|2018|2025|2024|2019,z<-1
692,2016|2024|2024|2025|2024|2023|2023|2019|2020|2018,z<-1
693,2022|2019|2023|2016|2025|2025|2021|2021|2022|2023,z<-1
694,2021|2024|2018|2017|2018|2022|2021|2021|2019|2016,z<-1
695,2021|2017|2025|2018|2024|2016|2018|2025|2024|2022,z<-1
696,2025|2020|2019|2020|2020|2025|2017|2022|2022|2019,z<-1
697,2016|2023|2021|2021|2024|2019|2025|2024|2021|2019,z<-1
698,2021|2021|2019|2020|2019|2024|2018|2025|2022|2016,z<-1
699,2016|2020|2025|2018|2017|2025|2024|2021|2021|2016,z<-1
700,2021|2022|2016|2023|2018|2020|2025|2022|2016|2021,z<-1
701,2019|2025|2022|2019|2024|2016|2017|2017|2018|2023,z<-1
702,2017|2023|2025|2019|2025|2022|2021|2024|2016|2022,z<-1
703,2019|2021|2016|2024|2017|2022|2022|2025|2016|2025,z<-1
704,2019|2017|2016|2016|2021|2025|2025|2019|2025|2022,z<-1
705,2024|2024|2017|2025|2021|2018|2022|2021|2019|2022,z<-1
706,2022|2025|2017|2019|2023|2018|2022|2023|2019|2020,z<-1
707,2019|2022|2022|2021|2016|2019|2018|2022|2020|2019,z<-1
708,2020|2022|2017|2023|2018|2016|2016|2025|2022|2021,z<-1
709,2021|2016|2021|2016|2025|2016|2020|2024|2019|2016,z<-1
710,2018|2016|2019|2025|2017|2018|2019|2018|2020|2018,z<-1
711,2025|2023|2022|2023|2020|2017|2016|2023|2017|2017,z<-1
712,2018|2023|2022|2025|2016|2022|2019|2018|2020|2016,z<-1
713,2017|2020|2022|2024|2022|2025|2019|2020|2017|2019,z<-1
714,2017|2021|2019|2017|2017|2020|2023|2016|2024|2024,z<-1
715,2024|2024|2025|2024|2016|2020|2024|2024|2022|2022,z<-1
716,2017|2021|2023|2016|2021|2017|2016|2016|2025|2024,z<-1
717,2016|2016|2019|2023|2016|2023|2021|2021|2017|2024,z<-1
718,2018|2020|2021|2018|2022|2016|2025|2019|2023|2023,z<-1
719,2021|2016|2019|2017|2019|2017|2020|2017|2024|2022,z<-1
720,2017|2025|2020|2025|2023|2018|2019|2018|2025|2025,z<-1
721,2020|2017|2025|2020|2020|2020|2019|2022|2023|2018,z<-1
722,2018|2025|2019|2019|2020|2021|2016|2020|2019|2024,z<-1
723,2024|2022|2023|2020|2021|2022|2024|2020|2025|2022,z<-1
724,2023|2021|2021|2022|2021|2024|2018|2021|2019|2017,z<-1
725,2016|2024|2021|2022|2023|2016|2025|2017|2018|2019,z<-1
726,2024|2023|2019|2023|2018|2017|2025|2025|2016|2020,z<-1
727,2016|2019|2016|2022|2025|2016|2023|2021|2022|2024,z<-1
728,2017|2024|2020|2024|2025|2019|2025|2019|2023|2017,z<-1
729,2017|2016|2024|2022|2021|2023|2016|2024|2024|2022,z<-1
730,2017|2017|2024|2016|2021|2019|2016|2021|2016|2019,z<-1
731,2018|2023|2024|2021|2021|2021|2021|2022|2017|2019,z<-1
732,2023|2016|2017|2023|2024|2018|2022|2024|2020|2021,z<-1
733,2020|2025|2022|2023|2019|2019|2016|2018|2018|2021,z<-1
734,2018|2016|2024|2024|2023|2025|2016|2017|2024|2023,z<-1
735,2023|2022|2021|2020|2020|2025|2023|2021|2019|2019,z<-1
736,2025|2020|2019|2021|2024|2024|2024|2017|2021|2020,z<-1
737,2022|2025|2021|2017|2022|2020|2023|2017|2020|2024,z<-1
738,2025|2025|2021|2022|2016|2016|2021|2019|2024|2018,z<-1
739,2019|2016|2017|2024|2016|2024|2022|2025|2024|2021,z<-1
740,2024|2022|2016|2016|2021|2025|2018|2024|2017|2021,z<-1
741,2025|2022|2022|2020|2021|2023|2023|2016|2023|2022,z<-1
742,2018|2023|2021|2023|2016|2023|2023|2016|2017|2017,z<-1
743,2024|2019|2022|2022|2023|2025|2016|2019|2021|2020,z<-1
744,2025|2024|2020|2021|2020|2017|2017|2016|2023|2019,z<-1
745,2017|2021|2018|2019|2016|2025|2017|2016|2017|2022,z<-1
746,2018|2016|2017|2018|2019|2017|2023|2025|2022|2017,z<-1
747,2025|2020|2019|2018|2017|2017|2025|2024|2016|2020,z<-1
748,2022|2020|2025|2023|2021|2018|2023|2016|2016|2024,z<-1
749,2022|2016|2016|2022|2022|2017|2022|2018|2024|2022,z<-1
750,2019|2018|2024|2025|2023|2019|2016|2024|2019|2018,z<-1
751,2018|2017|2025|2017|2022|2020|2018|2019|2023|2018,z<-1
752,2023|2021|2021|2021|2023|2020|2017|2023|2016|2017,z<-1
753,2024|2020|2017|2024|2023|2022|2021|2017|2021|2024,z<-1
754,2018|2023|2016|2020|2021|2024|2018|2019|2016|2023,z<-1
755,2023|2021|2019|2025|2024|2018|2019|2024|2020|2019,z<-1
756,2016|2017|2017|2021|2022|2022|2024|2020|2025|2017,z<-1
757,2016|2018|2025|2018|2019|2016|2017|2024|2016|2018,z<-1
758,2025|2018|2018|2018|2023|2018|2016|2017|2021|2020,z<-1
759,2020|2019|2023|2018|2017|2016|2022|2022|2025|2023,z<-1
760,2023|2021|2017|2019|2018|2018|2017|2023|2020|2020,z<-1
761,2016|2019|2021|2016|2018|2020|2018|2016|2017|2016,z<-1
762,2016|2023|2021|2022|2019|2023|2019|2019|2016|2024,z<-1
763,2019|2020|2018|2024|2019|2022|2017|2025|2018|2025,z<-1
764,2019|2016|2019|2018|2025|2017|2018|2018|2016|2023,z<-1
765,2022|2016|2018|2025|2022|2019|2023|2022|2019|2025,z<-1
766,2022|2024|2021|2016|2025|2017|2019|2023|2025|2016,z<-1
767,2025|2021|2020|2020|2018|2025|2020|2022|2016|2017,z<-1
768,2021|2019|2024|2016|2025|2017|2020|2023|2016|2025,z<-1
769,2025|2024|2020|2021|2021|2016|2023|2024|2018|2017,z<-1
770,2018|2018|2024|2025|2025|2024|2016|2019|2021|2020,z<-1
771,2017|2017|2022|2020|2019|2023|2016|2017|2022|2016,z<-1
772,2018|2020|2017|2020|2020|2020|2018|2019|2018|2023,z<-1
773,2019|2018|2017|2021|2016|2023|2020|2018|2020|2021,z<-1
774,2022|2017|2024|2019|2021|2020|2021|2025|2017|2021,z<-1
775,2025|2017|2019|2020|2016|2021|2021|2022|2016|2020,z<-1
776,2025|2016|2016|2025|2022|2025|2022|2019|2021|2018,z<-1
777,2025|2019|2023|2025|2018|2017|2021|2023|2019|2025,z<-1
778,2022|2021|2024|2020|2017|2023|2018|2019|2016|2017,z<-1
779,2019|2023|2020|2023|2019|2020|2025|2021|2024|2022,z<-1
780,2024|2018|2022|2016|2017|2017|2021|2018|2024|2017,z<-1
781,2025|2017|2021|2016|2017|2017|2018|2018|2016|2025,z<-1
782,2024|2020|2019|2022|2016|2020|2023|2018|2020|2016,z<-1
783,2025|2021|2021|2023|2020|2020|2022|2024|2017|2022,z<-1
784,2016|2020|2020|2017|2017|2024|2024|2023|2018|2022,z<-1
785,2024|2017|2017|2024|2023|2020|2025|2023|2024|2021,z<-1
786,2016|2019|2016|2020|2017|2018|2017|2023|2022|2019,z<-1
787,2018|2019|2024|2019|2022|2017|2024|2017|2022|2024,z<-1
788,2020|2018|2021|2024|2020|2020|2021|2022|2024|2020,z<-1
789,2025|2021|2016|2019|2020|2021|2022|2020|2017|2025,z<-1
790,2019|2025|2016|2024|2019|2022|2020|2025|2025|2022,z<-1
791,2022|2019|2025|2023|2021|2024|2016|2025|2021|2024,z<-1
792,2016|2017|2022|2019|2023|2016|2018|2022|2017|2025,z<-1
793,2019|2024|2020|2019|2020|2017|2024|2022|2020|2021,z<-1
794,2023|2017|2018|2024|2017|2021|2020|2019|2024|2017,z<-1
795,2018|2018|2019|2024|2025|2018|2019|2019|2024|2019,z<-1
796,2022|2023|2023|2016|2020|2023|2022|2025|2024|2023,z<-1
797,2020|2016|2025|2022|2023|2023|2021|2019|2019|2025,z<-1
798,2020|2024|2025|2024|2017|2021|2022|2021|2024|2025,z<-1
799,2018|2025|2016|2017|2016|2018|2024|2025|2019|2021,z<-1
800,2021|2016|2016|2024|2025|2016|2018|2018|2018|2020,z<-1
801,2021|2017|2025|2022|2024|2023|2022|2020|2024|2020,z<-1
802,2025|2018|2025|2020|2020|2022|2017|2020|2017|2022,z<-1
803,2016|2019|2025|2019|2024|2018|2018|2016|2016|2021,z<-1
804,2019|2017|2017|2021|2018|2022|2025|2025|2019|2021,z<-1
805,2021|2019|2017|2021|2021|2019|2025|2019|2016|2020,z<-1
806,2021|2025|2022|2019|2019|2025|2024|2021|2022|2016,z<-1
807,2019|2021|2022|2018|2020|2024|2023|2022|2023|2022,z<-1
808,2020|2017|2021|2017|2017|2019|2019|2016|2018|2023,z<-1
809,2017|2021|2021|2025|2016|2023|2024|2019|2021|2021,z<-1
810,2025|2023|2024|2017|2016|2020|2016|2018|2025|2023,z<-1
811,2019|2020|2023|2025|2020|2020|2020|2016|2020|2020,z<-1
812,2018|2016|2018|2017|2019|2018|2023|2025|2023|2016,z<-1
813,2017|2021|2019|2024|2024|2016|2020|2023|2018|2022,z<-1
814,2025|2025|2020|2021|2020|2024|2023|2016|2023|2025,z<-1
815,2017|2016|2024|2021|2022|2017|2022|2023|2018|2020,z<-1
816,2018|2016|2016|2018|2016|2025|2021|2023|2025|2019,z<-1
817,2017|2024|2023|2018|2016|2016|2025|2016|2023|2022,z<-1
818,2018|2025|2019|2024|2022|2023|2024|2016|2017|2016,z<-1
819,2020|2024|2017|2018|2024|2025|2019|2023|2023|2017,z<-1
820,2017|2018|2017|2024|2022|2023|2023|2024|2023|2020,z<-1
821,2020|2023|2023|2025|2020|2025|2018|2016|2018|2018,z<-1
822,2016|2017|2016|2021|2021|2016|2018|2024|2022|2019,z<-1
823,2022|2025|2018|2021|2024|2025|2018|2017|2018|2022,z<-1
824,2022|2016|2020|2025|2025|2025|2025|2023|2022|2018,z<-1
825,2016|2017|2024|2017|2016|2023|2022|2025|2023|2022,z<-1
826,2024|2019|2017|2022|2021|2021|2019|2016|2017|2024,z<-1
827,2020|2019|2023|2017|2022|2018|2025|2025|2020|2021,z<-1
828,2021|2017|2024|2023|2025|2022|2020|2020|2023|2018,z<-1
829,2017|2019|2024|2025|2024|2022|2020|2019|2019|2020,z<-1
830,2020|2025|2022|2025|2023|2022|2019|2025|2020|2021,z<-1
831,2017|2018|2025|2020|2017|2016|2020|2019|2022|2021,z<-1
832,2025|2022|2025|2016|2022|2022|2025|2024|2018|2025,z<-1
833,2023|2025|2022|2023|2017|2023|2018|2020|2021|2018,z<-1
834,2022|2018|2019|2018|2016|2018|2019|2018|2025|2019,z<-1
835,2025|2018|2021|2018|2022|2023|2025|2021|2023|2018,z<-1
836,2023|2018|2021|2018|2018|2018|2024|2024|2025|2019,z<-1
837,2020|2017|2016|2019|2018|2024|2019|2025|2022|2022,z<-1
838,2024|2018|2022|2018|2021|2020|2017|2024|2025|2020,z<-1
839,2024|2024|2019|2018|2019|2019|2018|2018|2016|2018,z<-1
840,2020|2025|2024|2019|2021|2021|2016|2020|2017|2021,z<-1
841,2018|2024|2025|2021|2025|2025|2022|2021|2019|2021,z<-1
842,2025|2025|2016|2017|2017|2024|2016|2021|2023|2018,z<-1
843,2024|2021|2016|2017|2018|2017|2019|2019|2024|2024,z<-1
844,2024|2023|2023|2024|2023|2021|2016|2022|2025|2020,z<-1
845,2020|2016|2025|2021|2022|2023|2023|2016|2020|2021,z<-1
846,2025|2021|2020|2016|2024|2021|2017|2019|2023|2022,z<-1
847,2024|2019|2016|2017|2023|2025|2021|2024|2025|2020,z<-1
848,2020|2017|2017|2017|2022|2017|2023|2020|2024|2018,z<-1
849,2019|2022|2024|2023|2022|2024|2019|2023|2018|2019,z<-1
850,2022|2020|2020|2024|2018|2020|2016|2024|2025|2017,z<-1
851,2021|2020|2019|2020|2018|2023|2023|2025|2019|2018,z<-1
852,2021|2023|2023|2020|2024|2017|2020|2016|2022|2024,z<-1
853,2019|2021|2016|2017|2019|2020|2017|2022|2018|2025,z<-1
854,2023|2016|2023|2025|2019|2019|2016|2018|2019|2018,z<-1
855,2021|2017|2016|2019|2018|2016|2020|2018|2018|2021,z<-1
856,2025|2017|2018|2016|2017|2023|2018|2023|2025|2022,z<-1
857,2019|2019|2019|2021|2017|2021|2019|2025|2024|2018,z<-1
858,2020|2021|2016|2018|2020|2020|2025|2021|2017|2024,z<-1
859,2025|2024|2017|2021|2022|2025|2021|2022|2019|2024,z<-1
860,2024|2020|2025|2021|2020|2020|2023|2023|2016|2023,z<-1
861,2023|2021|2016|2023|2021|2017|2022|2018|2024|2025,z<-1
862,2025|2022|2024|2018|2019|2023|2022|2021|2019|2025,z<-1
863,2020|2019|2022|2016|2020|2018|2022|2019|2020|2024,z<-1
864,2025|2017|2022|2024|2022|2016|2017|2019|2020|2025,z<-1
865,2019|2020|2017|2023|2016|2016|2020|2017|2018|2024,z<-1
866,2018|2024|2020|2019|2020|2021|2023|2024|2020|2021,z<-1
867,2016|2022|2024|2016|2020|2018|2017|2017|2025|2019,z<-1
868,2018|2025|2021|2020|2018|2022|2019|2019|2016|2018,z<-1
869,2025|2020|2023|2020|2018|2017|2019|2018|2020|2024,z<-1
870,2017|2018|2022|2020|2024|2016|2016|2023|2024|2016,z<-1
871,2019|2022|2019|2018|2018|2025|2016|2016|2025|2019,z<-1
872,2024|2022|2019|2021|2019|2021|2016|2023|2020|2022,z<-1
873,2016|2018|2021|2022|2025|2016|2016|2016|2019|2016,z<-1
874,2025|2020|2024|2020|2020|2018|2021|2016|2022|2018,z<-1
875,2020|2018|2025|2019|2025|2020|2025|2022|2024|2016,z<-1
876,2020|2016|2024|2022|2016|2022|2020|2022|2016|2022,z<-1
877,2021|2017|2021|2021|2018|2018|2020|2021|2017|2018,z<-1
878,2022|2018|2020|2016|2024|2022|2019|2020|2018|2021,z<-1
879,2021|2024|2018|2024|2021|2017|2019|2025|2019|2020,z<-1
880,2023|2016|2016|2016|2018|2016|2020|2016|2022|2018,z<-1
881,2016|2019|2025|2017|2025|2020|2023|2022|2024|2023,z<-1
882,2021|2024|2021|2016|2025|2016|2022|2018|2017|2023,z<-1
883,2024|2023|2021|2019|2023|2023|2019|2022|2017|2018,z<-1
884,2025|2025|2017|2025|2018|2016|2016|2017|2017|2018,z<-1
885,2025|2021|2025|2024|2022|2021|2018|2021|2016|2022,z<-1
886,2021|2018|2017|2024|2016|2021|2019|2016|2024|2024,z<-1
887,2021|2025|2022|2023|2019|2024|2018|2023|2022|2025,z<-1
888,2022|2018|2018|2017|2020|2020|2025|2018|2018|2025,z<-1
889,2021|2019|2021|2019|2017|2016|2017|2022|2023|2020,z<-1
890,2019|2016|2016|2016|2025|2025|2018|2018|2022|2017,z<-1
891,2023|2019|2022|2022|2018|2016|2022|2018|2017|2022,z<-1
892,2018|2017|2019|2023|2020|2021|2021|2017|2021|2022,z<-1
893,2021|2016|2025|2021|2018|2016|2017|2017|2022|2016,z<-1
894,2019|2021|2018|2017|2025|2021|2018|2019|2018|2024,z<-1
895,2025|2022|2019|2024|2024|2017|2018|2022|2018|2021,z<-1
896,2022|2017|2018|2018|2024|2018|2025|2018|2024|2016,z<-1
897,2025|2025|2017|2018|2016|2021|2016|2019|2018|2023,z<-1
898,2021|2021|2025|2019|2024|2018|2020|2020|2019|2021,z<-1
899,2024|2021|2020|2024|2023|2025|2019|2023|2025|2016,z<-1
900,2022|2016|2023|2023|2021|2018|2018|2020|2022|2020,z<-1
901,2024|2019|2023|2025|2023|2020|2024|2019|2021|2024,z<-1
902,2017|2024|2018|2025|2021|2021|2023|2017|2022|2023,z<-1
903,2017|2016|2023|2019|2022|2025|2019|2019|2020|2017,z<-1
904,2019|2024|2025|2020|2021|2019|2016|2024|2025|2025,z<-1
905,2024|2019|2018|2024|2016|2016|2024|2021|2018|2022,z<-1
906,2023|2020|2025|2021|2020|2020|2025|2020|2017|2021,z<-1
907,2023|2018|2022|2016|2020|2021|2017|2019|2019|2023,z<-1
908,2017|2020|2017|2016|2016|2020|2023|2021|2022|2017,z<-1
909,2025|2017|2018|2018|2022|2025|2017|2025|2024|2020,z<-1
910,2025|2024|2020|2020|2020|2017|2019|2022|2023|2017,z<-1
911,2017|2020|2016|2025|2018|2022|2020|2025|2018|2017,z<-1
912,2017|2025|2024|2025|2022|2017|2020|2021|2020|2025,z<-1
913,2019|2019|2022|2016|2016|2024|2025|2020|2018|2021,z<-1
914,2016|2020|2016|2020|2025|2019|2018|2019|2021|2017,z<-1
915,2019|2020|2017|2023|2023|2021|2016|2023|2016|2025,z<-1
916,2017|2018|2020|2019|2019|2018|2016|2016|2016|2020,z<-1
917,2024|2019|2022|2018|2018|2022|2022|2018|2025|2016,z<-1
918,2016|2019|2022|2023|2021|2020|2025|2016|2025|2021,z<-1
919,2022|2021|2022|2023|2023|2018|2025|2021|2020|2025,z<-1
920,2019|2016|2024|2017|2018|2020|2018|2025|2025|2018,z<-1
921,2019|2019|2022|2021|2021|2019|2022|2024|2021|2025,z<-1
922,2016|2022|2020|2025|2023|2018|2020|2019|2025|2021,z<-1
923,2021|2016|2022|2018|2023|2024|2021|2023|2020|2020,z<-1
924,2024|2024|2018|2021|2025|2018|2017|2016|2016|2017,z<-1
925,2017|2023|2025|2022|2024|2022|2023|2016|2024|2021,z<-1
926,2018|2019|2018|2022|2025|2019|2017|2023|2023|2016,z<-1
927,2016|2018|2022|2024|2025|2017|2025|2018|2020|2018,z<-1
928,2019|2025|2020|2018|2024|2017|2021|2019|2020|2025,z<-1
929,2022|2020|2018|2018|2022|2025|2020|2019|2025|2017,z<-1
930,2024|2023|2023|2024|2017|2021|2024|2024|2023|2019,z<-1
931,2018|2016|2025|2020|2021|2023|2021|2019|2018|2021,z<-1
932,2024|2019|2018|2019|2022|2020|2021|2016|2024|2023,z<-1
933,2024|2024|2017|2018|2023|2025|2024|2025|2021|2020,z<-1
934,2016|2024|2024|2020|2020|2016|2020|2024|2025|2017,z<-1
935,2021|2021|2019|2022|2016|2018|2017|2021|2016|2021,z<-1
936,2024|2018|2019|2023|2016|2023|2023|2022|2021|2019,z<-1
937,2023|2017|2021|2018|2025|2019|2020|2023|2020|2024,z<-1
938,2018|2022|2020|2021|2016|2018|2017|2020|2025|2020,z<-1
939,2024|2019|2016|2025|2021|2022|2022|2023|2017|2019,z<-1
940,2020|2025|2017|2025|2020|2021|2022|2019|2018|2021,z<-1
941,2024|2018|2022|2021|2024|2023|2023|2019|2024|2025,z<-1
942,2018|2025|2016|2021|2019|2018|2020|2018|2016|2018,z<-1
943,2019|2020|2022|2017|2016|2017|2017|2020|2017|2023,z<-1
944,2022|2018|2021|2024|2019|2021|2023|2021|2021|2017,z<-1
945,2022|2018|2019|2018|2024|2020|2017|2025|2018|2023,z<-1
946,2021|2016|2016|2020|2021|2023|2017|2021|2021|2022,z<-1
947,2022|2021|2018|2016|2025|2023|2018|2022|2025|2017,z<-1
948,2019|2025|2021|2018|2020|2022|2025|2024|2016|2021,z<-1
949,2017|2021|2017|2020|2024|2019|2019|2017|2022|2025,z<-1
950,2021|2021|2019|2024|2021|2024|2022|2016|2020|2023,z<-1
951,2024|2025|2018|2024|2016|2025|2022|2020|2016|2017,z<-1
952,2020|2022|2025|2022|2019|2016|2021|2017|2017|2022,z<-1
953,2024|2019|2022|2016|2025|2016|2025|2021|2024|2021,z<-1
954,2019|2019|2016|2024|2018|2022|2018|2019|2017|2024,z<-1
955,2021|2018|2017|2017|2019|2019|2025|2022|2021|2024,z<-1
956,2019|2022|2019|2020|2021|2019|2023|2024|2021|2022,z<-1
957,2022|2024|2018|2017|2024|2017|2022|2019|2023|2019,z<-1
958,2025|2018|2019|2020|2022|2024|2018|2018|2023|2016,z<-1
959,2017|2020|2020|2018|2017|2021|2020|2016|2022|2019,z<-1
960,2021|2022|2018|2016|2023|2025|2019|2019|2019|2024,z<-1
961,2022|2019|2024|2018|2016|2024|2018|2020|2024|2023,z<-1
962,2016|2018|2017|2024|2020|2019|2017|2025|2017|2025,z<-1
963,2024|2020|2025|2020|2018|2020|2020|2023|2019|2025,z<-1
964,2021|2023|2019|2021|2019|2025|2016|2019|2024|2017,z<-1
965,2021|2024|2025|2021|2016|2024|2018|2019|2018|2018,z<-1
966,2024|2024|2024|2021|2018|2019|2022|2019|2024|2022,z<-1
967,2024|2022|2021|2025|2024|2019|2017|2018|2016|2024,z<-1
968,2020|2024|2025|2025|2021|2021|2019|2016|2021|2019,z<-1
969,2022|2024|2021|2019|2022|2017|2022|2023|2022|2022,z<-1
970,2020|2018|2019|2020|2025|2023|2020|2017|2024|2021,z<-1
971,2017|2025|2016|2019|2024|2020|2019|2019|2025|2016,z<-1
972,2024|2018|2021|2018|2018|2020|2016|2024|2022|2016,z<-1
973,2016|2024|2020|2024|2021|2018|2016|2016|2016|2017,z<-1
974,2016|2017|2025|2022|2022|2017|2021|2016|2018|2022,z<-1
975,2025|2016|2024|2024|2020|2023|2016|2020|2016|2022,z<-1
976,2024|2023|2022|2017|2016|2018|2018|2018|2021|2020,z<-1
977,2025|2020|2023|2017|2023|2022|2018|2022|2022|2020,z<-1
978,2018|2016|2024|2025|2017|2017|2022|2018|2023|2019,z<-1
979,2017|2018|2017|2023|2019|2019|2017|2018|2023|2018,z<-1
980,2022|2025|2019|2017|2018|2020|2022|2018|2025|2023,z<-1
981,2017|2016|2016|2016|2025|2021|2017|2018|2016|2021,z<-1
982,2023|2018|2017|2023|2016|2024|2025|2019|2025|2023,z<-1
983,2020|2021|2025|2016|2017|2016|2023|2024|2019|2022,z<-1
984,2018|2025|2023|2023|2019|2017|2023|2025|2022|2018,z<-1
985,2023|2018|2017|2018|2018|2023|2020|2016|2017|2025,z<-1
986,2017|2023|2016|2020|2016|2022|2022|2017|2017|2021,z<-1
987,2021|2017|2017|2020|2023|2021|2022|2016|2023|2019,z<-1
988,2017|2023|2020|2018|2019|2025|2025|2017|2018|2023,z<-1
989,2019|2016|2018|2021|2022|2025|2019|2018|2020|2016,z<-1
990,2025|2021|2017|2016|2022|2021|2025|2019|2017|2022,z<-1
991,2020|2023|2023|2016|2023|2020|2024|2025|2023|2023,z<-1
992,2020|2024|2020|2021|2025|2025|2025|2024|2017|2025,z<-1
993,2018|2018|2018|2023|2022|2025|2018|2018|2025|2017,z<-1
994,2017|2016|2025|2016|2024|2016|2024|2018|2017|2023,z<-1
995,2024|2018|2017|2019|2022|2024|2023|2024|2017|2023,z<-1
996,2016|2016|2021|2024|2021|2016|2019|2017|2017|2025,z<-1
997,2018|2018|2018|2018|2017|2023|2019|2023|2021|2023,z<-1
998,2019|2021|2024|2017|2024|2025|2020|2021|2021|2016,z<-1
999,2021|2018|2018|2017|2020|2021|2019|2023|2025|2023,z<-1
1000,2019|2024|2018|2020|2019|2016|2020|2017|2016|2016,z<-1
1001,2016|2024|2022|2020|2019|2020|2022|2022|2017|2021,z<-1
1002,2021|2016|2023|2025|2020|2018|2018|2024|2020|2019,z<-1
1003,2018|2023|2019|2017|2019|2023|2019|2025|2018|2016,z<-1
1004,2018|2025|2016|2024|2024|2021|2019|2021|2020|2019,z<-1
1005,2018|2020|2021|2021|2020|2018|2018|2023|2019|2022,z<-1
1006,2018|2016|2024|2016|2024|2023|2020|2025|2022|2019,z<-1
1007,2018|2022|2024|2024|2016|2018|2016|2020|2024|2022,z<-1
1008,2022|2017|2016|2016|2021|2022|2017|2023|2023|2024,z<-1
1009,2019|2019|2017|2020|2017|2017|2016|2022|2018|2019,z<-1
1010,2017|2020|2018|2022|2020|2020|2017|2018|2022|2019,z<-1
1011,2021|2022|2019|2024|2023|2020|2022|2018|2025|2017,z<-1
1012,2023|2017|2020|2023|2019|2019|2017|2016|2025|2021,z<-1
1013,2021|2018|2018|2022|2025|2022|2018|2024|2021|2025,z<-1
1014,2020|2016|2018|2020|2025|2018|2025|2025|2021|2018,z<-1
1015,2018|2021|2020|2025|2024|2022|2019|2024|2025|2025,z<-1
1016,2024|2018|2017|2019|2019|2021|2019|2023|2021|2023,z<-1
1017,2019|2016|2021|2016|2023|2019|2022|2017|2021|2019,z<-1
1018,2024|2021|2022|2020|2018|2024|2017|2017|2020|2021,z<-1
1019,2021|2016|2016|2017|2017|2016|2019|2018|2024|2020,z<-1
1020,2024|2022|2025|2016|2019|2023|2016|2022|2025|2016,z<-1
1021,2017|2019|2025|2020|2019|2022|2025|2017|2017|2022,z<-1
1022,2017|2023|2016|2017|2024|2017|2023|2024|2020|2017,z<-1
1023,2024|2020|2018|2021|2022|2023|2016|2020|2016|2021,z<-1
1024,2018|2020|2025|2025|2022|2018|2025|2022|2017|2023,z<-1
1025,2017|2025|2023|2018|2025|2023|2021|2018|2025|2018,z<-1
1026,2023|2020|2024|2017|2019|2021|2021|2022|2019|2021,z<-1
1027,2017|2016|2021|2016|2023|2018|2024|2017|2017|2019,z<-1
1028,2023|2016|2018|2017|2016|2017|2021|2018|2021|2022,z<-1
1029,2024|2024|2017|2017|2025|2017|2021|2021|2018|2020,z<-1
1030,2017|2017|2018|2017|2018|2025|2025|2025|2023|2021,z<-1
1031,2017|2017|2018|2021|2022|2023|2016|2024|2019|2019,z<-1
1032,2017|2024|2019|2018|2017|2023|2024|2018|2025|2020,z<-1
1033,2020|2024|2022|2021|2020|2023|2017|2021|2016|2025,z<-1
1034,2024|2024|2018|2022|2018|2017|2025|2016|2024|2022,z<-1
1035,2019|2016|2024|2018|2019|2022|2022|2018|2018|2020,z<-1
1036,2024|2018|2022|2017|2023|2019|2018|2022|2025|2025,z<-1
1037,2017|2025|2016|2023|2023|2019|2024|2018|2017|2016,z<-1
1038,2016|2016|2024|2024|2023|2023|2023|2019|2025|2021,z<-1
1039,2018|2023|2022|2025|2025|2018|2017|2019|2019|2019,z<-1
1040,2018|2017|2025|2024|2019|2019|2018|2018|2021|2019,z<-1
1041,2018|2016|2024|2016|2016|2025|2017|2022|2021|2025,z<-1
1042,2019|2020|2025|2022|2023|2025|2024|2017|2024|2019,z<-1
1043,2024|2018|2017|2020|2021|2025|2016|2023|2023|2016,z<-1
1044,2023|2017|2021|2017|2016|2018|2021|2017|2018|2021,z<-1
1045,2024|2019|2018|2016|2018|2022|2023|2022|2020|2020,z<-1
1046,2018|2023|2016|2017|2020|2023|2019|2022|2017|2023,z<-1
1047,2018|2020|2024|2016|2022|2025|2020|2018|2021|2021,z<-1
1048,2021|2025|2025|2025|2016|2021|2021|2025|2018|2018,z<-1
1049,2025|2020|2024|2019|2018|2024|2023|2025|2019|2021,z<-1
1050,2017|2017|2020|2021|2017|2022|2018|2019|2018|2021,z<-1
1051,2016|2024|2022|2020|2019|2023|2022|2020|2024|2023,z<-1
1052,2018|2020|2018|2019|2020|2023|2017|2018|2022|2024,z<-1
1053,2023|2020|2019|2018|2016|2019|2019|2025|2023|2024,z<-1
1054,2018|2024|2025|2023|2023|2016|2018|2018|2018|2024,z<-1
1055,2025|2020|2016|2021|2017|2017|2020|2024|2019|2020,z<-1
1056,2020|2017|2017|2022|2018|2020|2023|2020|2016|2025,z<-1
1057,2021|2024|2020|2019|2023|2025|2024|2025|2021|2018,z<-1
1058,2019|2022|2023|2023|2020|2018|2017|2022|2024|2024,z<-1
1059,2016|2025|2025|2023|2020|2018|2016|2017|2020|2019,z<-1
1060,2017|2025|2020|2021|2019|2025|2024|2017|2020|2024,z<-1
1061,2016|2023|2023|2017|2025|2017|2020|2016|2024|2019,z<-1
1062,2018|2017|2024|2018|2021|2017|2024|2022|2022|2020,z<-1
1063,2017|2025|2025|2022|2022|2019|2018|2016|2016|2016,z<-1
1064,2021|2020|2019|2025|2018|2025|2018|2018|2025|2020,z<-1
1065,2017|2020|2020|2020|2020|2024|2017|2023|2018|2019,z<-1
1066,2020|2019|2016|2022|2024|2020|2019|2021|2019|2016,z<-1
1067,2020|2023|2017|2018|2017|2016|2023|2022|2022|2023,z<-1
1068,2021|2018|2024|2016|2016|2018|2022|2023|2020|2022,z<-1
1069,2016|2017|2018|2019|2023|2024|2021|2017|2024|2023,z<-1
1070,2017|2022|2023|2021|2016|2025|2024|2020|2016|2018,z<-1
1071,2024|2018|2020|2022|2021|2022|2024|2020|2024|2021,z<-1
1072,2020|2022|2016|2024|2025|2022|2016|2023|2025|2019,z<-1
1073,2018|2021|2018|2017|2020|2025|2017|2025|2024|2021,z<-1
1074,2018|2025|2018|2017|2017|2023|2017|2018|2018|2024,z<-1
1075,2017|2019|2024|2022|2018|2025|2024|2021|2017|2021,z<-1
1076,2024|2024|2025|2017|2023|2023|2022|2020|2019|2023,z<-1
1077,2017|2020|2025|2016|2021|2016|2016|2021|2021|2016,z<-1
1078,2019|2016|2018|2025|2024|2019|2016|2025|2022|2024,z<-1
1079,2018|2022|2018|2024|2016|2024|2017|2024|2019|2023,z<-1
1080,2017|2018|2022|2021|2020|2023|2021|2025|2024|2024,z<-1
1081,2019|2023|2018|2020|2018|2019|2023|2020|2022|2024,z<-1
1082,2020|2018|2025|2018|2025|2022|2023|2017|2016|2024,z<-1
1083,2016|2025|2021|2024|2017|2025|2022|2021|2024|2023,z<-1
1084,2025|2024|2017|2021|2018|2022|2020|2017|2021|2020,z<-1
1085,2017|2025|2023|2017|2023|2018|2016|2025|2020|2023,z<-1
1086,2021|2020|2024|2025|2016|2023|2017|2020|2019|2018,z<-1
1087,2018|2022|2023|2025|2018|2022|2017|2023|2020|2017,z<-1
1088,2023|2021|2018|2022|2023|2024|2025|2017|2017|2023,z<-1
1089,2018|2016|2023|2020|2018|2016|2019|2018|2024|2024,z<-1
1090,2025|2021|2019|2024|2023|2016|2016|2021|2018|2021,z<-1
1091,2019|2016|2025|2020|2016|2021|2025|2019|2023|2017,z<-1
1092,2025|2018|2018|2021|2023|2018|2018|2020|2024|2020,z<-1
1093,2021|2022|2022|2025|2021|2022|2016|2024|2018|2022,z<-1
1094,2025|2018|2022|2025|2017|2024|2024|2017|2021|2023,z<-1
1095,2019|2020|2016|2016|2025|2019|2019|2020|2017|2018,z<-1
1096,2020|2023|2022|2021|2019|2024|2020|2024|2016|2025,z<-1
1097,2019|2019|2020|2024|2017|2016|2024|2025|2021|2022,z<-1
1098,2024|2023|2024|2018|2025|2019|2021|2017|2018|2017,z<-1
1099,2023|2024|2022|2016|2024|2017|2016|2023|2023|2024,z<-1
1100,2025|2024|2022|2021|2017|2017|2023|2017|2020|2020,z<-1
1101,2022|2022|2018|2025|2022|2023|2018|2021|2020|2025,z<-1
1102,2018|2022|2020|2020|2024|2016|2018|2020|2025|2018,z<-1
1103,2024|2017|2024|2016|2019|2022|2023|2017|2022|2023,z<-1
1104,2022|2018|2019|2024|2021|2024|2021|2023|2019|2022,z<-1
1105,2024|2024|2024|2025|2023|2025|2023|2025|2017|2025,z<-1
1106,2023|2021|2018|2018|2019|2023|2023|2018|2018|2016,z<-1
1107,2018|2024|2022|2017|2024|2022|2016|2018|2019|2019,z<-1
1108,2020|2018|2025|2021|2023|2018|2024|2022|2024|2017,z<-1
1109,2019|2017|2018|2020|2024|2024|2024|2022|2022|2018,z<-1
1110,2018|2018|2017|2025|2025|2020|2021|2022|2025|2025,z<-1
1111,2018|2025|2025|2024|2023|2023|2019|2022|2024|2025,z<-1
1112,2019|2016|2023|2021|2018|2017|2020|2018|2024|2016,z<-1
1113,2021|2025|2021|2025|2025|2023|2024|2022|2018|2019,z<-1
1114,2024|2021|2017|2019|2024|2017|2017|2017|2018|2020,z<-1
1115,2024|2016|2018|2021|2025|2024|2018|2019|2025|2017,z<-1
1116,2025|2019|2022|2022|2017|2018|2022|2025|2017|2022,z<-1
1117,2021|2025|2024|2025|2023|2021|2019|2016|2025|2023,z<-1
1118,2025|2020|2023|2020|2022|2025|2018|2018|2021|2021,z<-1
1119,2016|2017|2025|2022|2024|2022|2023|2016|2020|2023,z<-1
1120,2021|2017|2023|2022|2018|2020|2025|2021|2018|2017,z<-1
1121,2017|2021|2022|2018|2016|2020|2021|2021|2020|2016,z<-1
1122,2020|2018|2018|2023|2016|2019|2024|2016|2016|2025,z<-1
1123,2020|2022|2021|2016|2024|2018|2016|2022|2016|2023,z<-1
1124,2022|2025|2017|2025|2018|2018|2024|2021|2017|2021,z<-1
1125,2023|2018|2019|2019|2022|2018|2019|2016|2016|2017,z<-1
1126,2017|2019|2016|2020|2023|2025|2022|2024|2019|2024,z<-1
1127,2023|2017|2021|2020|2021|2020|2021|2017|2016|2024,z<-1
1128,2022|2019|2019|2019|2018|2022|2023|2016|2022|2021,z<-1
1129,2021|2017|2024|2022|2018|2023|2024|2025|2024|2020,z<-1
1130,2018|2018|2018|2025|2018|2024|2020|2019|2025|2021,z<-1
1131,2019|2019|2023|2017|2023|2021|2024|2021|2023|2024,z<-1
1132,2018|2016|2025|2019|2021|2020|2017|2016|2016|2025,z<-1
1133,2024|2024|2016|2023|2025|2016|2025|2018|2018|2025,z<-1
1134,2020|2020|2024|2020|2024|2021|2017|2021|2022|2025,z<-1
1135,2021|2023|2019|2025|2024|2017|2025|2019|2024|2023,z<-1
1136,2022|2018|2024|2020|2018|2019|2021|2025|2021|2024,z<-1
1137,2019|2017|2020|2019|2021|2024|2017|2022|2024|2017,z<-1
1138,2023|2018|2023|2016|2016|2023|2025|2023|2023|2021,z<-1
1139,2018|2021|2017|2022|2022|2020|2019|2022|2023|2022,z<-1
1140,2022|2017|2023|2017|2022|2023|2017|2020|2022|2024,z<-1
1141,2017|2025|2020|2018|2022|2025|2022|2020|2017|2020,z<-1
1142,2022|2024|2016|2022|2019|2019|2023|2022|2023|2020,z<-1
1143,2018|2019|2016|2019|2016|2023|2025|2025|2023|2022,z<-1
1144,2018|2019|2023|2021|2022|2018|2018|2017|2020|2016,z<-1
1145,2020|2024|2020|2025|2021|2023|2020|2018|2022|2020,z<-1
1146,2020|2023|2023|2021|2018|2019|2016|2022|2022|2018,z<-1
1147,2020|2016|2024|2017|2021|2021|2016|2023|2016|2025,z<-1
1148,2020|2017|2020|2022|2023|2019|2020|2024|2016|2021,z<-1
1149,2019|2023|2021|2016|2017|2017|2022|2023|2018|2023,z<-1
1150,2017|2018|2021|2021|2019|2025|2017|2022|2025|2018,z<-1
1151,2022|2022|2019|2025|2023|2018|2016|2021|2024|2023,z<-1
1152,2021|2025|2016|2024|2024|2023|2018|2018|2023|2016,z<-1
1153,2017|2025|2022|2023|2025|2016|2022|2016|2018|2018,z<-1
1154,2022|2017|2017|2017|2025|2019|2019|2024|2024|2020,z<-1
1155,2025|2017|2019|2024|2020|2022|2020|2023|2025|2024,z<-1
1156,2022|2016|2021|2024|2025|2024|2023|2025|2022|2021,z<-1
1157,2025|2022|2018|2022|2023|2024|2024|2024|2018|2022,z<-1
1158,2018|2025|2017|2016|2017|2018|2018|2018|2021|2021,z<-1
1159,2017|2016|2020|2023|2024|2016|2019|2021|2017|2019,z<-1
1160,2022|2025|2024|2025|2019|2019|2016|2021|2022|2023,z<-1
1161,2022|2024|2023|2023|2021|2016|2025|2020|2018|2022,z<-1
1162,2018|2019|2016|2022|2018|2018|2025|2019|2016|2018,z<-1
1163,2019|2019|2018|2016|2025|2016|2020|2020|2019|2019,z<-1
1164,2016|2022|2023|2021|2020|2016|2020|2025|2022|2017,z<-1
1165,2018|2018|2020|2022|2023|2019|2022|2024|2021|2025,z<-1
1166,2023|2019|2019|2020|2018|2018|2022|2016|2016|2022,z<-1
1167,2024|2019|2019|2024|2022|2016|2021|2025|2023|2016,z<-1
1168,2022|2025|2025|2017|2020|2020|2023|2024|2024|2020,z<-1
1169,2019|2025|2021|2017|2017|2024|2022|2025|2023|2021,z<-1
1170,2016|2017|2016|2022|2021|2023|2020|2017|2019|2025,z<-1
1171,2023|2022|2022|2023|2017|2024|2025|2018|2025|2016,z<-1
1172,2020|2019|2025|2024|2025|2021|2025|2021|2022|2019,z<-1
1173,2020|2019|2018|2025|2022|2023|2024|2017|2019|2016,z<-1
1174,2024|2025|2022|2018|2016|2019|2021|2022|2018|2016,z<-1
1175,2019|2025|2022|2021|2018|2019|2018|2022|2016|2024,z<-1
1176,2024|2016|2017|2016|2020|2024|2019|2018|2021|2022,z<-1
1177,2020|2024|2022|2023|2025|2020|2019|2021|2021|2016,z<-1
1178,2021|2023|2022|2023|2022|2018|2019|2022|2021|2019,z<-1
1179,2018|2016|2016|2017|2017|2021|2020|2016|2023|2022,z<-1
1180,2023|2021|2023|2021|2020|2024|2025|2024|2020|2022,z<-1
1181,2019|2020|2021|2020|2025|2017|2023|2024|2020|2018,z<-1
1182,2019|2023|2019|2025|2024|2018|2018|2019|2024|2022,z<-1
1183,2016|2019|2018|2022|2019|2025|2018|2020|2023|2017,z<-1
1184,2019|2021|2018|2018|2022|2018|2016|2019|2016|2020,z<-1
1185,2025|2016|2018|2017|2020|2025|2017|2021|2020|2025,z<-1
1186,2018|2019|2017|2017|2020|2018|2022|2016|2024|2021,z<-1
1187,2016|2023|2023|2025|2022|2019|2016|2024|2023|2021,z<-1
1188,2017|2016|2021|2024|2017|2016|2016|2020|2018|2021,z<-1
1189,2016|2024|2018|2021|2019|2016|2020|2022|2022|2022,z<-1
1190,2023|2018|2017|2018|2024|2019|2019|2022|2020|2021,z<-1
1191,2017|2018|2020|2024|2025|2017|2018|2020|2023|2017,z<-1
1192,2021|2024|2020|2017|2018|2022|2020|2022|2018|2016,z<-1
1193,2018|2024|2016|2018|2023|2016|2017|2019|2024|2018,z<-1
1194,2023|2022|2022|2016|2020|2018|2020|2021|2021|2019,z<-1
1195,2025|2025|2022|2025|2018|2022|2024|2022|2022|2016,z<-1
1196,2016|2021|2016|2018|2017|2020|2019|2020|2020|2017,z<-1
1197,2022|2020|2025|2025|2018|2016|2020|2019|2024|2021,z<-1
1198,2020|2021|2019|2020|2024|2021|2022|2021|2024|2017,z<-1
1199,2023|2025|2025|2017|2020|2019|2022|2025|2022|2025,z<-1
1200,2018|2022|2018|2020|2023|2025|2022|2018|2025|2017,z<-1
1201,2018|2017|2023|2024|2024|2023|2016|2025|2020|2017,z<-1
1202,2019|2018|2020|2016|2022|2017|2023|2022|2022|2017,z<-1
1203,2016|2021|2020|2019|2018|2018|2021|2020|2022|2021,z<-1
1204,2019|2024|2025|2018|2022|2025|2016|2017|2020|2017,z<-1
1205,2022|2019|2016|2017|2018|2022|2019|2025|2018|2016,z<-1
1206,2025|2017|2019|2019|2017|2019|2025|2016|2019|2025,z<-1
1207,2018|2023|2020|2016|2020|2020|2024|2019|2020|2019,z<-1
1208,2023|2025|2023|2017|2022|2017|2017|2017|2019|2018,z<-1
1209,2018|2017|2025|2016|2019|2022|2025|2022|2020|2021,z<-1
1210,2024|2019|2024|2018|2023|2017|2023|2025|2025|2020,z<-1
1211,2020|2019|2023|2021|2025|2025|2017|2025|2019|2024,z<-1
1212,2020|2023|2017|2022|2019|2019|2023|2019|2023|2022,z<-1
1213,2016|2024|2016|2019|2020|2018|2022|2019|2021|2024,z<-1
1214,2024|2017|2020|2020|2023|2017|2017|2019|2021|2022,z<-1
1215,2020|2021|2018|2025|2022|2020|2020|2024|2019|2016,z<-1
1216,2019|2021|2024|2016|2021|2020|2025|2016|2019|2021,z<-1
1217,2016|2019|2024|2025|2020|2018|2017|2019|2025|2023,z<-1
1218,2017|2025|2020|2021|2017|2020|2019|2025|2016|2023,z<-1
1219,2024|2023|2022|2016|2018|2023|2021|2020|2016|2024,z<-1
1220,2020|2022|2025|2023|2021|2023|2018|2017|2017|2025,z<-1
1221,2017|2016|2024|2016|2020|2020|2025|2019|2018|2017,z<-1
1222,2022|2016|2021|2020|2021|2019|2024|2020|2022|2025,z<-1
1223,2023|2018|2024|2020|2021|2025|2016|2024|2017|2016,z<-1
1224,2024|2023|2025|2021|2022|2021|2019|2018|2024|2019,z<-1
1225,2019|2017|2022|2023|2025|2023|2023|2020|2024|2022,z<-1
1226,2023|2022|2017|2024|2020|2017|2020|2020|2023|2021,z<-1
1227,2016|2020|2017|2025|2021|2024|2020|2022|2019|2019,z<-1
1228,2020|2023|2017|2019|2023|2017|2023|2023|2022|2016,z<-1
1229,2022|2018|2025|2017|2023|2017|2023|2021|2021|2021,z<-1
1230,2024|2025|2024|2021|2021|2021|2016|2018|2024|2024,z<-1
1231,2023|2020|2019|2018|2021|2017|2018|2020|2019|2022,z<-1
1232,2016|2018|2016|2017|2025|2018|2017|2022|2023|2025,z<-1
1233,2020|2016|2023|2025|2025|2023|2021|2023|2017|2024,z<-1
1234,2025|2016|2023|2017|2019|2017|2022|2016|2017|2020,z<-1
1235,2025|2022|2023|2020|2024|2024|2025|2023|2023|2016,z<-1
1236,2018|2024|2017|2022|2018|2019|2025|2025|2023|2017,z<-1
1237,2023|2016|2025|2025|2016|2021|2023|2024|2023|2019,z<-1
1238,2018|2017|2020|2022|2019|2025|2022|2024|2017|2020,z<-1
1239,2022|2024|2019|2020|2016|2022|2021|2019|2023|2019,z<-1
1240,2017|2017|2022|2017|2017|2021|2019|2020|2020|2018,z<-1
1241,2017|2023|2018|2019|2021|2022|2016|2023|2018|2019,z<-1
1242,2022|2025|2024|2024|2016|2018|2016|2023|2016|2024,z<-1
1243,2017|2024|2021|2017|2020|2025|2019|2018|2020|2020,z<-1
1244,2017|2022|2020|2019|2025|2018|2017|2018|2021|2025,z<-1
1245,2024|2024|2020|2016|2017|2025|2023|2016|2025|2022,z<-1
1246,2022|2022|2025|2020|2022|2019|2016|2022|2019|2025,z<-1
1247,2020|2019|2025|2016|2025|2018|2021|2016|2022|2024,z<-1
1248,2022|2016|2024|2019|2020|2025|2021|2019|2017|2019,z<-1
1249,2022|2017|2018|2024|2016|2019|2023|2018|2025|2025,z<-1
1250,2021|2020|2019|2024|2025|2025|2021|2017|2021|2016,z<-1
1251,2022|2016|2025|2022|2018|2017|2021|2025|2019|2018,z<-1
1252,2020|2016|2021|2025|2022|2023|2020|2024|2024|2020,z<-1
1253,2018|2020|2025|2016|2024|2016|2019|2019|2022|2022,z<-1
1254,2018|2018|2024|2025|2022|2017|2025|2017|2022|2017,z<-1
1255,2023|2024|2016|2020|2022|2016|2018|2022|2023|2020,z<-1
1256,2016|2022|2022|2017|2018|2022|2023|2018|2018|2019,z<-1
1257,2021|2018|2021|2022|2020|2021|2021|2023|2023|2022,z<-1
1258,2023|2020|2023|2023|2019|2016|2016|2021|2025|2024,z<-1
1259,2022|2021|2017|2017|2020|2022|2016|2022|2023|2025,z<-1
1260,2021|2022|2017|2021|2017|2021|2017|2019|2016|2019,z<-1
1261,2021|2022|2016|2022|2025|2024|2019|2017|2024|2018,z<-1
1262,2023|2018|2021|2021|2021|2019|2023|2017|2025|2025,z<-1
1263,2021|2024|2025|2023|2019|2025|2018|2016|2018|2018,z<-1
1264,2018|2016|2022|2022|2016|2017|2024|2025|2017|2022,z<-1
1265,2020|2022|2023|2017|2016|2017|2020|2019|2016|2021,z<-1
1266,2018|2021|2021|2021|2020|2025|2018|2021|2017|2019,z<-1
1267,2021|2023|2017|2020|2019|2023|2017|2020|2018|2024,z<-1
1268,2019|2021|2018|2025|2023|2017|2025|2024|2025|2022,z<-1
1269,2017|2020|2024|2017|2024|2020|2018|2019|2024|2022,z<-1
1270,2022|2021|2024|2019|2016|2016|2021|2017|2023|2023,z<-1
1271,2024|2022|2016|2016|2024|2019|2016|2022|2023|2023,z<-1
1272,2021|2018|2025|2019|2023|2021|2017|2020|2021|2024,z<-1
1273,2018|2020|2020|2025|2017|2023|2022|2018|2024|2020,z<-1
1274,2016|2020|2018|2023|2022|2024|2022|2019|2021|2023,z<-1
1275,2019|2023|2017|2023|2018|2025|2025|2020|2023|2016,z<-1
1276,2020|2019|2023|2017|2020|2019|2022|2018|2017|2020,z<-1
1277,2023|2017|2024|2016|2017|2022|2024|2017|2016|2024,z<-1
1278,2025|2023|2018|2017|2019|2016|2021|2019|2018|2024,z<-1
1279,2018|2019|2018|2024|2018|2018|2020|2019|2023|2025,z<-1
1280,2017|2023|2019|2018|2020|2022|2023|2019|2025|2022,z<-1
1281,2023|2018|2023|2018|2021|2016|2022|2024|2020|2018,z<-1
1282,2023|2022|2017|2016|2023|2025|2025|2024|2024|2023,z<-1
1283,2023|2017|2019|2020|2020|2018|2025|2021|2018|2016,z<-1
1284,2025|2020|2019|2016|2024|2020|2019|2019|2023|2017,z<-1
1285,2018|2020|2022|2021|2024|2017|2020|2025|2017|2024,z<-1
1286,2024|2020|2020|2024|2016|2016|2021|2023|2017|2021,z<-1
1287,2024|2019|2017|2016|2022|2023|2018|2016|2025|2017,z<-1
1288,2024|2020|2016|2024|2021|2023|2019|2017|2018|2018,z<-1
1289,2019|2021|2023|2016|2023|2016|2018|2018|2019|2016,z<-1
1290,2022|2022|2017|2022|2017|2020|2016|2021|2016|2024,z<-1
1291,2017|2017|2018|2023|2017|2017|2019|2017|2025|2018,z<-1
1292,2021|2017|2023|2017|2021|2020|2017|2019|2025|2024,z<-1
1293,2024|2019|2023|2016|2019|2021|2023|2025|2021|2022,z<-1
1294,2018|2021|2020|2021|2024|2018|2023|2018|2022|2022,z<-1
1295,2021|2022|2022|2020|2021|2016|2016|2022|2022|2017,z<-1
1296,2020|2017|2020|2022|2025|2019|2023|2020|2023|2025,z<-1
1297,2024|2017|2024|2020|2020|2018|2020|2023|2018|2017,z<-1
1298,2017|2024|2023|2019|2021|2025|2023|2022|2023|2018,z<-1
1299,2020|2023|2021|2025|2020|2025|2022|2017|2025|2016,z<-1
1300,2025|2024|2025|2023|2019|2020|2022|2016|2017|2017,z<-1
1301,2024|2024|2024|2024|2016|2019|2025|2017|2024|2017,z<-1
1302,2020|2024|2023|2020|2020|2025|2018|2017|2024|2020,z<-1
1303,2022|2020|2024|2024|2018|2020|2019|2021|2024|2021,z<-1
1304,2023|2019|2016|2024|2025|2022|2023|2025|2024|2022,z<-1
1305,2025|2023|2022|2017|2025|2019|2018|2016|2018|2020,z<-1
1306,2022|2016|2018|2024|2018|2017|2021|2019|2016|2021,z<-1
1307,2017|2020|2020|2022|2019|2020|2024|2020|2024|2023,z<-1
1308,2022|2025|2017|2023|2022|2022|2022|2017|2024|2022,z<-1
1309,2023|2016|2020|2024|2023|2019|2018|2017|2022|2020,z<-1
1310,2016|2018|2024|2017|2017|2023|2020|2023|2017|2022,z<-1
1311,2016|2018|2020|2022|2018|2022|2019|2018|2018|2023,z<-1
1312,2018|2018|2018|2024|2018|2024|2017|2016|2018|2023,z<-1
1313,2019|2020|2021|2023|2017|2025|2018|2023|2024|2017,z<-1
1314,2023|2024|2023|2017|2017|2016|2024|2025|2018|2025,z<-1
1315,2024|2025|2024|2019|2025|2022|2025|2024|2021|2018,z<-1
1316,2022|2021|2020|2023|2017|2025|2016|2023|2023|2018,z<-1
1317,2020|2016|2021|2016|2016|2016|2017|2017|2022|2018,z<-1
1318,2020|2017|2021|2019|2019|2019|2024|2021|2016|2017,z<-1
1319,2017|2025|2025|2019|2020|2023|2019|2024|2025|2023,z<-1
1320,2021|2018|2025|2019|2017|2025|2022|2016|2023|2022,z<-1
1321,2017|2016|2019|2021|2019|2025|2023|2024|2019|2024,z<-1
1322,2024|2018|2022|2017|2021|2017|2018|2019|2020|2021,z<-1
1323,2021|2017|2023|2021|2019|2020|2016|2023|2017|2021,z<-1
1324,2024|2020|2016|2022|2019|2019|2020|2019|2023|2019,z<-1
1325,2022|2018|2019|2021|2024|2023|2022|2016|2023|2020,z<-1
1326,2020|2021|2018|2022|2024|2023|2020|2018|2024|2018,z<-1
1327,2017|2023|2017|2024|2025|2022|2016|2024|2023|2016,z<-1
1328,2021|2022|2020|2018|2024|2023|2025|2024|2020|2022,z<-1
1329,2020|2016|2024|2025|2023|2023|2025|2020|2016|2023,z<-1
1330,2022|2023|2023|2021|2017|2024|2018|2018|2016|2016,z<-1
1331,2017|2019|2019|2023|2024|2025|2016|2024|2024|2022,z<-1
1332,2024|2021|2021|2024|2018|2020|2024|2024|2023|2024,z<-1
1333,2024|2018|2020|2017|2022|2021|2019|2023|2023|2016,z<-1
1334,2022|2025|2024|2025|2021|2021|2018|2021|2018|2023,z<-1
1335,2016|2024|2025|2023|2025|2022|2021|2017|2016|2017,z<-1
1336,2016|2023|2020|2020|2022|2024|2021|2021|2021|2016,z<-1
1337,2021|2023|2017|2020|2022|2023|2022|2016|2021|2024,z<-1
1338,2022|2025|2021|2022|2022|2016|2022|2022|2022|2018,z<-1
1339,2023|2022|2021|2023|2016|2017|2022|2018|2016|2016,z<-1
1340,2017|2020|2018|2025|2020|2016|2019|2025|2022|2016,z<-1
1341,2025|2017|2025|2016|2021|2017|2020|2020|2019|2020,z<-1
1342,2023|2022|2016|2025|2024|2017|2024|2020|2020|2016,z<-1
1343,2017|2021|2020|2018|2016|2021|2022|2021|2023|2023,z<-1
1344,2023|2022|2025|2018|2018|2020|2023|2018|2017|2023,z<-1
1345,2016|2020|2018|2021|2021|2020|2018|2017|2019|2016,z<-1
1346,2025|2021|2016|2024|2017|2023|2019|2024|2016|2019,z<-1
1347,2023|2024|2017|2016|2021|2020|2018|2017|2022|2016,z<-1
1348,2017|2021|2024|2024|2019|2022|2018|2017|2016|2017,z<-1
1349,2016|2025|2016|2017|2021|2018|2025|2018|2019|2025,z<-1
1350,2021|2024|2023|2017|2020|2018|2024|2022|2017|2019,z<-1
1351,2025|2025|2017|2020|2025|2018|2025|2021|2025|2025,z<-1
1352,2019|2018|2021|2017|2019|2023|2020|2023|2018|2017,z<-1
1353,2024|2023|2023|2020|2025|2017|2024|2024|2023|2019,z<-1
1354,2022|2022|2025|2019|2021|2017|2019|2025|2019|2017,z<-1
1355,2022|2017|2017|2023|2024|2018|2021|2023|2018|2020,z<-1
1356,2017|2020|2019|2018|2021|2018|2025|2018|2018|2020,z<-1
1357,2023|2024|2020|2017|2023|2017|2022|2019|2022|2023,z<-1
1358,2024|2020|2024|2017|2023|2016|2025|2018|2016|2019,z<-1
1359,2022|2021|2021|2022|2023|2022|2017|2024|2021|2024,z<-1
1360,2025|2020|2019|2023|2016|2017|2016|2022|2022|2018,z<-1
1361,2021|2016|2020|2023|2022|2020|2016|2022|2022|2021,z<-1
1362,2020|2024|2017|2021|2025|2017|2023|2016|2022|2021,z<-1
1363,2019|2020|2018|2019|2025|2016|2025|2020|2018|2017,z<-1
1364,2019|2016|2018|2019|2020|2020|2018|2025|2016|2018,z<-1
1365,2021|2025|2021|2017|2016|2025|2016|2023|2022|2016,z<-1
1366,2025|2016|2022|2022|2016|2021|2020|2023|2016|2018,z<-1
1367,2024|2021|2025|2022|2025|2019|2024|2019|2020|2025,z<-1
1368,2019|2020|2025|2025|2018|2017|2023|2017|2023|2023,z<-1
1369,2019|2025|2018|2021|2018|2018|2018|2017|2016|2024,z<-1
1370,2021|2024|2016|2017|2018|2021|2020|2025|2019|2022,z<-1
1371,2025|2018|2018|2018|2016|2025|2023|2022|2022|2024,z<-1
1372,2025|2025|2022|2021|2025|2017|2021|2022|2017|2023,z<-1
1373,2020|2023|2022|2022|2018|2020|2021|2019|2020|2023,z<-1
1374,2018|2024|2016|2025|2024|2018|2021|2016|2024|2023,z<-1
1375,2021|2023|2018|2025|2023|2021|2016|2016|2024|2016,z<-1
1376,2024|2022|2025|2024|2019|2016|2022|2020|2018|2022,z<-1
1377,2023|2021|2018|2017|2022|2021|2024|2020|2022|2016,z<-1
1378,2017|2024|2022|2017|2025|2017|2018|2021|2018|2022,z<-1
1379,2017|2020|2018|2022|2018|2022|2020|2025|2017|2024,z<-1
1380,2022|2022|2021|2020|2016|2024|2016|2018|2025|2023,z<-1
1381,2019|2024|2025|2024|2021|2024|2020|2020|2016|2025,z<-1
1382,2021|2024|2020|2018|2025|2024|2022|2024|2018|2025,z<-1
1383,2016|2021|2024|2018|2016|2017|2021|2021|2022|2021,z<-1
1384,2016|2019|2022|2020|2016|2016|2023|2025|2016|2022,z<-1
1385,2025|2019|2019|2023|2016|2024|2021|2023|2021|2019,z<-1
1386,2018|2023|2019|2017|2022|2022|2025|2025|2022|2020,z<-1
1387,2019|2017|2016|2018|2021|2021|2021|2023|2024|2024,z<-1
1388,2018|2021|2024|2022|2019|2020|2023|2017|2022|2016,z<-1
1389,2017|2018|2019|2022|2019|2021|2022|2018|2021|2018,z<-1
1390,2024|2021|2017|2016|2022|2025|2017|2023|2018|2018,z<-1
1391,2024|2020|2020|2023|2019|2018|2024|2021|2020|2017,z<-1
1392,2018|2017|2023|2023|2022|2023|2018|2023|2023|2024,z<-1
1393,2023|2020|2025|2019|2016|2018|2022|2021|2019|2019,z<-1
1394,2021|2023|2025|2021|2023|2021|2024|2016|2017|2019,z<-1
1395,2023|2024|2021|2018|2023|2020|2017|2023|2025|2020,z<-1
1396,2025|2021|2020|2020|2016|2018|2022|2024|2024|2018,z<-1
1397,2018|2021|2018|2017|2025|2016|2018|2019|2021|2023,z<-1
1398,2019|2019|2020|2021|2023|2019|2018|2016|2025|2020,z<-1
1399,2019|2022|2021|2023|2016|2022|2018|2022|2022|2019,z<-1
1400,2020|2023|2024|2020|2020|2023|2021|2021|2020|2022,z<-1
1401,2017|2022|2018|2025|2020|2020|2019|2022|2025|2022,z<-1
1402,2018|2019|2024|2016|2019|2023|2025|2019|2025|2025,z<-1
1403,2020|2016|2023|2017|2023|2021|2019|2022|2017|2023,z<-1
1404,2019|2021|2020|2025|2023|2024|2023|2025|2019|2018,z<-1
1405,2023|2017|2025|2016|2021|2019|2020|2020|2018|2021,z<-1
1406,2024|2017|2025|2018|2016|2018|2021|2020|2019|2023,z<-1
1407,2019|2024|2018|2023|2023|2025|2017|2016|2022|2017,z<-1
1408,2021|2017|2017|2025|2024|2023|2020|2022|2021|2020,z<-1
1409,2019|2016|2020|2017|2017|2016|2017|2025|2020|2019,z<-1
1410,2021|2025|2018|2020|2017|2023|2017|2024|2022|2022,z<-1
1411,2017|2016|2016|2019|2020|2025|2025|2020|2024|2019,z<-1
1412,2021|2017|2018|2024|2016|2021|2020|2018|2019|2024,z<-1
1413,2020|2021|2017|2023|2021|2020|2025|2018|2018|2016,z<-1
1414,2021|2018|2021|2021|2021|2016|2022|2019|2023|2024,z<-1
1415,2020|2020|2022|2020|2025|2021|2022|2025|2017|2016,z<-1
1416,2017|2024|2020|2016|2018|2024|2022|2025|2018|2025,z<-1
1417,2024|2016|2019|2025|2017|2017|2019|2025|2023|2016,z<-1
1418,2017|2021|2017|2023|2024|2018|2025|2023|2024|2024,z<-1
1419,2024|2021|2021|2018|2021|2019|2019|2025|2019|2018,z<-1
1420,2017|2018|2022|2021|2021|2023|2021|2025|2019|2018,z<-1
1421,2021|2018|2023|2025|2016|2021|2021|2021|2024|2025,z<-1
1422,2018|2019|2016|2022|2021|2018|2016|2017|2016|2021,z<-1
1423,2021|2024|2016|2024|2023|2016|2020|2017|2023|2020,z<-1
1424,2022|2024|2019|2016|2024|2022|2016|2025|2024|2021,z<-1
1425,2025|2017|2020|2022|2019|2016|2024|2022|2021|2024,z<-1
1426,2022|2023|2020|2020|2020|2018|2017|2016|2021|2022,z<-1
1427,2024|2020|2023|2023|2020|2022|2018|2024|2023|2017,z<-1
1428,2016|2016|2017|2021|2016|2023|2022|2017|2025|2019,z<-1
1429,2019|2024|2021|2025|2019|2018|2016|2024|2022|2016,z<-1
1430,2018|2023|2016|2025|2019|2024|2023|2019|2023|2025,z<-1
1431,2023|2016|2025|2019|2021|2023|2025|2021|2023|2023,z<-1
1432,2023|2016|2024|2017|2025|2025|2021|2017|2017|2017,z<-1
1433,2021|2019|2019|2025|2023|2022|2019|2017|2021|2021,z<-1
1434,2017|2016|2021|2016|2021|2021|2023|2019|2021|2017,z<-1
1435,2022|2022|2019|2019|2023|2024|2021|2016|2017|2025,z<-1
1436,2022|2022|2024|2023|2024|2023|2017|2019|2021|2025,z<-1
1437,2020|2025|2018|2024|2024|2017|2020|2020|2025|2020,z<-1
1438,2023|2020|2016|2022|2024|2024|2021|2022|2018|2016,z<-1
1439,2025|2021|2017|2021|2023|2025|2020|2023|2025|2024,z<-1
1440,2016|2019|2023|2020|2023|2016|2022|2022|2023|2023,z<-1
1441,2018|2019|2019|2023|2018|2020|2023|2020|2023|2016,z<-1
1442,2019|2022|2019|2017|2024|2016|2023|2019|2017|2019,z<-1
1443,2021|2020|2016|2022|2023|2022|2025|2018|2016|2023,z<-1
1444,2023|2016|2021|2021|2016|2024|2022|2018|2016|2017,z<-1
1445,2025|2016|2022|2019|2016|2023|2024|2019|2025|2022,z<-1
1446,2024|2023|2024|2023|2017|2019|2018|2025|2017|2020,z<-1
1447,2021|2025|2021|2019|2023|2020|2022|2022|2018|2024,z<-1
1448,2025|2025|2021|2018|2020|2021|2023|2016|2020|2016,z<-1
1449,2016|2019|2021|2017|2020|2023|2020|2025|2019|2020,z<-1
1450,2025|2017|2025|2019|2017|2018|2019|2019|2021|2022,z<-1
1451,2022|2017|2019|2019|2018|2025|2022|2020|2021|2021,z<-1
1452,2024|2025|2021|2023|2018|2020|2016|2017|2017|2022,z<-1
1453,2022|2022|2017|2016|2019|2022|2022|2021|2020|2022,z<-1
1454,2018|2025|2017|2025|2018|2020|2017|2019|2018|2018,z<-1
1455,2018|2025|2016|2023|2021|2024|2017|2016|2025|2023,z<-1
1456,2019|2017|2017|2020|2025|2016|2017|2021|2024|2025,z<-1
1457,2024|2022|2016|2022|2021|2019|2017|2019|2017|2024,z<-1
1458,2024|2023|2019|2018|2023|2021|2024|2017|2016|2023,z<-1
1459,2025|2024|2024|2022|2018|2023|2023|2016|2019|2019,z<-1
1460,2021|2016|2024|2016|2016|2018|2021|2024|2022|2019,z<-1
1461,2021|2018|2016|2016|2021|2023|2023|2024|2016|2021,z<-1
1462,2025|2025|2017|2022|2022|2021|2017|2016|2021|2017,z<-1
1463,2022|2025|2018|2024|2024|2016|2022|2017|2019|2021,z<-1
1464,2017|2024|2023|2018|2018|2024|2022|2023|2016|2018,z<-1
1465,2025|2018|2020|2025|2023|2016|2024|2024|2019|2020,z<-1
1466,2016|2025|2018|2019|2020|2023|2024|2019|2019|2019,z<-1
1467,2022|2020|2018|2022|2016|2022|2021|2022|2016|2019,z<-1
1468,2019|2019|2023|2017|2021|2020|2016|2023|2018|2023,z<-1
1469,2017|2020|2025|2021|2016|2023|2024|2019|2023|2023,z<-1
1470,2025|2022|2019|2016|2017|2020|2020|2021|2018|2016,z<-1
1471,2017|2025|2019|2019|2023|2018|2016|2024|2025|2018,z<-1
1472,2018|2025|2016|2018|2023|2016|2021|2017|2017|2017,z<-1
1473,2024|2019|2018|2023|2021|2017|2021|2021|2016|2017,z<-1
1474,2025|2022|2024|2018|2018|2016|2016|2017|2020|2024,z<-1
1475,2022|2019|2020|2022|2020|2025|2016|2020|2017|2018,z<-1
1476,2018|2019|2021|2017|2017|2024|2016|2021|2017|2021,z<-1
1477,2024|2023|2023|2017|2016|2017|2021|2021|2025|2022,z<-1
1478,2019|2019|2023|2018|2020|2019|2018|2024|2017|2025,z<-1
1479,2020|2024|2017|2018|2025|2017|2017|2018|2021|2019,z<-1
1480,2023|2023|2022|2016|2016|2018|2016|2024|2020|2022,z<-1
1481,2024|2025|2025|2023|2024|2024|2019|2017|2024|2019,z<-1
1482,2016|2025|2020|2023|2016|2024|2017|2024|2022|2016,z<-1
1483,2018|2016|2019|2024|2018|2022|2024|2018|2018|2018,z<-1
1484,2024|2017|2017|2021|2020|2018|2024|2016|2016|2018,z<-1
1485,2016|2025|2021|2017|2022|2017|2024|2020|2021|2019,z<-1
1486,2022|2021|2025|2022|2019|2025|2019|2023|2024|2021,z<-1
1487,2018|2017|2025|2025|2022|2017|2018|2018|2023|2016,z<-1
1488,2021|2024|2020|2025|2018|2019|2020|2022|2021|2020,z<-1
1489,2016|2024|2021|2024|2016|2023|2017|2019|2024|2021,z<-1
1490,2019|2019|2021|2025|2022|2021|2021|2024|2018|2020,z<-1
1491,2023|2020|2022|2023|2024|2018|2025|2021|2017|2020,z<-1
1492,2020|2019|2021|2020|2019|2019|2018|2016|2021|2018,z<-1
1493,2022|2018|2016|2021|2018|2019|2018|2018|2022|2022,z<-1
1494,2023|2018|2018|2025|2020|2025|2022|2019|2021|2020,z<-1
1495,2022|2021|2018|2017|2023|2020|2023|2024|2022|2023,z<-1
1496,2023|2023|2021|2023|2024|2021|2024|2019|2016|2018,z<-1
1497,2019|2018|2025|2021|2017|2020|2022|2021|2022|2025,z<-1
1498,2024|2023|2019|2023|2018|2025|2024|2021|2021|2022,z<-1
1499,2021|2016|2023|2025|2017|2022|2022|2025|2019|2024,z<-1
1500,2017|2024|2021|2016|2018|2025|2018|2023|2024|2022,z<-1
1501,2024|2016|2017|2018|2025|2023|2018|2023|2021|2017,z<-1
1502,2019|2023|2020|2019|2018|2021|2025|2021|2024|2025,z<-1
1503,2016|2024|2022|2022|2018|2025|2020|2016|2024|2019,z<-1
1504,2016|2019|2023|2024|2019|2020|2025|2024|2023|2019,z<-1
1505,2023|2023|2017|2024|2017|2024|2023|2017|2025|2018,z<-1
1506,2025|2025|2025|2024|2024|2019|2018|2021|2021|2023,z<-1
1507,2017|2017|2023|2018|2023|2019|2016|2019|2022|2022,z<-1
1508,2016|2018|2023|2025|2025|2023|2017|2023|2020|2023,z<-1
1509,2021|2016|2017|2016|2022|2022|2025|2023|2020|2024,z<-1
1510,2018|2024|2016|2022|2017|2020|2020|2018|2024|2021,z<-1
1511,2017|2019|2021|2022|2020|2017|2022|2025|2018|2017,z<-1
1512,2016|2021|2021|2016|2020|2024|2023|2018|2016|2024,z<-1
1513,2022|2020|2023|2024|2023|2024|2018|2022|2017|2023,z<-1
1514,2024|2016|2024|2025|2022|2023|2019|2024|2016|2017,z<-1
1515,2016|2025|2021|2024|2020|2019|2022|2021|2020|2017,z<-1
1516,2018|2022|2016|2020|2021|2018|2024|2018|2025|2019,z<-1
1517,2025|2017|2022|2018|2016|2022|2017|2021|2020|2018,z<-1
1518,2020|2025|2022|2020|2020|2022|2023|2021|2024|2023,z<-1
1519,2025|2019|2025|2019|2020|2017|2022|2022|2018|2022,z<-1
1520,2018|2023|2024|2024|2024|2024|2025|2023|2024|2021,z<-1
1521,2022|2023|2024|2025|2023|2024|2019|2018|2025|2022,z<-1
1522,2023|2023|2020|2021|2018|2016|2018|2019|2019|2019,z<-1
1523,2016|2019|2021|2020|2019|2024|2025|2021|2025|2016,z<-1
1524,2023|2025|2021|2021|2016|2017|2024|2025|2025|2020,z<-1
1525,2021|2022|2024|2020|2017|2019|2025|2019|2018|2019,z<-1
1526,2018|2016|2018|2016|2016|2025|2019|2025|2020|2024,z<-1
1527,2017|2017|2016|2025|2024|2018|2017|2024|2016|2023,z<-1
1528,2022|2017|2016|2025|2020|2022|2018|2016|2022|2025,z<-1
1529,2020|2025|2025|2022|2023|2018|2016|2017|2019|2017,z<-1
1530,2025|2024|2020|2019|2023|2025|2018|2023|2020|2018,z<-1
1531,2020|2018|2019|2020|2016|2025|2021|2025|2018|2023,z<-1
1532,2023|2019|2018|2019|2022|2016|2023|2019|2024|2016,z<-1
1533,2025|2018|2017|2021|2018|2023|2017|2018|2020|2021,z<-1
1534,2023|2025|2020|2018|2017|2022|2025|2025|2018|2022,z<-1
1535,2025|2020|2016|2022|2025|2024|2017|2019|2017|2023,z<-1
1536,2023|2019|2022|2020|2025|2019|2019|2017|2022|2017,z<-1
1537,2018|2017|2025|2024|2016|2023|2016|2024|2022|2020,z<-1
1538,2022|2025|2025|2021|2016|2019|2022|2023|2025|2018,z<-1
1539,2016|2018|2024|2017|2021|2024|2021|2023|2018|2017,z<-1
1540,2024|2019|2025|2016|2021|2025|2018|2017|2023|2024,z<-1
1541,2021|2018|2024|2017|2023|2018|2023|2021|2021|2021,z<-1
1542,2019|2024|2018|2016|2023|2025|2019|2025|2024|2025,z<-1
1543,2019|2024|2020|2017|2023|2018|2019|2021|2016|2018,z<-1
1544,2018|2023|2016|2016|2020|2017|2022|2019|2025|2022,z<-1
1545,2016|2025|2017|2024|2022|2016|2025|2022|2025|2022,z<-1
1546,2022|2020|2019|2019|2021|2016|2024|2024|2019|2018,z<-1
1547,2022|2021|2023|2019|2017|2018|2019|2021|2021|2024,z<-1
1548,2021|2025|2022|2019|2020|2024|2018|2022|2022|2025,z<-1
1549,2017|2017|2024|2018|2025|2018|2024|2020|2024|2021,z<-1
1550,2019|2017|2019|2020|2023|2025|2019|2017|2022|2017,z<-1
1551,2022|2019|2023|2022|2023|2019|2018|2019|2023|2016,z<-1
1552,2020|2019|2018|2025|2020|2020|2025|2021|2019|2018,z<-1
1553,2017|2021|2023|2018|2020|2023|2018|2024|2024|2022,z<-1
1554,2018|2017|2021|2018|2025|2016|2025|2018|2018|2020,z<-1
1555,2022|2025|2019|2016|2020|2021|2024|2016|2021|2020,z<-1
1556,2023|2025|2024|2019|2022|2019|2024|2024|2023|2020,z<-1
1557,2020|2023|2022|2024|2023|2017|2022|2023|2020|2018,z<-1
1558,2023|2024|2025|2019|2022|2022|2016|2020|2018|2021,z<-1
1559,2024|2023|2017|2021|2022|2022|2022|2017|2024|2016,z<-1
1560,2024|2016|2025|2019|2018|2025|2025|2021|2020|2023,z<-1
1561,2018|2023|2019|2020|2023|2022|2025|2019|2019|2016,z<-1
1562,2025|2025|2018|2021|2017|2024|2018|2024|2018|2021,z<-1
1563,2019|2025|2025|2018|2020|2018|2016|2023|2020|2025,z<-1
1564,2023|2021|2019|2018|2016|2019|2018|2022|2025|2020,z<-1
1565,2025|2021|2021|2020|2024|2019|2018|2022|2021|2020,z<-1
1566,2023|2018|2018|2023|2021|2023|2025|2016|2025|2024,z<-1
1567,2021|2017|2018|2021|2022|2020|2019|2016|2018|2016,z<-1
1568,2022|2022|2019|2023|2018|2017|2018|2025|2020|2024,z<-1
1569,2023|2022|2024|2016|2025|2025|2016|2020|2018|2018,z<-1
1570,2022|2022|2016|2022|2020|2019|2018|2022|2024|2025,z<-1
1571,2020|2016|2023|2017|2021|2017|2017|2018|2022|2022,z<-1
1572,2018|2019|2025|2017|2024|2021|2025|2018|2022|2020,z<-1
1573,2017|2020|2016|2023|2025|2020|2018|2017|2016|2020,z<-1
1574,2019|2023|2022|2017|2025|2024|2022|2025|2024|2019,z<-1
1575,2018|2017|2020|2018|2017|2024|2018|2025|2022|2017,z<-1
1576,2021|2025|2020|2021|2019|2022|2022|2023|2023|2022,z<-1
1577,2017|2025|2018|2020|2017|2016|2018|2018|2024|2022,z<-1
1578,2025|2017|2021|2022|2018|2018|2020|2021|2020|2022,z<-1
1579,2023|2016|2016|2019|2019|2025|2020|2022|2019|2023,z<-1
1580,2017|2019|2021|2018|2024|2020|2016|2025|2025|2023,z<-1
1581,2016|2019|2016|2019|2021|2024|2020|2017|2019|2023,z<-1
1582,2018|2022|2018|2021|2020|2019|2023|2017|2018|2023,z<-1
1583,2021|2023|2016|2025|2021|2023|2016|2019|2023|2024,z<-1
1584,2021|2025|2024|2024|2021|2020|2020|2025|2019|2024,z<-1
1585,2019|2017|2017|2023|2018|2021|2020|2023|2016|2016,z<-1
1586,2021|2020|2021|2021|2024|2024|2023|2019|2022|2021,z<-1
1587,2025|2023|2017|2017|2020|2018|2021|2018|2018|2020,z<-1
1588,2017|2017|2021|2024|2020|2023|2018|2019|2020|2019,z<-1
1589,2025|2016|2022|2024|2021|2018|2021|2024|2022|2022,z<-1
1590,2023|2022|2024|2017|2020|2021|2022|2019|2017|2021,z<-1
1591,2021|2022|2022|2017|2021|2025|2022|2016|2018|2021,z<-1
1592,2024|2022|2019|2024|2025|2019|2018|2016|2021|2020,z<-1
1593,2018|2022|2019|2020|2019|2023|2021|2018|2020|2022,z<-1
1594,2016|2016|2024|2018|2022|2017|2021|2019|2016|2024,z<-1
1595,2021|2025|2021|2023|2025|2025|2024|2022|2018|2025,z<-1
1596,2022|2016|2020|2016|2022|2020|2020|2023|2023|2017,z<-1
1597,2017|2023|2023|2021|2018|2023|2019|2020|2025|2024,z<-1
1598,2022|2023|2017|2022|2020|2025|2019|2024|2025|2021,z<-1
1599,2025|2016|2018|2024|2025|2016|2022|2022|2020|2025,z<-1
1600,2016|2021|2020|2021|2016|2022|2022|2023|2017|2019,z<-1
1601,2025|2022|2022|2017|2023|2022|2022|2018|2025|2024,z<-1
1602,2019|2017|2016|2024|2018|2023|2018|2024|2016|2020,z<-1
1603,2018|2023|2020|2019|2024|2017|2021|2021|2021|2021,z<-1
1604,2024|2021|2025|2022|2019|2019|2020|2024|2017|2016,z<-1
1605,2022|2019|2018|2018|2020|2023|2024|2017|2023|2022,z<-1
1606,2024|2024|2025|2018|2018|2022|2024|2024|2025|2022,z<-1
1607,2025|2021|2017|2024|2019|2020|2024|2017|2025|2018,z<-1
1608,2024|2020|2024|2018|2021|2017|2016|2025|2019|2022,z<-1
1609,2019|2024|2017|2021|2018|2023|2019|2019|2019|2020,z<-1
1610,2019|2021|2025|2016|2025|2025|2020|2017|2016|2021,z<-1
1611,2017|2017|2022|2022|2024|2018|2022|2019|2016|2019,z<-1
1612,2017|2017|2020|2021|2016|2017|2025|2017|2016|2022,z<-1
1613,2025|2023|2021|2019|2020|2016|2023|2024|2016|2018,z<-1
1614,2017|2023|2022|2017|2021|2022|2021|2016|2024|2016,z<-1
1615,2016|2024|2017|2021|2020|2021|2019|2024|2016|2019,z<-1
1616,2024|2020|2023|2025|2019|2024|2019|2019|2025|2018,z<-1
1617,2020|2021|2017|2025|2025|2025|2023|2025|2023|2025,z<-1
1618,2016|2019|2024|2023|2022|2025|2020|2025|2021|2022,z<-1
1619,2022|2025|2021|2021|2019|2017|2019|2023|2023|2021,z<-1
1620,2019|2019|2023|2021|2017|2018|2023|2016|2017|2020,z<-1
1621,2020|2017|2017|2016|2016|2024|2024|2021|2025|2021,z<-1
1622,2024|2018|2017|2021|2023|2019|2025|2024|2022|2023,z<-1
1623,2016|2019|2022|2023|2022|2016|2021|2021|2023|2019,z<-1
1624,2021|2017|2019|2025|2016|2024|2020|2017|2017|2020,z<-1
1625,2017|2016|2018|2022|2019|2021|2020|2025|2023|2018,z<-1
1626,2018|2023|2018|2023|2017|2023|2024|2021|2025|2016,z<-1
1627,2023|2023|2020|2018|2016|2021|2018|2016|2025|2023,z<-1
1628,2024|2024|2017|2021|2016|2024|2021|2021|2020|2019,z<-1
1629,2019|2016|2022|2019|2025|2016|2023|2024|2017|2023,z<-1
1630,2025|2021|2017|2023|2017|2016|2017|2017|2025|2016,z<-1
1631,2024|2023|2023|2019|2018|2017|2025|2023|2017|2022,z<-1
1632,2024|2023|2017|2023|2021|2025|2024|2021|2020|2021,z<-1
1633,2021|2018|2017|2020|2024|2018|2020|2020|2025|2017,z<-1
1634,2023|2025|2016|2021|2022|2024|2024|2024|2017|2018,z<-1
1635,2018|2020|2023|2016|2018|2019|2016|2017|2022|2018,z<-1
1636,2018|2020|2025|2019|2025|2025|2024|2019|2024|2018,z<-1
1637,2025|2024|2021|2020|2025|2025|2020|2017|2025|2017,z<-1
1638,2024|2019|2023|2019|2018|2019|2023|2021|2019|2024,z<-1
1639,2020|2025|2023|2022|2021|2020|2020|2018|2021|2025,z<-1
1640,2020|2018|2021|2018|2019|2022|2019|2024|2016|2023,z<-1
1641,2017|2017|2019|2023|2024|2022|2020|2016|2018|2019,z<-1
1642,2020|2017|2021|2024|2024|2017|2019|2022|2020|2021,z<-1
1643,2025|2018|2018|2024|2017|2025|2016|2020|2025|2016,z<-1
1644,2020|2023|2017|2016|2022|2017|2016|2025|2024|2023,z<-1
1645,2019|2025|2023|2022|2018|2017|2018|2018|2018|2022,z<-1
1646,2024|2021|2018|2021|2020|2019|2025|2019|2017|2017,z<-1
1647,2021|2024|2019|2018|2020|2021|2021|2021|2016|2018,z<-1
1648,2025|2017|2025|2018|2023|2018|2022|2025|2020|2025,z<-1
1649,2023|2022|2024|2019|2020|2018|2025|2023|2023|2020,z<-1
1650,2023|2021|2024|2023|2019|2023|2025|2019|2017|2019,z<-1
1651,2023|2022|2021|2018|2025|2017|2019|2019|2021|2022,z<-1
1652,2023|2024|2022|2024|2022|2020|2022|2025|2022|2021,z<-1
1653,2019|2017|2022|2016|2024|2021|2018|2016|2020|2020,z<-1
1654,2023|2016|2022|2021|2021|2024|2019|2016|2021|2023,z<-1
1655,2018|2020|2021|2020|2021|2018|2016|2018|2016|2017,z<-1
1656,2021|2017|2023|2023|2019|2016|2016|2019|2020|2023,z<-1
1657,2020|2020|2019|2016|2022|2025|2025|2018|2018|2023,z<-1
1658,2024|2023|2019|2020|2022|2024|2020|2020|2017|2025,z<-1
1659,2021|2016|2020|2023|2016|2022|2019|2020|2018|2022,z<-1
1660,2018|2022|2025|2022|2020|2020|2020|2022|2019|2023,z<-1
1661,2017|2022|2019|2023|2018|2022|2016|2022|2021|2019,z<-1
1662,2019|2025|2023|2016|2019|2024|2024|2018|2017|2017,z<-1
1663,2018|2024|2020|2021|2016|2024|2020|2024|2019|2017,z<-1
1664,2025|2017|2025|2017|2018|2021|2020|2016|2016|2017,z<-1
1665,2016|2018|2023|2016|2023|2020|2025|2017|2021|2024,z<-1
1666,2023|2017|2021|2019|2021|2018|2016|2019|2024|2019,z<-1
1667,2022|2021|2018|2023|2020|2020|2023|2016|2025|2018,z<-1
1668,2025|2019|2018|2020|2022|2021|2024|2023|2016|2020,z<-1
1669,2022|2021|2016|2023|2016|2023|2017|2020|2019|2022,z<-1
1670,2018|2019|2019|2016|2022|2024|2024|2020|2017|2021,z<-1
1671,2024|2024|2016|2021|2022|2018|2021|2019|2019|2022,z<-1
1672,2021|2024|2016|2018|2016|2022|2025|2018|2023|2023,z<-1
1673,2025|2017|2018|2025|2023|2017|2019|2019|2025|2016,z<-1
1674,2017|2024|2018|2016|2022|2021|2023|2022|2020|2020,z<-1
1675,2017|2020|2021|2025|2017|2016|2016|2017|2019|2017,z<-1
1676,2025|2023|2025|2019|2023|2025|2020|2018|2020|2019,z<-1
1677,2023|2018|2021|2020|2016|2025|2025|2025|2023|2022,z<-1
1678,2025|2020|2024|2025|2020|2019|2022|2019|2020|2024,z<-1
1679,2018|2020|2021|2025|2020|2025|2023|2022|2022|2018,z<-1
1680,2025|2022|2022|2020|2019|2019|2019|2024|2023|2020,z<-1
1681,2023|2019|2024|2017|2016|2025|2020|2017|2019|2025,z<-1
1682,2021|2022|2018|2019|2021|2020|2023|2021|2020|2023,z<-1
1683,2023|2024|2025|2016|2019|2019|2018|2020|2016|2022,z<-1
1684,2017|2018|2022|2023|2016|2023|2017|2017|2017|2021,z<-1
1685,2019|2019|2024|2019|2022|2022|2021|2021|2024|2023,z<-1
1686,2025|2025|2024|2016|2022|2021|2025|2023|2022|2025,z<-1
1687,2022|2020|2021|2025|2025|2018|2021|2025|2020|2020,z<-1
1688,2021|2025|2022|2018|2017|2016|2018|2021|2023|2021,z<-1
1689,2022|2023|2018|2021|2018|2025|2025|2018|2023|2025,z<-1
1690,2023|2020|2025|2019|2022|2025|2018|2019|2017|2022,z<-1
1691,2022|2018|2022|2023|2022|2016|2021|2021|2017|2025,z<-1
1692,2019|2025|2021|2016|2023|2022|2018|2024|2022|2019,z<-1
1693,2017|2022|2017|2019|2019|2023|2016|2018|2017|2023,z<-1
1694,2021|2023|2020|2019|2018|2016|2020|2017|2022|2021,z<-1
1695,2020|2016|2025|2023|2016|2023|2025|2021|2023|2018,z<-1
1696,2019|2017|2021|2024|2021|2023|2023|2017|2023|2017,z<-1
1697,2018|2024|2021|2020|2022|2016|2020|2017|2019|2022,z<-1
1698,2017|2019|2024|2019|2018|2017|2021|2024|2025|2022,z<-1
1699,2017|2018|2020|2018|2017|2022|2019|2020|2018|2020,z<-1
1700,2019|2020|2017|2019|2018|2025|2020|2024|2022|2025,z<-1
1701,2018|2024|2025|2024|2019|2018|2023|2018|2017|2017,z<-1
1702,2017|2020|2017|2019|2022|2023|2024|2021|2017|2021,z<-1
1703,2017|2024|2025|2023|2019|2023|2019|2022|2025|2020,z<-1
1704,2016|2023|2016|2017|2024|2017|2024|2025|2022|2023,z<-1
1705,2024|2024|2018|2017|2018|2025|2025|2021|2020|2024,z<-1
1706,2023|2023|2022|2017|2022|2022|2025|2018|2023|2017,z<-1
1707,2025|2017|2018|2022|2017|2025|2024|2025|2021|2021,z<-1
1708,2024|2022|2016|2025|2017|2024|2017|2022|2022|2021,z<-1
1709,2024|2016|2025|2022|2017|2024|2016|2017|2021|2017,z<-1
1710,2020|2025|2025|2022|2021|2018|2019|2019|2016|2025,z<-1
1711,2016|2016|2023|2023|2017|2018|2021|2016|2025|2024,z<-1
1712,2024|2019|2017|2024|2023|2018|2025|2020|2019|2025,z<-1
1713,2024|2021|2018|2016|2023|2022|2019|2017|2016|2021,z<-1
1714,2018|2025|2016|2024|2021|2023|2019|2024|2019|2019,z<-1
1715,2016|2019|2018|2025|2018|2022|2020|2020|2021|2017,z<-1
1716,2019|2018|2021|2023|2025|2024|2021|2022|2016|2021,z<-1
1717,2016|2023|2021|2016|2024|2024|2022|2019|2020|2021,z<-1
1718,2019|2017|2017|2017|2020|2022|2020|2018|2025|2025,z<-1
1719,2016|2021|2020|2018|2023|2021|2022|2019|2021|2020,z<-1
1720,2023|2024|2016|2025|2023|2018|2019|2022|2024|2020,z<-1
1721,2025|2021|2023|2020|2021|2023|2021|2017|2020|2024,z<-1
1722,2022|2023|2022|2017|2024|2022|2021|2025|2023|2025,z<-1
1723,2023|2016|2018|2025|2018|2017|2017|2023|2019|2019,z<-1
1724,2021|2024|2021|2018|2020|2025|2017|2024|2019|2023,z<-1
1725,2020|2022|2019|2016|2023|2023|2020|2025|2021|2017,z<-1
1726,2018|2020|2025|2020|2016|2025|2023|2020|2023|2025,z<-1
1727,2016|2022|2023|2018|2016|2023|2018|2025|2025|2021,z<-1
1728,2019|2024|2019|2022|2021|2022|2021|2018|2018|2017,z<-1
1729,2024|2022|2022|2019|2017|2025|2023|2017|2021|2016,z<-1
1730,2019|2021|2016|2022|2018|2018|2017|2024|2022|2018,z<-1
1731,2017|2024|2024|2020|2020|2023|2019|2018|2024|2022,z<-1
1732,2017|2022|2021|2023|2021|2017|2021|2018|2016|2019,z<-1
1733,2021|2022|2024|2020|2018|2019|2023|2023|2016|2018,z<-1
1734,2019|2021|2017|2019|2017|2016|2018|2019|2021|2024,z<-1
1735,2022|2017|2021|2019|2020|2024|2022|2017|2022|2020,z<-1
1736,2021|2017|2025|2016|2022|2025|2023|2019|2017|2021,z<-1
1737,2021|2019|2024|2023|2024|2023|2023|2021|2019|2019,z<-1
1738,2023|2024|2018|2024|2023|2024|2020|2021|2025|2018,z<-1
1739,2025|2023|2018|2025|2021|2019|2024|2018|2016|2018,z<-1
1740,2022|2025|2024|2025|2020|2016|2017|2022|2019|2018,z<-1
1741,2020|2024|2023|2016|2016|2017|2019|2017|2023|2025,z<-1
1742,2020|2019|2023|2020|2019|2017|2019|2025|2018|2024,z<-1
1743,2024|2025|2020|2020|2020|2025|2022|2016|2023|2017,z<-1
1744,2022|2025|2018|2024|2024|2017|2016|2020|2019|2024,z<-1
1745,2016|2022|2016|2017|2023|2023|2020|2024|2017|2022,z<-1
1746,2025|2019|2022|2020|2021|2017|2021|2022|2022|2022,z<-1
1747,2016|2024|2017|2022|2021|2025|2021|2020|2021|2025,z<-1
1748,2020|2024|2022|2023|2018|2021|2019|2018|2020|2017,z<-1
1749,2016|2020|2024|2018|2025|2018|2018|2018|2022|2021,z<-1
1750,2020|2018|2017|2016|2021|2016|2024|2020|2018|2023,z<-1
1751,2020|2025|2022|2023|2016|2020|2016|2021|2024|2018,z<-1
1752,2023|2022|2023|2020|2022|2017|2023|2018|2022|2020,z<-1
1753,2023|2018|2017|2025|2016|2020|2023|2019|2020|2025,z<-1
1754,2025|2019|2020|2019|2017|2017|2018|2020|2021|2019,z<-1
1755,2021|2023|2019|2018|2019|2016|2017|2021|2021|2019,z<-1
1756,2017|2020|2019|2023|2018|2017|2016|2022|2022|2025,z<-1
1757,2019|2023|2018|2025|2021|2018|2017|2025|2016|2016,z<-1
1758,2018|2016|2018|2024|2022|2020|2025|2018|2021|2016,z<-1
1759,2020|2017|2025|2023|2016|2020|2016|2020|2025|2021,z<-1
1760,2023|2023|2017|2024|2023|2020|2025|2023|2019|2022,z<-1
1761,2024|2021|2021|2025|2018|2021|2025|2020|2025|2022,z<-1
1762,2019|2021|2017|2020|2019|2024|2024|2016|2024|2018,z<-1
1763,2019|2025|2017|2018|2021|2019|2019|2020|2021|2021,z<-1
1764,2016|2025|2022|2016|2023|2021|2019|2023|2020|2017,z<-1
1765,2017|2023|2024|2024|2019|2017|2024|2024|2016|2018,z<-1
1766,2023|2016|2024|2020|2016|2023|2023|2022|2016|2019,z<-1
1767,2016|2020|2025|2022|2019|2025|2022|2016|2022|2016,z<-1
1768,2020|2018|2017|2019|2019|2016|2023|2022|2025|2023,z<-1
1769,2017|2019|2018|2023|2022|2019|2023|2018|2016|2016,z<-1
1770,2019|2021|2023|2016|2018|2020|2017|2022|2018|2016,z<-1
1771,2019|2018|2022|2022|2022|2017|2023|2024|2021|2016,z<-1
1772,2019|2017|2023|2016|2016|2022|2023|2025|2021|2021,z<-1
1773,2018|2023|2020|2025|2017|2020|2021|2024|2022|2021,z<-1
1774,2016|2021|2023|2020|2019|2017|2019|2017|2016|2025,z<-1
1775,2024|2019|2020|2021|2019|2024|2019|2018|2022|2017,z<-1
1776,2016|2016|2024|2019|2018|2024|2023|2017|2025|2021,z<-1
1777,2017|2022|2020|2019|2025|2020|2024|2016|2023|2022,z<-1
1778,2016|2021|2021|2025|2024|2025|2021|2019|2020|2022,z<-1
1779,2016|2017|2018|2022|2017|2025|2023|2020|2019|2023,z<-1
1780,2024|2016|2019|2024|2019|2020|2023|2020|2021|2017,z<-1
1781,2023|2024|2022|2022|2024|2020|2021|2023|2023|2016,z<-1
1782,2018|2018|2016|2017|2020|2021|2020|2023|2023|2020,z<-1
1783,2020|2020|2018|2023|2017|2022|2023|2020|2016|2021,z<-1
1784,2019|2016|2022|2025|2024|2022|2018|2021|2022|2025,z<-1
1785,2017|2020|2017|2020|2024|2016|2018|2020|2022|2016,z<-1
1786,2019|2023|2025|2018|2016|2024|2022|2023|2021|2019,z<-1
1787,2019|2020|2021|2018|2020|2019|2019|2018|2023|2020,z<-1
1788,2020|2023|2018|2025|2017|2020|2018|2025|2017|2023,z<-1
1789,2019|2020|2023|2021|2022|2020|2017|2022|2017|2024,z<-1
1790,2023|2021|2018|2020|2021|2021|2021|2025|2017|2022,z<-1
1791,2021|2021|2024|2016|2019|2020|2021|2024|2021|2019,z<-1
1792,2023|2022|2018|2017|2016|2024|2024|2022|2023|2017,z<-1
1793,2019|2019|2021|2025|2017|2020|2022|2016|2023|2025,z<-1
1794,2024|2019|2016|2023|2018|2016|2022|2023|2020|2021,z<-1
1795,2019|2017|2020|2019|2020|2020|2023|2020|2021|2021,z<-1
1796,2024|2022|2023|2024|2016|2021|2017|2025|2024|2018,z<-1
1797,2025|2022|2018|2016|2019|2018|2021|2019|2023|2016,z<-1
1798,2025|2016|2020|2023|2021|2021|2022|2016|2025|2023,z<-1
1799,2020|2021|2020|2024|2022|2018|2016|2016|2023|2016,z<-1
1800,2025|2018|2017|2017|2016|2020|2022|2025|2016|2023,z<-1
1801,2020|2022|2025|2018|2025|2022|2017|2025|2024|2018,z<-1
1802,2016|2022|2023|2020|2023|2025|2018|2023|2017|2019,z<-1
1803,2019|2018|2017|2021|2016|2023|2019|2019|2021|2021,z<-1
1804,2016|2023|2020|2019|2023|2018|2023|2023|2019|2025,z<-1
1805,2019|2023|2016|2024|2022|2023|2019|2020|2022|2025,z<-1
1806,2017|2025|2025|2021|2022|2021|2021|2016|2017|2025,z<-1
1807,2018|2019|2018|2016|2022|2017|2025|2025|2020|2019,z<-1
1808,2025|2023|2021|2016|2021|2020|2017|2019|2019|2023,z<-1
1809,2018|2024|2025|2024|2022|2023|2022|2024|2020|2019,z<-1
1810,2017|2024|2021|2016|2024|2021|2020|2019|2018|2021,z<-1
1811,2021|2019|2025|2017|2025|2018|2024|2024|2017|2017,z<-1
1812,2025|2024|2020|2023|2019|2025|2017|2023|2025|2016,z<-1
1813,2023|2016|2023|2024|2023|2024|2021|2025|2020|2022,z<-1
1814,2022|2023|2024|2022|2020|2021|2018|2017|2019|2024,z<-1
1815,2017|2024|2018|2019|2024|2022|2017|2019|2023|2021,z<-1
1816,2023|2024|2016|2025|2025|2023|2017|2022|2025|2024,z<-1
1817,2024|2024|2022|2019|2025|2020|2019|2022|2018|2019,z<-1
1818,2025|2018|2024|2021|2017|2016|2022|2020|2021|2024,z<-1
1819,2020|2016|2020|2016|2022|2018|2020|2016|2020|2019,z<-1
1820,2023|2023|2017|2021|2025|2020|2020|2025|2019|2016,z<-1
1821,2016|2016|2022|2021|2019|2018|2023|2018|2018|2020,z<-1
1822,2017|2016|2024|2024|2017|2022|2025|2025|2020|2018,z<-1
1823,2020|2023|2018|2024|2020|2023|2020|2023|2017|2018,z<-1
1824,2016|2025|2018|2018|2023|2017|2017|2018|2020|2025,z<-1
1825,2022|2021|2016|2023|2019|2019|2019|2024|2016|2017,z<-1
1826,2024|2023|2020|2025|2022|2023|2021|2017|2024|2022,z<-1
1827,2017|2021|2019|2025|2016|2018|2024|2021|2023|2016,z<-1
1828,2023|2019|2025|2022|2021|2018|2022|2025|2017|2022,z<-1
1829,2017|2023|2022|2023|2025|2025|2017|2020|2021|2025,z<-1
1830,2018|2016|2017|2020|2020|2021|2019|2021|2016|2020,z<-1
1831,2024|2021|2025|2024|2024|2024|2023|2016|2019|2017,z<-1
1832,2022|2024|2020|2018|2016|2019|2019|2024|2023|2020,z<-1
1833,2018|2018|2018|2018|2024|2023|2025|2024|2019|2024,z<-1
1834,2016|2022|2022|2022|2022|2017|2017|2021|2019|2016,z<-1
1835,2018|2016|2018|2021|2023|2020|2021|2017|2019|2018,z<-1
1836,2017|2019|2023|2023|2016|2019|2020|2023|2017|2020,z<-1
1837,2023|2018|2016|2023|2025|2019|2017|2020|2025|2022,z<-1
1838,2022|2025|2019|2018|2022|2025|2017|2018|2022|2020,z<-1
1839,2021|2022|2023|2022|2022|2023|2016|2022|2020|2018,z<-1
1840,2018|2021|2021|2021|2024|2022|2023|2017|2023|2018,z<-1
1841,2018|2019|2019|2021|2024|2017|2022|2020|2023|2016,z<-1
1842,2023|2022|2017|2017|2022|2017|2016|2023|2025|2024,z<-1
1843,2018|2024|2025|2022|2020|2017|2024|2020|2022|2020,z<-1
1844,2025|2020|2024|2023|2025|2025|2025|2022|2017|2023,z<-1
1845,2016|2017|2024|2019|2022|2016|2020|2016|2019|2023,z<-1
1846,2018|2021|2018|2019|2022|2017|2021|2023|2024|2025,z<-1
1847,2023|2023|2025|2018|2019|2022|2017|2025|2024|2022,z<-1
1848,2019|2021|2017|2024|2019|2020|2020|2018|2023|2021,z<-1
1849,2021|2017|2025|2022|2019|2019|2019|2024|2023|2024,z<-1
1850,2016|2018|2025|2019|2018|2024|2018|2017|2025|2017,z<-1
1851,2024|2024|2021|2018|2018|2025|2025|2019|2019|2022,z<-1
1852,2023|2019|2019|2020|2020|2019|2016|2024|2023|2021,z<-1
1853,2025|2017|2022|2021|2021|2024|2025|2016|2017|2025,z<-1
1854,2018|2024|2022|2020|2019|2024|2025|2016|2022|2023,z<-1
1855,2022|2021|2016|2022|2024|2024|2017|2016|2022|2025,z<-1
1856,2017|2017|2022|2017|2019|2020|2023|2017|2024|2019,z<-1
1857,2020|2019|2017|2020|2019|2025|2017|2022|2024|2021,z<-1
1858,2023|2020|2016|2019|2025|2024|2018|2019|2018|2022,z<-1
1859,2016|2023|2023|2016|2021|2022|2024|2024|2017|2024,z<-1
1860,2020|2020|2023|2024|2016|2024|2025|2025|2019|2021,z<-1
1861,2024|2021|2021|2025|2024|2023|2023|2016|2022|2019,z<-1
1862,2016|2018|2018|2017|2025|2016|2025|2021|2021|2021,z<-1
1863,2017|2025|2016|2018|2021|2018|2023|2023|2016|2025,z<-1
1864,2021|2022|2018|2016|2019|2021|2019|2019|2018|2020,z<-1
1865,2021|2023|2021|2019|2020|2020|2022|2025|2023|2022,z<-1
1866,2019|2019|2025|2021|2017|2025|2018|2022|2022|2020,z<-1
1867,2023|2025|2017|2020|2024|2020|2021|2016|2021|2020,z<-1
1868,2018|2018|2024|2016|2020|2022|2023|2021|2024|2020,z<-1
1869,2019|2016|2024|2020|2020|2025|2016|2022|2025|2016,z<-1
1870,2025|2023|2016|2016|2017|2025|2019|2023|2017|2024,z<-1
1871,2024|2025|2025|2024|2016|2020|2018|2016|2025|2017,z<-1
1872,2020|2025|2019|2025|2016|2022|2022|2024|2023|2018,z<-1
1873,2024|2019|2021|2017|2016|2023|2017|2019|2017|2020,z<-1
1874,2025|2017|2017|2023|2018|2016|2022|2025|2017|2025,z<-1
1875,2022|2021|2024|2021|2025|2019|2016|2018|2024|2017,z<-1
1876,2022|2024|2019|2020|2023|2025|2018|2022|2016|2023,z<-1
1877,2017|2024|2020|2019|2021|2024|2017|2023|2021|2016,z<-1
1878,2019|2023|2022|2016|2020|2024|2017|2024|2020|2025,z<-1
1879,2024|2022|2016|2025|2019|2023|2024|2024|2025|2023,z<-1
1880,2025|2018|2025|2020|2021|2017|2017|2019|2016|2022,z<-1
1881,2016|2024|2019|2023|2025|2017|2021|2025|2024|2025,z<-1
1882,2024|2021|2016|2022|2024|2021|2020|2025|2018|2019,z<-1
1883,2017|2019|2017|2023|2023|2023|2025|2022|2025|2018,z<-1
1884,2022|2021|2018|2016|2025|2025|2017|2021|2016|2016,z<-1
1885,2019|2023|2023|2016|2024|2017|2020|2022|2020|2021,z<-1
1886,2022|2017|2016|2021|2021|2019|2022|2022|2017|2022,z<-1
1887,2019|2025|2022|2022|2021|2024|2018|2018|2025|2019,z<-1
1888,2019|2023|2016|2023|2023|2024|2020|2023|2017|2018,z<-1
1889,2020|2020|2024|2022|2018|2020|2016|2017|2017|2016,z<-1
1890,2024|2020|2021|2018|2024|2021|2021|2023|2025|2019,z<-1
1891,2022|2020|2023|2016|2019|2018|2024|2016|2024|2020,z<-1
1892,2023|2024|2022|2019|2024|2019|2023|2020|2016|2025,z<-1
1893,2016|2016|2024|2017|2022|2023|2017|2019|2019|2023,z<-1
1894,2016|2016|2022|2022|2025|2020|2020|2020|2016|2021,z<-1
1895,2024|2016|2017|2024|2022|2024|2016|2016|2020|2016,z<-1
1896,2023|2021|2025|2025|2019|2021|2024|2019|2024|2023,z<-1
1897,2016|2018|2024|2022|2024|2017|2019|2019|2022|2024,z<-1
1898,2025|2022|2020|2024|2017|2022|2019|2017|2017|2016,z<-1
1899,2025|2018|2019|2020|2019|2022|2024|2018|2023|2016,z<-1
1900,2023|2016|2018|2022|2021|2017|2019|2018|2016|2020,z<-1
1901,2022|2017|2021|2019|2019|2025|2019|2018|2020|2025,z<-1
1902,2025|2024|2025|2024|2024|2016|2019|2019|2023|2017,z<-1
1903,2024|2018|2023|2020|2023|2016|2017|2018|2018|2024,z<-1
1904,2020|2019|2024|2022|2025|2025|2016|2016|2023|2023,z<-1
1905,2017|2020|2017|2024|2020|2021|2023|2020|2017|2021,z<-1
1906,2021|2025|2018|2023|2018|2023|2021|2018|2019|2021,z<-1
1907,2017|2021|2023|2018|2016|2020|2024|2018|2022|2022,z<-1
1908,2017|2021|2019|2022|2022|2025|2018|2019|2019|2018,z<-1
1909,2017|2021|2020|2023|2024|2018|2017|2021|2024|2020,z<-1
1910,2019|2018|2023|2020|2024|2025|2024|2016|2018|2023,z<-1
1911,2018|2016|2016|2024|2016|2025|2023|2025|2019|2018,z<-1
1912,2019|2025|2017|2023|2016|2019|2025|2016|2022|2016,z<-1
1913,2018|2017|2018|2016|2017|2017|2018|2018|2016|2022,z<-1
1914,2021|2019|2024|2023|2016|2019|2017|2022|2016|2023,z<-1
1915,2019|2025|2019|2016|2019|2020|2023|2017|2016|2024,z<-1
1916,2025|2018|2018|2021|2024|2024|2020|2019|2016|2024,z<-1
1917,2019|2025|2021|2017|2018|2023|2021|2023|2017|2025,z<-1
1918,2022|2023|2020|2020|2021|2024|2020|2025|2016|2025,z<-1
1919,2020|2016|2022|2025|2024|2016|2017|2021|2017|2025,z<-1
1920,2020|2019|2021|2020|2020|2016|2020|2025|2023|2021,z<-1
1921,2023|2022|2022|2023|2019|2019|2020|2023|2024|2016,z<-1
1922,2017|2024|2024|2020|2017|2018|2019|2025|2022|2017,z<-1
1923,2019|2024|2016|2020|2021|2025|2021|2016|2021|2025,z<-1
1924,2020|2022|2024|2022|2018|2022|2022|2018|2020|2022,z<-1
1925,2023|2018|2019|2020|2018|2025|2021|2017|2018|2020,z<-1
1926,2021|2016|2020|2018|2023|2024|2019|2024|2023|2019,z<-1
1927,2022|2017|2024|2017|2019|2020|2019|2024|2024|2018,z<-1
1928,2020|2017|2018|2019|2025|2023|2022|2022|2023|2025,z<-1
1929,2024|2018|2017|2017|2018|2020|2021|2016|2022|2017,z<-1
1930,2016|2017|2020|2020|2022|2025|2018|2021|2018|2016,z<-1
1931,2017|2024|2024|2018|2017|2022|2024|2016|2024|2017,z<-1
1932,2024|2021|2019|2024|2023|2020|2019|2018|2021|2024,z<-1
1933,2019|2025|2017|2022|2023|2019|2025|2018|2019|2020,z<-1
1934,2018|2021|2018|2016|2017|2024|2024|2020|2019|2016,z<-1
1935,2018|2022|2023|2017|2022|2022|2024|2023|2016|2020,z<-1
1936,2021|2021|2020|2019|2016|2021|2023|2019|2020|2020,z<-1
1937,2025|2020|2019|2022|2023|2022|2016|2018|2017|2021,z<-1
1938,2017|2020|2016|2025|2021|2021|2020|2023|2019|2019,z<-1
1939,2023|2025|2022|2019|2018|2017|2017|2023|2018|2017,z<-1
1940,2025|2023|2023|2024|2025|2017|2019|2020|2018|2025,z<-1
1941,2018|2017|2023|2020|2019|2016|2025|2021|2022|2024,z<-1
1942,2018|2018|2025|2025|2017|2022|2021|2023|2018|2016,z<-1
1943,2020|2022|2022|2019|2022|2017|2023|2024|2022|2023,z<-1
1944,2024|2017|2020|2022|2017|2022|2019|2018|2016|2021,z<-1
1945,2024|2024|2018|2016|2024|2024|2021|2025|2016|2018,z<-1
1946,2020|2019|2020|2025|2025|2019|2019|2023|2025|2018,z<-1
1947,2016|2020|2025|2020|2025|2023|2016|2020|2020|2022,z<-1
1948,2020|2021|2018|2024|2018|2020|2024|2023|2021|2022,z<-1
1949,2021|2017|2022|2023|2019|2018|2025|2022|2024|2025,z<-1
1950,2017|2022|2020|2019|2017|2018|2017|2018|2021|2024,z<-1
1951,2025|2019|2016|2025|2023|2018|2023|2016|2021|2016,z<-1
1952,2025|2021|2019|2018|2022|2019|2022|2018|2016|2018,z<-1
1953,2019|2020|2016|2017|2018|2019|2021|2024|2025|2018,z<-1
1954,2019|2018|2020|2018|2017|2025|2025|2019|2024|2016,z<-1
1955,2024|2024|2025|2025|2020|2018|2018|2021|2021|2020,z<-1
1956,2023|2016|2017|2017|2019|2020|2016|2023|2022|2019,z<-1
1957,2019|2021|2022|2019|2023|2020|2021|2022|2022|2021,z<-1
1958,2021|2018|2024|2022|2025|2023|2022|2023|2025|2016,z<-1
1959,2024|2017|2018|2020|2023|2024|2024|2018|2018|2023,z<-1
1960,2022|2019|2021|2025|2022|2018|2018|2016|2024|2023,z<-1
1961,2024|2025|2025|2022|2020|2021|2024|2016|2017|2020,z<-1
1962,2025|2023|2019|2018|2018|2018|2017|2023|2023|2017,z<-1
1963,2020|2016|2017|2024|2024|2022|2018|2017|2018|2019,z<-1
1964,2017|2019|2022|2020|2018|2021|2019|2020|2021|2022,z<-1
1965,2016|2020|2017|2021|2017|2024|2019|2020|2019|2023,z<-1
1966,2022|2025|2022|2019|2018|2025|2023|2024|2022|2021,z<-1
1967,2017|2022|2024|2018|2019|2020|2025|2025|2020|2019,z<-1
1968,2020|2020|2024|2024|2018|2020|2016|2021|2016|2020,z<-1
1969,2016|2021|2018|2022|2022|2022|2021|2016|2023|2017,z<-1
1970,2019|2019|2022|2017|2018|2019|2017|2025|2025|2019,z<-1
1971,2016|2024|2016|2016|2019|2020|2025|2020|2025|2025,z<-1
1972,2016|2019|2018|2020|2024|2016|2020|2024|2022|2024,z<-1
1973,2016|2022|2023|2022|2022|2021|2025|2020|2023|2023,z<-1
1974,2019|2019|2016|2016|2021|2016|2024|2024|2021|2018,z<-1
1975,2022|2020|2023|2019|2019|2017|2022|2024|2021|2018,z<-1
1976,2022|2016|2025|2025|2021|2021|2016|2023|2024|2020,z<-1
1977,2019|2020|2024|2021|2022|2017|2020|2018|2024|2019,z<-1
1978,2024|2023|2022|2024|2016|2018|2023|2021|2025|2021,z<-1
1979,2022|2016|2023|2022|2016|2025|2019|2016|2019|2023,z<-1
1980,2019|2025|2016|2025|2017|2022|2022|2024|2020|2024,z<-1
1981,2024|2020|2016|2018|2019|2018|2017|2022|2016|2023,z<-1
1982,2020|2017|2020|2021|2023|2024|2023|2018|2017|2016,z<-1
1983,2020|2016|2017|2020|2023|2024|2018|2024|2024|2017,z<-1
1984,2016|2016|2025|2023|2017|2018|2019|2023|2019|2021,z<-1
1985,2025|2020|2021|2022|2017|2025|2016|2020|2021|2016,z<-1
1986,2019|2024|2025|2023|2021|2019|2016|2021|2025|2025,z<-1
1987,2019|2024|2024|2023|2025|2017|2017|2021|2017|2017,z<-1
1988,2019|2020|2021|2023|2021|2025|2016|2016|2023|2020,z<-1
1989,2017|2020|2020|2017|2025|2025|2023|2023|2022|2023,z<-1
1990,2017|2023|2022|2021|2016|2024|2016|2019|2025|2024,z<-1
1991,2017|2025|2020|2025|2020|2020|2021|2018|2020|2021,z<-1
1992,2025|2022|2020|2023|2017|2022|2022|2018|2016|2021,z<-1
1993,2025|2025|2022|2016|2018|2023|2019|2025|2023|2019,z<-1
1994,2020|2018|2022|2022|2021|2025|2019|2022|2020|2020,z<-1
1995,2025|2022|2018|2025|2022|2016|2021|2023|2020|2016,z<-1
1996,2023|2016|2024|2024|2017|2024|2022|2019|2017|2019,z<-1
1997,2024|2023|2025|2023|2023|2017|2017|2017|2025|2024,z<-1
1998,2017|2020|2023|2021|2022|2019|2016|2017|2019|2018,z<-1
1999,2022|2023|2023|2022|2017|2019|2024|2016|2023|2021,z<-1
0,2024|2024|2017|2025|2021|2021|2018|2021|2023,z<-1.5
1,2021|2020|2018|2025|2021|2023|2019|2024|2019,z<-1.5
2,2017|2017|2022|2020|2023|2020|2024|2024|2019,z<-1.5
3,2021|2018|2024|2017|2018|2018|2021|2018|2022,z<-1.5
4,2017|2020|2025|2023|2024|2025|2020|2025|2017,z<-1.5
5,2019|2022|2023|2024|2025|2022|2018|2023|2024,z<-1.5
6,2019|2021|2019|2024|2021|2023|2023|2017|2019,z<-1.5
7,2020|2017|2025|2025|2019|2018|2021|2025|2017,z<-1.5
8,2022|2023|2021|2020|2024|2021|2020|2025|2025,z<-1.5
9,2019|2025|2020|2025|2024|2020|2022|2025|2017,z<-1.5
10,2020|2022|2022|2020|2018|2025|2022|2017|2020,z<-1.5
11,2024|2023|2022|2020|2022|2021|2019|2020|2022,z<-1.5
12,2018|2018|2024|2023|2024|2019|2021|2020|2023,z<-1.5
13,2022|2021|2022|2025|2023|2020|2017|2018|2024,z<-1.5
14,2021|2019|2025|2025|2019|2022|2017|2021|2025,z<-1.5
15,2020|2023|2019|2020|2018|2017|2023|2024|2021,z<-1.5
16,2024|2023|2020|2023|2023|2020|2025|2019|2024,z<-1.5
17,2020|2024|2017|2018|2021|2018|2024|2022|2022,z<-1.5
18,2017|2023|2018|2017|2022|2019|2021|2020|2023,z<-1.5
19,2024|2017|2020|2024|2019|2021|2020|2025|2019,z<-1.5
20,2025|2017|2019|2019|2018|2025|2023|2021|2018,z<-1.5
21,2022|2019|2022|2025|2024|2021|2021|2019|2019,z<-1.5
22,2018|2017|2021|2018|2025|2017|2020|2019|2024,z<-1.5
23,2020|2023|2025|2019|2021|2025|2025|2021|2024,z<-1.5
24,2020|2023|2019|2020|2017|2020|2017|2017|2022,z<-1.5
25,2025|2020|2022|2024|2018|2022|2018|2025|2017,z<-1.5
26,2024|2022|2025|2017|2025|2017|2022|2020|2024,z<-1.5
27,2017|2024|2020|2020|2021|2025|2018|2024|2025,z<-1.5
28,2018|2023|2023|2020|2017|2024|2018|2019|2018,z<-1.5
29,2020|2017|2018|2017|2020|2017|2020|2020|2018,z<-1.5
30,2025|2023|2022|2017|2023|2020|2025|2021|2021,z<-1.5
31,2019|2019|2024|2021|2017|2020|2025|2019|2024,z<-1.5
32,2024|2020|2022|2022|2022|2019|2023|2022|2021,z<-1.5
33,2022|2021|2017|2025|2017|2020|2020|2019|2019,z<-1.5
34,2022|2020|2022|2017|2023|2017|2020|2019|2024,z<-1.5
35,2023|2020|2024|2021|2019|2017|2020|2019|2025,z<-1.5
36,2024|2020|2022|2018|2023|2021|2025|2017|2019,z<-1.5
37,2023|2023|2024|2022|2022|2020|2025|2022|2022,z<-1.5
38,2020|2025|2025|2020|2023|2021|2024|2024|2025,z<-1.5
39,2021|2024|2019|2022|2025|2018|2019|2022|2020,z<-1.5
40,2022|2019|2019|2017|2020|2025|2017|2017|2020,z<-1.5
41,2022|2020|2018|2023|2019|2019|2025|2019|2017,z<-1.5
42,2020|2017|2021|2022|2021|2021|2022|2018|2017,z<-1.5
43,2018|2020|2019|2020|2023|2022|2023|2025|2022,z<-1.5
44,2024|2017|2018|2025|2017|2023|2025|2017|2020,z<-1.5
45,2017|2021|2025|2017|2017|2025|2017|2019|2017,z<-1.5
46,2025|2019|2022|2021|2017|2020|2023|2019|2020,z<-1.5
47,2022|2017|2025|2023|2020|2020|2017|2025|2022,z<-1.5
48,2020|2025|2025|2019|2017|2024|2019|2022|2018,z<-1.5
49,2018|2024|2019|2023|2024|2020|2017|2017|2023,z<-1.5
50,2019|2022|2021|2025|2024|2021|2018|2021|2020,z<-1.5
51,2020|2024|2025|2024|2022|2017|2020|2021|2025,z<-1.5
52,2022|2020|2022|2025|2021|2021|2020|2022|2025,z<-1.5
53,2022|2019|2017|2023|2025|2019|2024|2019|2021,z<-1.5
54,2025|2025|2021|2020|2023|2019|2021|2017|2019,z<-1.5
55,2023|2017|2017|2025|2025|2021|2025|2020|2018,z<-1.5
56,2020|2021|2019|2020|2025|2021|2021|2023|2025,z<-1.5
57,2024|2020|2020|2018|2024|2025|2023|2017|2020,z<-1.5
58,2021|2025|2025|2017|2022|2017|2022|2025|2017,z<-1.5
59,2017|2023|2019|2017|2018|2023|2024|2020|2017,z<-1.5
60,2022|2021|2025|2019|2025|2018|2023|2020|2023,z<-1.5
61,2021|2017|2017|2022|2017|2020|2021|2019|2020,z<-1.5
62,2022|2020|2020|2020|2018|2022|2023|2019|2025,z<-1.5
63,2017|2018|2024|2023|2023|2021|2017|2018|2017,z<-1.5
64,2017|2020|2018|2019|2019|2020|2018|2020|2025,z<-1.5
65,2018|2019|2021|2021|2021|2018|2018|2021|2017,z<-1.5
66,2019|2022|2019|2022|2018|2025|2023|2021|2020,z<-1.5
67,2017|2017|2022|2023|2025|2017|2017|2025|2024,z<-1.5
68,2017|2017|2025|2018|2023|2024|2022|2018|2025,z<-1.5
69,2017|2023|2018|2020|2024|2025|2025|2017|2020,z<-1.5
70,2018|2022|2024|2025|2024|2023|2025|2017|2024,z<-1.5
71,2017|2022|2020|2022|2017|2019|2021|2023|2023,z<-1.5
72,2025|2018|2025|2022|2022|2025|2017|2024|2018,z<-1.5
73,2025|2019|2017|2025|2023|2022|2022|2019|2023,z<-1.5
74,2022|2019|2024|2017|2018|2021|2017|2024|2018,z<-1.5
75,2024|2022|2020|2018|2023|2025|2025|2021|2018,z<-1.5
76,2018|2023|2019|2023|2021|2025|2023|2019|2020,z<-1.5
77,2019|2018|2019|2025|2017|2019|2023|2019|2022,z<-1.5
78,2017|2025|2021|2024|2022|2025|2022|2025|2019,z<-1.5
79,2019|2022|2023|2020|2025|2023|2018|2022|2017,z<-1.5
80,2020|2018|2019|2018|2018|2021|2017|2019|2020,z<-1.5
81,2018|2025|2020|2021|2017|2019|2019|2021|2022,z<-1.5
82,2023|2017|2017|2019|2019|2022|2024|2020|2025,z<-1.5
83,2018|2019|2020|2022|2018|2019|2025|2017|2025,z<-1.5
84,2022|2017|2018|2018|2024|2024|2019|2021|2018,z<-1.5
85,2017|2021|2017|2019|2019|2020|2019|2022|2017,z<-1.5
86,2025|2025|2021|2017|2021|2024|2022|2025|2018,z<-1.5
87,2019|2023|2024|2023|2025|2025|2021|2018|2022,z<-1.5
88,2018|2025|2025|2022|2023|2017|2022|2017|2022,z<-1.5
89,2020|2022|2023|2018|2025|2023|2019|2021|2019,z<-1.5
90,2024|2019|2020|2022|2023|2018|2022|2020|2019,z<-1.5
91,2018|2019|2022|2017|2024|2017|2023|2021|2023,z<-1.5
92,2021|2023|2020|2019|2019|2021|2021|2019|2018,z<-1.5
93,2017|2023|2023|2018|2019|2022|2020|2022|2025,z<-1.5
94,2018|2022|2021|2021|2019|2022|2020|2017|2018,z<-1.5
95,2019|2025|2018|2024|2020|2017|2019|2017|2024,z<-1.5
96,2023|2020|2024|2024|2019|2020|2020|2017|2018,z<-1.5
97,2018|2024|2019|2018|2020|2018|2022|2022|2018,z<-1.5
98,2017|2024|2023|2018|2020|2022|2017|2018|2023,z<-1.5
99,2020|2019|2021|2023|2021|2025|2025|2021|2025,z<-1.5
100,2024|2020|2020|2024|2023|2020|2024|2020|2021,z<-1.5
101,2025|2019|2022|2021|2022|2019|2023|2025|2017,z<-1.5
102,2017|2022|2019|2024|2019|2022|2018|2017|2025,z<-1.5
103,2022|2020|2024|2023|2025|2021|2025|2019|2020,z<-1.5
104,2017|2022|2020|2018|2019|2024|2017|2023|2019,z<-1.5
105,2022|2020|2018|2025|2019|2020|2017|2025|2022,z<-1.5
106,2017|2023|2019|2022|2018|2020|2025|2018|2020,z<-1.5
107,2025|2018|2017|2023|2017|2025|2019|2019|2017,z<-1.5
108,2024|2024|2025|2018|2017|2019|2020|2020|2025,z<-1.5
109,2018|2022|2021|2023|2022|2022|2018|2021|2018,z<-1.5
110,2025|2024|2019|2018|2022|2019|2022|2020|2023,z<-1.5
111,2020|2021|2023|2024|2017|2024|2017|2025|2021,z<-1.5
112,2024|2019|2022|2019|2023|2025|2023|2017|2025,z<-1.5
113,2018|2018|2019|2023|2023|2020|2024|2020|2023,z<-1.5
114,2021|2019|2023|2020|2018|2019|2020|2017|2017,z<-1.5
115,2025|2023|2018|2025|2018|2018|2024|2022|2020,z<-1.5
116,2018|2018|2022|2019|2021|2022|2022|2022|2020,z<-1.5
117,2019|2021|2025|2021|2023|2025|2023|2017|2025,z<-1.5
118,2017|2017|2020|2024|2017|2023|2025|2025|2024,z<-1.5
119,2022|2021|2022|2018|2023|2020|2020|2025|2025,z<-1.5
120,2022|2024|2020|2020|2024|2018|2017|2021|2018,z<-1.5
121,2020|2018|2021|2025|2019|2018|2018|2025|2019,z<-1.5
122,2024|2022|2020|2018|2024|2023|2023|2017|2025,z<-1.5
123,2017|2017|2020|2019|2022|2025|2018|2020|2025,z<-1.5
124,2017|2023|2020|2025|2018|2025|2024|2022|2022,z<-1.5
125,2017|2024|2018|2023|2019|2025|2021|2025|2023,z<-1.5
126,2022|2019|2022|2020|2023|2025|2017|2021|2024,z<-1.5
127,2020|2017|2020|2023|2022|2021|2022|2019|2019,z<-1.5
128,2020|2024|2021|2025|2024|2020|2020|2019|2020,z<-1.5
129,2021|2023|2018|2023|2017|2025|2019|2018|2022,z<-1.5
130,2019|2025|2017|2021|2018|2024|2019|2020|2021,z<-1.5
131,2021|2020|2021|2018|2017|2020|2025|2024|2018,z<-1.5
132,2020|2024|2021|2019|2017|2020|2020|2017|2024,z<-1.5
133,2019|2025|2022|2018|2022|2023|2025|2024|2025,z<-1.5
134,2024|2020|2018|2017|2024|2022|2018|2019|2019,z<-1.5
135,2025|2017|2017|2017|2017|2018|2017|2018|2022,z<-1.5
136,2025|2019|2019|2018|2021|2024|2019|2025|2018,z<-1.5
137,2022|2017|2023|2020|2023|2023|2025|2025|2025,z<-1.5
138,2021|2017|2017|2019|2017|2024|2018|2023|2020,z<-1.5
139,2024|2019|2017|2025|2023|2018|2021|2021|2018,z<-1.5
140,2019|2023|2017|2021|2018|2020|2018|2021|2020,z<-1.5
141,2024|2024|2019|2022|2025|2017|2025|2018|2022,z<-1.5
142,2022|2019|2022|2023|2023|2022|2019|2022|2021,z<-1.5
143,2020|2020|2017|2022|2022|2025|2019|2019|2024,z<-1.5
144,2017|2019|2023|2018|2023|2022|2017|2020|2019,z<-1.5
145,2022|2021|2025|2022|2018|2019|2022|2017|2017,z<-1.5
146,2022|2023|2022|2023|2017|2022|2021|2018|2018,z<-1.5
147,2018|2021|2024|2023|2019|2020|2019|2020|2020,z<-1.5
148,2024|2020|2020|2020|2017|2019|2021|2018|2025,z<-1.5
149,2020|2018|2024|2025|2019|2024|2018|2021|2019,z<-1.5
150,2020|2020|2017|2022|2019|2021|2021|2020|2024,z<-1.5
151,2017|2020|2024|2023|2025|2017|2017|2018|2023,z<-1.5
152,2021|2025|2024|2022|2020|2019|2019|2019|2024,z<-1.5
153,2017|2025|2022|2025|2020|2022|2018|2019|2023,z<-1.5
154,2021|2020|2020|2017|2021|2019|2017|2021|2019,z<-1.5
155,2018|2023|2020|2020|2021|2023|2022|2017|2023,z<-1.5
156,2024|2018|2018|2022|2023|2021|2019|2025|2024,z<-1.5
157,2017|2019|2018|2017|2021|2020|2017|2024|2023,z<-1.5
158,2023|2023|2021|2025|2019|2020|2024|2022|2018,z<-1.5
159,2019|2020|2019|2018|2020|2021|2018|2025|2024,z<-1.5
160,2017|2024|2024|2021|2021|2018|2017|2021|2023,z<-1.5
161,2020|2022|2020|2023|2019|2021|2022|2025|2018,z<-1.5
162,2025|2017|2022|2018|2021|2025|2021|2021|2024,z<-1.5
163,2025|2025|2022|2022|2025|2023|2018|2024|2025,z<-1.5
164,2019|2025|2022|2024|2024|2019|2022|2018|2021,z<-1.5
165,2021|2021|2023|2018|2020|2024|2018|2023|2025,z<-1.5
166,2017|2020|2020|2021|2020|2019|2017|2020|2024,z<-1.5
167,2021|2020|2018|2022|2021|2019|2021|2025|2020,z<-1.5
168,2024|2021|2023|2024|2019|2025|2018|2020|2018,z<-1.5
169,2024|2023|2023|2025|2022|2025|2024|2024|2023,z<-1.5
170,2017|2025|2023|2025|2019|2022|2023|2025|2025,z<-1.5
171,2022|2018|2023|2018|2023|2023|2023|2019|2020,z<-1.5
172,2021|2023|2019|2021|2017|2022|2019|2017|2019,z<-1.5
173,2025|2020|2018|2022|2021|2024|2020|2024|2021,z<-1.5
174,2017|2017|2017|2023|2024|2023|2022|2024|2020,z<-1.5
175,2023|2017|2020|2024|2021|2017|2018|2022|2020,z<-1.5
176,2021|2018|2022|2022|2018|2020|2019|2025|2023,z<-1.5
177,2025|2022|2020|2019|2024|2021|2018|2023|2018,z<-1.5
178,2018|2019|2018|2022|2019|2020|2019|2020|2024,z<-1.5
179,2017|2025|2022|2019|2023|2022|2020|2022|2025,z<-1.5
180,2022|2025|2019|2021|2022|2017|2025|2018|2021,z<-1.5
181,2023|2017|2024|2021|2022|2019|2020|2018|2021,z<-1.5
182,2019|2023|2022|2019|2020|2017|2019|2019|2021,z<-1.5
183,2022|2019|2020|2020|2021|2023|2018|2022|2023,z<-1.5
184,2024|2020|2017|2023|2024|2025|2019|2018|2025,z<-1.5
185,2024|2022|2019|2019|2018|2020|2024|2017|2021,z<-1.5
186,2017|2020|2018|2019|2022|2018|2024|2019|2019,z<-1.5
187,2017|2020|2021|2018|2021|2025|2022|2023|2023,z<-1.5
188,2020|2021|2025|2021|2022|2019|2017|2023|2024,z<-1.5
189,2025|2024|2023|2019|2018|2017|2018|2017|2025,z<-1.5
190,2021|2025|2017|2021|2019|2020|2023|2021|2023,z<-1.5
191,2021|2021|2020|2017|2019|2021|2021|2024|2025,z<-1.5
192,2022|2018|2024|2024|2020|2020|2023|2025|2024,z<-1.5
193,2019|2018|2017|2020|2023|2025|2025|2019|2021,z<-1.5
194,2023|2022|2019|2020|2021|2018|2020|2023|2018,z<-1.5
195,2017|2022|2021|2021|2020|2020|2020|2024|2017,z<-1.5
196,2017|2024|2021|2017|2021|2018|2022|2018|2017,z<-1.5
197,2024|2022|2017|2022|2017|2021|2019|2017|2024,z<-1.5
198,2020|2018|2018|2023|2022|2025|2019|2024|2017,z<-1.5
199,2021|2019|2018|2022|2021|2020|2021|2019|2020,z<-1.5
200,2018|2022|2017|2018|2019|2025|2023|2025|2018,z<-1.5
201,2020|2017|2018|2023|2020|2021|2021|2017|2020,z<-1.5
202,2021|2024|2020|2022|2018|2018|2019|2020|2024,z<-1.5
203,2023|2025|2017|2023|2019|2019|2022|2024|2024,z<-1.5
204,2018|2020|2022|2022|2024|2020|2017|2022|2018,z<-1.5
205,2023|2021|2019|2023|2020|2019|2025|2018|2021,z<-1.5
206,2023|2021|2022|2023|2021|2025|2019|2020|2023,z<-1.5
207,2019|2024|2021|2024|2022|2025|2020|2019|2018,z<-1.5
208,2019|2022|2019|2025|2019|2023|2019|2024|2022,z<-1.5
209,2024|2021|2017|2017|2018|2022|2020|2025|2025,z<-1.5
210,2018|2025|2024|2021|2018|2024|2017|2018|2022,z<-1.5
211,2025|2017|2024|2017|2020|2023|2017|2024|2022,z<-1.5
212,2018|2022|2020|2021|2022|2019|2024|2017|2021,z<-1.5
213,2018|2018|2020|2020|2021|2017|2024|2020|2019,z<-1.5
214,2020|2017|2020|2024|2020|2025|2022|2022|2020,z<-1.5
215,2022|2019|2023|2018|2022|2017|2019|2021|2021,z<-1.5
216,2019|2021|2025|2025|2022|2024|2017|2020|2020,z<-1.5
217,2023|2025|2025|2018|2019|2024|2020|2022|2024,z<-1.5
218,2020|2018|2022|2022|2019|2017|2020|2025|2019,z<-1.5
219,2020|2019|2019|2024|2024|2025|2025|2019|2022,z<-1.5
220,2018|2020|2024|2024|2020|2023|2017|2020|2022,z<-1.5
221,2017|2020|2020|2023|2023|2020|2021|2018|2017,z<-1.5
222,2022|2018|2024|2020|2021|2019|2022|2020|2022,z<-1.5
223,2018|2020|2023|2025|2018|2020|2017|2020|2017,z<-1.5
224,2020|2025|2025|2023|2019|2025|2018|2017|2023,z<-1.5
225,2025|2022|2020|2024|2025|2017|2017|2024|2022,z<-1.5
226,2019|2018|2021|2021|2018|2023|2018|2021|2024,z<-1.5
227,2023|2018|2022|2024|2022|2020|2020|2020|2020,z<-1.5
228,2018|2021|2025|2021|2025|2018|2019|2018|2021,z<-1.5
229,2017|2018|2020|2023|2021|2025|2023|2020|2025,z<-1.5
230,2020|2025|2025|2017|2025|2020|2022|2025|2017,z<-1.5
231,2025|2018|2021|2024|2018|2017|2025|2018|2024,z<-1.5
232,2024|2025|2025|2018|2025|2022|2019|2024|2025,z<-1.5
233,2018|2019|2021|2017|2017|2023|2021|2025|2018,z<-1.5
234,2025|2024|2020|2017|2025|2024|2023|2019|2023,z<-1.5
235,2022|2020|2023|2021|2023|2024|2021|2018|2024,z<-1.5
236,2025|2018|2025|2025|2024|2025|2024|2024|2021,z<-1.5
237,2025|2018|2018|2025|2023|2020|2019|2021|2019,z<-1.5
238,2024|2020|2025|2018|2017|2017|2022|2019|2023,z<-1.5
239,2017|2020|2025|2020|2020|2024|2020|2022|2024,z<-1.5
240,2020|2019|2017|2021|2020|2020|2019|2022|2025,z<-1.5
241,2025|2023|2022|2024|2024|2022|2020|2018|2020,z<-1.5
242,2017|2023|2018|2018|2021|2020|2023|2017|2019,z<-1.5
243,2018|2022|2024|2020|2018|2019|2025|2020|2024,z<-1.5
244,2024|2019|2023|2021|2022|2021|2024|2018|2024,z<-1.5
245,2021|2018|2018|2023|2021|2023|2018|2024|2024,z<-1.5
246,2019|2017|2017|2024|2021|2018|2022|2018|2023,z<-1.5
247,2020|2024|2018|2020|2023|2025|2023|2017|2017,z<-1.5
248,2019|2020|2018|2025|2025|2019|2019|2018|2019,z<-1.5
249,2019|2025|2021|2020|2018|2019|2020|2023|2021,z<-1.5
250,2021|2020|2019|2022|2024|2021|2025|2018|2025,z<-1.5
251,2018|2023|2022|2025|2024|2022|2020|2019|2018,z<-1.5
252,2017|2025|2020|2020|2017|2018|2023|2021|2023,z<-1.5
253,2020|2017|2022|2023|2021|2024|2020|2023|2023,z<-1.5
254,2022|2017|2025|2021|2023|2025|2020|2023|2024,z<-1.5
255,2019|2019|2024|2019|2019|2025|2023|2021|2022,z<-1.5
256,2017|2025|2022|2021|2020|2019|2020|2024|2019,z<-1.5
257,2017|2023|2019|2022|2025|2020|2019|2023|2023,z<-1.5
258,2018|2025|2024|2022|2025|2021|2022|2024|2019,z<-1.5
259,2019|2019|2020|2024|2025|2019|2022|2018|2018,z<-1.5
260,2020|2025|2019|2022|2024|2017|2020|2022|2023,z<-1.5
261,2017|2021|2018|2023|2019|2018|2020|2019|2019,z<-1.5
262,2024|2025|2020|2023|2019|2018|2022|2017|2017,z<-1.5
263,2022|2018|2024|2021|2020|2023|2024|2022|2022,z<-1.5
264,2021|2021|2019|2021|2018|2023|2024|2023|2018,z<-1.5
265,2024|2021|2020|2024|2021|2024|2020|2021|2021,z<-1.5
266,2020|2019|2025|2023|2018|2019|2021|2025|2024,z<-1.5
267,2021|2018|2025|2024|2025|2025|2022|2019|2023,z<-1.5
268,2025|2017|2017|2017|2022|2018|2018|2025|2024,z<-1.5
269,2021|2021|2020|2019|2019|2025|2023|2018|2019,z<-1.5
270,2019|2023|2020|2020|2022|2018|2017|2022|2019,z<-1.5
271,2019|2019|2021|2020|2018|2023|2020|2025|2023,z<-1.5
272,2025|2021|2023|2024|2021|2017|2025|2022|2019,z<-1.5
273,2022|2020|2022|2019|2018|2023|2018|2021|2018,z<-1.5
274,2023|2023|2018|2018|2021|2019|2025|2018|2023,z<-1.5
275,2023|2019|2019|2020|2024|2025|2024|2018|2024,z<-1.5
276,2022|2023|2023|2025|2021|2023|2017|2022|2020,z<-1.5
277,2023|2025|2020|2017|2025|2022|2021|2025|2017,z<-1.5
278,2024|2019|2018|2017|2017|2020|2020|2020|2021,z<-1.5
279,2024|2020|2019|2025|2024|2018|2024|2018|2021,z<-1.5
280,2018|2017|2023|2025|2024|2023|2021|2023|2023,z<-1.5
281,2022|2022|2024|2025|2022|2019|2023|2022|2021,z<-1.5
282,2017|2022|2017|2020|2023|2017|2020|2023|2017,z<-1.5
283,2022|2018|2019|2024|2017|2017|2017|2023|2024,z<-1.5
284,2020|2020|2023|2022|2021|2023|2018|2025|2019,z<-1.5
285,2024|2017|2018|2025|2025|2017|2023|2021|2025,z<-1.5
286,2021|2025|2020|2017|2018|2022|2025|2021|2017,z<-1.5
287,2020|2024|2021|2025|2022|2025|2024|2019|2019,z<-1.5
288,2018|2020|2023|2020|2018|2018|2024|2023|2021,z<-1.5
289,2025|2017|2020|2020|2021|2025|2020|2025|2020,z<-1.5
290,2025|2019|2020|2019|2024|2024|2024|2024|2020,z<-1.5
291,2021|2017|2018|2019|2022|2025|2025|2023|2021,z<-1.5
292,2023|2017|2017|2024|2020|2024|2018|2021|2019,z<-1.5
293,2017|2021|2025|2024|2020|2025|2025|2020|2025,z<-1.5
294,2023|2019|2019|2022|2018|2025|2020|2020|2019,z<-1.5
295,2020|2022|2020|2022|2018|2020|2018|2023|2019,z<-1.5
296,2020|2021|2025|2022|2022|2022|2018|2021|2025,z<-1.5
297,2025|2018|2017|2018|2017|2017|2022|2017|2025,z<-1.5
298,2017|2018|2018|2020|2019|2025|2019|2019|2025,z<-1.5
299,2025|2018|2022|2022|2017|2021|2024|2023|2025,z<-1.5
300,2019|2018|2020|2019|2020|2025|2025|2025|2020,z<-1.5
301,2024|2017|2024|2021|2020|2025|2021|2025|2023,z<-1.5
302,2024|2022|2020|2024|2019|2023|2017|2018|2024,z<-1.5
303,2021|2025|2021|2025|2017|2021|2022|2025|2021,z<-1.5
304,2019|2019|2023|2018|2020|2021|2023|2018|2023,z<-1.5
305,2021|2024|2017|2019|2019|2024|2021|2021|2023,z<-1.5
306,2019|2023|2017|2024|2021|2024|2021|2022|2020,z<-1.5
307,2023|2023|2022|2024|2022|2019|2023|2018|2025,z<-1.5
308,2019|2021|2025|2022|2018|2024|2017|2018|2021,z<-1.5
309,2022|2022|2023|2019|2024|2024|2023|2022|2021,z<-1.5
310,2020|2019|2017|2024|2021|2020|2019|2024|2021,z<-1.5
311,2020|2018|2020|2025|2018|2022|2023|2018|2022,z<-1.5
312,2024|2018|2022|2018|2022|2023|2020|2025|2019,z<-1.5
313,2021|2024|2025|2023|2025|2021|2024|2024|2019,z<-1.5
314,2024|2017|2023|2024|2019|2022|2018|2022|2018,z<-1.5
315,2019|2020|2018|2018|2021|2021|2018|2025|2022,z<-1.5
316,2017|2019|2020|2021|2018|2022|2021|2023|2024,z<-1.5
317,2022|2019|2022|2021|2024|2021|2017|2020|2024,z<-1.5
318,2022|2025|2023|2022|2018|2022|2025|2017|2022,z<-1.5
319,2024|2025|2019|2019|2022|2022|2023|2025|2022,z<-1.5
320,2024|2020|2023|2017|2018|2024|2021|2021|2020,z<-1.5
321,2021|2025|2017|2022|2017|2019|2019|2018|2023,z<-1.5
322,2018|2020|2021|2024|2020|2018|2023|2024|2018,z<-1.5
323,2023|2023|2020|2024|2022|2019|2019|2025|2018,z<-1.5
324,2023|2020|2017|2018|2018|2025|2021|2017|2019,z<-1.5
325,2024|2022|2024|2017|2025|2017|2020|2023|2020,z<-1.5
326,2018|2018|2025|2023|2025|2021|2018|2023|2023,z<-1.5
327,2017|2025|2022|2023|2022|2020|2021|2019|2024,z<-1.5
328,2020|2022|2021|2022|2022|2021|2024|2022|2024,z<-1.5
329,2022|2022|2022|2019|2021|2024|2021|2025|2020,z<-1.5
330,2018|2021|2022|2019|2022|2020|2024|2025|2018,z<-1.5
331,2018|2019|2021|2022|2018|2020|2021|2020|2018,z<-1.5
332,2018|2018|2025|2024|2017|2023|2024|2025|2019,z<-1.5
333,2017|2025|2021|2018|2025|2018|2020|2022|2018,z<-1.5
334,2024|2023|2025|2022|2020|2023|2021|2017|2021,z<-1.5
335,2022|2025|2023|2025|2024|2020|2018|2022|2024,z<-1.5
336,2021|2019|2025|2019|2023|2018|2022|2021|2021,z<-1.5
337,2025|2020|2017|2024|2020|2025|2018|2023|2023,z<-1.5
338,2022|2021|2022|2020|2022|2021|2019|2018|2018,z<-1.5
339,2019|2021|2020|2018|2021|2024|2019|2018|2019,z<-1.5
340,2020|2020|2024|2025|2025|2017|2023|2019|2021,z<-1.5
341,2017|2024|2020|2023|2019|2020|2021|2018|2020,z<-1.5
342,2020|2024|2020|2019|2022|2023|2023|2022|2020,z<-1.5
343,2017|2018|2024|2021|2020|2024|2018|2019|2020,z<-1.5
344,2022|2025|2018|2021|2017|2024|2018|2017|2019,z<-1.5
345,2025|2019|2019|2017|2023|2023|2023|2018|2021,z<-1.5
346,2022|2024|2025|2025|2025|2019|2023|2023|2020,z<-1.5
347,2022|2020|2020|2022|2025|2023|2019|2018|2021,z<-1.5
348,2021|2020|2021|2024|2020|2021|2021|2022|2022,z<-1.5
349,2018|2017|2020|2018|2019|2023|2020|2021|2021,z<-1.5
350,2025|2018|2019|2023|2021|2018|2021|2020|2018,z<-1.5
351,2018|2020|2018|2020|2025|2022|2018|2021|2025,z<-1.5
352,2021|2019|2022|2017|2019|2025|2023|2021|2018,z<-1.5
353,2023|2019|2017|2020|2021|2024|2025|2025|2025,z<-1.5
354,2021|2021|2023|2023|2022|2025|2020|2021|2020,z<-1.5
355,2018|2019|2017|2018|2025|2021|2021|2021|2017,z<-1.5
356,2021|2018|2025|2022|2025|2024|2019|2017|2018,z<-1.5
357,2019|2025|2019|2021|2021|2024|2021|2019|2022,z<-1.5
358,2019|2023|2025|2019|2018|2024|2024|2020|2025,z<-1.5
359,2019|2018|2021|2019|2022|2024|2023|2021|2020,z<-1.5
360,2025|2022|2023|2020|2023|2020|2023|2020|2024,z<-1.5
361,2018|2019|2017|2025|2020|2024|2021|2021|2021,z<-1.5
362,2025|2017|2025|2023|2023|2017|2024|2017|2020,z<-1.5
363,2021|2019|2019|2022|2019|2017|2025|2020|2018,z<-1.5
364,2021|2019|2018|2023|2018|2023|2018|2018|2017,z<-1.5
365,2019|2025|2017|2021|2017|2018|2025|2022|2023,z<-1.5
366,2019|2019|2024|2017|2023|2022|2019|2024|2020,z<-1.5
367,2022|2024|2019|2023|2017|2021|2022|2025|2018,z<-1.5
368,2019|2019|2021|2024|2023|2021|2021|2022|2023,z<-1.5
369,2021|2024|2018|2025|2017|2024|2021|2021|2025,z<-1.5
370,2025|2023|2019|2021|2019|2023|2021|2025|2018,z<-1.5
371,2025|2023|2025|2024|2021|2022|2022|2021|2023,z<-1.5
372,2017|2022|2017|2024|2017|2018|2022|2020|2021,z<-1.5
373,2021|2021|2022|2023|2017|2018|2023|2020|2025,z<-1.5
374,2025|2019|2023|2017|2024|2023|2021|2025|2021,z<-1.5
375,2024|2018|2023|2022|2020|2018|2020|2023|2024,z<-1.5
376,2023|2020|2025|2019|2017|2022|2021|2023|2017,z<-1.5
377,2017|2025|2023|2019|2020|2024|2024|2025|2024,z<-1.5
378,2022|2023|2021|2019|2017|2020|2020|2022|2018,z<-1.5
379,2024|2024|2017|2022|2019|2019|2018|2019|2025,z<-1.5
380,2023|2021|2022|2024|2021|2023|2022|2024|2019,z<-1.5
381,2020|2019|2017|2018|2024|2019|2017|2017|2020,z<-1.5
382,2024|2019|2023|2024|2024|2023|2025|2023|2025,z<-1.5
383,2019|2021|2020|2018|2019|2020|2025|2021|2024,z<-1.5
384,2023|2021|2020|2025|2024|2024|2017|2023|2021,z<-1.5
385,2018|2023|2025|2023|2025|2017|2019|2017|2024,z<-1.5
386,2018|2025|2022|2023|2022|2021|2025|2017|2019,z<-1.5
387,2019|2025|2021|2025|2017|2018|2021|2018|2020,z<-1.5
388,2018|2024|2018|2017|2021|2017|2018|2023|2023,z<-1.5
389,2025|2023|2024|2017|2022|2023|2023|2025|2025,z<-1.5
390,2019|2025|2019|2025|2020|2025|2022|2018|2024,z<-1.5
391,2024|2018|2021|2023|2023|2025|2025|2017|2020,z<-1.5
392,2017|2022|2019|2018|2019|2017|2024|2018|2020,z<-1.5
393,2025|2025|2020|2020|2019|2018|2019|2025|2022,z<-1.5
394,2025|2019|2022|2024|2023|2020|2017|2024|2021,z<-1.5
395,2017|2017|2018|2024|2025|2021|2025|2025|2025,z<-1.5
396,2017|2022|2021|2019|2018|2019|2025|2024|2017,z<-1.5
397,2019|2025|2024|2018|2021|2018|2020|2019|2025,z<-1.5
398,2019|2023|2024|2017|2017|2020|2019|2021|2017,z<-1.5
399,2020|2023|2024|2021|2017|2021|2018|2017|2024,z<-1.5
400,2025|2019|2017|2020|2025|2021|2022|2022|2023,z<-1.5
401,2024|2023|2021|2019|2017|2019|2022|2018|2025,z<-1.5
402,2018|2019|2017|2025|2021|2023|2025|2019|2023,z<-1.5
403,2025|2021|2022|2021|2022|2025|2017|2021|2020,z<-1.5
404,2018|2018|2017|2019|2024|2022|2017|2024|2023,z<-1.5
405,2024|2025|2020|2024|2017|2020|2022|2021|2025,z<-1.5
406,2021|2022|2022|2018|2022|2019|2019|2025|2021,z<-1.5
407,2025|2019|2020|2025|2017|2017|2022|2018|2023,z<-1.5
408,2025|2019|2022|2025|2024|2024|2017|2018|2018,z<-1.5
409,2020|2021|2022|2018|2024|2019|2020|2021|2023,z<-1.5
410,2018|2024|2017|2019|2023|2025|2021|2019|2017,z<-1.5
411,2018|2018|2021|2017|2020|2017|2024|2021|2021,z<-1.5
412,2020|2024|2024|2023|2018|2021|2018|2021|2019,z<-1.5
413,2023|2020|2019|2023|2024|2019|2020|2023|2018,z<-1.5
414,2024|2019|2020|2021|2018|2019|2018|2025|2023,z<-1.5
415,2023|2021|2023|2025|2023|2019|2024|2017|2018,z<-1.5
416,2023|2022|2021|2022|2023|2017|2018|2017|2023,z<-1.5
417,2023|2024|2024|2023|2022|2018|2018|2021|2021,z<-1.5
418,2021|2022|2017|2025|2018|2022|2018|2020|2024,z<-1.5
419,2024|2020|2018|2023|2018|2017|2023|2023|2024,z<-1.5
420,2018|2019|2021|2021|2022|2019|2025|2023|2025,z<-1.5
421,2021|2020|2017|2024|2025|2021|2019|2019|2022,z<-1.5
422,2023|2025|2023|2024|2025|2025|2017|2022|2024,z<-1.5
423,2020|2017|2019|2020|2019|2017|2018|2024|2023,z<-1.5
424,2025|2021|2021|2020|2021|2025|2023|2021|2023,z<-1.5
425,2024|2023|2025|2021|2024|2022|2018|2020|2021,z<-1.5
426,2025|2017|2025|2022|2020|2021|2021|2021|2025,z<-1.5
427,2023|2021|2025|2025|2020|2024|2025|2020|2023,z<-1.5
428,2025|2024|2018|2023|2018|2024|2024|2019|2025,z<-1.5
429,2019|2018|2024|2022|2019|2020|2019|2018|2024,z<-1.5
430,2019|2017|2018|2022|2025|2021|2022|2025|2023,z<-1.5
431,2022|2024|2024|2019|2024|2018|2019|2020|2022,z<-1.5
432,2024|2018|2019|2025|2023|2024|2022|2025|2019,z<-1.5
433,2021|2019|2021|2020|2021|2017|2017|2018|2023,z<-1.5
434,2018|2019|2020|2018|2024|2021|2018|2025|2019,z<-1.5
435,2021|2021|2019|2025|2021|2021|2025|2018|2023,z<-1.5
436,2024|2025|2022|2024|2022|2025|2019|2021|2024,z<-1.5
437,2022|2023|2025|2022|2020|2025|2025|2021|2025,z<-1.5
438,2020|2017|2023|2017|2024|2017|2022|2022|2020,z<-1.5
439,2021|2023|2024|2017|2017|2021|2017|2020|2018,z<-1.5
440,2019|2020|2023|2023|2017|2019|2022|2023|2025,z<-1.5
441,2018|2023|2017|2024|2024|2021|2024|2019|2022,z<-1.5
442,2021|2019|2022|2017|2018|2023|2025|2020|2019,z<-1.5
443,2018|2023|2023|2020|2023|2019|2022|2020|2024,z<-1.5
444,2018|2025|2022|2020|2024|2023|2018|2017|2025,z<-1.5
445,2020|2023|2017|2021|2024|2017|2018|2021|2021,z<-1.5
446,2022|2022|2020|2019|2024|2023|2024|2023|2018,z<-1.5
447,2023|2019|2019|2020|2024|2018|2018|2017|2021,z<-1.5
448,2019|2024|2025|2018|2021|2022|2018|2022|2017,z<-1.5
449,2017|2017|2022|2017|2019|2018|2018|2025|2021,z<-1.5
450,2022|2024|2023|2018|2024|2023|2022|2024|2017,z<-1.5
451,2025|2019|2017|2019|2023|2018|2020|2022|2018,z<-1.5
452,2023|2023|2020|2022|2023|2017|2017|2020|2021,z<-1.5
453,2025|2021|2018|2022|2025|2019|2020|2020|2018,z<-1.5
454,2022|2025|2025|2022|2021|2020|2018|2020|2017,z<-1.5
455,2022|2024|2024|2018|2023|2017|2022|2024|2018,z<-1.5
456,2018|2020|2020|2021|2019|2018|2021|2024|2025,z<-1.5
457,2024|2025|2023|2024|2022|2020|2025|2019|2021,z<-1.5
458,2017|2020|2019|2022|2017|2019|2024|2023|2024,z<-1.5
459,2025|2019|2023|2018|2022|2019|2023|2019|2021,z<-1.5
460,2022|2019|2019|2017|2018|2022|2023|2023|2017,z<-1.5
461,2024|2021|2025|2022|2025|2017|2023|2019|2025,z<-1.5
462,2019|2018|2021|2017|2017|2017|2019|2019|2017,z<-1.5
463,2019|2024|2022|2023|2020|2020|2018|2023|2023,z<-1.5
464,2018|2018|2024|2020|2018|2022|2022|2018|2017,z<-1.5
465,2024|2023|2022|2025|2017|2023|2022|2023|2024,z<-1.5
466,2017|2018|2021|2021|2021|2024|2018|2019|2021,z<-1.5
467,2022|2024|2020|2023|2019|2017|2021|2024|2019,z<-1.5
468,2019|2023|2022|2020|2020|2018|2019|2025|2021,z<-1.5
469,2020|2021|2022|2024|2021|2021|2021|2018|2023,z<-1.5
470,2018|2024|2017|2018|2025|2020|2018|2023|2025,z<-1.5
471,2019|2024|2025|2020|2019|2019|2024|2017|2018,z<-1.5
472,2018|2017|2021|2024|2021|2019|2018|2022|2025,z<-1.5
473,2018|2025|2020|2021|2017|2019|2018|2025|2017,z<-1.5
474,2025|2019|2022|2021|2017|2025|2024|2025|2023,z<-1.5
475,2024|2024|2020|2024|2017|2023|2023|2018|2024,z<-1.5
476,2023|2018|2018|2023|2020|2018|2017|2023|2020,z<-1.5
477,2017|2021|2021|2017|2019|2019|2024|2021|2024,z<-1.5
478,2023|2020|2022|2022|2024|2024|2020|2020|2019,z<-1.5
479,2018|2019|2019|2020|2019|2019|2024|2023|2025,z<-1.5
480,2021|2017|2020|2021|2020|2020|2019|2025|2024,z<-1.5
481,2018|2017|2022|2017|2023|2018|2017|2022|2021,z<-1.5
482,2024|2022|2025|2017|2017|2023|2018|2018|2021,z<-1.5
483,2024|2020|2024|2021|2025|2021|2023|2023|2019,z<-1.5
484,2018|2020|2023|2018|2021|2024|2024|2022|2023,z<-1.5
485,2018|2021|2018|2022|2017|2020|2020|2018|2025,z<-1.5
486,2020|2017|2022|2021|2017|2025|2025|2025|2020,z<-1.5
487,2025|2022|2019|2022|2021|2018|2020|2022|2018,z<-1.5
488,2023|2024|2017|2023|2019|2020|2021|2023|2018,z<-1.5
489,2022|2022|2019|2023|2020|2019|2018|2025|2021,z<-1.5
490,2022|2023|2024|2021|2023|2022|2024|2022|2024,z<-1.5
491,2022|2017|2022|2021|2021|2024|2020|2020|2018,z<-1.5
492,2021|2020|2022|2023|2018|2024|2018|2018|2024,z<-1.5
493,2024|2022|2017|2024|2024|2017|2017|2021|2022,z<-1.5
494,2018|2019|2025|2022|2022|2024|2019|2023|2020,z<-1.5
495,2021|2025|2021|2020|2025|2024|2025|2022|2022,z<-1.5
496,2022|2021|2019|2023|2021|2017|2020|2025|2023,z<-1.5
497,2022|2023|2023|2024|2025|2019|2020|2024|2025,z<-1.5
498,2018|2025|2019|2022|2019|2019|2018|2025|2023,z<-1.5
499,2025|2025|2017|2022|2021|2022|2018|2024|2021,z<-1.5
500,2020|2017|2025|2017|2025|2018|2023|2025|2021,z<-1.5
501,2021|2020|2017|2025|2023|2019|2018|2018|2025,z<-1.5
502,2024|2025|2021|2018|2024|2019|2021|2017|2019,z<-1.5
503,2021|2021|2018|2024|2018|2022|2018|2018|2025,z<-1.5
504,2017|2018|2019|2025|2019|2022|2024|2017|2021,z<-1.5
505,2019|2025|2022|2018|2019|2022|2020|2017|2017,z<-1.5
506,2024|2017|2018|2017|2024|2020|2021|2018|2023,z<-1.5
507,2022|2017|2020|2021|2019|2021|2024|2021|2024,z<-1.5
508,2022|2025|2022|2018|2018|2023|2018|2019|2020,z<-1.5
509,2022|2025|2018|2023|2019|2017|2020|2019|2020,z<-1.5
510,2019|2017|2022|2025|2023|2020|2020|2019|2017,z<-1.5
511,2022|2022|2020|2020|2017|2023|2022|2021|2023,z<-1.5
512,2017|2023|2022|2017|2018|2019|2020|2022|2024,z<-1.5
513,2021|2023|2024|2022|2021|2020|2022|2023|2021,z<-1.5
514,2018|2020|2024|2022|2023|2019|2025|2018|2019,z<-1.5
515,2025|2023|2025|2022|2020|2022|2025|2023|2023,z<-1.5
516,2020|2020|2025|2021|2024|2024|2024|2018|2024,z<-1.5
517,2017|2022|2022|2024|2019|2020|2022|2017|2018,z<-1.5
518,2022|2024|2024|2020|2019|2025|2023|2021|2017,z<-1.5
519,2022|2018|2021|2017|2023|2022|2021|2022|2020,z<-1.5
520,2024|2018|2024|2023|2021|2025|2020|2021|2019,z<-1.5
521,2022|2018|2025|2025|2024|2025|2021|2023|2022,z<-1.5
522,2022|2023|2025|2020|2017|2023|2022|2021|2023,z<-1.5
523,2023|2020|2019|2020|2017|2021|2020|2021|2020,z<-1.5
524,2023|2023|2018|2019|2021|2025|2019|2019|2021,z<-1.5
525,2019|2019|2017|2017|2022|2022|2023|2021|2025,z<-1.5
526,2020|2018|2020|2018|2018|2020|2025|2019|2018,z<-1.5
527,2017|2023|2021|2025|2025|2018|2022|2025|2017,z<-1.5
528,2019|2024|2020|2024|2023|2017|2024|2019|2024,z<-1.5
529,2018|2022|2024|2022|2018|2018|2019|2019|2023,z<-1.5
530,2020|2018|2019|2025|2020|2025|2024|2022|2025,z<-1.5
531,2017|2019|2025|2022|2018|2017|2022|2022|2018,z<-1.5
532,2024|2018|2019|2017|2017|2020|2020|2022|2017,z<-1.5
533,2017|2018|2024|2025|2023|2023|2018|2019|2022,z<-1.5
534,2024|2024|2025|2017|2017|2019|2023|2025|2019,z<-1.5
535,2017|2023|2017|2022|2018|2020|2024|2019|2017,z<-1.5
536,2017|2022|2017|2022|2023|2018|2023|2022|2025,z<-1.5
537,2024|2023|2023|2021|2023|2018|2023|2019|2020,z<-1.5
538,2023|2025|2025|2021|2017|2020|2024|2025|2022,z<-1.5
539,2020|2023|2024|2025|2020|2024|2021|2020|2017,z<-1.5
540,2018|2023|2019|2022|2023|2017|2023|2025|2020,z<-1.5
541,2021|2019|2023|2020|2017|2021|2021|2021|2025,z<-1.5
542,2024|2017|2023|2025|2018|2021|2025|2023|2018,z<-1.5
543,2025|2020|2021|2025|2019|2018|2025|2021|2020,z<-1.5
544,2019|2020|2019|2023|2020|2024|2022|2024|2023,z<-1.5
545,2025|2024|2018|2018|2025|2018|2025|2022|2019,z<-1.5
546,2024|2025|2019|2023|2017|2020|2017|2017|2024,z<-1.5
547,2021|2023|2018|2025|2021|2025|2018|2024|2021,z<-1.5
548,2017|2020|2018|2018|2017|2022|2017|2024|2020,z<-1.5
549,2019|2025|2020|2024|2024|2018|2019|2021|2024,z<-1.5
550,2024|2023|2024|2017|2018|2023|2020|2025|2022,z<-1.5
551,2024|2017|2022|2017|2025|2021|2022|2025|2023,z<-1.5
552,2021|2024|2019|2022|2021|2019|2020|2019|2025,z<-1.5
553,2017|2024|2018|2023|2018|2018|2021|2018|2022,z<-1.5
554,2022|2017|2017|2025|2023|2022|2025|2025|2017,z<-1.5
555,2023|2019|2020|2025|2020|2019|2020|2023|2025,z<-1.5
556,2022|2025|2017|2024|2021|2024|2024|2019|2018,z<-1.5
557,2022|2019|2025|2018|2024|2020|2025|2018|2024,z<-1.5
558,2017|2018|2021|2019|2023|2022|2022|2024|2021,z<-1.5
559,2019|2024|2017|2023|2022|2025|2023|2019|2024,z<-1.5
560,2022|2023|2023|2020|2021|2019|2023|2023|2018,z<-1.5
561,2023|2024|2022|2019|2023|2022|2022|2019|2019,z<-1.5
562,2024|2025|2021|2017|2020|2022|2023|2017|2019,z<-1.5
563,2021|2018|2024|2019|2024|2022|2025|2023|2025,z<-1.5
564,2021|2017|2021|2023|2019|2023|2019|2024|2021,z<-1.5
565,2022|2018|2017|2023|2019|2018|2024|2017|2019,z<-1.5
566,2024|2025|2025|2019|2019|2020|2023|2019|2024,z<-1.5
567,2025|2025|2019|2019|2018|2020|2021|2018|2018,z<-1.5
568,2017|2025|2018|2024|2023|2017|2022|2019|2021,z<-1.5
569,2020|2020|2021|2022|2025|2018|2022|2025|2018,z<-1.5
570,2019|2017|2019|2020|2021|2022|2025|2023|2020,z<-1.5
571,2019|2020|2019|2024|2025|2024|2025|2021|2023,z<-1.5
572,2021|2023|2020|2022|2017|2019|2025|2020|2018,z<-1.5
573,2018|2018|2023|2025|2024|2022|2018|2025|2020,z<-1.5
574,2024|2020|2019|2020|2020|2025|2024|2022|2021,z<-1.5
575,2024|2025|2022|2017|2022|2017|2023|2024|2022,z<-1.5
576,2018|2025|2021|2017|2021|2025|2020|2020|2020,z<-1.5
577,2020|2024|2020|2025|2020|2021|2024|2025|2018,z<-1.5
578,2021|2018|2022|2025|2019|2022|2024|2022|2020,z<-1.5
579,2017|2019|2018|2021|2019|2021|2024|2018|2022,z<-1.5
580,2024|2022|2022|2020|2018|2017|2021|2025|2018,z<-1.5
581,2020|2023|2020|2019|2022|2023|2024|2021|2025,z<-1.5
582,2021|2021|2024|2022|2025|2025|2022|2019|2018,z<-1.5
583,2019|2024|2020|2018|2020|2024|2018|2024|2024,z<-1.5
584,2022|2024|2019|2017|2020|2018|2017|2022|2023,z<-1.5
585,2018|2025|2022|2019|2022|2022|2021|2019|2025,z<-1.5
586,2019|2025|2021|2024|2017|2021|2021|2017|2020,z<-1.5
587,2024|2017|2017|2019|2025|2017|2019|2025|2024,z<-1.5
588,2023|2017|2025|2019|2019|2024|2018|2019|2017,z<-1.5
589,2023|2024|2022|2021|2020|2017|2021|2024|2020,z<-1.5
590,2019|2017|2018|2017|2025|2022|2022|2024|2023,z<-1.5
591,2024|2022|2022|2020|2020|2019|2018|2020|2018,z<-1.5
592,2017|2025|2020|2022|2020|2019|2019|2025|2023,z<-1.5
593,2024|2017|2025|2020|2024|2019|2021|2018|2023,z<-1.5
594,2024|2025|2020|2017|2019|2021|2018|2022|2019,z<-1.5
595,2018|2024|2023|2017|2023|2017|2020|2017|2021,z<-1.5
596,2022|2021|2025|2024|2023|2020|2024|2025|2025,z<-1.5
597,2018|2024|2017|2017|2020|2019|2020|2021|2017,z<-1.5
598,2017|2022|2019|2021|2021|2021|2018|2020|2019,z<-1.5
599,2023|2022|2019|2022|2022|2017|2021|2023|2024,z<-1.5
600,2022|2019|2017|2022|2025|2017|2021|2019|2024,z<-1.5
601,2017|2025|2023|2024|2017|2023|2024|2020|2021,z<-1.5
602,2025|2024|2020|2024|2021|2018|2019|2018|2023,z<-1.5
603,2022|2017|2018|2022|2025|2020|2022|2019|2020,z<-1.5
604,2021|2025|2022|2020|2018|2019|2023|2023|2017,z<-1.5
605,2024|2021|2017|2022|2021|2017|2020|2020|2020,z<-1.5
606,2025|2022|2019|2018|2017|2018|2019|2021|2018,z<-1.5
607,2020|2024|2017|2024|2017|2019|2019|2025|2017,z<-1.5
608,2017|2024|2017|2021|2025|2024|2018|2021|2018,z<-1.5
609,2017|2020|2018|2021|2024|2024|2020|2020|2024,z<-1.5
610,2025|2021|2022|2024|2020|2018|2021|2021|2023,z<-1.5
611,2023|2024|2022|2019|2021|2021|2019|2018|2022,z<-1.5
612,2018|2023|2023|2025|2021|2024|2022|2022|2025,z<-1.5
613,2017|2020|2024|2022|2017|2023|2021|2024|2021,z<-1.5
614,2023|2024|2020|2022|2023|2019|2022|2018|2019,z<-1.5
615,2019|2022|2024|2023|2018|2020|2022|2018|2025,z<-1.5
616,2025|2017|2017|2023|2017|2019|2025|2020|2020,z<-1.5
617,2025|2024|2021|2025|2025|2019|2020|2022|2020,z<-1.5
618,2019|2018|2022|2018|2021|2020|2018|2018|2020,z<-1.5
619,2020|2025|2024|2020|2017|2023|2022|2023|2021,z<-1.5
620,2024|2021|2024|2019|2018|2023|2020|2022|2022,z<-1.5
621,2018|2019|2022|2022|2018|2018|2020|2019|2023,z<-1.5
622,2017|2025|2018|2022|2024|2024|2021|2025|2021,z<-1.5
623,2018|2022|2019|2018|2024|2019|2020|2018|2023,z<-1.5
624,2017|2017|2020|2020|2022|2020|2022|2018|2023,z<-1.5
625,2023|2021|2021|2019|2024|2017|2017|2024|2017,z<-1.5
626,2022|2023|2017|2020|2020|2017|2017|2018|2020,z<-1.5
627,2023|2024|2019|2017|2025|2021|2023|2025|2021,z<-1.5
628,2025|2019|2019|2022|2023|2018|2021|2024|2021,z<-1.5
629,2022|2019|2020|2020|2025|2025|2017|2024|2025,z<-1.5
630,2024|2017|2020|2019|2017|2022|2025|2025|2021,z<-1.5
631,2017|2020|2021|2022|2017|2019|2023|2022|2019,z<-1.5
632,2021|2025|2018|2024|2019|2020|2025|2017|2021,z<-1.5
633,2017|2023|2025|2019|2023|2024|2020|2018|2025,z<-1.5
634,2021|2018|2023|2023|2020|2017|2017|2025|2017,z<-1.5
635,2017|2024|2023|2022|2021|2022|2025|2017|2024,z<-1.5
636,2021|2017|2018|2020|2023|2022|2021|2025|2023,z<-1.5
637,2017|2017|2025|2020|2021|2024|2019|2017|2021,z<-1.5
638,2025|2021|2018|2021|2020|2019|2021|2024|2021,z<-1.5
639,2018|2022|2021|2023|2022|2018|2020|2023|2021,z<-1.5
640,2018|2024|2021|2025|2019|2020|2021|2023|2022,z<-1.5
641,2020|2021|2021|2022|2017|2022|2021|2019|2020,z<-1.5
642,2017|2021|2020|2021|2025|2020|2019|2018|2025,z<-1.5
643,2023|2020|2020|2025|2024|2020|2020|2022|2020,z<-1.5
644,2022|2017|2021|2022|2019|2024|2022|2019|2024,z<-1.5
645,2022|2022|2022|2021|2019|2022|2024|2020|2025,z<-1.5
646,2022|2020|2023|2017|2017|2022|2019|2020|2023,z<-1.5
647,2023|2017|2021|2025|2022|2024|2017|2023|2023,z<-1.5
648,2021|2022|2022|2018|2019|2017|2017|2021|2024,z<-1.5
649,2023|2021|2025|2018|2020|2022|2017|2020|2020,z<-1.5
650,2024|2018|2017|2018|2021|2018|2023|2019|2021,z<-1.5
651,2022|2023|2022|2023|2025|2025|2021|2022|2019,z<-1.5
652,2019|2021|2018|2022|2025|2020|2023|2019|2024,z<-1.5
653,2020|2021|2017|2017|2019|2018|2023|2024|2025,z<-1.5
654,2023|2023|2021|2024|2018|2022|2018|2025|2020,z<-1.5
655,2019|2022|2024|2019|2021|2021|2017|2024|2018,z<-1.5
656,2019|2018|2019|2022|2018|2021|2019|2018|2022,z<-1.5
657,2023|2023|2021|2024|2024|2025|2022|2020|2021,z<-1.5
658,2023|2024|2019|2024|2025|2021|2021|2023|2020,z<-1.5
659,2018|2025|2021|2017|2019|2021|2019|2018|2022,z<-1.5
660,2025|2022|2021|2022|2019|2018|2021|2019|2024,z<-1.5
661,2021|2024|2022|2020|2023|2020|2021|2021|2025,z<-1.5
662,2021|2024|2023|2024|2022|2024|2022|2018|2023,z<-1.5
663,2018|2020|2021|2023|2020|2024|2020|2023|2018,z<-1.5
664,2019|2023|2021|2019|2021|2017|2020|2024|2023,z<-1.5
665,2017|2024|2025|2021|2020|2017|2019|2025|2025,z<-1.5
666,2024|2025|2021|2022|2017|2020|2025|2024|2025,z<-1.5
667,2018|2024|2018|2023|2023|2024|2022|2018|2025,z<-1.5
668,2017|2022|2023|2024|2021|2022|2023|2018|2022,z<-1.5
669,2019|2019|2017|2021|2020|2021|2023|2025|2021,z<-1.5
670,2025|2018|2019|2022|2021|2025|2018|2020|2019,z<-1.5
671,2021|2019|2019|2017|2021|2024|2024|2022|2019,z<-1.5
672,2025|2019|2020|2017|2019|2024|2017|2021|2018,z<-1.5
673,2018|2019|2020|2017|2022|2019|2020|2018|2022,z<-1.5
674,2024|2019|2018|2017|2017|2020|2017|2025|2023,z<-1.5
675,2025|2022|2019|2020|2023|2019|2022|2021|2023,z<-1.5
676,2025|2021|2020|2017|2025|2024|2023|2022|2025,z<-1.5
677,2021|2022|2022|2022|2023|2021|2022|2025|2018,z<-1.5
678,2022|2019|2021|2020|2023|2020|2021|2023|2022,z<-1.5
679,2022|2020|2017|2024|2020|2021|2018|2023|2019,z<-1.5
680,2020|2018|2019|2023|2024|2021|2022|2019|2023,z<-1.5
681,2021|2022|2023|2019|2022|2022|2018|2024|2025,z<-1.5
682,2025|2017|2022|2019|2022|2017|2022|2024|2024,z<-1.5
683,2025|2018|2020|2025|2023|2018|2020|2024|2017,z<-1.5
684,2025|2022|2022|2020|2024|2022|2022|2020|2022,z<-1.5
685,2019|2017|2024|2024|2020|2024|2025|2017|2019,z<-1.5
686,2020|2022|2017|2019|2017|2021|2017|2017|2019,z<-1.5
687,2018|2023|2019|2018|2024|2017|2021|2024|2020,z<-1.5
688,2025|2025|2021|2021|2024|2023|2017|2020|2024,z<-1.5
689,2024|2021|2022|2020|2019|2019|2021|2023|2019,z<-1.5
690,2023|2024|2019|2019|2021|2018|2022|2022|2023,z<-1.5
691,2025|2018|2025|2018|2020|2024|2017|2019|2020,z<-1.5
692,2019|2023|2018|2018|2018|2020|2022|2024|2025,z<-1.5
693,2022|2017|2020|2024|2022|2020|2018|2021|2017,z<-1.5
694,2024|2024|2017|2024|2023|2021|2017|2023|2018,z<-1.5
695,2024|2022|2025|2025|2018|2019|2018|2018|2023,z<-1.5
696,2023|2023|2022|2017|2017|2023|2019|2021|2020,z<-1.5
697,2019|2024|2022|2023|2025|2022|2024|2020|2021,z<-1.5
698,2023|2020|2025|2020|2021|2019|2022|2025|2017,z<-1.5
699,2024|2024|2018|2024|2018|2022|2024|2021|2019,z<-1.5
700,2020|2024|2020|2023|2025|2023|2024|2020|2019,z<-1.5
701,2021|2025|2018|2025|2017|2020|2021|2025|2023,z<-1.5
702,2024|2022|2018|2025|2018|2025|2022|2020|2018,z<-1.5
703,2019|2024|2018|2021|2021|2019|2022|2017|2019,z<-1.5
704,2019|2023|2019|2018|2018|2022|2018|2025|2017,z<-1.5
705,2022|2019|2025|2019|2020|2024|2021|2020|2018,z<-1.5
706,2017|2024|2019|2023|2024|2020|2017|2017|2018,z<-1.5
707,2022|2024|2022|2018|2025|2020|2020|2021|2023,z<-1.5
708,2024|2023|2025|2023|2024|2017|2021|2017|2019,z<-1.5
709,2018|2025|2021|2024|2023|2023|2020|2024|2018,z<-1.5
710,2018|2021|2017|2018|2020|2020|2018|2017|2017,z<-1.5
711,2025|2021|2022|2022|2019|2025|2021|2020|2017,z<-1.5
712,2025|2020|2022|2025|2025|2018|2022|2024|2017,z<-1.5
713,2021|2021|2020|2024|2024|2019|2018|2025|2023,z<-1.5
714,2022|2019|2022|2020|2024|2022|2024|2025|2021,z<-1.5
715,2024|2025|2023|2025|2021|2024|2020|2017|2019,z<-1.5
716,2019|2020|2023|2024|2020|2017|2018|2017|2018,z<-1.5
717,2018|2021|2022|2019|2017|2017|2023|2018|2017,z<-1.5
718,2021|2022|2019|2021|2022|2017|2022|2022|2023,z<-1.5
719,2019|2023|2022|2018|2025|2018|2021|2023|2017,z<-1.5
720,2022|2023|2017|2022|2023|2020|2025|2018|2022,z<-1.5
721,2022|2022|2024|2024|2022|2021|2025|2025|2020,z<-1.5
722,2018|2018|2023|2017|2024|2022|2018|2018|2017,z<-1.5
723,2025|2020|2021|2019|2019|2025|2017|2022|2024,z<-1.5
724,2021|2017|2019|2019|2025|2018|2017|2022|2023,z<-1.5
725,2020|2023|2022|2019|2023|2019|2018|2017|2022,z<-1.5
726,2019|2024|2025|2020|2022|2025|2024|2024|2017,z<-1.5
727,2023|2018|2020|2024|2024|2017|2022|2023|2018,z<-1.5
728,2018|2022|2024|2020|2018|2021|2017|2017|2022,z<-1.5
729,2018|2025|2025|2021|2017|2024|2019|2023|2023,z<-1.5
730,2025|2020|2021|2019|2020|2024|2019|2022|2021,z<-1.5
731,2021|2019|2021|2018|2025|2025|2017|2023|2018,z<-1.5
732,2017|2018|2022|2019|2024|2025|2024|2022|2017,z<-1.5
733,2018|2024|2018|2020|2017|2020|2023|2018|2023,z<-1.5
734,2025|2022|2021|2022|2019|2022|2023|2022|2019,z<-1.5
735,2024|2018|2018|2023|2021|2019|2022|2018|2019,z<-1.5
736,2018|2020|2019|2017|2022|2017|2017|2017|2021,z<-1.5
737,2022|2022|2025|2023|2022|2018|2024|2022|2019,z<-1.5
738,2021|2020|2019|2025|2023|2019|2025|2024|2017,z<-1.5
739,2025|2025|2020|2024|2025|2019|2025|2018|2023,z<-1.5
740,2024|2022|2017|2025|2024|2025|2021|2024|2024,z<-1.5
741,2021|2023|2017|2023|2019|2022|2020|2017|2025,z<-1.5
742,2020|2019|2020|2018|2019|2018|2018|2023|2023,z<-1.5
743,2024|2021|2017|2025|2017|2022|2025|2017|2020,z<-1.5
744,2024|2023|2020|2024|2021|2019|2017|2024|2017,z<-1.5
745,2020|2017|2020|2025|2018|2020|2020|2021|2021,z<-1.5
746,2020|2019|2025|2019|2019|2023|2024|2019|2023,z<-1.5
747,2022|2018|2024|2024|2021|2017|2024|2018|2017,z<-1.5
748,2025|2019|2025|2023|2022|2024|2019|2024|2022,z<-1.5
749,2025|2020|2021|2024|2017|2023|2017|2021|2021,z<-1.5
750,2025|2025|2021|2017|2024|2023|2024|2024|2024,z<-1.5
751,2020|2020|2019|2025|2024|2024|2017|2025|2019,z<-1.5
752,2023|2022|2024|2018|2020|2017|2018|2025|2024,z<-1.5
753,2019|2020|2022|2023|2018|2021|2024|2022|2024,z<-1.5
754,2022|2020|2020|2022|2019|2024|2018|2023|2023,z<-1.5
755,2023|2020|2020|2025|2017|2018|2017|2025|2024,z<-1.5
756,2020|2022|2024|2020|2020|2020|2021|2020|2021,z<-1.5
757,2018|2020|2022|2025|2018|2017|2020|2021|2018,z<-1.5
758,2020|2022|2019|2018|2020|2023|2023|2021|2025,z<-1.5
759,2021|2018|2022|2018|2020|2025|2022|2021|2017,z<-1.5
760,2018|2020|2020|2020|2019|2025|2023|2020|2022,z<-1.5
761,2017|2021|2017|2024|2025|2025|2025|2020|2023,z<-1.5
762,2024|2021|2025|2017|2025|2018|2024|2019|2023,z<-1.5
763,2024|2024|2020|2018|2019|2023|2022|2019|2021,z<-1.5
764,2022|2021|2018|2025|2019|2018|2021|2025|2023,z<-1.5
765,2023|2022|2020|2021|2017|2017|2022|2020|2019,z<-1.5
766,2024|2018|2019|2021|2020|2022|2019|2017|2021,z<-1.5
767,2020|2021|2025|2021|2020|2021|2017|2020|2018,z<-1.5
768,2023|2018|2019|2023|2019|2025|2024|2019|2017,z<-1.5
769,2024|2024|2025|2024|2023|2024|2019|2021|2019,z<-1.5
770,2022|2020|2024|2017|2025|2025|2021|2021|2023,z<-1.5
771,2024|2022|2024|2019|2018|2019|2022|2021|2021,z<-1.5
772,2020|2017|2021|2017|2025|2019|2024|2017|2018,z<-1.5
773,2025|2024|2022|2025|2021|2020|2021|2020|2025,z<-1.5
774,2018|2022|2022|2019|2017|2023|2021|2022|2024,z<-1.5
775,2020|2025|2024|2022|2020|2022|2022|2020|2021,z<-1.5
776,2020|2024|2019|2025|2022|2017|2017|2020|2025,z<-1.5
777,2019|2018|2025|2024|2022|2021|2017|2021|2022,z<-1.5
778,2017|2023|2019|2020|2025|2022|2017|2021|2020,z<-1.5
779,2025|2023|2020|2024|2017|2018|2018|2019|2023,z<-1.5
780,2018|2024|2025|2019|2025|2022|2021|2024|2017,z<-1.5
781,2022|2020|2021|2017|2024|2018|2022|2022|2025,z<-1.5
782,2017|2025|2020|2018|2017|2017|2022|2025|2025,z<-1.5
783,2019|2025|2022|2024|2025|2018|2025|2021|2019,z<-1.5
784,2022|2022|2020|2023|2022|2025|2018|2020|2023,z<-1.5
785,2019|2023|2023|2019|2021|2020|2023|2023|2021,z<-1.5
786,2017|2020|2019|2023|2021|2019|2020|2022|2018,z<-1.5
787,2023|2019|2017|2017|2025|2022|2022|2022|2017,z<-1.5
788,2021|2017|2025|2017|2021|2024|2020|2017|2018,z<-1.5
789,2017|2020|2025|2018|2019|2020|2019|2021|2019,z<-1.5
790,2025|2023|2022|2023|2021|2018|2017|2023|2018,z<-1.5
791,2018|2019|2023|2023|2025|2017|2022|2019|2019,z<-1.5
792,2020|2017|2018|2021|2023|2024|2022|2025|2019,z<-1.5
793,2021|2018|2020|2018|2021|2020|2017|2018|2021,z<-1.5
794,2024|2017|2024|2024|2024|2024|2025|2025|2017,z<-1.5
795,2021|2024|2024|2022|2022|2018|2022|2023|2017,z<-1.5
796,2021|2018|2017|2017|2025|2024|2017|2017|2020,z<-1.5
797,2023|2017|2023|2021|2022|2018|2024|2019|2020,z<-1.5
798,2022|2019|2022|2017|2025|2020|2023|2023|2021,z<-1.5
799,2017|2019|2018|2020|2018|2020|2018|2024|2022,z<-1.5
800,2018|2025|2020|2025|2023|2018|2019|2019|2025,z<-1.5
801,2025|2020|2018|2025|2021|2021|2020|2020|2022,z<-1.5
802,2024|2019|2019|2025|2020|2019|2020|2021|2017,z<-1.5
803,2021|2019|2024|2024|2022|2023|2020|2021|2022,z<-1.5
804,2024|2020|2025|2022|2023|2021|2021|2022|2022,z<-1.5
805,2024|2019|2021|2019|2017|2017|2024|2022|2022,z<-1.5
806,2024|2017|2025|2018|2019|2020|2025|2023|2020,z<-1.5
807,2023|2019|2018|2025|2025|2017|2020|2017|2020,z<-1.5
808,2017|2022|2025|2017|2023|2022|2022|2024|2018,z<-1.5
809,2024|2020|2024|2025|2020|2025|2020|2024|2018,z<-1.5
810,2018|2017|2024|2023|2021|2023|2017|2024|2024,z<-1.5
811,2022|2018|2018|2024|2017|2021|2019|2017|2021,z<-1.5
812,2017|2020|2019|2023|2024|2021|2021|2021|2021,z<-1.5
813,2022|2018|2020|2023|2017|2018|2023|2024|2019,z<-1.5
814,2023|2024|2020|2021|2021|2025|2022|2024|2020,z<-1.5
815,2020|2017|2019|2019|2022|2019|2017|2024|2024,z<-1.5
816,2024|2025|2017|2018|2025|2024|2023|2022|2021,z<-1.5
817,2021|2021|2025|2023|2022|2019|2020|2025|2020,z<-1.5
818,2019|2021|2024|2024|2024|2018|2022|2020|2023,z<-1.5
819,2025|2022|2018|2022|2020|2023|2017|2021|2024,z<-1.5
820,2025|2025|2022|2023|2017|2017|2022|2020|2024,z<-1.5
821,2019|2019|2017|2018|2024|2017|2024|2022|2025,z<-1.5
822,2024|2022|2024|2023|2017|2017|2021|2025|2019,z<-1.5
823,2024|2018|2021|2025|2022|2023|2020|2021|2024,z<-1.5
824,2023|2017|2023|2023|2019|2023|2021|2023|2017,z<-1.5
825,2023|2023|2017|2018|2018|2024|2019|2023|2022,z<-1.5
826,2023|2025|2017|2019|2021|2021|2025|2024|2021,z<-1.5
827,2022|2021|2018|2018|2017|2023|2019|2018|2021,z<-1.5
828,2018|2020|2017|2025|2018|2017|2017|2023|2018,z<-1.5
829,2017|2018|2019|2019|2018|2023|2025|2022|2018,z<-1.5
830,2025|2021|2020|2018|2018|2018|2025|2025|2017,z<-1.5
831,2021|2023|2021|2025|2023|2022|2019|2023|2017,z<-1.5
832,2017|2024|2022|2017|2017|2023|2022|2018|2023,z<-1.5
833,2018|2024|2023|2020|2019|2024|2025|2023|2020,z<-1.5
834,2017|2024|2020|2019|2019|2018|2025|2018|2022,z<-1.5
835,2020|2019|2020|2023|2019|2023|2021|2022|2021,z<-1.5
836,2023|2020|2018|2023|2017|2018|2024|2021|2018,z<-1.5
837,2024|2023|2023|2021|2018|2021|2024|2019|2023,z<-1.5
838,2017|2021|2022|2024|2018|2019|2017|2024|2023,z<-1.5
839,2021|2020|2025|2024|2019|2020|2024|2020|2019,z<-1.5
840,2017|2018|2018|2021|2023|2022|2025|2020|2025,z<-1.5
841,2018|2017|2019|2025|2019|2020|2017|2018|2024,z<-1.5
842,2017|2019|2025|2019|2019|2019|2023|2019|2017,z<-1.5
843,2018|2022|2021|2021|2020|2023|2019|2018|2017,z<-1.5
844,2022|2022|2025|2024|2023|2021|2018|2020|2019,z<-1.5
845,2019|2018|2023|2020|2021|2017|2019|2021|2017,z<-1.5
846,2019|2020|2019|2017|2017|2017|2017|2023|2022,z<-1.5
847,2022|2020|2023|2020|2020|2017|2024|2020|2020,z<-1.5
848,2019|2024|2019|2023|2018|2025|2019|2025|2020,z<-1.5
849,2017|2019|2019|2025|2017|2019|2019|2017|2024,z<-1.5
850,2022|2017|2018|2025|2023|2019|2023|2022|2020,z<-1.5
851,2025|2022|2024|2021|2017|2025|2018|2019|2024,z<-1.5
852,2025|2017|2025|2021|2020|2021|2019|2025|2021,z<-1.5
853,2022|2017|2018|2022|2019|2024|2017|2025|2018,z<-1.5
854,2021|2023|2017|2025|2025|2025|2021|2021|2022,z<-1.5
855,2017|2023|2024|2019|2017|2019|2019|2024|2025,z<-1.5
856,2025|2024|2017|2020|2022|2021|2018|2017|2022,z<-1.5
857,2021|2020|2023|2017|2018|2023|2017|2019|2020,z<-1.5
858,2018|2021|2021|2021|2019|2020|2019|2023|2019,z<-1.5
859,2019|2018|2021|2017|2023|2020|2019|2021|2021,z<-1.5
860,2023|2018|2024|2020|2021|2021|2021|2025|2018,z<-1.5
861,2022|2025|2018|2020|2020|2017|2021|2022|2022,z<-1.5
862,2017|2020|2025|2017|2017|2025|2023|2025|2022,z<-1.5
863,2019|2022|2019|2025|2020|2023|2025|2019|2018,z<-1.5
864,2021|2023|2020|2025|2022|2022|2024|2021|2018,z<-1.5
865,2023|2018|2020|2017|2018|2020|2023|2021|2023,z<-1.5
866,2020|2020|2025|2022|2024|2023|2024|2019|2023,z<-1.5
867,2017|2017|2018|2021|2019|2024|2018|2025|2018,z<-1.5
868,2021|2017|2018|2018|2018|2019|2017|2025|2024,z<-1.5
869,2021|2020|2022|2017|2020|2023|2019|2020|2017,z<-1.5
870,2025|2021|2021|2023|2021|2020|2022|2024|2018,z<-1.5
871,2023|2017|2020|2021|2018|2018|2024|2024|2023,z<-1.5
872,2018|2023|2025|2018|2018|2024|2024|2020|2025,z<-1.5
873,2023|2024|2021|2017|2019|2017|2021|2018|2019,z<-1.5
874,2018|2023|2022|2019|2018|2019|2024|2020|2023,z<-1.5
875,2017|2024|2017|2022|2024|2020|2018|2021|2024,z<-1.5
876,2021|2020|2021|2022|2024|2021|2025|2021|2017,z<-1.5
877,2019|2020|2021|2022|2021|2018|2025|2020|2025,z<-1.5
878,2017|2024|2020|2023|2020|2025|2025|2022|2022,z<-1.5
879,2020|2025|2023|2022|2024|2017|2025|2021|2024,z<-1.5
880,2017|2018|2023|2020|2023|2017|2019|2022|2018,z<-1.5
881,2025|2019|2024|2021|2020|2020|2018|2024|2022,z<-1.5
882,2021|2022|2024|2018|2019|2024|2018|2022|2021,z<-1.5
883,2020|2025|2018|2019|2019|2019|2024|2025|2019,z<-1.5
884,2020|2019|2024|2020|2023|2023|2023|2017|2021,z<-1.5
885,2023|2022|2025|2024|2023|2021|2017|2025|2023,z<-1.5
886,2024|2023|2022|2020|2020|2025|2021|2024|2025,z<-1.5
887,2024|2018|2022|2023|2021|2024|2025|2018|2025,z<-1.5
888,2017|2018|2017|2019|2024|2025|2020|2021|2021,z<-1.5
889,2017|2017|2025|2025|2017|2019|2019|2019|2020,z<-1.5
890,2022|2018|2025|2023|2024|2023|2022|2020|2024,z<-1.5
891,2021|2025|2019|2025|2021|2021|2022|2018|2021,z<-1.5
892,2018|2022|2017|2020|2025|2019|2024|2019|2019,z<-1.5
893,2017|2017|2021|2020|2018|2017|2022|2019|2023,z<-1.5
894,2025|2025|2020|2022|2021|2019|2018|2021|2022,z<-1.5
895,2020|2025|2020|2017|2021|2022|2025|2022|2019,z<-1.5
896,2019|2025|2024|2022|2022|2017|2019|2021|2023,z<-1.5
897,2019|2021|2024|2023|2023|2023|2023|2021|2018,z<-1.5
898,2021|2018|2018|2020|2020|2017|2019|2023|2018,z<-1.5
899,2021|2021|2025|2017|2023|2024|2020|2021|2022,z<-1.5
900,2025|2023|2025|2018|2017|2021|2017|2019|2025,z<-1.5
901,2023|2019|2020|2023|2025|2021|2021|2020|2017,z<-1.5
902,2020|2020|2019|2017|2019|2018|2020|2018|2023,z<-1.5
903,2025|2024|2017|2018|2022|2020|2024|2024|2017,z<-1.5
904,2021|2024|2018|2023|2025|2025|2020|2022|2021,z<-1.5
905,2024|2023|2017|2023|2025|2018|2017|2024|2022,z<-1.5
906,2023|2018|2023|2023|2018|2021|2019|2017|2017,z<-1.5
907,2019|2017|2025|2022|2023|2025|2019|2017|2024,z<-1.5
908,2023|2019|2017|2017|2025|2017|2023|2023|2018,z<-1.5
909,2025|2020|2024|2022|2023|2024|2017|2018|2017,z<-1.5
910,2020|2024|2018|2019|2024|2025|2019|2024|2023,z<-1.5
911,2018|2018|2018|2017|2024|2022|2023|2023|2024,z<-1.5
912,2023|2020|2020|2023|2023|2025|2020|2025|2019,z<-1.5
913,2017|2019|2019|2017|2018|2017|2021|2021|2017,z<-1.5
914,2018|2024|2023|2020|2022|2025|2018|2021|2024,z<-1.5
915,2025|2018|2018|2018|2022|2022|2017|2021|2025,z<-1.5
916,2025|2025|2025|2024|2022|2019|2017|2018|2024,z<-1.5
917,2018|2017|2024|2022|2025|2023|2022|2024|2019,z<-1.5
918,2018|2022|2022|2022|2020|2017|2018|2024|2021,z<-1.5
919,2020|2024|2018|2022|2019|2025|2025|2020|2021,z<-1.5
920,2021|2018|2024|2023|2025|2023|2021|2020|2024,z<-1.5
921,2019|2018|2020|2024|2025|2024|2022|2021|2020,z<-1.5
922,2019|2021|2021|2025|2022|2025|2023|2022|2020,z<-1.5
923,2025|2021|2022|2018|2019|2025|2021|2018|2017,z<-1.5
924,2020|2019|2022|2021|2025|2023|2025|2017|2023,z<-1.5
925,2022|2025|2024|2019|2025|2023|2025|2023|2023,z<-1.5
926,2018|2023|2019|2021|2021|2019|2022|2019|2020,z<-1.5
927,2018|2017|2019|2020|2019|2025|2020|2025|2019,z<-1.5
928,2021|2019|2023|2023|2025|2021|2023|2019|2023,z<-1.5
929,2019|2021|2018|2018|2018|2024|2025|2025|2020,z<-1.5
930,2021|2018|2017|2020|2019|2024|2020|2025|2023,z<-1.5
931,2022|2024|2019|2023|2018|2022|2020|2018|2024,z<-1.5
932,2025|2021|2024|2024|2019|2019|2020|2020|2018,z<-1.5
933,2019|2017|2018|2020|2025|2024|2020|2022|2021,z<-1.5
934,2017|2021|2017|2022|2019|2024|2025|2021|2025,z<-1.5
935,2025|2022|2022|2019|2021|2025|2025|2017|2018,z<-1.5
936,2017|2024|2017|2021|2023|2018|2024|2022|2017,z<-1.5
937,2018|2019|2018|2020|2019|2024|2024|2024|2023,z<-1.5
938,2023|2024|2023|2022|2017|2023|2025|2020|2021,z<-1.5
939,2017|2025|2021|2022|2023|2023|2017|2021|2021,z<-1.5
940,2025|2022|2021|2017|2024|2021|2018|2019|2024,z<-1.5
941,2023|2024|2019|2017|2018|2023|2025|2021|2024,z<-1.5
942,2025|2020|2020|2017|2018|2018|2023|2017|2023,z<-1.5
943,2020|2024|2019|2020|2023|2024|2023|2022|2024,z<-1.5
944,2020|2024|2018|2019|2023|2021|2020|2024|2019,z<-1.5
945,2020|2017|2024|2025|2018|2021|2021|2020|2020,z<-1.5
946,2019|2023|2023|2025|2019|2019|2022|2023|2023,z<-1.5
947,2021|2024|2018|2020|2017|2022|2024|2020|2021,z<-1.5
948,2017|2018|2019|2021|2018|2022|2019|2025|2024,z<-1.5
949,2017|2023|2025|2019|2019|2017|2019|2020|2018,z<-1.5
950,2021|2018|2017|2020|2019|2017|2020|2019|2019,z<-1.5
951,2021|2025|2018|2019|2017|2017|2023|2019|2023,z<-1.5
952,2025|2022|2019|2020|2020|2021|2018|2022|2019,z<-1.5
953,2025|2024|2019|2020|2021|2017|2019|2021|2020,z<-1.5
954,2025|2021|2018|2024|2025|2024|2018|2021|2023,z<-1.5
955,2025|2021|2022|2019|2024|2024|2020|2025|2021,z<-1.5
956,2021|2021|2023|2024|2017|2023|2023|2022|2017,z<-1.5
957,2023|2021|2018|2022|2019|2024|2025|2025|2022,z<-1.5
958,2024|2019|2020|2023|2022|2022|2020|2025|2020,z<-1.5
959,2019|2022|2017|2021|2018|2022|2020|2020|2024,z<-1.5
960,2025|2018|2023|2024|2022|2017|2017|2019|2020,z<-1.5
961,2025|2019|2020|2018|2023|2017|2017|2021|2018,z<-1.5
962,2018|2024|2019|2024|2020|2020|2021|2022|2023,z<-1.5
963,2024|2021|2021|2017|2023|2024|2017|2020|2018,z<-1.5
964,2018|2018|2025|2020|2019|2025|2022|2020|2018,z<-1.5
965,2022|2020|2019|2017|2018|2025|2020|2023|2021,z<-1.5
966,2019|2018|2019|2019|2021|2024|2017|2018|2022,z<-1.5
967,2021|2024|2017|2017|2024|2024|2017|2020|2022,z<-1.5
968,2020|2019|2019|2025|2017|2017|2025|2019|2025,z<-1.5
969,2023|2019|2022|2020|2021|2017|2023|2020|2023,z<-1.5
970,2017|2019|2021|2023|2025|2017|2017|2017|2020,z<-1.5
971,2017|2025|2020|2024|2020|2021|2018|2021|2017,z<-1.5
972,2022|2019|2021|2019|2025|2020|2025|2021|2025,z<-1.5
973,2023|2025|2017|2021|2017|2024|2022|2017|2023,z<-1.5
974,2020|2022|2017|2023|2022|2018|2022|2022|2019,z<-1.5
975,2019|2020|2021|2018|2019|2023|2019|2021|2017,z<-1.5
976,2024|2022|2020|2020|2019|2022|2022|2024|2018,z<-1.5
977,2024|2022|2018|2020|2025|2019|2021|2023|2017,z<-1.5
978,2017|2017|2019|2017|2020|2017|2022|2019|2017,z<-1.5
979,2020|2025|2017|2025|2020|2024|2022|2024|2023,z<-1.5
980,2021|2024|2021|2017|2025|2017|2023|2019|2018,z<-1.5
981,2023|2024|2024|2022|2020|2023|2023|2019|2022,z<-1.5
982,2018|2019|2025|2025|2018|2025|2019|2017|2017,z<-1.5
983,2018|2017|2019|2025|2022|2025|2024|2023|2021,z<-1.5
984,2019|2021|2017|2023|2022|2019|2018|2024|2017,z<-1.5
985,2021|2020|2017|2024|2024|2021|2025|2022|2023,z<-1.5
986,2019|2024|2019|2023|2023|2025|2022|2019|2019,z<-1.5
987,2017|2020|2020|2025|2019|2019|2025|2022|2020,z<-1.5
988,2021|2020|2018|2017|2018|2022|2023|2021|2019,z<-1.5
989,2017|2017|2017|2025|2025|2019|2019|2023|2018,z<-1.5
990,2023|2019|2022|2022|2018|2017|2022|2019|2018,z<-1.5
991,2022|2019|2018|2020|2023|2021|2021|2022|2017,z<-1.5
992,2021|2022|2022|2017|2025|2021|2019|2017|2018,z<-1.5
993,2017|2022|2017|2019|2022|2019|2018|2025|2021,z<-1.5
994,2019|2020|2018|2024|2025|2022|2020|2024|2024,z<-1.5
995,2018|2019|2022|2019|2021|2022|2018|2019|2019,z<-1.5
996,2024|2019|2025|2019|2024|2017|2025|2025|2018,z<-1.5
997,2019|2017|2022|2017|2020|2019|2023|2021|2022,z<-1.5
998,2025|2019|2025|2019|2020|2020|2020|2021|2024,z<-1.5
999,2021|2021|2024|2023|2025|2020|2023|2025|2017,z<-1.5
1000,2022|2017|2023|2023|2021|2019|2019|2021|2023,z<-1.5
1001,2020|2024|2020|2024|2025|2023|2021|2024|2020,z<-1.5
1002,2021|2024|2018|2024|2019|2025|2021|2022|2023,z<-1.5
1003,2018|2022|2023|2018|2017|2024|2019|2022|2025,z<-1.5
1004,2020|2020|2021|2018|2020|2024|2025|2021|2022,z<-1.5
1005,2019|2017|2024|2025|2025|2024|2020|2019|2024,z<-1.5
1006,2017|2017|2024|2022|2019|2023|2023|2020|2025,z<-1.5
1007,2022|2020|2021|2025|2020|2018|2022|2024|2019,z<-1.5
1008,2023|2017|2021|2021|2018|2020|2019|2023|2018,z<-1.5
1009,2020|2018|2017|2017|2021|2023|2022|2022|2018,z<-1.5
1010,2025|2018|2019|2018|2022|2025|2018|2025|2024,z<-1.5
1011,2021|2025|2024|2021|2021|2020|2018|2019|2023,z<-1.5
1012,2023|2018|2018|2020|2017|2025|2019|2022|2020,z<-1.5
1013,2025|2019|2018|2018|2025|2024|2025|2023|2018,z<-1.5
1014,2021|2021|2021|2025|2019|2020|2022|2017|2017,z<-1.5
1015,2024|2025|2021|2018|2022|2017|2021|2017|2020,z<-1.5
1016,2025|2020|2019|2020|2022|2018|2019|2020|2018,z<-1.5
1017,2023|2023|2022|2017|2023|2017|2025|2018|2019,z<-1.5
1018,2021|2020|2020|2019|2017|2017|2017|2021|2024,z<-1.5
1019,2020|2023|2019|2019|2022|2023|2019|2025|2017,z<-1.5
1020,2017|2020|2023|2024|2021|2020|2025|2017|2025,z<-1.5
1021,2022|2022|2022|2022|2023|2023|2019|2025|2022,z<-1.5
1022,2021|2025|2020|2017|2024|2018|2019|2020|2018,z<-1.5
1023,2025|2025|2019|2019|2020|2022|2021|2021|2020,z<-1.5
1024,2023|2024|2021|2025|2017|2022|2021|2025|2024,z<-1.5
1025,2019|2020|2020|2025|2021|2022|2017|2022|2019,z<-1.5
1026,2023|2025|2021|2023|2020|2021|2024|2024|2019,z<-1.5
1027,2021|2025|2019|2018|2017|2017|2018|2017|2024,z<-1.5
1028,2025|2022|2024|2022|2023|2017|2024|2021|2019,z<-1.5
1029,2020|2018|2022|2025|2020|2018|2023|2023|2017,z<-1.5
1030,2017|2019|2022|2024|2025|2018|2025|2019|2021,z<-1.5
1031,2019|2019|2025|2021|2019|2024|2017|2021|2020,z<-1.5
1032,2021|2025|2022|2020|2019|2019|2022|2025|2021,z<-1.5
1033,2020|2025|2018|2025|2023|2024|2025|2018|2022,z<-1.5
1034,2024|2024|2023|2020|2019|2017|2025|2021|2022,z<-1.5
1035,2023|2021|2019|2018|2021|2024|2019|2019|2019,z<-1.5
1036,2023|2021|2022|2017|2025|2023|2024|2024|2018,z<-1.5
1037,2019|2023|2025|2024|2025|2022|2021|2017|2024,z<-1.5
1038,2024|2021|2020|2017|2021|2024|2025|2018|2021,z<-1.5
1039,2022|2020|2023|2017|2019|2018|2022|2017|2021,z<-1.5
1040,2024|2019|2020|2023|2017|2023|2023|2022|2022,z<-1.5
1041,2019|2023|2018|2022|2019|2025|2019|2021|2023,z<-1.5
1042,2020|2024|2018|2022|2020|2021|2017|2019|2018,z<-1.5
1043,2021|2025|2021|2025|2020|2017|2025|2021|2022,z<-1.5
1044,2022|2023|2018|2020|2021|2025|2018|2025|2020,z<-1.5
1045,2022|2022|2019|2019|2021|2024|2018|2022|2021,z<-1.5
1046,2024|2023|2023|2020|2024|2025|2019|2025|2017,z<-1.5
1047,2022|2020|2019|2020|2019|2017|2019|2019|2020,z<-1.5
1048,2022|2018|2017|2018|2018|2021|2018|2023|2023,z<-1.5
1049,2019|2022|2024|2020|2021|2024|2022|2021|2018,z<-1.5
1050,2022|2019|2020|2019|2024|2020|2018|2025|2019,z<-1.5
1051,2023|2021|2017|2017|2021|2022|2024|2018|2021,z<-1.5
1052,2021|2022|2023|2021|2019|2017|2025|2023|2018,z<-1.5
1053,2022|2025|2018|2019|2025|2021|2018|2020|2022,z<-1.5
1054,2025|2024|2017|2022|2018|2021|2018|2021|2024,z<-1.5
1055,2019|2020|2017|2022|2025|2022|2022|2020|2024,z<-1.5
1056,2021|2024|2022|2017|2021|2024|2024|2025|2019,z<-1.5
1057,2024|2017|2025|2022|2020|2017|2017|2021|2022,z<-1.5
1058,2025|2022|2019|2017|2022|2018|2018|2022|2024,z<-1.5
1059,2020|2022|2017|2025|2017|2025|2021|2024|2022,z<-1.5
1060,2019|2019|2017|2024|2019|2022|2019|2020|2018,z<-1.5
1061,2024|2021|2019|2018|2018|2019|2020|2025|2023,z<-1.5
1062,2022|2025|2020|2023|2020|2020|2022|2020|2023,z<-1.5
1063,2024|2021|2022|2022|2024|2019|2018|2024|2017,z<-1.5
1064,2022|2020|2023|2020|2025|2019|2019|2021|2022,z<-1.5
1065,2024|2019|2019|2023|2017|2018|2021|2021|2018,z<-1.5
1066,2018|2022|2020|2017|2023|2019|2021|2023|2019,z<-1.5
1067,2017|2023|2025|2020|2019|2020|2025|2022|2020,z<-1.5
1068,2024|2019|2017|2024|2019|2020|2024|2024|2017,z<-1.5
1069,2018|2018|2024|2021|2019|2018|2025|2018|2025,z<-1.5
1070,2024|2020|2025|2020|2018|2020|2021|2023|2019,z<-1.5
1071,2025|2022|2023|2019|2021|2020|2025|2017|2020,z<-1.5
1072,2024|2018|2021|2024|2025|2022|2017|2025|2018,z<-1.5
1073,2020|2019|2019|2024|2025|2024|2022|2018|2019,z<-1.5
1074,2022|2020|2024|2023|2024|2022|2021|2025|2024,z<-1.5
1075,2019|2018|2019|2017|2024|2021|2024|2025|2025,z<-1.5
1076,2021|2021|2020|2017|2021|2019|2023|2024|2021,z<-1.5
1077,2020|2022|2018|2023|2024|2022|2022|2021|2019,z<-1.5
1078,2020|2020|2025|2024|2020|2018|2024|2021|2018,z<-1.5
1079,2025|2017|2019|2024|2021|2019|2020|2025|2017,z<-1.5
1080,2024|2018|2022|2018|2019|2020|2017|2024|2022,z<-1.5
1081,2017|2017|2024|2021|2024|2021|2019|2017|2017,z<-1.5
1082,2017|2018|2017|2018|2025|2023|2022|2018|2021,z<-1.5
1083,2017|2018|2022|2025|2017|2024|2025|2020|2023,z<-1.5
1084,2017|2020|2017|2022|2024|2024|2022|2018|2017,z<-1.5
1085,2019|2019|2018|2021|2020|2025|2021|2023|2018,z<-1.5
1086,2024|2022|2019|2023|2022|2021|2019|2017|2024,z<-1.5
1087,2025|2018|2018|2022|2019|2024|2019|2018|2018,z<-1.5
1088,2018|2023|2019|2019|2018|2019|2023|2018|2022,z<-1.5
1089,2025|2020|2018|2019|2020|2022|2019|2025|2024,z<-1.5
1090,2018|2017|2017|2017|2025|2022|2018|2019|2017,z<-1.5
1091,2021|2024|2019|2017|2023|2017|2024|2025|2019,z<-1.5
1092,2025|2023|2021|2022|2025|2017|2018|2017|2023,z<-1.5
1093,2024|2020|2023|2018|2025|2024|2023|2019|2018,z<-1.5
1094,2023|2025|2022|2019|2024|2019|2018|2018|2019,z<-1.5
1095,2023|2021|2017|2018|2025|2018|2024|2017|2021,z<-1.5
1096,2017|2022|2022|2018|2018|2022|2022|2018|2018,z<-1.5
1097,2020|2024|2022|2022|2017|2023|2020|2018|2024,z<-1.5
1098,2021|2018|2020|2025|2025|2018|2019|2024|2019,z<-1.5
1099,2017|2019|2021|2023|2025|2020|2019|2021|2017,z<-1.5
1100,2025|2021|2018|2017|2022|2021|2025|2019|2018,z<-1.5
1101,2022|2021|2023|2023|2017|2023|2021|2024|2025,z<-1.5
1102,2023|2023|2020|2024|2021|2022|2025|2025|2025,z<-1.5
1103,2024|2018|2025|2018|2019|2019|2023|2023|2025,z<-1.5
1104,2018|2019|2025|2018|2018|2017|2025|2017|2024,z<-1.5
1105,2017|2025|2019|2018|2023|2024|2018|2018|2020,z<-1.5
1106,2023|2024|2023|2024|2018|2023|2017|2017|2022,z<-1.5
1107,2024|2022|2017|2020|2018|2018|2025|2019|2019,z<-1.5
1108,2019|2019|2018|2023|2020|2023|2022|2023|2020,z<-1.5
1109,2022|2025|2018|2024|2025|2021|2021|2021|2017,z<-1.5
1110,2022|2019|2018|2018|2020|2022|2020|2024|2025,z<-1.5
1111,2023|2019|2024|2018|2020|2019|2017|2020|2018,z<-1.5
1112,2017|2017|2017|2024|2022|2021|2020|2020|2022,z<-1.5
1113,2022|2018|2022|2021|2017|2024|2025|2020|2019,z<-1.5
1114,2018|2024|2021|2020|2019|2024|2020|2018|2020,z<-1.5
1115,2023|2020|2025|2019|2017|2019|2025|2017|2024,z<-1.5
1116,2024|2021|2019|2022|2021|2020|2018|2020|2022,z<-1.5
1117,2021|2021|2019|2019|2023|2020|2023|2018|2017,z<-1.5
1118,2024|2017|2024|2023|2021|2025|2022|2020|2019,z<-1.5
1119,2023|2024|2025|2017|2019|2017|2020|2025|2022,z<-1.5
1120,2023|2018|2017|2017|2021|2023|2018|2023|2024,z<-1.5
1121,2024|2020|2020|2018|2020|2018|2018|2017|2022,z<-1.5
1122,2018|2020|2018|2021|2018|2022|2021|2021|2018,z<-1.5
1123,2019|2023|2019|2021|2022|2020|2024|2023|2021,z<-1.5
1124,2022|2019|2025|2018|2023|2018|2021|2023|2019,z<-1.5
1125,2020|2018|2017|2025|2021|2021|2019|2018|2022,z<-1.5
1126,2025|2022|2019|2024|2021|2025|2021|2017|2018,z<-1.5
1127,2021|2025|2019|2025|2025|2021|2018|2019|2021,z<-1.5
1128,2021|2025|2024|2022|2019|2024|2025|2025|2024,z<-1.5
1129,2018|2018|2019|2020|2022|2020|2024|2021|2023,z<-1.5
1130,2020|2017|2021|2017|2023|2019|2022|2018|2022,z<-1.5
1131,2019|2024|2021|2023|2020|2019|2025|2018|2018,z<-1.5
1132,2021|2022|2022|2017|2017|2018|2018|2017|2019,z<-1.5
1133,2019|2024|2020|2024|2023|2025|2017|2020|2024,z<-1.5
1134,2017|2023|2025|2017|2018|2019|2025|2021|2020,z<-1.5
1135,2022|2025|2018|2018|2022|2018|2023|2017|2018,z<-1.5
1136,2024|2018|2023|2025|2020|2018|2024|2021|2019,z<-1.5
1137,2021|2022|2023|2017|2021|2017|2021|2019|2021,z<-1.5
1138,2025|2025|2022|2019|2025|2022|2018|2023|2018,z<-1.5
1139,2025|2024|2018|2025|2023|2022|2019|2025|2018,z<-1.5
1140,2023|2020|2024|2018|2020|2021|2021|2023|2020,z<-1.5
1141,2022|2018|2017|2022|2017|2024|2018|2024|2018,z<-1.5
1142,2017|2020|2024|2017|2018|2018|2017|2018|2021,z<-1.5
1143,2019|2022|2022|2025|2024|2018|2018|2025|2017,z<-1.5
1144,2022|2022|2018|2021|2018|2018|2019|2018|2019,z<-1.5
1145,2025|2025|2025|2023|2021|2018|2018|2019|2021,z<-1.5
1146,2022|2023|2017|2024|2020|2019|2018|2024|2020,z<-1.5
1147,2019|2018|2023|2024|2019|2025|2020|2020|2024,z<-1.5
1148,2023|2021|2021|2023|2018|2021|2017|2025|2024,z<-1.5
1149,2024|2019|2023|2019|2018|2025|2017|2024|2022,z<-1.5
1150,2019|2017|2024|2018|2020|2022|2022|2019|2019,z<-1.5
1151,2020|2024|2018|2022|2018|2023|2020|2019|2023,z<-1.5
1152,2025|2025|2018|2025|2017|2023|2023|2019|2024,z<-1.5
1153,2019|2018|2017|2017|2017|2024|2024|2023|2023,z<-1.5
1154,2024|2020|2025|2022|2019|2024|2022|2025|2025,z<-1.5
1155,2019|2018|2019|2020|2020|2019|2018|2025|2024,z<-1.5
1156,2020|2020|2019|2019|2021|2020|2019|2017|2024,z<-1.5
1157,2017|2017|2025|2018|2022|2021|2025|2020|2021,z<-1.5
1158,2025|2022|2024|2025|2024|2018|2024|2020|2024,z<-1.5
1159,2019|2017|2021|2021|2025|2017|2023|2023|2017,z<-1.5
1160,2024|2018|2021|2017|2017|2018|2021|2017|2019,z<-1.5
1161,2022|2024|2020|2019|2017|2019|2022|2023|2022,z<-1.5
1162,2021|2021|2019|2023|2017|2018|2020|2023|2019,z<-1.5
1163,2022|2018|2023|2018|2020|2024|2017|2023|2025,z<-1.5
1164,2020|2019|2022|2022|2022|2025|2025|2025|2017,z<-1.5
1165,2022|2022|2025|2019|2019|2025|2020|2024|2020,z<-1.5
1166,2019|2024|2023|2025|2019|2022|2018|2018|2020,z<-1.5
1167,2021|2018|2022|2019|2020|2019|2022|2017|2024,z<-1.5
1168,2022|2020|2020|2024|2023|2021|2024|2023|2018,z<-1.5
1169,2021|2019|2020|2020|2023|2018|2018|2023|2024,z<-1.5
1170,2023|2021|2020|2019|2017|2020|2020|2025|2023,z<-1.5
1171,2024|2019|2024|2025|2024|2023|2017|2018|2019,z<-1.5
1172,2019|2024|2025|2020|2017|2021|2018|2018|2020,z<-1.5
1173,2025|2020|2020|2020|2018|2018|2023|2018|2021,z<-1.5
1174,2023|2020|2017|2025|2022|2024|2021|2020|2024,z<-1.5
1175,2025|2024|2025|2021|2019|2020|2022|2023|2023,z<-1.5
1176,2021|2019|2018|2023|2024|2024|2017|2025|2025,z<-1.5
1177,2024|2020|2019|2017|2017|2021|2020|2018|2025,z<-1.5
1178,2020|2021|2020|2025|2024|2018|2020|2024|2017,z<-1.5
1179,2023|2023|2018|2025|2018|2020|2017|2024|2019,z<-1.5
1180,2019|2018|2025|2018|2022|2017|2024|2022|2022,z<-1.5
1181,2021|2018|2025|2025|2022|2022|2019|2019|2017,z<-1.5
1182,2017|2017|2021|2021|2020|2025|2019|2025|2019,z<-1.5
1183,2019|2025|2020|2018|2020|2021|2021|2020|2024,z<-1.5
1184,2018|2023|2018|2020|2020|2020|2017|2022|2024,z<-1.5
1185,2020|2019|2021|2019|2017|2020|2024|2018|2019,z<-1.5
1186,2018|2017|2023|2023|2022|2023|2022|2018|2024,z<-1.5
1187,2017|2017|2019|2022|2023|2020|2023|2017|2018,z<-1.5
1188,2019|2020|2023|2024|2021|2018|2024|2023|2018,z<-1.5
1189,2022|2023|2021|2017|2025|2024|2020|2017|2019,z<-1.5
1190,2024|2019|2021|2022|2021|2023|2024|2020|2024,z<-1.5
1191,2022|2021|2022|2017|2024|2025|2022|2017|2023,z<-1.5
1192,2025|2019|2019|2021|2019|2018|2021|2025|2018,z<-1.5
1193,2025|2024|2021|2019|2025|2018|2018|2018|2023,z<-1.5
1194,2018|2018|2019|2024|2018|2019|2024|2023|2019,z<-1.5
1195,2025|2024|2021|2018|2022|2024|2024|2025|2018,z<-1.5
1196,2023|2023|2022|2020|2020|2023|2018|2021|2025,z<-1.5
1197,2017|2021|2017|2017|2021|2022|2017|2019|2017,z<-1.5
1198,2019|2025|2024|2019|2017|2025|2022|2025|2019,z<-1.5
1199,2022|2018|2024|2017|2024|2018|2024|2019|2023,z<-1.5
1200,2018|2018|2022|2022|2021|2023|2021|2025|2024,z<-1.5
1201,2024|2019|2023|2019|2020|2018|2020|2023|2021,z<-1.5
1202,2022|2024|2020|2019|2025|2019|2025|2022|2023,z<-1.5
1203,2018|2017|2024|2017|2025|2021|2024|2018|2025,z<-1.5
1204,2022|2022|2024|2023|2025|2024|2018|2021|2018,z<-1.5
1205,2022|2021|2018|2021|2021|2018|2025|2023|2018,z<-1.5
1206,2023|2019|2017|2025|2020|2024|2022|2020|2024,z<-1.5
1207,2025|2017|2023|2018|2020|2020|2018|2019|2022,z<-1.5
1208,2023|2025|2019|2022|2018|2023|2020|2018|2023,z<-1.5
1209,2022|2019|2022|2023|2024|2025|2018|2017|2023,z<-1.5
1210,2019|2017|2023|2021|2019|2017|2020|2019|2024,z<-1.5
1211,2024|2025|2022|2019|2024|2024|2017|2017|2021,z<-1.5
1212,2019|2021|2019|2017|2025|2021|2017|2022|2025,z<-1.5
1213,2020|2023|2017|2025|2018|2019|2021|2023|2019,z<-1.5
1214,2019|2020|2024|2020|2022|2023|2022|2025|2022,z<-1.5
1215,2023|2017|2025|2019|2022|2025|2019|2023|2025,z<-1.5
1216,2018|2025|2024|2018|2022|2023|2019|2021|2017,z<-1.5
1217,2017|2025|2020|2020|2020|2018|2019|2020|2023,z<-1.5
1218,2022|2021|2020|2024|2021|2024|2017|2025|2020,z<-1.5
1219,2020|2021|2024|2017|2017|2024|2025|2022|2022,z<-1.5
1220,2024|2023|2024|2019|2025|2019|2022|2018|2019,z<-1.5
1221,2018|2024|2024|2022|2017|2024|2018|2017|2023,z<-1.5
1222,2023|2024|2025|2024|2023|2021|2018|2018|2023,z<-1.5
1223,2018|2021|2020|2022|2022|2019|2025|2023|2023,z<-1.5
1224,2019|2021|2021|2025|2019|2023|2020|2020|2024,z<-1.5
1225,2017|2019|2021|2025|2019|2024|2018|2024|2017,z<-1.5
1226,2020|2022|2024|2018|2022|2023|2023|2019|2019,z<-1.5
1227,2024|2022|2024|2021|2023|2020|2022|2024|2024,z<-1.5
1228,2024|2025|2023|2025|2023|2025|2017|2025|2023,z<-1.5
1229,2021|2019|2019|2020|2023|2023|2018|2019|2017,z<-1.5
1230,2019|2024|2023|2018|2024|2022|2017|2019|2020,z<-1.5
1231,2020|2020|2019|2025|2022|2023|2019|2024|2022,z<-1.5
1232,2024|2018|2019|2018|2019|2020|2024|2024|2024,z<-1.5
1233,2022|2022|2019|2019|2018|2018|2025|2025|2021,z<-1.5
1234,2022|2022|2025|2025|2019|2025|2025|2024|2023,z<-1.5
1235,2023|2020|2023|2024|2025|2020|2017|2023|2021,z<-1.5
1236,2019|2018|2021|2019|2024|2017|2021|2025|2021,z<-1.5
1237,2025|2025|2024|2024|2022|2019|2019|2025|2021,z<-1.5
1238,2018|2020|2024|2018|2018|2018|2019|2021|2024,z<-1.5
1239,2017|2019|2022|2025|2024|2019|2019|2025|2018,z<-1.5
1240,2025|2020|2022|2022|2018|2019|2023|2025|2018,z<-1.5
1241,2022|2021|2025|2024|2025|2023|2022|2020|2017,z<-1.5
1242,2025|2023|2025|2020|2024|2021|2022|2025|2019,z<-1.5
1243,2018|2022|2022|2017|2018|2025|2022|2024|2023,z<-1.5
1244,2023|2017|2020|2023|2022|2018|2023|2022|2019,z<-1.5
1245,2021|2025|2021|2019|2018|2018|2022|2023|2019,z<-1.5
1246,2017|2020|2021|2022|2021|2017|2021|2019|2019,z<-1.5
1247,2023|2017|2020|2024|2017|2017|2025|2021|2022,z<-1.5
1248,2021|2017|2024|2019|2017|2022|2017|2023|2023,z<-1.5
1249,2025|2018|2025|2019|2019|2024|2021|2018|2022,z<-1.5
1250,2024|2019|2020|2020|2023|2019|2019|2017|2017,z<-1.5
1251,2018|2018|2020|2017|2021|2023|2025|2023|2024,z<-1.5
1252,2019|2024|2023|2018|2022|2020|2021|2020|2021,z<-1.5
1253,2018|2017|2024|2022|2020|2019|2019|2019|2022,z<-1.5
1254,2023|2017|2022|2022|2022|2018|2024|2022|2019,z<-1.5
1255,2023|2024|2025|2024|2021|2018|2019|2019|2025,z<-1.5
1256,2019|2024|2021|2020|2025|2021|2020|2020|2023,z<-1.5
1257,2018|2023|2021|2024|2021|2024|2024|2019|2017,z<-1.5
1258,2025|2019|2021|2021|2017|2017|2017|2025|2024,z<-1.5
1259,2024|2017|2023|2025|2017|2025|2018|2019|2025,z<-1.5
1260,2021|2021|2024|2021|2024|2021|2018|2021|2023,z<-1.5
1261,2025|2021|2023|2020|2025|2024|2018|2025|2020,z<-1.5
1262,2024|2023|2023|2019|2024|2021|2019|2020|2022,z<-1.5
1263,2025|2021|2025|2020|2018|2021|2020|2021|2024,z<-1.5
1264,2018|2022|2024|2018|2023|2018|2023|2017|2017,z<-1.5
1265,2023|2025|2023|2023|2021|2019|2021|2018|2022,z<-1.5
1266,2022|2020|2020|2022|2023|2022|2023|2018|2023,z<-1.5
1267,2018|2022|2024|2018|2020|2023|2024|2018|2025,z<-1.5
1268,2020|2019|2022|2025|2022|2021|2018|2021|2023,z<-1.5
1269,2024|2017|2023|2020|2020|2023|2022|2023|2021,z<-1.5
1270,2019|2020|2017|2020|2017|2023|2025|2025|2023,z<-1.5
1271,2022|2019|2020|2023|2021|2022|2019|2019|2018,z<-1.5
1272,2020|2017|2020|2024|2021|2025|2022|2023|2020,z<-1.5
1273,2019|2022|2020|2020|2023|2023|2022|2019|2020,z<-1.5
1274,2017|2022|2023|2019|2021|2017|2025|2018|2022,z<-1.5
1275,2022|2017|2024|2017|2025|2020|2018|2020|2022,z<-1.5
1276,2023|2020|2021|2024|2017|2021|2020|2024|2022,z<-1.5
1277,2017|2017|2018|2023|2023|2019|2024|2017|2019,z<-1.5
1278,2022|2022|2020|2025|2018|2022|2025|2018|2023,z<-1.5
1279,2023|2020|2025|2023|2019|2017|2021|2024|2023,z<-1.5
1280,2021|2025|2017|2024|2024|2023|2019|2019|2023,z<-1.5
1281,2017|2018|2025|2022|2023|2025|2017|2023|2017,z<-1.5
1282,2019|2019|2022|2018|2018|2018|2025|2020|2019,z<-1.5
1283,2024|2024|2021|2025|2018|2019|2024|2021|2022,z<-1.5
1284,2021|2023|2025|2024|2023|2017|2021|2024|2025,z<-1.5
1285,2024|2023|2025|2022|2022|2025|2023|2019|2022,z<-1.5
1286,2023|2024|2024|2024|2019|2022|2019|2025|2018,z<-1.5
1287,2017|2018|2019|2019|2019|2021|2021|2017|2017,z<-1.5
1288,2021|2023|2024|2017|2020|2021|2018|2019|2022,z<-1.5
1289,2025|2024|2025|2020|2020|2017|2021|2023|2023,z<-1.5
1290,2022|2024|2023|2023|2021|2017|2025|2021|2019,z<-1.5
1291,2023|2019|2019|2017|2022|2018|2019|2025|2020,z<-1.5
1292,2017|2019|2020|2020|2019|2017|2025|2017|2020,z<-1.5
1293,2020|2020|2020|2017|2023|2023|2021|2021|2017,z<-1.5
1294,2021|2025|2023|2018|2018|2019|2021|2023|2023,z<-1.5
1295,2019|2023|2024|2022|2025|2023|2020|2020|2021,z<-1.5
1296,2019|2018|2022|2017|2017|2022|2024|2020|2020,z<-1.5
1297,2024|2022|2017|2021|2025|2023|2017|2022|2025,z<-1.5
1298,2025|2018|2020|2021|2023|2024|2025|2020|2020,z<-1.5
1299,2025|2022|2018|2018|2024|2023|2025|2023|2021,z<-1.5
1300,2017|2018|2017|2022|2022|2023|2020|2018|2020,z<-1.5
1301,2025|2024|2023|2022|2024|2018|2024|2025|2019,z<-1.5
1302,2025|2017|2021|2020|2025|2024|2025|2022|2025,z<-1.5
1303,2021|2023|2020|2020|2019|2019|2025|2022|2023,z<-1.5
1304,2024|2017|2020|2017|2025|2025|2023|2019|2017,z<-1.5
1305,2020|2022|2023|2019|2017|2020|2025|2022|2021,z<-1.5
1306,2019|2019|2019|2023|2017|2024|2025|2017|2018,z<-1.5
1307,2017|2021|2024|2019|2019|2022|2022|2021|2024,z<-1.5
1308,2023|2023|2025|2021|2020|2022|2022|2017|2022,z<-1.5
1309,2023|2022|2023|2022|2018|2019|2022|2021|2019,z<-1.5
1310,2019|2017|2017|2018|2018|2021|2021|2017|2023,z<-1.5
1311,2022|2023|2021|2023|2021|2021|2025|2025|2025,z<-1.5
1312,2021|2022|2020|2021|2021|2020|2025|2018|2023,z<-1.5
1313,2024|2020|2019|2020|2023|2020|2025|2024|2019,z<-1.5
1314,2019|2020|2025|2022|2017|2020|2019|2023|2020,z<-1.5
1315,2025|2019|2021|2024|2018|2020|2021|2019|2019,z<-1.5
1316,2023|2018|2017|2019|2017|2021|2025|2017|2018,z<-1.5
1317,2018|2020|2025|2018|2022|2021|2025|2019|2020,z<-1.5
1318,2017|2018|2020|2018|2023|2017|2024|2022|2017,z<-1.5
1319,2024|2024|2025|2022|2019|2017|2024|2024|2022,z<-1.5
1320,2018|2017|2022|2024|2018|2017|2017|2021|2019,z<-1.5
1321,2021|2017|2024|2018|2021|2020|2017|2021|2022,z<-1.5
1322,2022|2022|2023|2019|2018|2019|2024|2020|2020,z<-1.5
1323,2023|2020|2022|2018|2018|2020|2024|2025|2018,z<-1.5
1324,2019|2020|2023|2017|2022|2024|2021|2018|2019,z<-1.5
1325,2022|2020|2022|2019|2017|2018|2024|2017|2019,z<-1.5
1326,2024|2017|2017|2020|2024|2018|2023|2023|2022,z<-1.5
1327,2017|2021|2019|2020|2021|2022|2020|2025|2025,z<-1.5
1328,2023|2025|2019|2023|2024|2023|2022|2017|2017,z<-1.5
1329,2021|2017|2019|2018|2020|2020|2021|2020|2018,z<-1.5
1330,2022|2020|2025|2025|2019|2017|2021|2019|2024,z<-1.5
1331,2022|2021|2022|2020|2020|2024|2021|2022|2021,z<-1.5
1332,2024|2018|2023|2025|2025|2018|2021|2020|2022,z<-1.5
1333,2025|2023|2025|2018|2022|2019|2021|2023|2025,z<-1.5
1334,2023|2019|2025|2018|2019|2018|2023|2024|2024,z<-1.5
1335,2023|2017|2025|2021|2018|2019|2019|2021|2017,z<-1.5
1336,2023|2017|2023|2023|2022|2018|2017|2021|2020,z<-1.5
1337,2019|2019|2018|2021|2020|2022|2022|2020|2024,z<-1.5
1338,2025|2019|2023|2025|2017|2018|2021|2017|2022,z<-1.5
1339,2020|2017|2018|2019|2022|2019|2025|2019|2017,z<-1.5
1340,2025|2018|2019|2019|2018|2020|2025|2017|2020,z<-1.5
1341,2025|2019|2023|2021|2017|2020|2021|2024|2020,z<-1.5
1342,2021|2019|2023|2025|2023|2018|2022|2018|2018,z<-1.5
1343,2018|2020|2019|2019|2018|2025|2017|2020|2022,z<-1.5
1344,2025|2022|2020|2022|2024|2020|2024|2019|2024,z<-1.5
1345,2018|2023|2025|2025|2021|2021|2019|2023|2021,z<-1.5
1346,2025|2025|2018|2025|2020|2024|2021|2024|2018,z<-1.5
1347,2023|2020|2020|2023|2020|2023|2022|2017|2024,z<-1.5
1348,2017|2020|2021|2019|2022|2020|2021|2024|2024,z<-1.5
1349,2018|2021|2021|2024|2018|2018|2020|2022|2022,z<-1.5
1350,2021|2021|2019|2025|2022|2020|2020|2024|2020,z<-1.5
1351,2017|2020|2022|2024|2017|2022|2021|2025|2017,z<-1.5
1352,2020|2022|2017|2020|2024|2025|2021|2018|2017,z<-1.5
1353,2020|2025|2023|2018|2025|2020|2022|2018|2020,z<-1.5
1354,2020|2025|2017|2023|2024|2023|2023|2017|2018,z<-1.5
1355,2023|2022|2021|2017|2024|2020|2023|2025|2024,z<-1.5
1356,2021|2024|2019|2018|2018|2025|2017|2017|2024,z<-1.5
1357,2017|2021|2021|2025|2019|2019|2018|2023|2017,z<-1.5
1358,2022|2021|2021|2020|2024|2021|2023|2025|2024,z<-1.5
1359,2019|2024|2021|2021|2025|2017|2024|2018|2017,z<-1.5
1360,2024|2024|2025|2022|2022|2022|2020|2019|2024,z<-1.5
1361,2020|2020|2018|2023|2024|2025|2023|2023|2020,z<-1.5
1362,2024|2023|2023|2022|2018|2024|2020|2018|2021,z<-1.5
1363,2020|2023|2021|2017|2020|2018|2025|2022|2024,z<-1.5
1364,2021|2023|2020|2020|2020|2023|2018|2020|2024,z<-1.5
1365,2018|2023|2023|2022|2017|2022|2019|2025|2018,z<-1.5
1366,2024|2018|2023|2022|2022|2022|2024|2025|2024,z<-1.5
1367,2022|2021|2021|2017|2019|2024|2024|2023|2021,z<-1.5
1368,2020|2019|2022|2018|2019|2021|2020|2022|2017,z<-1.5
1369,2019|2017|2018|2025|2019|2018|2022|2023|2025,z<-1.5
1370,2020|2017|2024|2025|2025|2024|2021|2023|2018,z<-1.5
1371,2024|2025|2017|2023|2018|2020|2018|2022|2017,z<-1.5
1372,2018|2020|2025|2022|2023|2020|2024|2024|2025,z<-1.5
1373,2023|2023|2017|2019|2024|2018|2022|2019|2020,z<-1.5
1374,2025|2025|2023|2017|2023|2017|2025|2025|2017,z<-1.5
1375,2022|2024|2025|2023|2020|2019|2018|2021|2023,z<-1.5
1376,2020|2025|2022|2024|2018|2021|2022|2024|2020,z<-1.5
1377,2021|2017|2022|2022|2020|2023|2020|2018|2018,z<-1.5
1378,2022|2017|2018|2021|2020|2020|2020|2019|2018,z<-1.5
1379,2023|2019|2020|2021|2022|2017|2023|2019|2019,z<-1.5
1380,2023|2025|2024|2025|2017|2019|2017|2024|2017,z<-1.5
1381,2025|2018|2025|2021|2018|2021|2025|2020|2019,z<-1.5
1382,2021|2021|2018|2022|2020|2020|2025|2019|2018,z<-1.5
1383,2019|2022|2025|2025|2024|2021|2017|2018|2025,z<-1.5
1384,2023|2017|2025|2023|2022|2023|2025|2020|2023,z<-1.5
1385,2020|2017|2023|2020|2025|2021|2020|2025|2017,z<-1.5
1386,2025|2018|2021|2017|2022|2024|2023|2017|2024,z<-1.5
1387,2020|2021|2025|2022|2019|2018|2020|2022|2018,z<-1.5
1388,2019|2024|2017|2020|2023|2019|2025|2025|2021,z<-1.5
1389,2021|2020|2024|2025|2025|2022|2017|2022|2017,z<-1.5
1390,2023|2017|2025|2022|2019|2018|2021|2025|2019,z<-1.5
1391,2018|2021|2017|2021|2025|2022|2023|2020|2024,z<-1.5
1392,2024|2021|2019|2021|2025|2017|2024|2017|2020,z<-1.5
1393,2020|2023|2023|2018|2019|2024|2025|2022|2018,z<-1.5
1394,2025|2018|2022|2018|2023|2024|2017|2020|2023,z<-1.5
1395,2017|2018|2023|2023|2020|2017|2023|2022|2018,z<-1.5
1396,2019|2022|2024|2018|2018|2019|2021|2019|2021,z<-1.5
1397,2023|2021|2022|2021|2023|2023|2022|2023|2021,z<-1.5
1398,2023|2024|2020|2017|2017|2022|2025|2024|2022,z<-1.5
1399,2021|2018|2018|2021|2022|2017|2022|2023|2025,z<-1.5
1400,2022|2022|2018|2022|2018|2022|2018|2019|2017,z<-1.5
1401,2020|2021|2022|2017|2022|2025|2024|2020|2018,z<-1.5
1402,2024|2018|2023|2019|2021|2022|2021|2020|2023,z<-1.5
1403,2018|2025|2025|2021|2025|2025|2023|2020|2025,z<-1.5
1404,2019|2017|2019|2019|2019|2017|2022|2023|2017,z<-1.5
1405,2018|2024|2025|2018|2022|2020|2023|2023|2018,z<-1.5
1406,2017|2018|2021|2019|2017|2021|2019|2021|2021,z<-1.5
1407,2021|2021|2025|2018|2022|2017|2020|2021|2023,z<-1.5
1408,2018|2020|2020|2023|2018|2020|2019|2025|2020,z<-1.5
1409,2021|2019|2025|2023|2018|2025|2024|2025|2022,z<-1.5
1410,2017|2021|2024|2018|2024|2021|2019|2020|2024,z<-1.5
1411,2022|2022|2022|2024|2019|2017|2017|2021|2018,z<-1.5
1412,2023|2023|2024|2022|2017|2017|2024|2019|2017,z<-1.5
1413,2023|2023|2023|2022|2018|2025|2020|2023|2021,z<-1.5
1414,2018|2021|2021|2024|2018|2021|2021|2025|2018,z<-1.5
1415,2023|2022|2018|2024|2020|2017|2021|2019|2023,z<-1.5
1416,2022|2024|2022|2019|2021|2023|2020|2023|2017,z<-1.5
1417,2024|2018|2025|2025|2021|2023|2017|2021|2020,z<-1.5
1418,2023|2018|2020|2020|2022|2019|2018|2021|2023,z<-1.5
1419,2018|2024|2017|2018|2023|2024|2018|2017|2024,z<-1.5
1420,2025|2023|2019|2018|2019|2017|2021|2020|2019,z<-1.5
1421,2024|2019|2020|2019|2024|2018|2019|2021|2020,z<-1.5
1422,2023|2025|2018|2023|2020|2019|2020|2022|2024,z<-1.5
1423,2019|2025|2022|2024|2019|2023|2019|2021|2017,z<-1.5
1424,2023|2024|2021|2019|2024|2023|2018|2017|2023,z<-1.5
1425,2025|2025|2024|2024|2023|2023|2018|2020|2020,z<-1.5
1426,2020|2018|2025|2022|2019|2017|2025|2020|2019,z<-1.5
1427,2017|2024|2020|2020|2020|2024|2018|2019|2021,z<-1.5
1428,2022|2021|2024|2018|2020|2025|2018|2025|2025,z<-1.5
1429,2020|2021|2025|2017|2017|2021|2023|2017|2021,z<-1.5
1430,2024|2020|2018|2017|2022|2023|2019|2017|2025,z<-1.5
1431,2018|2024|2021|2017|2024|2021|2023|2020|2018,z<-1.5
1432,2018|2019|2020|2021|2023|2017|2024|2017|2019,z<-1.5
1433,2019|2019|2017|2022|2023|2018|2023|2018|2021,z<-1.5
1434,2017|2022|2017|2024|2018|2018|2019|2024|2018,z<-1.5
1435,2018|2019|2018|2025|2018|2021|2018|2023|2018,z<-1.5
1436,2021|2020|2018|2020|2025|2024|2024|2020|2023,z<-1.5
1437,2017|2019|2022|2023|2025|2022|2022|2019|2021,z<-1.5
1438,2021|2021|2024|2019|2023|2019|2023|2022|2021,z<-1.5
1439,2022|2022|2021|2022|2017|2017|2022|2022|2018,z<-1.5
1440,2020|2018|2020|2023|2025|2019|2023|2021|2023,z<-1.5
1441,2025|2024|2018|2024|2020|2021|2019|2021|2023,z<-1.5
1442,2018|2018|2018|2024|2024|2019|2021|2025|2023,z<-1.5
1443,2022|2023|2018|2020|2023|2021|2025|2021|2025,z<-1.5
1444,2023|2018|2025|2017|2025|2024|2025|2023|2020,z<-1.5
1445,2020|2022|2017|2018|2018|2024|2024|2024|2024,z<-1.5
1446,2017|2019|2025|2018|2024|2018|2021|2024|2023,z<-1.5
1447,2021|2021|2025|2019|2018|2025|2020|2023|2021,z<-1.5
1448,2024|2024|2019|2020|2020|2022|2025|2021|2023,z<-1.5
1449,2020|2017|2024|2025|2022|2023|2025|2024|2022,z<-1.5
1450,2025|2024|2022|2018|2025|2019|2019|2017|2018,z<-1.5
1451,2021|2023|2017|2019|2024|2019|2018|2022|2020,z<-1.5
1452,2017|2022|2018|2020|2020|2022|2019|2020|2024,z<-1.5
1453,2021|2024|2023|2022|2025|2018|2023|2023|2023,z<-1.5
1454,2022|2017|2024|2022|2023|2017|2020|2024|2023,z<-1.5
1455,2019|2019|2018|2023|2020|2017|2019|2024|2018,z<-1.5
1456,2018|2023|2020|2023|2018|2022|2017|2019|2020,z<-1.5
1457,2022|2019|2022|2020|2019|2018|2023|2018|2019,z<-1.5
1458,2019|2024|2018|2024|2017|2017|2019|2024|2020,z<-1.5
1459,2020|2022|2023|2018|2025|2019|2024|2025|2017,z<-1.5
1460,2023|2024|2024|2018|2018|2017|2024|2025|2019,z<-1.5
1461,2025|2024|2025|2024|2019|2025|2022|2025|2024,z<-1.5
1462,2022|2018|2023|2022|2020|2024|2018|2025|2017,z<-1.5
1463,2023|2023|2019|2021|2017|2022|2017|2017|2017,z<-1.5
1464,2017|2017|2022|2019|2020|2018|2022|2019|2020,z<-1.5
1465,2020|2024|2022|2017|2017|2018|2025|2025|2020,z<-1.5
1466,2021|2024|2020|2024|2025|2023|2021|2019|2025,z<-1.5
1467,2019|2018|2025|2023|2017|2023|2022|2018|2017,z<-1.5
1468,2019|2021|2019|2025|2023|2024|2019|2024|2024,z<-1.5
1469,2019|2023|2018|2021|2018|2019|2020|2020|2021,z<-1.5
1470,2022|2018|2023|2022|2020|2020|2017|2023|2018,z<-1.5
1471,2021|2024|2020|2017|2023|2020|2020|2020|2020,z<-1.5
1472,2023|2020|2023|2019|2019|2022|2024|2023|2022,z<-1.5
1473,2017|2024|2021|2021|2021|2019|2023|2024|2023,z<-1.5
1474,2021|2018|2024|2019|2018|2023|2018|2024|2025,z<-1.5
1475,2022|2017|2024|2023|2017|2022|2023|2021|2019,z<-1.5
1476,2024|2023|2025|2024|2020|2023|2021|2017|2024,z<-1.5
1477,2025|2024|2023|2025|2020|2017|2023|2022|2023,z<-1.5
1478,2023|2021|2017|2024|2019|2019|2017|2017|2018,z<-1.5
1479,2020|2020|2024|2024|2025|2017|2024|2024|2023,z<-1.5
1480,2024|2021|2022|2024|2019|2021|2024|2024|2023,z<-1.5
1481,2024|2024|2019|2021|2018|2023|2021|2020|2023,z<-1.5
1482,2023|2017|2022|2025|2024|2025|2021|2021|2019,z<-1.5
1483,2021|2019|2023|2017|2024|2025|2023|2025|2023,z<-1.5
1484,2022|2018|2017|2018|2017|2024|2020|2021|2022,z<-1.5
1485,2024|2022|2021|2021|2017|2021|2023|2018|2021,z<-1.5
1486,2022|2023|2022|2017|2021|2024|2023|2025|2022,z<-1.5
1487,2023|2022|2017|2023|2022|2023|2019|2024|2022,z<-1.5
1488,2022|2023|2017|2018|2022|2019|2017|2017|2018,z<-1.5
1489,2021|2019|2025|2021|2017|2019|2025|2023|2017,z<-1.5
1490,2025|2018|2025|2017|2022|2018|2020|2021|2020,z<-1.5
1491,2020|2023|2023|2017|2025|2024|2018|2024|2020,z<-1.5
1492,2021|2017|2018|2021|2020|2019|2017|2022|2022,z<-1.5
1493,2022|2023|2023|2023|2022|2025|2019|2019|2020,z<-1.5
1494,2023|2018|2018|2023|2017|2020|2019|2022|2021,z<-1.5
1495,2020|2018|2017|2019|2017|2025|2021|2017|2024,z<-1.5
1496,2018|2024|2019|2024|2017|2020|2024|2025|2018,z<-1.5
1497,2017|2021|2021|2019|2017|2023|2017|2018|2021,z<-1.5
1498,2024|2024|2019|2023|2019|2018|2017|2018|2017,z<-1.5
1499,2025|2017|2018|2021|2019|2025|2019|2020|2025,z<-1.5
1500,2022|2024|2023|2018|2021|2019|2024|2023|2018,z<-1.5
1501,2020|2025|2025|2018|2020|2025|2019|2025|2021,z<-1.5
1502,2025|2025|2019|2019|2022|2018|2020|2024|2021,z<-1.5
1503,2023|2019|2018|2025|2023|2023|2021|2025|2017,z<-1.5
1504,2024|2024|2023|2019|2022|2023|2025|2019|2021,z<-1.5
1505,2018|2019|2025|2020|2018|2023|2018|2017|2023,z<-1.5
1506,2024|2019|2022|2024|2019|2021|2018|2020|2020,z<-1.5
1507,2019|2022|2019|2025|2019|2019|2021|2024|2024,z<-1.5
1508,2020|2018|2024|2018|2023|2020|2022|2024|2024,z<-1.5
1509,2020|2024|2018|2024|2017|2025|2018|2017|2019,z<-1.5
1510,2022|2021|2021|2022|2024|2022|2017|2024|2021,z<-1.5
1511,2024|2025|2020|2019|2023|2017|2018|2017|2022,z<-1.5
1512,2023|2019|2022|2017|2021|2023|2022|2021|2017,z<-1.5
1513,2022|2022|2021|2021|2024|2018|2021|2025|2018,z<-1.5
1514,2023|2017|2022|2022|2020|2021|2019|2020|2025,z<-1.5
1515,2017|2025|2021|2019|2018|2019|2017|2019|2020,z<-1.5
1516,2020|2020|2019|2025|2017|2018|2022|2025|2022,z<-1.5
1517,2017|2017|2025|2017|2023|2023|2017|2025|2017,z<-1.5
1518,2023|2023|2017|2021|2020|2023|2017|2019|2024,z<-1.5
1519,2022|2025|2023|2025|2020|2024|2020|2020|2025,z<-1.5
1520,2020|2021|2025|2025|2019|2018|2023|2018|2023,z<-1.5
1521,2023|2020|2025|2019|2022|2019|2018|2019|2018,z<-1.5
1522,2017|2024|2022|2025|2017|2018|2018|2022|2020,z<-1.5
1523,2025|2020|2022|2025|2019|2019|2019|2017|2025,z<-1.5
1524,2023|2023|2023|2024|2025|2025|2022|2021|2025,z<-1.5
1525,2018|2022|2022|2018|2023|2021|2023|2022|2022,z<-1.5
1526,2019|2020|2021|2020|2020|2024|2019|2025|2017,z<-1.5
1527,2025|2024|2018|2022|2017|2024|2024|2021|2024,z<-1.5
1528,2019|2025|2023|2021|2017|2017|2024|2017|2024,z<-1.5
1529,2023|2025|2024|2020|2017|2022|2021|2019|2023,z<-1.5
1530,2023|2021|2019|2017|2022|2022|2025|2021|2022,z<-1.5
1531,2017|2018|2024|2023|2018|2025|2018|2019|2022,z<-1.5
1532,2019|2022|2018|2021|2019|2022|2019|2022|2021,z<-1.5
1533,2025|2018|2024|2022|2022|2021|2020|2017|2024,z<-1.5
1534,2017|2019|2025|2023|2020|2024|2025|2025|2021,z<-1.5
1535,2024|2021|2021|2017|2025|2022|2024|2021|2019,z<-1.5
1536,2025|2024|2023|2025|2018|2025|2017|2022|2024,z<-1.5
1537,2019|2017|2018|2022|2022|2023|2022|2017|2020,z<-1.5
1538,2023|2021|2017|2017|2023|2025|2017|2023|2025,z<-1.5
1539,2020|2020|2023|2017|2024|2022|2023|2021|2019,z<-1.5
1540,2019|2023|2020|2018|2022|2023|2025|2025|2022,z<-1.5
1541,2021|2020|2018|2017|2019|2022|2021|2022|2023,z<-1.5
1542,2024|2025|2018|2022|2024|2022|2019|2020|2023,z<-1.5
1543,2018|2022|2017|2017|2019|2020|2022|2020|2022,z<-1.5
1544,2022|2018|2021|2019|2024|2022|2018|2017|2023,z<-1.5
1545,2025|2018|2023|2019|2018|2024|2020|2021|2023,z<-1.5
1546,2020|2019|2025|2022|2020|2018|2019|2018|2023,z<-1.5
1547,2023|2022|2023|2019|2023|2023|2024|2023|2021,z<-1.5
1548,2025|2020|2017|2018|2022|2021|2020|2020|2022,z<-1.5
1549,2023|2025|2021|2023|2021|2024|2017|2018|2020,z<-1.5
1550,2023|2024|2021|2019|2023|2020|2017|2024|2025,z<-1.5
1551,2021|2025|2021|2021|2021|2017|2019|2022|2024,z<-1.5
1552,2024|2018|2019|2022|2019|2018|2025|2017|2019,z<-1.5
1553,2020|2022|2023|2020|2019|2020|2022|2023|2020,z<-1.5
1554,2019|2017|2025|2021|2020|2022|2021|2023|2017,z<-1.5
1555,2022|2019|2022|2022|2020|2021|2023|2024|2021,z<-1.5
1556,2021|2023|2021|2021|2021|2022|2018|2023|2019,z<-1.5
1557,2025|2020|2020|2020|2022|2025|2023|2018|2020,z<-1.5
1558,2024|2017|2019|2024|2025|2020|2025|2025|2021,z<-1.5
1559,2017|2024|2017|2023|2021|2019|2023|2018|2024,z<-1.5
1560,2020|2021|2021|2025|2023|2024|2024|2025|2020,z<-1.5
1561,2018|2023|2018|2025|2017|2021|2020|2020|2021,z<-1.5
1562,2019|2022|2024|2018|2025|2018|2017|2019|2021,z<-1.5
1563,2021|2020|2024|2020|2024|2018|2024|2023|2025,z<-1.5
1564,2018|2017|2022|2018|2022|2018|2018|2025|2024,z<-1.5
1565,2024|2021|2022|2021|2020|2020|2017|2020|2018,z<-1.5
1566,2018|2017|2018|2025|2020|2020|2022|2025|2019,z<-1.5
1567,2020|2018|2023|2018|2024|2023|2022|2018|2017,z<-1.5
1568,2017|2020|2020|2025|2025|2020|2024|2020|2022,z<-1.5
1569,2018|2019|2024|2017|2022|2020|2019|2020|2025,z<-1.5
1570,2020|2021|2018|2023|2021|2021|2025|2018|2018,z<-1.5
1571,2017|2022|2018|2022|2022|2022|2017|2022|2019,z<-1.5
1572,2023|2024|2020|2020|2022|2021|2025|2022|2023,z<-1.5
1573,2025|2018|2017|2018|2024|2021|2017|2018|2024,z<-1.5
1574,2022|2025|2018|2025|2024|2017|2020|2025|2018,z<-1.5
1575,2018|2020|2025|2023|2017|2018|2022|2018|2024,z<-1.5
1576,2024|2019|2025|2023|2024|2024|2024|2021|2021,z<-1.5
1577,2019|2021|2019|2020|2025|2020|2019|2018|2018,z<-1.5
1578,2022|2022|2021|2023|2021|2025|2020|2019|2021,z<-1.5
1579,2019|2023|2025|2017|2021|2021|2021|2024|2025,z<-1.5
1580,2019|2019|2017|2022|2021|2019|2017|2018|2017,z<-1.5
1581,2022|2022|2024|2017|2024|2023|2017|2021|2018,z<-1.5
1582,2024|2021|2022|2024|2020|2017|2024|2022|2017,z<-1.5
1583,2025|2024|2022|2025|2018|2021|2022|2020|2017,z<-1.5
1584,2024|2022|2022|2024|2022|2024|2021|2020|2021,z<-1.5
1585,2019|2018|2017|2021|2022|2024|2020|2024|2023,z<-1.5
1586,2021|2022|2019|2024|2023|2018|2017|2017|2018,z<-1.5
1587,2021|2017|2023|2022|2018|2025|2020|2020|2024,z<-1.5
1588,2022|2025|2020|2019|2017|2024|2022|2017|2019,z<-1.5
1589,2023|2017|2025|2020|2024|2023|2020|2024|2025,z<-1.5
1590,2023|2017|2025|2020|2022|2023|2025|2021|2024,z<-1.5
1591,2023|2023|2017|2024|2018|2025|2025|2021|2018,z<-1.5
1592,2018|2018|2021|2019|2019|2025|2023|2023|2020,z<-1.5
1593,2018|2022|2021|2018|2017|2022|2017|2022|2022,z<-1.5
1594,2024|2020|2021|2018|2022|2022|2019|2020|2024,z<-1.5
1595,2024|2022|2017|2018|2025|2022|2022|2024|2023,z<-1.5
1596,2024|2023|2018|2020|2022|2025|2021|2025|2019,z<-1.5
1597,2025|2024|2018|2021|2021|2025|2021|2023|2021,z<-1.5
1598,2017|2022|2024|2024|2022|2022|2019|2017|2025,z<-1.5
1599,2022|2018|2021|2024|2025|2020|2024|2025|2024,z<-1.5
1600,2017|2020|2023|2020|2024|2017|2023|2022|2024,z<-1.5
1601,2024|2019|2019|2019|2023|2018|2021|2023|2020,z<-1.5
1602,2023|2017|2019|2022|2019|2018|2024|2017|2023,z<-1.5
1603,2020|2018|2020|2021|2021|2017|2022|2024|2022,z<-1.5
1604,2025|2019|2017|2024|2024|2017|2021|2021|2017,z<-1.5
1605,2025|2022|2019|2017|2018|2025|2017|2023|2020,z<-1.5
1606,2017|2024|2024|2019|2025|2022|2024|2023|2024,z<-1.5
1607,2024|2018|2019|2019|2025|2018|2020|2021|2025,z<-1.5
1608,2022|2020|2023|2020|2022|2023|2019|2024|2025,z<-1.5
1609,2025|2021|2019|2020|2021|2023|2017|2020|2017,z<-1.5
1610,2017|2020|2022|2017|2020|2023|2020|2025|2020,z<-1.5
1611,2020|2025|2018|2025|2020|2018|2019|2019|2020,z<-1.5
1612,2021|2022|2022|2018|2020|2020|2019|2025|2022,z<-1.5
1613,2021|2021|2021|2024|2025|2021|2023|2019|2020,z<-1.5
1614,2017|2017|2017|2023|2022|2023|2018|2017|2020,z<-1.5
1615,2023|2023|2021|2021|2023|2018|2025|2018|2025,z<-1.5
1616,2019|2021|2018|2020|2018|2019|2019|2025|2017,z<-1.5
1617,2023|2022|2024|2018|2017|2025|2023|2020|2018,z<-1.5
1618,2018|2020|2025|2017|2018|2022|2024|2025|2024,z<-1.5
1619,2022|2017|2022|2022|2020|2018|2020|2018|2024,z<-1.5
1620,2024|2023|2019|2019|2024|2022|2024|2018|2017,z<-1.5
1621,2023|2025|2024|2025|2023|2019|2023|2024|2017,z<-1.5
1622,2020|2020|2021|2017|2024|2017|2017|2019|2021,z<-1.5
1623,2025|2023|2020|2021|2018|2017|2017|2022|2024,z<-1.5
1624,2024|2024|2017|2022|2025|2025|2018|2022|2022,z<-1.5
1625,2021|2018|2017|2022|2018|2022|2025|2019|2024,z<-1.5
1626,2024|2017|2022|2018|2019|2021|2017|2024|2023,z<-1.5
1627,2019|2019|2025|2022|2023|2017|2019|2025|2019,z<-1.5
1628,2020|2025|2023|2017|2024|2024|2020|2020|2017,z<-1.5
1629,2025|2019|2020|2020|2023|2024|2019|2019|2019,z<-1.5
1630,2022|2020|2019|2022|2017|2023|2021|2022|2017,z<-1.5
1631,2020|2020|2019|2023|2018|2022|2020|2017|2023,z<-1.5
1632,2019|2023|2017|2021|2025|2021|2017|2023|2024,z<-1.5
1633,2019|2023|2023|2025|2023|2020|2017|2018|2021,z<-1.5
1634,2021|2021|2019|2017|2017|2025|2020|2019|2023,z<-1.5
1635,2019|2017|2024|2025|2019|2019|2025|2017|2018,z<-1.5
1636,2023|2017|2021|2018|2018|2018|2024|2019|2019,z<-1.5
1637,2024|2022|2018|2021|2021|2017|2018|2025|2022,z<-1.5
1638,2024|2019|2019|2017|2017|2018|2020|2024|2022,z<-1.5
1639,2020|2020|2022|2021|2025|2017|2020|2018|2019,z<-1.5
1640,2018|2020|2021|2018|2018|2024|2017|2021|2018,z<-1.5
1641,2021|2024|2023|2023|2018|2017|2018|2021|2022,z<-1.5
1642,2025|2022|2020|2020|2023|2018|2020|2019|2019,z<-1.5
1643,2024|2018|2025|2020|2024|2018|2018|2025|2018,z<-1.5
1644,2018|2019|2022|2019|2023|2023|2023|2017|2017,z<-1.5
1645,2019|2017|2024|2020|2022|2024|2025|2025|2023,z<-1.5
1646,2024|2024|2020|2018|2025|2020|2017|2025|2021,z<-1.5
1647,2023|2017|2024|2018|2025|2023|2017|2019|2017,z<-1.5
1648,2020|2024|2019|2023|2024|2019|2018|2019|2024,z<-1.5
1649,2018|2018|2022|2020|2019|2024|2017|2017|2019,z<-1.5
1650,2017|2025|2022|2018|2023|2018|2024|2021|2021,z<-1.5
1651,2020|2022|2021|2025|2022|2020|2025|2020|2024,z<-1.5
1652,2024|2022|2019|2018|2025|2025|2022|2018|2019,z<-1.5
1653,2018|2023|2017|2021|2025|2021|2025|2019|2019,z<-1.5
1654,2020|2022|2021|2021|2017|2024|2021|2024|2017,z<-1.5
1655,2023|2018|2019|2024|2021|2020|2020|2021|2025,z<-1.5
1656,2022|2021|2021|2024|2019|2020|2024|2021|2023,z<-1.5
1657,2024|2024|2019|2025|2022|2018|2021|2021|2020,z<-1.5
1658,2022|2020|2020|2019|2019|2017|2021|2019|2023,z<-1.5
1659,2019|2017|2021|2019|2020|2019|2019|2023|2022,z<-1.5
1660,2023|2019|2019|2025|2021|2025|2022|2020|2021,z<-1.5
1661,2020|2022|2021|2018|2018|2023|2021|2023|2024,z<-1.5
1662,2023|2023|2023|2023|2021|2023|2024|2021|2024,z<-1.5
1663,2020|2017|2019|2020|2018|2025|2022|2018|2021,z<-1.5
1664,2023|2021|2023|2025|2024|2024|2020|2023|2019,z<-1.5
1665,2025|2024|2022|2021|2022|2021|2017|2023|2025,z<-1.5
1666,2018|2022|2022|2025|2020|2024|2018|2025|2022,z<-1.5
1667,2017|2019|2025|2019|2023|2024|2022|2024|2017,z<-1.5
1668,2017|2019|2025|2023|2019|2024|2022|2018|2019,z<-1.5
1669,2023|2020|2020|2019|2021|2025|2022|2024|2025,z<-1.5
1670,2017|2024|2022|2022|2019|2025|2021|2017|2024,z<-1.5
1671,2020|2017|2020|2023|2024|2019|2021|2025|2024,z<-1.5
1672,2023|2019|2023|2023|2018|2025|2018|2024|2023,z<-1.5
1673,2018|2025|2018|2025|2025|2025|2024|2024|2019,z<-1.5
1674,2019|2022|2021|2023|2018|2018|2023|2019|2023,z<-1.5
1675,2019|2017|2019|2022|2022|2017|2019|2023|2025,z<-1.5
1676,2025|2023|2017|2023|2021|2023|2021|2017|2018,z<-1.5
1677,2017|2023|2022|2025|2023|2020|2024|2019|2024,z<-1.5
1678,2017|2022|2018|2021|2020|2019|2025|2022|2018,z<-1.5
1679,2020|2021|2023|2021|2018|2022|2025|2019|2018,z<-1.5
1680,2017|2022|2022|2017|2021|2024|2023|2019|2017,z<-1.5
1681,2024|2022|2020|2023|2024|2023|2024|2019|2023,z<-1.5
1682,2018|2024|2024|2017|2024|2025|2022|2024|2020,z<-1.5
1683,2024|2017|2018|2017|2025|2021|2024|2021|2020,z<-1.5
1684,2022|2021|2020|2017|2019|2022|2017|2020|2021,z<-1.5
1685,2019|2024|2019|2025|2019|2025|2018|2022|2019,z<-1.5
1686,2017|2023|2018|2022|2020|2018|2020|2025|2022,z<-1.5
1687,2021|2020|2023|2023|2021|2024|2023|2025|2019,z<-1.5
1688,2025|2020|2020|2018|2022|2022|2019|2022|2019,z<-1.5
1689,2023|2024|2024|2024|2024|2025|2023|2024|2022,z<-1.5
1690,2023|2023|2024|2025|2023|2024|2019|2019|2025,z<-1.5
1691,2022|2023|2023|2020|2021|2019|2017|2018|2020,z<-1.5
1692,2020|2020|2017|2020|2022|2021|2020|2024|2025,z<-1.5
1693,2022|2025|2017|2023|2025|2021|2022|2017|2018,z<-1.5
1694,2024|2025|2025|2020|2022|2022|2024|2021|2018,z<-1.5
1695,2020|2025|2020|2018|2020|2019|2017|2019|2017,z<-1.5
1696,2017|2025|2019|2025|2021|2024|2018|2018|2017,z<-1.5
1697,2025|2024|2019|2017|2024|2017|2023|2022|2018,z<-1.5
1698,2017|2025|2020|2022|2019|2017|2022|2025|2020,z<-1.5
1699,2025|2025|2023|2023|2019|2017|2018|2020|2018,z<-1.5
1700,2025|2024|2021|2020|2023|2025|2019|2023|2020,z<-1.5
1701,2018|2020|2018|2019|2021|2017|2025|2021|2025,z<-1.5
1702,2019|2023|2023|2019|2019|2020|2023|2017|2024,z<-1.5
1703,2020|2024|2017|2025|2019|2018|2021|2019|2023,z<-1.5
1704,2018|2019|2020|2021|2023|2025|2021|2019|2017,z<-1.5
1705,2023|2025|2025|2019|2022|2025|2021|2017|2022,z<-1.5
1706,2025|2025|2018|2020|2018|2024|2024|2020|2022,z<-1.5
1707,2020|2025|2019|2020|2018|2022|2018|2018|2018,z<-1.5
1708,2025|2024|2017|2023|2017|2024|2023|2021|2022,z<-1.5
1709,2025|2025|2021|2017|2020|2023|2024|2025|2018,z<-1.5
1710,2017|2019|2024|2018|2022|2024|2021|2024|2018,z<-1.5
1711,2018|2024|2019|2025|2017|2021|2025|2019|2018,z<-1.5
1712,2024|2024|2021|2019|2024|2018|2023|2019|2023,z<-1.5
1713,2022|2022|2021|2020|2024|2019|2017|2024|2025,z<-1.5
1714,2020|2025|2024|2025|2019|2024|2020|2018|2023,z<-1.5
1715,2019|2020|2021|2017|2019|2018|2024|2017|2017,z<-1.5
1716,2021|2017|2022|2019|2025|2023|2017|2025|2018,z<-1.5
1717,2024|2022|2017|2025|2023|2025|2022|2022|2021,z<-1.5
1718,2019|2020|2021|2017|2024|2024|2019|2018|2023,z<-1.5
1719,2022|2023|2019|2018|2019|2020|2021|2021|2024,z<-1.5
1720,2021|2025|2022|2020|2020|2024|2018|2022|2022,z<-1.5
1721,2025|2018|2018|2025|2019|2025|2019|2024|2021,z<-1.5
1722,2024|2022|2020|2018|2020|2021|2023|2025|2020,z<-1.5
1723,2018|2022|2018|2023|2020|2023|2022|2023|2019,z<-1.5
1724,2019|2020|2023|2017|2020|2019|2019|2025|2020,z<-1.5
1725,2020|2025|2021|2019|2019|2017|2021|2024|2019,z<-1.5
1726,2020|2023|2018|2024|2024|2023|2019|2018|2021,z<-1.5
1727,2019|2025|2017|2025|2019|2019|2021|2022|2025,z<-1.5
1728,2020|2017|2021|2021|2024|2017|2021|2020|2023,z<-1.5
1729,2025|2024|2020|2022|2020|2024|2024|2023|2021,z<-1.5
1730,2021|2023|2023|2024|2023|2018|2022|2024|2020,z<-1.5
1731,2019|2023|2025|2025|2020|2022|2022|2017|2021,z<-1.5
1732,2019|2022|2024|2023|2018|2021|2023|2022|2023,z<-1.5
1733,2018|2024|2017|2024|2017|2025|2020|2018|2025,z<-1.5
1734,2025|2022|2020|2024|2019|2023|2020|2021|2024,z<-1.5
1735,2023|2025|2019|2020|2017|2025|2025|2019|2022,z<-1.5
1736,2018|2024|2019|2024|2019|2022|2020|2025|2025,z<-1.5
1737,2019|2021|2019|2017|2023|2021|2025|2023|2022,z<-1.5
1738,2020|2019|2017|2019|2019|2023|2025|2021|2025,z<-1.5
1739,2021|2021|2020|2024|2019|2019|2022|2022|2020,z<-1.5
1740,2023|2019|2019|2023|2022|2023|2025|2017|2025,z<-1.5
1741,2024|2022|2017|2019|2022|2022|2020|2020|2017,z<-1.5
1742,2019|2017|2023|2022|2020|2023|2019|2018|2019,z<-1.5
1743,2025|2020|2024|2024|2022|2024|2017|2025|2025,z<-1.5
1744,2017|2020|2019|2019|2022|2022|2017|2022|2021,z<-1.5
1745,2020|2018|2022|2024|2025|2021|2017|2023|2018,z<-1.5
1746,2022|2018|2018|2019|2023|2022|2019|2020|2025,z<-1.5
1747,2018|2024|2022|2025|2019|2022|2020|2018|2021,z<-1.5
1748,2017|2023|2025|2021|2018|2017|2017|2020|2019,z<-1.5
1749,2024|2022|2018|2025|2024|2022|2025|2025|2019,z<-1.5
1750,2019|2018|2021|2018|2018|2024|2018|2025|2022,z<-1.5
1751,2018|2021|2025|2021|2021|2020|2023|2022|2023,z<-1.5
1752,2023|2022|2018|2025|2019|2021|2018|2017|2018,z<-1.5
1753,2019|2024|2022|2025|2018|2021|2023|2019|2018,z<-1.5
1754,2021|2021|2021|2023|2023|2017|2017|2020|2020,z<-1.5
1755,2025|2021|2022|2020|2023|2018|2020|2022|2019,z<-1.5
1756,2024|2020|2017|2025|2025|2024|2017|2020|2017,z<-1.5
1757,2020|2022|2024|2020|2017|2019|2023|2019|2022,z<-1.5
1758,2019|2021|2020|2020|2024|2018|2019|2023|2022,z<-1.5
1759,2023|2017|2025|2021|2023|2017|2020|2023|2025,z<-1.5
1760,2021|2025|2024|2024|2021|2021|2020|2025|2020,z<-1.5
1761,2024|2020|2018|2018|2023|2019|2022|2021|2023,z<-1.5
1762,2017|2017|2021|2020|2021|2022|2024|2024|2023,z<-1.5
1763,2019|2022|2021|2025|2023|2018|2018|2020|2019,z<-1.5
1764,2022|2019|2019|2020|2018|2018|2022|2024|2020,z<-1.5
1765,2023|2019|2020|2021|2020|2025|2017|2022|2024,z<-1.5
1766,2022|2019|2021|2024|2023|2023|2023|2022|2024,z<-1.5
1767,2018|2020|2021|2022|2020|2018|2021|2022|2022,z<-1.5
1768,2022|2018|2022|2025|2023|2017|2019|2021|2024,z<-1.5
1769,2022|2020|2024|2025|2020|2019|2017|2021|2021,z<-1.5
1770,2019|2023|2019|2021|2019|2023|2022|2019|2021,z<-1.5
1771,2022|2017|2017|2024|2019|2023|2018|2022|2020,z<-1.5
1772,2017|2024|2021|2025|2021|2023|2025|2025|2024,z<-1.5
1773,2022|2019|2025|2022|2017|2021|2017|2022|2021,z<-1.5
1774,2021|2023|2023|2018|2018|2023|2023|2022|2018,z<-1.5
1775,2023|2019|2020|2025|2024|2023|2023|2018|2022,z<-1.5
1776,2020|2025|2020|2024|2025|2022|2025|2017|2019,z<-1.5
1777,2024|2025|2017|2022|2023|2020|2025|2017|2021,z<-1.5
1778,2021|2022|2017|2023|2023|2023|2018|2019|2025,z<-1.5
1779,2022|2023|2018|2024|2022|2023|2019|2025|2024,z<-1.5
1780,2020|2018|2017|2024|2018|2023|2019|2024|2017,z<-1.5
1781,2021|2019|2023|2020|2020|2024|2018|2021|2022,z<-1.5
1782,2021|2021|2024|2022|2025|2023|2020|2020|2020,z<-1.5
1783,2024|2018|2017|2022|2020|2019|2019|2021|2023,z<-1.5
1784,2024|2018|2024|2022|2024|2024|2025|2019|2019,z<-1.5
1785,2022|2024|2024|2025|2023|2025|2022|2018|2024,z<-1.5
1786,2019|2020|2024|2018|2025|2019|2024|2021|2024,z<-1.5
1787,2018|2021|2018|2017|2025|2020|2022|2020|2024,z<-1.5
1788,2018|2021|2018|2023|2020|2020|2019|2020|2020,z<-1.5
1789,2021|2025|2017|2025|2025|2020|2018|2017|2021,z<-1.5
1790,2018|2018|2023|2022|2025|2018|2022|2020|2017,z<-1.5
1791,2019|2017|2018|2020|2021|2017|2018|2025|2018,z<-1.5
1792,2017|2022|2025|2024|2022|2020|2020|2017|2023,z<-1.5
1793,2024|2017|2019|2018|2023|2022|2018|2021|2022,z<-1.5
1794,2021|2017|2024|2017|2017|2024|2018|2021|2020,z<-1.5
1795,2021|2019|2024|2017|2020|2025|2020|2023|2025,z<-1.5
1796,2019|2024|2020|2019|2025|2019|2021|2021|2018,z<-1.5
1797,2025|2025|2025|2023|2025|2023|2025|2017|2019,z<-1.5
1798,2024|2023|2022|2025|2020|2025|2022|2023|2022,z<-1.5
1799,2025|2022|2021|2020|2018|2020|2024|2023|2021,z<-1.5
1800,2019|2020|2023|2022|2018|2019|2023|2017|2017,z<-1.5
1801,2020|2020|2018|2018|2017|2017|2024|2024|2022,z<-1.5
1802,2025|2022|2024|2019|2018|2022|2023|2020|2025,z<-1.5
1803,2025|2022|2023|2017|2020|2022|2023|2022|2017,z<-1.5
1804,2021|2021|2023|2020|2021|2018|2020|2025|2017,z<-1.5
1805,2024|2020|2018|2018|2020|2018|2017|2019|2022,z<-1.5
1806,2020|2022|2020|2025|2023|2019|2019|2023|2018,z<-1.5
1807,2024|2018|2024|2024|2022|2025|2017|2023|2023,z<-1.5
1808,2020|2019|2017|2022|2019|2017|2025|2023|2024,z<-1.5
1809,2024|2018|2022|2017|2025|2021|2022|2021|2020,z<-1.5
1810,2020|2017|2022|2020|2025|2017|2023|2024|2018,z<-1.5
1811,2023|2025|2022|2018|2024|2018|2017|2018|2018,z<-1.5
1812,2025|2017|2024|2024|2024|2020|2019|2018|2025,z<-1.5
1813,2023|2018|2023|2024|2023|2018|2023|2021|2025,z<-1.5
1814,2024|2022|2020|2021|2021|2019|2018|2021|2024,z<-1.5
1815,2019|2021|2021|2025|2018|2024|2025|2017|2022,z<-1.5
1816,2023|2024|2024|2024|2017|2019|2018|2020|2023,z<-1.5
1817,2017|2019|2019|2017|2018|2022|2018|2019|2021,z<-1.5
1818,2025|2020|2025|2025|2024|2020|2024|2019|2025,z<-1.5
1819,2024|2022|2021|2025|2025|2021|2018|2025|2018,z<-1.5
1820,2024|2020|2023|2020|2019|2019|2023|2022|2019,z<-1.5
1821,2024|2020|2025|2023|2022|2022|2020|2021|2019,z<-1.5
1822,2022|2025|2021|2019|2022|2018|2020|2022|2020,z<-1.5
1823,2025|2017|2023|2018|2018|2019|2024|2024|2023,z<-1.5
1824,2021|2017|2019|2019|2020|2018|2022|2024|2024,z<-1.5
1825,2018|2019|2023|2021|2022|2025|2018|2019|2024,z<-1.5
1826,2018|2025|2017|2020|2025|2017|2020|2023|2018,z<-1.5
1827,2017|2022|2017|2017|2025|2024|2023|2019|2025,z<-1.5
1828,2023|2023|2019|2018|2018|2018|2019|2022|2024,z<-1.5
1829,2021|2018|2022|2021|2019|2025|2020|2018|2018,z<-1.5
1830,2022|2024|2020|2019|2020|2021|2022|2022|2017,z<-1.5
1831,2019|2025|2018|2025|2019|2023|2019|2023|2025,z<-1.5
1832,2021|2025|2024|2022|2024|2019|2021|2018|2025,z<-1.5
1833,2024|2023|2020|2024|2021|2024|2023|2019|2023,z<-1.5
1834,2025|2020|2017|2020|2023|2022|2021|2018|2025,z<-1.5
1835,2018|2019|2020|2021|2022|2023|2024|2022|2024,z<-1.5
1836,2023|2021|2022|2025|2023|2022|2019|2018|2022,z<-1.5
1837,2017|2024|2021|2018|2017|2021|2021|2023|2017,z<-1.5
1838,2023|2021|2022|2024|2020|2017|2021|2023|2018,z<-1.5
1839,2020|2021|2020|2022|2019|2017|2019|2017|2018,z<-1.5
1840,2021|2018|2023|2023|2020|2017|2017|2020|2021,z<-1.5
1841,2023|2020|2020|2019|2017|2022|2025|2025|2019,z<-1.5
1842,2019|2024|2025|2024|2020|2021|2023|2025|2021,z<-1.5
1843,2020|2018|2025|2021|2017|2021|2023|2017|2023,z<-1.5
1844,2020|2021|2018|2023|2019|2022|2025|2022|2021,z<-1.5
1845,2020|2020|2022|2019|2023|2018|2022|2020|2023,z<-1.5
1846,2019|2022|2017|2023|2021|2020|2020|2025|2024,z<-1.5
1847,2017|2020|2024|2024|2019|2018|2017|2018|2024,z<-1.5
1848,2021|2021|2017|2024|2021|2025|2019|2018|2025,z<-1.5
1849,2018|2025|2018|2018|2021|2021|2017|2017|2018,z<-1.5
1850,2017|2019|2024|2017|2023|2021|2025|2018|2021,z<-1.5
1851,2025|2023|2018|2022|2020|2021|2019|2017|2020,z<-1.5
1852,2025|2020|2022|2021|2019|2023|2021|2020|2023,z<-1.5
1853,2017|2025|2019|2025|2019|2019|2020|2022|2022,z<-1.5
1854,2025|2023|2017|2021|2022|2022|2017|2024|2017,z<-1.5
1855,2024|2017|2021|2019|2022|2019|2020|2020|2017,z<-1.5
1856,2022|2025|2024|2021|2018|2021|2024|2024|2017,z<-1.5
1857,2022|2023|2019|2022|2020|2020|2022|2021|2025,z<-1.5
1858,2017|2019|2017|2023|2025|2019|2023|2024|2025,z<-1.5
1859,2018|2019|2025|2023|2018|2019|2020|2025|2017,z<-1.5
1860,2018|2025|2019|2017|2022|2022|2023|2023|2021,z<-1.5
1861,2020|2018|2021|2022|2025|2018|2017|2017|2018,z<-1.5
1862,2019|2018|2025|2023|2025|2019|2023|2025|2020,z<-1.5
1863,2019|2020|2020|2023|2019|2021|2021|2017|2025,z<-1.5
1864,2025|2025|2023|2022|2025|2020|2024|2025|2020,z<-1.5
1865,2019|2022|2019|2020|2024|2019|2020|2022|2025,z<-1.5
1866,2021|2025|2023|2022|2022|2019|2025|2022|2022,z<-1.5
1867,2021|2020|2019|2019|2024|2023|2021|2023|2019,z<-1.5
1868,2024|2018|2017|2025|2021|2018|2020|2025|2021,z<-1.5
1869,2023|2019|2020|2022|2020|2023|2021|2021|2024,z<-1.5
1870,2023|2024|2025|2017|2020|2020|2019|2021|2017,z<-1.5
1871,2022|2017|2018|2023|2023|2017|2023|2018|2018,z<-1.5
1872,2018|2021|2020|2020|2024|2020|2022|2022|2021,z<-1.5
1873,2022|2024|2023|2025|2025|2024|2017|2022|2021,z<-1.5
1874,2025|2023|2023|2025|2022|2020|2022|2025|2025,z<-1.5
1875,2018|2022|2025|2020|2020|2022|2025|2023|2019,z<-1.5
1876,2018|2017|2019|2022|2023|2022|2022|2024|2019,z<-1.5
1877,2022|2019|2025|2025|2019|2023|2025|2023|2021,z<-1.5
1878,2025|2019|2023|2025|2019|2019|2018|2022|2022,z<-1.5
1879,2019|2022|2024|2023|2017|2021|2021|2018|2025,z<-1.5
1880,2020|2025|2021|2017|2023|2022|2019|2024|2022,z<-1.5
1881,2020|2018|2022|2018|2020|2020|2023|2017|2019,z<-1.5
1882,2018|2023|2022|2024|2021|2020|2019|2017|2021,z<-1.5
1883,2018|2022|2022|2021|2017|2025|2024|2017|2023,z<-1.5
1884,2025|2021|2024|2019|2019|2018|2021|2024|2021,z<-1.5
1885,2023|2023|2018|2023|2018|2019|2024|2022|2021,z<-1.5
1886,2022|2017|2021|2018|2020|2023|2018|2020|2025,z<-1.5
1887,2020|2019|2018|2022|2024|2025|2023|2018|2019,z<-1.5
1888,2020|2019|2018|2022|2020|2021|2019|2020|2020,z<-1.5
1889,2021|2018|2020|2019|2025|2020|2024|2022|2025,z<-1.5
1890,2019|2024|2025|2025|2020|2018|2023|2019|2017,z<-1.5
1891,2018|2018|2021|2018|2020|2023|2023|2024|2022,z<-1.5
1892,2018|2022|2018|2024|2025|2023|2020|2023|2019,z<-1.5
1893,2022|2025|2021|2017|2024|2017|2018|2024|2018,z<-1.5
1894,2024|2025|2022|2024|2024|2024|2019|2018|2019,z<-1.5
1895,2025|2025|2022|2020|2024|2023|2023|2022|2018,z<-1.5
1896,2022|2023|2025|2019|2023|2017|2025|2018|2019,z<-1.5
1897,2023|2018|2025|2024|2025|2022|2021|2024|2023,z<-1.5
1898,2017|2025|2018|2025|2018|2023|2022|2021|2024,z<-1.5
1899,2017|2025|2022|2018|2024|2017|2018|2021|2018,z<-1.5
1900,2020|2025|2025|2022|2021|2019|2020|2020|2017,z<-1.5
1901,2025|2017|2017|2023|2023|2018|2018|2021|2017,z<-1.5
1902,2025|2024|2024|2019|2018|2024|2023|2019|2025,z<-1.5
1903,2021|2019|2025|2024|2022|2018|2017|2023|2022,z<-1.5
1904,2020|2018|2017|2022|2018|2025|2017|2024|2021,z<-1.5
1905,2023|2020|2024|2020|2020|2017|2019|2019|2025,z<-1.5
1906,2018|2022|2020|2021|2021|2018|2019|2019|2022,z<-1.5
1907,2023|2025|2024|2021|2022|2017|2021|2017|2024,z<-1.5
1908,2021|2017|2024|2024|2023|2019|2020|2022|2019,z<-1.5
1909,2018|2018|2018|2020|2022|2020|2019|2025|2025,z<-1.5
1910,2017|2022|2020|2019|2023|2021|2023|2019|2022,z<-1.5
1911,2021|2023|2024|2017|2025|2024|2019|2020|2022,z<-1.5
1912,2024|2021|2025|2022|2024|2020|2021|2023|2021,z<-1.5
1913,2018|2020|2024|2022|2023|2022|2018|2024|2022,z<-1.5
1914,2022|2025|2023|2025|2023|2017|2019|2025|2019,z<-1.5
1915,2018|2018|2023|2019|2020|2022|2024|2022|2019,z<-1.5
1916,2021|2025|2018|2025|2019|2023|2021|2022|2019,z<-1.5
1917,2017|2023|2023|2020|2025|2021|2018|2019|2021,z<-1.5
1918,2025|2020|2017|2025|2023|2021|2023|2025|2017,z<-1.5
1919,2023|2023|2019|2017|2023|2019|2025|2025|2021,z<-1.5
1920,2020|2024|2019|2023|2022|2023|2021|2019|2018,z<-1.5
1921,2018|2024|2023|2022|2020|2018|2025|2023|2018,z<-1.5
1922,2021|2017|2020|2021|2017|2022|2018|2019|2018,z<-1.5
1923,2024|2023|2019|2018|2024|2024|2020|2021|2023,z<-1.5
1924,2020|2019|2024|2022|2018|2022|2021|2023|2022,z<-1.5
1925,2018|2021|2019|2017|2019|2022|2023|2024|2020,z<-1.5
1926,2019|2019|2023|2023|2017|2019|2019|2022|2018,z<-1.5
1927,2019|2018|2017|2019|2019|2021|2024|2022|2017,z<-1.5
1928,2021|2019|2020|2024|2022|2018|2022|2021|2021,z<-1.5
1929,2018|2025|2017|2023|2025|2024|2020|2018|2022,z<-1.5
1930,2021|2020|2024|2023|2024|2023|2023|2022|2020,z<-1.5
1931,2020|2024|2024|2019|2024|2023|2024|2021|2021,z<-1.5
1932,2025|2019|2025|2023|2019|2025|2022|2019|2024,z<-1.5
1933,2019|2017|2019|2022|2025|2024|2025|2020|2017,z<-1.5
1934,2018|2022|2019|2019|2021|2024|2024|2017|2017,z<-1.5
1935,2018|2020|2018|2023|2025|2020|2019|2023|2020,z<-1.5
1936,2020|2018|2019|2025|2019|2024|2024|2025|2020,z<-1.5
1937,2020|2020|2025|2022|2017|2024|2018|2023|2025,z<-1.5
1938,2019|2025|2024|2018|2017|2020|2020|2024|2017,z<-1.5
1939,2023|2017|2018|2023|2023|2021|2024|2017|2022,z<-1.5
1940,2025|2020|2023|2021|2021|2017|2021|2022|2023,z<-1.5
1941,2022|2017|2024|2018|2022|2021|2025|2022|2021,z<-1.5
1942,2021|2025|2020|2024|2023|2023|2018|2022|2019,z<-1.5
1943,2019|2020|2017|2017|2020|2024|2019|2025|2019,z<-1.5
1944,2019|2019|2023|2021|2021|2019|2018|2017|2021,z<-1.5
1945,2017|2024|2021|2019|2023|2021|2025|2022|2023,z<-1.5
1946,2017|2021|2017|2022|2024|2019|2023|2022|2023,z<-1.5
1947,2020|2023|2018|2023|2019|2022|2021|2023|2019,z<-1.5
1948,2018|2025|2017|2021|2023|2019|2021|2025|2025,z<-1.5
1949,2020|2020|2020|2017|2018|2019|2021|2021|2020,z<-1.5
1950,2021|2023|2019|2019|2020|2017|2018|2022|2022,z<-1.5
1951,2020|2018|2020|2020|2023|2019|2018|2017|2022,z<-1.5
1952,2022|2025|2020|2023|2019|2025|2021|2019|2018,z<-1.5
1953,2025|2017|2017|2019|2017|2018|2024|2023|2021,z<-1.5
1954,2025|2019|2021|2017|2021|2017|2025|2023|2017,z<-1.5
1955,2020|2017|2021|2025|2022|2023|2023|2018|2024,z<-1.5
1956,2023|2021|2025|2023|2019|2022|2024|2022|2021,z<-1.5
1957,2025|2019|2021|2025|2021|2025|2022|2020|2021,z<-1.5
1958,2018|2021|2020|2025|2024|2017|2024|2018|2020,z<-1.5
1959,2025|2018|2018|2022|2020|2020|2021|2021|2022,z<-1.5
1960,2017|2025|2022|2017|2023|2021|2020|2023|2020,z<-1.5
1961,2018|2018|2023|2024|2024|2019|2018|2025|2024,z<-1.5
1962,2017|2019|2023|2017|2025|2020|2017|2024|2023,z<-1.5
1963,2022|2017|2019|2017|2021|2025|2022|2020|2025,z<-1.5
1964,2023|2017|2022|2017|2020|2018|2018|2019|2020,z<-1.5
1965,2017|2023|2022|2025|2023|2018|2020|2019|2023,z<-1.5
1966,2022|2019|2023|2019|2017|2017|2020|2021|2024,z<-1.5
1967,2017|2019|2021|2018|2023|2019|2017|2020|2019,z<-1.5
1968,2023|2022|2022|2018|2023|2024|2021|2017|2020,z<-1.5
1969,2018|2023|2017|2017|2022|2023|2025|2022|2021,z<-1.5
1970,2019|2023|2020|2025|2018|2020|2021|2024|2023,z<-1.5
1971,2022|2017|2021|2023|2020|2019|2018|2020|2018,z<-1.5
1972,2017|2025|2024|2020|2020|2021|2020|2024|2019,z<-1.5
1973,2019|2022|2018|2017|2017|2024|2020|2018|2025,z<-1.5
1974,2024|2018|2025|2021|2018|2023|2021|2020|2025,z<-1.5
1975,2020|2024|2017|2024|2023|2017|2022|2021|2025,z<-1.5
1976,2025|2025|2021|2020|2021|2022|2017|2018|2018,z<-1.5
1977,2022|2018|2025|2023|2021|2020|2024|2024|2017,z<-1.5
1978,2019|2024|2019|2021|2024|2020|2021|2018|2023,z<-1.5
1979,2024|2023|2022|2024|2021|2021|2023|2023|2017,z<-1.5
1980,2019|2019|2017|2017|2021|2022|2021|2023|2023,z<-1.5
1981,2021|2021|2021|2019|2023|2018|2022|2023|2020,z<-1.5
1982,2017|2021|2019|2017|2023|2025|2024|2022|2018,z<-1.5
1983,2021|2023|2025|2018|2020|2018|2020|2024|2017,z<-1.5
1984,2019|2020|2023|2017|2019|2023|2025|2019|2017,z<-1.5
1985,2024|2023|2023|2021|2020|2020|2021|2022|2019,z<-1.5
1986,2020|2020|2019|2019|2024|2020|2020|2023|2019,z<-1.5
1987,2025|2018|2021|2018|2025|2017|2023|2020|2021,z<-1.5
1988,2023|2021|2023|2020|2018|2022|2018|2024|2023,z<-1.5
1989,2022|2019|2021|2022|2021|2022|2025|2018|2022,z<-1.5
1990,2022|2022|2024|2017|2020|2021|2022|2024|2021,z<-1.5
1991,2020|2023|2022|2019|2018|2017|2024|2024|2022,z<-1.5
1992,2023|2018|2020|2019|2021|2025|2018|2020|2022,z<-1.5
1993,2017|2024|2025|2024|2019|2017|2023|2019|2017,z<-1.5
1994,2022|2023|2020|2021|2020|2017|2021|2020|2021,z<-1.5
1995,2020|2023|2020|2022|2022|2024|2022|2023|2024,z<-1.5
1996,2017|2021|2018|2025|2024|2019|2025|2023|2019,z<-1.5
1997,2017|2020|2019|2022|2019|2024|2017|2025|2017,z<-1.5
1998,2021|2023|2021|2022|2023|2017|2025|2024|2020,z<-1.5
1999,2022|2021|2024|2022|2019|2017|2017|2023|2017,z<-1.5
0,2024|2024|2017|2025|2021|2022|2018|2021,z<-2
1,2023|2021|2020|2017|2025|2022|2023|2020,z<-2
2,2024|2018|2017|2017|2022|2021|2023|2020,z<-2
3,2024|2024|2020|2021|2018|2024|2017|2018,z<-2
4,2018|2022|2018|2022|2017|2020|2025|2023,z<-2
5,2025|2025|2021|2025|2017|2018|2023|2023,z<-2
6,2025|2025|2022|2018|2023|2025|2020|2022,z<-2
7,2020|2024|2021|2024|2024|2017|2020|2021,z<-2
8,2017|2025|2025|2020|2018|2022|2025|2017,z<-2
9,2022|2023|2021|2020|2024|2021|2021|2025,z<-2
10,2025|2020|2025|2021|2025|2024|2020|2022,z<-2
11,2025|2017|2020|2022|2022|2021|2018|2025,z<-2
12,2022|2017|2020|2024|2023|2022|2021|2023,z<-2
13,2022|2018|2021|2022|2018|2018|2025|2023,z<-2
14,2024|2020|2022|2021|2023|2022|2021|2022,z<-2
15,2025|2024|2020|2017|2017|2024|2021|2018,z<-2
16,2025|2025|2020|2022|2017|2021|2025|2021,z<-2
17,2023|2018|2021|2018|2017|2023|2024|2021,z<-2
18,2024|2023|2021|2023|2023|2021|2025|2020,z<-2
19,2024|2020|2024|2017|2017|2021|2018|2025,z<-2
20,2023|2023|2017|2023|2018|2017|2023|2020,z<-2
21,2022|2021|2023|2024|2017|2020|2025|2020,z<-2
22,2021|2021|2025|2020|2025|2017|2020|2020,z<-2
23,2018|2025|2023|2021|2018|2023|2020|2022,z<-2
24,2025|2024|2022|2022|2020|2018|2017|2017,z<-2
25,2021|2018|2025|2017|2020|2020|2024|2021,z<-2
26,2023|2025|2020|2022|2025|2025|2022|2024,z<-2
27,2021|2024|2020|2021|2017|2020|2017|2017,z<-2
28,2022|2025|2021|2022|2024|2018|2023|2017,z<-2
29,2025|2017|2024|2023|2025|2017|2025|2017,z<-2
30,2023|2020|2024|2017|2024|2020|2021|2022,z<-2
31,2025|2017|2025|2025|2018|2023|2023|2021,z<-2
32,2017|2024|2018|2018|2018|2021|2017|2018,z<-2
33,2017|2021|2017|2020|2021|2018|2025|2024,z<-2
34,2022|2017|2023|2021|2025|2021|2022|2020,z<-2
35,2018|2024|2021|2017|2021|2025|2020|2024,z<-2
36,2024|2020|2022|2022|2023|2020|2023|2022,z<-2
37,2022|2022|2022|2017|2025|2017|2021|2020,z<-2
38,2018|2020|2023|2021|2023|2017|2023|2017,z<-2
39,2021|2020|2024|2024|2020|2025|2021|2018,z<-2
40,2017|2020|2020|2025|2024|2020|2022|2018,z<-2
41,2023|2021|2025|2017|2020|2023|2024|2024,z<-2
42,2023|2023|2021|2025|2023|2022|2021|2025,z<-2
43,2025|2020|2023|2021|2024|2024|2025|2022,z<-2
44,2024|2020|2022|2025|2018|2018|2023|2021,z<-2
45,2023|2018|2018|2017|2021|2025|2017|2017,z<-2
46,2020|2022|2020|2018|2024|2020|2020|2025,z<-2
47,2018|2017|2021|2017|2021|2022|2022|2021,z<-2
48,2022|2017|2017|2018|2021|2020|2020|2023,z<-2
49,2022|2023|2025|2023|2024|2017|2018|2025,z<-2
50,2017|2023|2025|2017|2021|2017|2021|2025,z<-2
51,2017|2017|2025|2017|2020|2017|2025|2020,z<-2
52,2023|2021|2017|2020|2024|2020|2021|2023,z<-2
53,2017|2025|2023|2021|2021|2017|2025|2023,z<-2
54,2020|2025|2025|2020|2017|2024|2020|2022,z<-2
55,2018|2018|2024|2020|2023|2024|2020|2017,z<-2
56,2017|2023|2018|2022|2021|2025|2024|2022,z<-2
57,2018|2021|2020|2020|2024|2025|2024|2023,z<-2
58,2017|2021|2021|2025|2022|2020|2023|2025,z<-2
59,2021|2021|2021|2022|2025|2023|2020|2017,z<-2
60,2024|2025|2018|2024|2020|2021|2025|2025,z<-2
61,2021|2021|2023|2020|2021|2017|2018|2023,z<-2
62,2017|2017|2025|2025|2022|2025|2021|2018,z<-2
63,2020|2021|2020|2020|2025|2021|2021|2023,z<-2
64,2025|2025|2021|2021|2018|2024|2025|2023,z<-2
65,2017|2020|2021|2025|2025|2017|2023|2017,z<-2
66,2022|2025|2017|2017|2023|2018|2017|2018,z<-2
67,2023|2024|2021|2017|2022|2022|2025|2020,z<-2
68,2025|2018|2023|2020|2024|2022|2017|2017,z<-2
69,2022|2017|2021|2021|2020|2021|2023|2021,z<-2
70,2021|2021|2018|2023|2024|2020|2025|2017,z<-2
71,2018|2025|2024|2023|2022|2017|2018|2017,z<-2
72,2017|2021|2018|2020|2020|2021|2018|2020,z<-2
73,2025|2017|2020|2022|2021|2021|2018|2018,z<-2
74,2022|2017|2018|2022|2020|2022|2018|2025,z<-2
75,2023|2022|2021|2017|2017|2022|2023|2025,z<-2
76,2017|2017|2025|2024|2017|2017|2025|2018,z<-2
77,2024|2024|2022|2018|2025|2017|2023|2018,z<-2
78,2021|2024|2025|2025|2017|2020|2018|2023,z<-2
79,2024|2025|2024|2024|2025|2017|2024|2017,z<-2
80,2022|2020|2022|2017|2020|2022|2023|2023,z<-2
81,2025|2018|2025|2022|2022|2025|2017|2024,z<-2
82,2017|2025|2018|2017|2025|2023|2022|2022,z<-2
83,2018|2023|2022|2020|2024|2017|2018|2022,z<-2
84,2017|2024|2018|2024|2022|2021|2018|2024,z<-2
85,2025|2025|2021|2018|2018|2023|2020|2023,z<-2
86,2022|2025|2023|2020|2021|2020|2018|2020,z<-2
87,2025|2017|2020|2023|2020|2023|2017|2025,z<-2
88,2022|2024|2022|2025|2023|2025|2020|2020,z<-2
89,2023|2023|2020|2025|2023|2018|2023|2017,z<-2
90,2021|2018|2018|2018|2018|2021|2017|2018,z<-2
91,2021|2018|2025|2021|2022|2017|2020|2018,z<-2
92,2022|2022|2023|2017|2017|2020|2020|2022,z<-2
93,2024|2021|2025|2018|2020|2020|2022|2018,z<-2
94,2020|2025|2017|2025|2023|2017|2018|2018,z<-2
95,2024|2024|2018|2021|2018|2017|2021|2017,z<-2
96,2020|2020|2020|2020|2022|2017|2025|2025,z<-2
97,2022|2017|2022|2025|2022|2025|2018|2020,z<-2
98,2023|2024|2023|2025|2025|2021|2018|2022,z<-2
99,2018|2025|2025|2023|2023|2017|2022|2017,z<-2
100,2023|2020|2022|2023|2017|2025|2023|2020,z<-2
101,2021|2020|2024|2020|2021|2022|2024|2018,z<-2
102,2022|2020|2020|2018|2018|2022|2017|2024,z<-2
103,2017|2023|2022|2024|2021|2024|2021|2020,z<-2
104,2018|2022|2021|2020|2018|2017|2023|2023,z<-2
105,2018|2020|2023|2020|2022|2025|2017|2022,z<-2
106,2021|2022|2020|2022|2020|2017|2018|2020,z<-2
107,2025|2018|2024|2021|2017|2020|2017|2024,z<-2
108,2023|2021|2024|2024|2020|2021|2021|2017,z<-2
109,2017|2018|2024|2020|2018|2021|2018|2022,z<-2
110,2023|2018|2017|2024|2023|2018|2020|2023,z<-2
111,2017|2018|2023|2020|2020|2022|2023|2021,z<-2
112,2025|2025|2022|2025|2024|2020|2020|2025,z<-2
113,2023|2021|2024|2020|2022|2025|2018|2022,z<-2
114,2021|2022|2020|2023|2025|2017|2017|2022,z<-2
115,2020|2025|2018|2023|2018|2017|2025|2022,z<-2
116,2021|2024|2023|2025|2022|2025|2020|2021,z<-2
117,2017|2022|2020|2017|2020|2024|2017|2024,z<-2
118,2018|2023|2021|2018|2025|2018|2020|2017,z<-2
119,2025|2022|2017|2023|2020|2023|2018|2021,z<-2
120,2025|2018|2020|2025|2017|2017|2023|2017,z<-2
121,2025|2020|2018|2017|2024|2024|2025|2018,z<-2
122,2017|2018|2021|2020|2025|2017|2022|2022,z<-2
123,2023|2023|2022|2018|2022|2018|2025|2024,z<-2
124,2018|2018|2022|2020|2023|2021|2024|2021,z<-2
125,2021|2023|2024|2017|2024|2017|2025|2021,z<-2
126,2024|2020|2023|2018|2024|2025|2023|2017,z<-2
127,2025|2018|2018|2020|2023|2023|2020|2024,z<-2
128,2021|2024|2022|2020|2023|2021|2018|2020,z<-2
129,2021|2017|2017|2025|2023|2018|2025|2018,z<-2
130,2018|2024|2023|2020|2018|2018|2022|2018,z<-2
131,2021|2022|2022|2022|2020|2020|2021|2025,z<-2
132,2021|2024|2025|2024|2017|2025|2017|2017,z<-2
133,2021|2024|2017|2023|2025|2025|2024|2023,z<-2
134,2022|2022|2018|2023|2021|2020|2025|2025,z<-2
135,2023|2024|2020|2021|2024|2018|2017|2021,z<-2
136,2018|2021|2018|2021|2025|2020|2018|2018,z<-2
137,2025|2020|2024|2022|2020|2018|2024|2023,z<-2
138,2024|2017|2025|2017|2017|2021|2020|2022,z<-2
139,2025|2018|2021|2025|2017|2023|2021|2025,z<-2
140,2018|2025|2024|2023|2023|2017|2024|2017,z<-2
141,2024|2020|2025|2022|2025|2024|2023|2018,z<-2
142,2022|2020|2023|2025|2017|2021|2024|2021,z<-2
143,2017|2020|2023|2023|2021|2022|2020|2020,z<-2
144,2021|2024|2022|2025|2024|2020|2021|2020,z<-2
145,2021|2022|2024|2017|2023|2017|2025|2020,z<-2
146,2018|2022|2018|2025|2017|2021|2018|2024,z<-2
147,2020|2021|2022|2022|2021|2022|2018|2017,z<-2
148,2021|2025|2024|2018|2021|2024|2022|2020,z<-2
149,2017|2021|2021|2017|2024|2020|2025|2022,z<-2
150,2018|2022|2023|2025|2024|2025|2025|2020,z<-2
151,2018|2017|2024|2022|2018|2020|2020|2025,z<-2
152,2017|2017|2017|2017|2017|2017|2018|2022,z<-2
153,2025|2020|2020|2018|2022|2024|2020|2025,z<-2
154,2018|2022|2017|2023|2020|2023|2024|2025,z<-2
155,2025|2025|2022|2017|2017|2018|2017|2024,z<-2
156,2018|2023|2021|2024|2020|2017|2025|2023,z<-2
157,2018|2021|2022|2018|2020|2023|2017|2022,z<-2
158,2017|2021|2018|2021|2020|2024|2024|2020,z<-2
159,2023|2025|2017|2025|2018|2023|2022|2018,z<-2
160,2023|2024|2024|2023|2020|2023|2021|2021,z<-2
161,2020|2017|2022|2022|2025|2020|2020|2024,z<-2
162,2017|2018|2024|2017|2024|2022|2017|2020,z<-2
163,2020|2022|2022|2025|2022|2018|2018|2022,z<-2
164,2017|2017|2022|2024|2023|2023|2017|2023,z<-2
165,2022|2017|2018|2018|2022|2024|2024|2020,z<-2
166,2021|2018|2021|2021|2024|2021|2021|2021,z<-2
167,2017|2018|2021|2018|2025|2020|2017|2025,z<-2
168,2025|2020|2024|2018|2021|2020|2021|2020,z<-2
169,2017|2023|2018|2022|2021|2020|2024|2017,z<-2
170,2021|2025|2023|2025|2017|2017|2018|2023,z<-2
171,2021|2025|2024|2022|2020|2020|2020|2018,z<-2
172,2024|2017|2025|2022|2025|2020|2023|2017,z<-2
173,2020|2023|2021|2020|2020|2017|2021|2018,z<-2
174,2017|2022|2020|2018|2023|2021|2021|2022,z<-2
175,2023|2022|2017|2024|2025|2018|2018|2022,z<-2
176,2023|2021|2020|2025|2024|2017|2018|2017,z<-2
177,2017|2021|2021|2017|2025|2023|2024|2023,z<-2
178,2021|2025|2020|2021|2024|2023|2018|2020,z<-2
179,2020|2018|2017|2021|2022|2018|2025|2024,z<-2
180,2017|2024|2024|2021|2022|2018|2017|2022,z<-2
181,2023|2021|2022|2020|2023|2020|2022|2022,z<-2
182,2025|2018|2025|2017|2022|2018|2022|2025,z<-2
183,2021|2021|2024|2025|2025|2022|2022|2025,z<-2
184,2024|2017|2025|2025|2020|2025|2022|2024,z<-2
185,2024|2020|2023|2017|2022|2021|2022|2023,z<-2
186,2018|2021|2024|2018|2023|2025|2017|2021,z<-2
187,2021|2022|2020|2018|2017|2020|2024|2022,z<-2
188,2021|2018|2022|2021|2020|2022|2025|2020,z<-2
189,2024|2022|2023|2025|2020|2025|2018|2021,z<-2
190,2018|2024|2023|2023|2025|2023|2025|2024,z<-2
191,2025|2024|2017|2025|2024|2025|2020|2022,z<-2
192,2023|2025|2025|2023|2018|2023|2018|2023,z<-2
193,2023|2023|2020|2021|2021|2023|2018|2022,z<-2
194,2017|2023|2020|2017|2020|2025|2021|2018,z<-2
195,2023|2022|2024|2021|2024|2022|2017|2017,z<-2
196,2017|2023|2025|2023|2023|2024|2020|2023,z<-2
197,2017|2021|2024|2021|2017|2018|2022|2021,z<-2
198,2022|2018|2023|2023|2018|2021|2020|2025,z<-2
199,2024|2025|2023|2021|2020|2024|2022|2018,z<-2
200,2023|2018|2018|2020|2017|2022|2020|2021,z<-2
201,2020|2020|2024|2017|2025|2022|2020|2023,z<-2
202,2022|2020|2022|2025|2023|2025|2020|2022,z<-2
203,2022|2017|2025|2018|2022|2023|2017|2025,z<-2
204,2021|2022|2020|2021|2018|2021|2020|2023,z<-2
205,2022|2020|2020|2017|2020|2020|2021|2022,z<-2
206,2018|2020|2021|2021|2024|2018|2022|2023,z<-2
207,2024|2020|2017|2024|2024|2025|2018|2017,z<-2
208,2025|2024|2022|2020|2020|2018|2020|2024,z<-2
209,2017|2021|2017|2020|2018|2018|2022|2018,z<-2
210,2025|2018|2020|2017|2020|2021|2018|2022,z<-2
211,2025|2022|2024|2023|2020|2021|2025|2021,z<-2
212,2023|2020|2017|2024|2024|2025|2024|2023,z<-2
213,2018|2017|2017|2018|2017|2025|2022|2025,z<-2
214,2017|2022|2020|2021|2023|2022|2023|2021,z<-2
215,2022|2020|2017|2020|2022|2022|2024|2025,z<-2
216,2022|2017|2024|2024|2021|2020|2024|2025,z<-2
217,2024|2018|2018|2017|2020|2024|2025|2025,z<-2
218,2020|2022|2023|2022|2018|2021|2022|2018,z<-2
219,2020|2023|2017|2017|2023|2021|2022|2020,z<-2
220,2020|2021|2024|2017|2017|2024|2022|2017,z<-2
221,2021|2018|2022|2018|2017|2024|2022|2017,z<-2
222,2022|2017|2021|2020|2017|2025|2020|2018,z<-2
223,2017|2023|2022|2025|2020|2025|2017|2022,z<-2
224,2020|2017|2023|2022|2021|2021|2020|2020,z<-2
225,2018|2022|2017|2018|2018|2025|2023|2025,z<-2
226,2018|2021|2017|2018|2023|2020|2022|2022,z<-2
227,2017|2021|2021|2025|2021|2023|2018|2018,z<-2
228,2020|2020|2024|2024|2025|2017|2023|2020,z<-2
229,2020|2022|2025|2024|2018|2020|2022|2022,z<-2
230,2024|2021|2017|2023|2018|2023|2021|2020,z<-2
231,2024|2020|2020|2025|2018|2022|2023|2022,z<-2
232,2022|2023|2022|2025|2020|2020|2023|2020,z<-2
233,2025|2022|2024|2022|2025|2020|2020|2018,z<-2
234,2020|2023|2018|2025|2020|2023|2018|2025,z<-2
235,2022|2024|2022|2017|2017|2018|2022|2021,z<-2
236,2025|2025|2018|2025|2025|2022|2017|2024,z<-2
237,2017|2018|2023|2025|2017|2024|2017|2021,z<-2
238,2024|2017|2024|2023|2018|2022|2021|2021,z<-2
239,2023|2020|2024|2017|2022|2018|2017|2021,z<-2
240,2021|2022|2017|2024|2021|2020|2021|2017,z<-2
241,2021|2025|2020|2025|2023|2022|2021|2022,z<-2
242,2018|2024|2018|2022|2017|2020|2021|2022,z<-2
243,2020|2021|2025|2025|2022|2024|2017|2021,z<-2
244,2021|2023|2025|2025|2017|2020|2024|2021,z<-2
245,2022|2024|2021|2017|2023|2022|2020|2017,z<-2
246,2021|2025|2020|2020|2020|2020|2024|2024,z<-2
247,2025|2025|2020|2022|2018|2021|2025|2025,z<-2
248,2020|2024|2017|2021|2022|2017|2020|2021,z<-2
249,2023|2023|2020|2022|2018|2017|2023|2018,z<-2
250,2024|2021|2021|2018|2023|2020|2023|2018,z<-2
251,2020|2023|2025|2018|2020|2017|2021|2017,z<-2
252,2021|2025|2025|2024|2018|2025|2018|2017,z<-2
253,2023|2025|2023|2021|2024|2025|2017|2017,z<-2
254,2024|2023|2020|2018|2021|2021|2018|2024,z<-2
255,2018|2021|2024|2023|2018|2023|2024|2022,z<-2
256,2020|2021|2021|2020|2018|2021|2025|2021,z<-2
257,2025|2018|2020|2018|2022|2017|2018|2021,z<-2
258,2023|2021|2025|2024|2021|2025|2021|2025,z<-2
259,2025|2017|2025|2020|2022|2025|2017|2025,z<-2
260,2018|2021|2024|2018|2017|2025|2018|2024,z<-2
261,2024|2025|2025|2018|2025|2022|2018|2024,z<-2
262,2025|2018|2020|2021|2017|2017|2023|2022,z<-2
263,2025|2018|2025|2025|2021|2017|2025|2024,z<-2
264,2023|2018|2024|2023|2021|2023|2022|2023,z<-2
265,2024|2022|2018|2024|2025|2018|2025|2025,z<-2
266,2024|2025|2024|2024|2021|2025|2017|2018,z<-2
267,2025|2023|2021|2020|2022|2020|2025|2020,z<-2
268,2025|2018|2017|2017|2023|2020|2024|2017,z<-2
269,2021|2025|2021|2021|2024|2021|2023|2025,z<-2
270,2021|2020|2017|2021|2021|2021|2020|2022,z<-2
271,2025|2025|2023|2022|2025|2025|2022|2021,z<-2
272,2018|2020|2017|2023|2018|2018|2021|2020,z<-2
273,2023|2017|2018|2018|2023|2024|2020|2018,z<-2
274,2020|2025|2021|2024|2024|2020|2023|2022,z<-2
275,2022|2022|2024|2018|2024|2021|2018|2018,z<-2
276,2023|2022|2023|2018|2025|2025|2020|2017,z<-2
277,2017|2024|2021|2018|2023|2018|2024|2021,z<-2
278,2024|2018|2021|2023|2025|2023|2017|2017,z<-2
279,2020|2020|2018|2025|2025|2018|2020|2018,z<-2
280,2020|2020|2025|2022|2020|2017|2020|2021,z<-2
281,2024|2022|2021|2021|2020|2022|2024|2022,z<-2
282,2025|2018|2025|2018|2023|2022|2025|2024,z<-2
283,2023|2021|2020|2018|2017|2025|2020|2021,z<-2
284,2017|2018|2023|2021|2024|2021|2017|2023,z<-2
285,2023|2022|2024|2021|2023|2023|2022|2017,z<-2
286,2025|2022|2023|2025|2021|2023|2024|2020,z<-2
287,2020|2024|2020|2020|2025|2023|2022|2022,z<-2
288,2017|2025|2022|2021|2021|2020|2021|2024,z<-2
289,2020|2017|2024|2018|2023|2025|2021|2020,z<-2
290,2024|2024|2018|2025|2024|2022|2025|2021,z<-2
291,2023|2024|2020|2020|2020|2021|2024|2025,z<-2
292,2020|2022|2018|2018|2021|2025|2020|2022,z<-2
293,2024|2017|2021|2023|2023|2017|2022|2018,z<-2
294,2023|2020|2018|2021|2020|2018|2024|2025,z<-2
295,2021|2023|2018|2017|2023|2017|2017|2022,z<-2
296,2018|2024|2022|2020|2023|2024|2023|2022,z<-2
297,2021|2022|2020|2021|2018|2023|2024|2023,z<-2
298,2018|2024|2022|2020|2024|2021|2024|2021,z<-2
299,2021|2021|2021|2020|2025|2023|2017|2020,z<-2
300,2022|2025|2025|2022|2018|2025|2024|2025,z<-2
301,2025|2022|2018|2023|2025|2017|2017|2017,z<-2
302,2022|2018|2018|2025|2025|2021|2022|2021,z<-2
303,2018|2020|2025|2023|2018|2020|2018|2023,z<-2
304,2021|2020|2022|2018|2017|2022|2020|2020,z<-2
305,2020|2022|2020|2018|2023|2021|2025|2023,z<-2
306,2025|2021|2023|2024|2022|2017|2025|2022,z<-2
307,2018|2022|2020|2023|2020|2017|2024|2018,z<-2
308,2021|2018|2023|2024|2017|2018|2021|2020,z<-2
309,2025|2018|2023|2023|2018|2020|2021|2024,z<-2
310,2025|2024|2018|2024|2023|2024|2023|2025,z<-2
311,2021|2023|2017|2023|2021|2023|2025|2020,z<-2
312,2017|2025|2022|2021|2025|2017|2024|2020,z<-2
313,2018|2017|2017|2020|2021|2021|2021|2024,z<-2
314,2021|2020|2025|2024|2018|2024|2018|2022,z<-2
315,2018|2017|2023|2025|2025|2023|2022|2023,z<-2
316,2023|2022|2023|2024|2025|2022|2020|2023,z<-2
317,2022|2022|2017|2022|2017|2020|2024|2017,z<-2
318,2021|2023|2017|2023|2017|2020|2024|2017,z<-2
319,2017|2017|2023|2024|2021|2021|2023|2022,z<-2
320,2022|2023|2018|2025|2020|2025|2017|2018,z<-2
321,2025|2025|2017|2024|2021|2025|2022|2025,z<-2
322,2021|2017|2018|2022|2025|2021|2017|2021,z<-2
323,2024|2022|2025|2022|2025|2025|2018|2018,z<-2
324,2017|2021|2023|2021|2018|2018|2024|2023,z<-2
325,2021|2025|2017|2020|2021|2022|2025|2021,z<-2
326,2025|2021|2025|2020|2020|2020|2024|2024,z<-2
327,2024|2024|2021|2021|2017|2018|2020|2023,z<-2
328,2025|2025|2023|2021|2023|2017|2017|2024,z<-2
329,2021|2024|2018|2022|2020|2017|2021|2025,z<-2
330,2024|2020|2025|2025|2021|2025|2023|2018,z<-2
331,2020|2023|2017|2025|2020|2020|2018|2021,z<-2
332,2023|2021|2022|2018|2020|2017|2023|2020,z<-2
333,2021|2021|2025|2022|2022|2022|2018|2021,z<-2
334,2025|2025|2018|2017|2018|2017|2017|2023,z<-2
335,2017|2025|2017|2018|2018|2021|2018|2025,z<-2
336,2020|2020|2025|2025|2018|2023|2022|2017,z<-2
337,2022|2025|2023|2025|2018|2017|2021|2020,z<-2
338,2021|2025|2025|2025|2021|2024|2017|2024,z<-2
339,2022|2021|2025|2021|2025|2024|2024|2023,z<-2
340,2021|2024|2020|2024|2017|2018|2024|2021,z<-2
341,2025|2022|2025|2017|2021|2023|2025|2021,z<-2
342,2020|2020|2024|2018|2021|2022|2023|2018,z<-2
343,2024|2021|2024|2017|2020|2020|2024|2021,z<-2
344,2022|2023|2020|2023|2017|2024|2022|2024,z<-2
345,2021|2022|2020|2023|2024|2022|2024|2022,z<-2
346,2020|2023|2018|2025|2020|2021|2025|2023,z<-2
347,2018|2024|2017|2018|2021|2022|2022|2023,z<-2
348,2020|2024|2024|2023|2022|2022|2021|2020,z<-2
349,2017|2024|2021|2020|2020|2024|2022|2021,z<-2
350,2018|2021|2025|2017|2022|2023|2018|2023,z<-2
351,2024|2018|2023|2018|2022|2023|2021|2025,z<-2
352,2020|2022|2024|2025|2024|2025|2022|2024,z<-2
353,2024|2020|2024|2017|2024|2025|2020|2023,z<-2
354,2018|2022|2018|2020|2021|2018|2018|2022,z<-2
355,2022|2018|2025|2022|2017|2020|2021|2022,z<-2
356,2018|2023|2021|2024|2024|2023|2020|2023,z<-2
357,2021|2024|2021|2017|2021|2024|2022|2025,z<-2
358,2024|2022|2018|2023|2025|2017|2023|2024,z<-2
359,2025|2020|2020|2022|2022|2023|2025|2022,z<-2
360,2024|2021|2023|2017|2018|2024|2021|2021,z<-2
361,2021|2022|2025|2017|2023|2017|2020|2020,z<-2
362,2017|2024|2018|2020|2021|2024|2021|2018,z<-2
363,2024|2024|2018|2023|2023|2021|2024|2022,z<-2
364,2020|2018|2025|2018|2023|2020|2017|2018,z<-2
365,2018|2025|2021|2017|2018|2024|2022|2024,z<-2
366,2017|2025|2017|2021|2023|2021|2018|2018,z<-2
367,2025|2023|2025|2021|2018|2023|2024|2017,z<-2
368,2025|2023|2023|2022|2021|2022|2020|2024,z<-2
369,2021|2022|2022|2023|2022|2022|2024|2022,z<-2
370,2025|2022|2022|2022|2020|2022|2024|2022,z<-2
371,2025|2021|2017|2022|2022|2020|2022|2020,z<-2
372,2024|2025|2018|2018|2018|2021|2023|2018,z<-2
373,2020|2022|2021|2017|2018|2018|2025|2024,z<-2
374,2017|2023|2024|2025|2020|2017|2025|2021,z<-2
375,2018|2025|2018|2021|2022|2017|2024|2023,z<-2
376,2025|2023|2021|2023|2022|2017|2022|2022,z<-2
377,2025|2023|2025|2024|2021|2018|2022|2024,z<-2
378,2022|2018|2025|2020|2023|2018|2022|2022,z<-2
379,2021|2025|2021|2017|2024|2021|2025|2018,z<-2
380,2023|2023|2023|2021|2023|2021|2023|2022,z<-2
381,2020|2018|2018|2020|2021|2020|2018|2021,z<-2
382,2024|2018|2018|2018|2021|2020|2025|2025,z<-2
383,2025|2017|2023|2020|2021|2017|2024|2020,z<-2
384,2023|2020|2021|2022|2018|2020|2021|2024,z<-2
385,2021|2020|2022|2023|2023|2023|2021|2017,z<-2
386,2018|2024|2021|2020|2024|2018|2020|2021,z<-2
387,2022|2025|2018|2021|2017|2024|2018|2017,z<-2
388,2020|2025|2020|2018|2017|2023|2023|2023,z<-2
389,2018|2022|2022|2024|2025|2025|2025|2020,z<-2
390,2024|2023|2021|2022|2020|2021|2023|2025,z<-2
391,2023|2018|2018|2022|2022|2020|2022|2024,z<-2
392,2020|2021|2021|2023|2023|2018|2017|2021,z<-2
393,2018|2018|2024|2020|2022|2021|2025|2017,z<-2
394,2020|2023|2021|2018|2021|2020|2018|2018,z<-2
395,2021|2018|2020|2025|2022|2018|2021|2025,z<-2
396,2021|2020|2022|2017|2020|2025|2023|2022,z<-2
397,2018|2023|2020|2017|2021|2022|2024|2025,z<-2
398,2025|2025|2021|2021|2023|2023|2022|2025,z<-2
399,2021|2022|2020|2018|2020|2017|2018|2025,z<-2
400,2021|2022|2022|2017|2021|2018|2025|2023,z<-2
401,2025|2024|2018|2017|2018|2020|2025|2020,z<-2
402,2022|2022|2024|2021|2020|2022|2018|2023,z<-2
403,2025|2020|2018|2024|2024|2020|2025|2020,z<-2
404,2018|2022|2020|2022|2025|2023|2022|2021,z<-2
405,2025|2023|2024|2021|2023|2020|2024|2021,z<-2
406,2024|2018|2020|2017|2025|2021|2024|2022,z<-2
407,2022|2022|2025|2017|2025|2023|2023|2017,z<-2
408,2024|2017|2021|2021|2020|2020|2023|2020,z<-2
409,2017|2025|2021|2018|2021|2020|2018|2023,z<-2
410,2017|2023|2017|2018|2017|2020|2025|2017,z<-2
411,2022|2017|2018|2025|2022|2023|2020|2020,z<-2
412,2024|2017|2023|2022|2020|2024|2020|2022,z<-2
413,2024|2020|2023|2017|2022|2023|2025|2018,z<-2
414,2018|2018|2021|2024|2023|2022|2021|2022,z<-2
415,2023|2022|2024|2018|2025|2017|2024|2021,z<-2
416,2021|2025|2025|2023|2020|2021|2020|2023,z<-2
417,2021|2025|2018|2025|2023|2025|2024|2022,z<-2
418,2023|2022|2022|2023|2017|2022|2017|2024,z<-2
419,2017|2018|2022|2020|2022|2021|2021|2022,z<-2
420,2023|2017|2018|2023|2020|2025|2025|2020,z<-2
421,2023|2017|2024|2023|2022|2025|2022|2025,z<-2
422,2018|2024|2022|2020|2018|2021|2023|2024,z<-2
423,2024|2021|2025|2020|2017|2023|2021|2024,z<-2
424,2017|2017|2025|2023|2020|2021|2024|2024,z<-2
425,2025|2024|2023|2023|2021|2020|2017|2021,z<-2
426,2021|2022|2018|2025|2024|2017|2023|2020,z<-2
427,2018|2017|2018|2025|2023|2021|2022|2024,z<-2
428,2021|2024|2023|2024|2020|2021|2020|2017,z<-2
429,2018|2024|2018|2017|2017|2020|2024|2018,z<-2
430,2023|2024|2024|2023|2025|2023|2025|2020,z<-2
431,2022|2021|2018|2020|2021|2025|2022|2024,z<-2
432,2023|2021|2021|2025|2024|2024|2017|2023,z<-2
433,2022|2018|2023|2025|2023|2025|2017|2020,z<-2
434,2017|2024|2018|2025|2023|2023|2022|2022,z<-2
435,2025|2017|2020|2020|2025|2021|2025|2017,z<-2
436,2018|2022|2018|2021|2018|2024|2018|2017,z<-2
437,2022|2017|2018|2023|2023|2025|2024|2024,z<-2
438,2017|2022|2024|2024|2025|2025|2020|2025,z<-2
439,2020|2025|2021|2025|2022|2018|2024|2024,z<-2
440,2018|2021|2023|2023|2025|2025|2017|2021,z<-2
441,2017|2023|2018|2018|2020|2017|2024|2018,z<-2
442,2021|2025|2025|2020|2021|2020|2018|2018,z<-2
443,2025|2023|2025|2020|2022|2024|2023|2021,z<-2
444,2017|2024|2021|2017|2017|2018|2024|2025,z<-2
445,2021|2025|2025|2025|2017|2022|2022|2020,z<-2
446,2018|2020|2025|2024|2017|2020|2025|2024,z<-2
447,2018|2021|2018|2021|2020|2025|2020|2024,z<-2
448,2025|2017|2017|2020|2018|2022|2017|2021,z<-2
449,2023|2024|2021|2017|2022|2018|2017|2024,z<-2
450,2025|2020|2017|2020|2025|2021|2022|2022,z<-2
451,2023|2024|2023|2021|2020|2017|2020|2022,z<-2
452,2017|2025|2018|2020|2017|2025|2022|2024,z<-2
453,2025|2020|2024|2025|2021|2022|2022|2023,z<-2
454,2025|2017|2021|2020|2018|2018|2017|2020,z<-2
455,2024|2022|2017|2024|2024|2024|2025|2020,z<-2
456,2024|2017|2020|2023|2021|2025|2022|2022,z<-2
457,2022|2018|2023|2020|2020|2025|2021|2025,z<-2
458,2020|2020|2025|2017|2017|2023|2018|2024,z<-2
459,2025|2018|2022|2025|2024|2024|2017|2017,z<-2
460,2018|2020|2021|2022|2018|2024|2020|2020,z<-2
461,2021|2023|2018|2024|2017|2018|2023|2025,z<-2
462,2021|2020|2017|2017|2018|2021|2017|2021,z<-2
463,2017|2024|2021|2022|2021|2025|2025|2023,z<-2
464,2018|2022|2017|2022|2020|2024|2021|2018,z<-2
465,2023|2025|2020|2020|2023|2018|2025|2020,z<-2
466,2021|2021|2018|2020|2018|2025|2023|2023,z<-2
467,2022|2024|2025|2023|2020|2024|2017|2018,z<-2
468,2023|2023|2021|2022|2023|2017|2018|2017,z<-2
469,2024|2023|2024|2024|2023|2023|2017|2018,z<-2
470,2022|2022|2022|2022|2017|2025|2018|2022,z<-2
471,2018|2021|2024|2024|2021|2018|2023|2018,z<-2
472,2017|2023|2023|2024|2018|2020|2022|2022,z<-2
473,2023|2018|2025|2023|2025|2022|2021|2017,z<-2
474,2024|2025|2021|2020|2018|2022|2023|2025,z<-2
475,2023|2024|2025|2025|2017|2023|2024|2020,z<-2
476,2017|2020|2020|2020|2017|2018|2024|2023,z<-2
477,2025|2021|2022|2021|2021|2025|2024|2021,z<-2
478,2023|2024|2024|2025|2021|2024|2022|2018,z<-2
479,2021|2021|2025|2017|2025|2023|2021|2021,z<-2
480,2022|2022|2025|2023|2021|2025|2025|2020,z<-2
481,2024|2025|2020|2024|2025|2024|2018|2023,z<-2
482,2018|2024|2024|2018|2025|2020|2018|2024,z<-2
483,2023|2020|2021|2020|2018|2024|2020|2017,z<-2
484,2018|2022|2025|2021|2023|2025|2023|2022,z<-2
485,2024|2025|2018|2024|2017|2020|2021|2022,z<-2
486,2024|2018|2020|2025|2023|2024|2022|2025,z<-2
487,2020|2021|2020|2021|2020|2022|2017|2017,z<-2
488,2018|2023|2018|2020|2021|2018|2024|2021,z<-2
489,2018|2025|2020|2022|2022|2018|2025|2021,z<-2
490,2022|2025|2018|2023|2024|2025|2023|2024,z<-2
491,2022|2025|2018|2021|2024|2022|2023|2025,z<-2
492,2022|2020|2025|2025|2021|2025|2020|2017,z<-2
493,2023|2017|2025|2017|2023|2023|2020|2021,z<-2
494,2023|2024|2017|2017|2021|2017|2021|2018,z<-2
495,2020|2021|2023|2024|2017|2020|2022|2023,z<-2
496,2025|2018|2023|2017|2024|2024|2021|2025,z<-2
497,2020|2022|2021|2020|2022|2017|2017|2023,z<-2
498,2025|2021|2020|2018|2023|2023|2021|2023,z<-2
499,2020|2022|2020|2024|2018|2025|2023|2021,z<-2
500,2024|2023|2018|2017|2025|2021|2023|2017,z<-2
501,2022|2024|2017|2018|2022|2021|2023|2023,z<-2
502,2021|2020|2024|2023|2024|2023|2018|2023,z<-2
503,2020|2020|2020|2024|2018|2018|2017|2021,z<-2
504,2018|2024|2025|2018|2022|2022|2018|2022,z<-2
505,2017|2017|2017|2022|2017|2020|2018|2018,z<-2
506,2025|2022|2022|2024|2023|2018|2024|2023,z<-2
507,2023|2024|2017|2025|2020|2017|2020|2023,z<-2
508,2018|2020|2022|2018|2024|2023|2021|2022,z<-2
509,2023|2017|2017|2020|2022|2025|2021|2017,z<-2
510,2023|2025|2018|2021|2021|2018|2022|2025,z<-2
511,2025|2022|2022|2021|2018|2021|2017|2022,z<-2
512,2024|2024|2018|2023|2017|2023|2024|2018,z<-2
513,2018|2021|2020|2022|2020|2018|2022|2024,z<-2
514,2025|2024|2025|2023|2024|2023|2020|2025,z<-2
515,2020|2022|2017|2021|2020|2022|2017|2020,z<-2
516,2024|2024|2024|2025|2020|2023|2018|2023,z<-2
517,2020|2023|2020|2022|2023|2020|2020|2017,z<-2
518,2018|2023|2023|2023|2017|2024|2021|2025,z<-2
519,2022|2025|2017|2024|2020|2025|2020|2018,z<-2
520,2022|2017|2017|2017|2020|2020|2017|2018,z<-2
521,2024|2022|2024|2020|2020|2018|2023|2023,z<-2
522,2018|2017|2024|2021|2018|2022|2023|2018,z<-2
523,2017|2024|2024|2022|2025|2017|2024|2022,z<-2
524,2023|2025|2017|2018|2021|2021|2021|2025,z<-2
525,2018|2020|2022|2023|2024|2021|2023|2018,z<-2
526,2017|2022|2024|2018|2018|2023|2023|2021,z<-2
527,2020|2018|2020|2025|2022|2021|2022|2023,z<-2
528,2025|2022|2021|2021|2017|2023|2018|2024,z<-2
529,2017|2018|2025|2021|2018|2023|2025|2020,z<-2
530,2024|2025|2021|2020|2018|2024|2017|2018,z<-2
531,2018|2017|2022|2024|2021|2018|2018|2022,z<-2
532,2025|2018|2025|2020|2021|2017|2018|2017,z<-2
533,2025|2017|2025|2018|2022|2022|2017|2025,z<-2
534,2024|2025|2023|2024|2024|2021|2024|2017,z<-2
535,2023|2023|2017|2024|2023|2018|2018|2023,z<-2
536,2021|2017|2017|2024|2020|2017|2022|2022,z<-2
537,2017|2020|2020|2024|2022|2024|2023|2021,z<-2
538,2023|2022|2024|2024|2021|2021|2020|2018,z<-2
539,2020|2020|2021|2020|2020|2024|2023|2025,z<-2
540,2022|2017|2021|2021|2020|2021|2020|2025,z<-2
541,2024|2018|2017|2023|2017|2024|2018|2017,z<-2
542,2022|2021|2024|2022|2025|2017|2017|2023,z<-2
543,2018|2018|2021|2024|2020|2024|2021|2025,z<-2
544,2022|2023|2023|2018|2018|2021|2024|2018,z<-2
545,2022|2024|2024|2022|2024|2018|2021|2018,z<-2
546,2022|2017|2021|2020|2018|2025|2020|2017,z<-2
547,2022|2021|2017|2025|2025|2025|2021|2025,z<-2
548,2023|2020|2022|2022|2018|2020|2022|2018,z<-2
549,2023|2024|2017|2023|2020|2021|2021|2023,z<-2
550,2018|2022|2022|2020|2023|2021|2020|2018,z<-2
551,2025|2021|2022|2024|2025|2022|2023|2023,z<-2
552,2024|2023|2024|2023|2017|2022|2021|2021,z<-2
553,2024|2021|2021|2018|2021|2020|2023|2023,z<-2
554,2018|2024|2018|2018|2024|2024|2022|2017,z<-2
555,2024|2024|2017|2017|2022|2022|2018|2018,z<-2
556,2025|2022|2023|2024|2020|2023|2021|2021,z<-2
557,2025|2022|2021|2025|2024|2025|2023|2022,z<-2
558,2023|2021|2020|2024|2021|2017|2020|2025,z<-2
559,2024|2023|2024|2023|2024|2025|2018|2020,z<-2
560,2024|2025|2018|2025|2020|2022|2020|2020,z<-2
561,2018|2025|2023|2025|2025|2017|2022|2022,z<-2
562,2022|2018|2024|2022|2021|2017|2025|2017,z<-2
563,2025|2018|2023|2025|2022|2022|2020|2017,z<-2
564,2025|2023|2018|2018|2018|2025|2024|2025,z<-2
565,2022|2018|2024|2018|2022|2017|2020|2021,z<-2
566,2021|2018|2024|2017|2022|2018|2018|2025,z<-2
567,2017|2018|2020|2025|2020|2022|2024|2017,z<-2
568,2022|2020|2025|2022|2018|2018|2023|2021,z<-2
569,2017|2017|2024|2017|2018|2017|2024|2020,z<-2
570,2021|2018|2023|2022|2017|2021|2021|2020,z<-2
571,2022|2025|2021|2024|2022|2025|2022|2018,z<-2
572,2018|2023|2018|2020|2021|2022|2025|2018,z<-2
573,2023|2020|2017|2021|2020|2021|2018|2017,z<-2
574,2022|2025|2023|2020|2020|2020|2017|2022,z<-2
575,2022|2021|2020|2017|2023|2023|2021|2023,z<-2
576,2017|2023|2023|2017|2018|2020|2021|2022,z<-2
577,2024|2021|2023|2024|2023|2022|2020|2022,z<-2
578,2023|2021|2018|2020|2024|2022|2024|2020,z<-2
579,2025|2018|2018|2025|2024|2025|2023|2021,z<-2
580,2022|2025|2023|2023|2021|2020|2025|2021,z<-2
581,2024|2024|2025|2018|2024|2017|2022|2023,z<-2
582,2024|2020|2020|2023|2017|2018|2022|2024,z<-2
583,2024|2021|2018|2025|2023|2021|2017|2022,z<-2
584,2018|2021|2017|2023|2023|2021|2023|2021,z<-2
585,2024|2018|2024|2024|2022|2025|2021|2022,z<-2
586,2020|2022|2018|2025|2025|2024|2025|2022,z<-2
587,2023|2023|2022|2023|2025|2021|2017|2023,z<-2
588,2023|2021|2024|2023|2020|2020|2021|2017,z<-2
589,2021|2021|2021|2021|2024|2024|2018|2020,z<-2
590,2021|2025|2020|2020|2022|2020|2018|2017,z<-2
591,2017|2022|2023|2023|2021|2025|2021|2018,z<-2
592,2021|2018|2017|2020|2025|2020|2018|2017,z<-2
593,2023|2022|2025|2025|2018|2023|2025|2017,z<-2
594,2020|2025|2020|2024|2023|2017|2024|2020,z<-2
595,2024|2017|2022|2024|2022|2018|2017|2020,z<-2
596,2020|2023|2020|2018|2020|2025|2020|2025,z<-2
597,2025|2022|2025|2017|2020|2025|2023|2018,z<-2
598,2017|2022|2022|2018|2024|2018|2018|2017,z<-2
599,2017|2021|2020|2022|2017|2017|2018|2024,z<-2
600,2025|2023|2023|2018|2020|2023|2024|2024,z<-2
601,2025|2017|2017|2020|2023|2025|2020|2017,z<-2
602,2023|2017|2023|2018|2020|2024|2020|2017,z<-2
603,2017|2023|2017|2022|2024|2018|2023|2023,z<-2
604,2025|2024|2023|2024|2022|2024|2018|2024,z<-2
605,2020|2021|2023|2025|2025|2022|2017|2021,z<-2
606,2024|2025|2023|2020|2024|2024|2025|2021,z<-2
607,2025|2021|2021|2017|2018|2023|2020|2023,z<-2
608,2023|2017|2023|2025|2020|2022|2020|2023,z<-2
609,2020|2017|2022|2021|2021|2025|2024|2017,z<-2
610,2024|2025|2017|2022|2025|2023|2018|2025,z<-2
611,2020|2021|2025|2020|2018|2025|2021|2020,z<-2
612,2018|2020|2020|2023|2020|2024|2023|2024,z<-2
613,2024|2025|2024|2017|2018|2025|2018|2025,z<-2
614,2023|2020|2024|2025|2018|2023|2017|2021,z<-2
615,2017|2017|2024|2022|2023|2017|2025|2021,z<-2
616,2025|2018|2024|2021|2017|2020|2018|2018,z<-2
617,2017|2022|2017|2024|2021|2020|2025|2020,z<-2
618,2024|2024|2018|2018|2021|2024|2024|2024,z<-2
619,2024|2017|2018|2023|2021|2025|2022|2024,z<-2
620,2017|2023|2017|2025|2022|2023|2025|2023,z<-2
621,2021|2024|2020|2022|2022|2018|2020|2018,z<-2
622,2025|2017|2024|2018|2024|2018|2018|2021,z<-2
623,2017|2022|2022|2017|2017|2025|2024|2022,z<-2
624,2025|2025|2017|2023|2020|2021|2025|2020,z<-2
625,2020|2020|2023|2025|2022|2025|2017|2024,z<-2
626,2021|2024|2024|2018|2017|2023|2020|2025,z<-2
627,2018|2024|2020|2025|2018|2024|2017|2018,z<-2
628,2021|2020|2024|2022|2022|2024|2022|2020,z<-2
629,2024|2017|2024|2023|2025|2023|2018|2024,z<-2
630,2022|2024|2023|2020|2021|2018|2024|2024,z<-2
631,2017|2024|2025|2022|2020|2023|2023|2022,z<-2
632,2020|2018|2025|2025|2022|2017|2020|2022,z<-2
633,2023|2017|2020|2022|2018|2024|2020|2024,z<-2
634,2023|2025|2024|2025|2021|2017|2021|2023,z<-2
635,2020|2023|2020|2024|2021|2023|2018|2017,z<-2
636,2023|2020|2018|2024|2017|2020|2024|2025,z<-2
637,2025|2020|2020|2020|2023|2020|2024|2025,z<-2
638,2025|2020|2018|2017|2021|2021|2018|2018,z<-2
639,2017|2025|2018|2024|2024|2017|2022|2020,z<-2
640,2022|2021|2021|2021|2022|2025|2017|2023,z<-2
641,2025|2018|2020|2017|2018|2021|2022|2023,z<-2
642,2025|2023|2021|2018|2021|2020|2024|2025,z<-2
643,2024|2025|2022|2023|2021|2023|2021|2022,z<-2
644,2017|2020|2025|2021|2018|2018|2018|2024,z<-2
645,2025|2024|2022|2018|2025|2020|2024|2021,z<-2
646,2020|2021|2021|2025|2024|2022|2021|2024,z<-2
647,2025|2022|2017|2022|2017|2024|2024|2022,z<-2
648,2018|2025|2021|2017|2021|2025|2020|2021,z<-2
649,2021|2020|2024|2020|2025|2021|2021|2024,z<-2
650,2025|2018|2021|2018|2023|2025|2020|2022,z<-2
651,2024|2023|2021|2017|2020|2017|2022|2018,z<-2
652,2021|2024|2018|2023|2024|2022|2022|2020,z<-2
653,2017|2017|2021|2025|2018|2021|2023|2021,z<-2
654,2020|2023|2023|2024|2021|2025|2021|2021,z<-2
655,2024|2023|2025|2025|2023|2020|2018|2020,z<-2
656,2025|2021|2017|2020|2024|2018|2024|2024,z<-2
657,2022|2024|2020|2017|2021|2018|2017|2022,z<-2
658,2023|2018|2025|2022|2020|2022|2023|2022,z<-2
659,2020|2025|2020|2025|2021|2024|2017|2022,z<-2
660,2022|2017|2021|2024|2017|2017|2020|2025,z<-2
661,2017|2018|2025|2025|2024|2017|2025|2020,z<-2
662,2020|2024|2018|2020|2017|2023|2024|2023,z<-2
663,2022|2021|2017|2021|2024|2021|2018|2017,z<-2
664,2018|2017|2025|2023|2022|2024|2023|2024,z<-2
665,2022|2022|2021|2021|2020|2018|2021|2017,z<-2
666,2017|2025|2021|2023|2021|2020|2020|2025,z<-2
667,2024|2024|2017|2025|2021|2024|2020|2022,z<-2
668,2018|2023|2024|2025|2021|2017|2018|2021,z<-2
669,2018|2022|2020|2018|2024|2023|2017|2023,z<-2
670,2017|2020|2017|2021|2023|2022|2025|2024,z<-2
671,2023|2020|2024|2025|2025|2018|2025|2017,z<-2
672,2017|2021|2020|2021|2021|2017|2017|2023,z<-2
673,2018|2022|2021|2021|2018|2021|2018|2023,z<-2
674,2022|2020|2022|2022|2017|2022|2023|2024,z<-2
675,2023|2020|2017|2022|2025|2017|2022|2020,z<-2
676,2024|2017|2025|2023|2024|2017|2023|2024,z<-2
677,2021|2021|2025|2024|2020|2024|2022|2018,z<-2
678,2020|2018|2024|2023|2017|2018|2022|2025,z<-2
679,2021|2022|2018|2020|2022|2025|2022|2020,z<-2
680,2018|2020|2023|2023|2017|2024|2021|2017,z<-2
681,2023|2021|2017|2020|2021|2021|2025|2022,z<-2
682,2020|2018|2017|2018|2020|2021|2017|2021,z<-2
683,2024|2017|2024|2017|2020|2018|2025|2017,z<-2
684,2017|2025|2017|2022|2025|2024|2018|2021,z<-2
685,2018|2017|2020|2018|2021|2024|2024|2021,z<-2
686,2021|2024|2025|2021|2023|2024|2021|2017,z<-2
687,2021|2022|2024|2023|2024|2023|2018|2021,z<-2
688,2021|2020|2018|2022|2018|2024|2023|2025,z<-2
689,2022|2024|2022|2022|2025|2017|2021|2024,z<-2
690,2023|2017|2023|2021|2024|2022|2023|2024,z<-2
691,2021|2022|2024|2018|2023|2018|2018|2018,z<-2
692,2022|2024|2023|2018|2020|2022|2018|2025,z<-2
693,2025|2017|2017|2023|2017|2018|2025|2021,z<-2
694,2021|2025|2024|2022|2025|2025|2020|2021,z<-2
695,2023|2020|2018|2017|2022|2018|2021|2021,z<-2
696,2018|2018|2021|2021|2025|2024|2021|2017,z<-2
697,2023|2023|2023|2021|2024|2022|2025|2020,z<-2
698,2018|2023|2020|2022|2022|2018|2020|2023,z<-2
699,2022|2018|2018|2020|2020|2023|2017|2025,z<-2
700,2018|2022|2024|2024|2021|2025|2021|2018,z<-2
701,2022|2020|2018|2024|2020|2021|2018|2023,z<-2
702,2017|2017|2020|2021|2022|2021|2022|2018,z<-2
703,2024|2024|2022|2022|2020|2024|2017|2017,z<-2
704,2024|2017|2022|2023|2017|2021|2021|2017,z<-2
705,2017|2018|2021|2023|2024|2020|2017|2025,z<-2
706,2022|2024|2025|2021|2025|2020|2020|2023,z<-2
707,2023|2018|2021|2025|2022|2022|2020|2021,z<-2
708,2020|2025|2025|2017|2024|2025|2024|2017,z<-2
709,2021|2020|2017|2022|2025|2025|2021|2017,z<-2
710,2020|2022|2023|2017|2020|2023|2022|2018,z<-2
711,2022|2025|2017|2024|2018|2020|2025|2017,z<-2
712,2021|2017|2023|2025|2020|2023|2024|2021,z<-2
713,2018|2025|2021|2018|2023|2023|2020|2017,z<-2
714,2017|2025|2017|2017|2024|2023|2023|2021,z<-2
715,2022|2025|2017|2024|2021|2017|2018|2021,z<-2
716,2023|2022|2022|2025|2023|2017|2017|2025,z<-2
717,2021|2021|2024|2018|2017|2022|2025|2022,z<-2
718,2018|2022|2021|2018|2021|2025|2022|2018,z<-2
719,2023|2022|2024|2022|2018|2021|2023|2021,z<-2
720,2018|2024|2022|2025|2020|2021|2021|2023,z<-2
721,2023|2020|2021|2021|2022|2017|2023|2022,z<-2
722,2018|2021|2017|2022|2021|2022|2025|2021,z<-2
723,2020|2018|2025|2023|2020|2021|2025|2025,z<-2
724,2020|2021|2022|2021|2022|2017|2021|2023,z<-2
725,2020|2024|2023|2020|2024|2023|2022|2022,z<-2
726,2022|2020|2022|2024|2020|2025|2023|2021,z<-2
727,2023|2017|2017|2022|2020|2021|2023|2023,z<-2
728,2017|2022|2025|2022|2024|2017|2023|2024,z<-2
729,2022|2022|2022|2018|2020|2017|2017|2021,z<-2
730,2024|2024|2022|2025|2018|2021|2022|2017,z<-2
731,2021|2021|2024|2018|2017|2017|2021|2018,z<-2
732,2023|2020|2022|2022|2023|2022|2023|2025,z<-2
733,2025|2022|2023|2020|2018|2022|2018|2022,z<-2
734,2025|2020|2023|2020|2024|2021|2021|2017,z<-2
735,2017|2020|2018|2024|2024|2025|2023|2023,z<-2
736,2021|2024|2018|2022|2018|2025|2020|2018,z<-2
737,2022|2024|2020|2022|2021|2017|2024|2018,z<-2
738,2020|2017|2020|2023|2018|2022|2020|2018,z<-2
739,2023|2023|2023|2021|2024|2024|2025|2023,z<-2
740,2020|2021|2023|2025|2018|2024|2025|2022,z<-2
741,2022|2023|2021|2018|2025|2021|2017|2018,z<-2
742,2021|2020|2018|2023|2025|2022|2021|2023,z<-2
743,2020|2018|2021|2020|2024|2022|2024|2023,z<-2
744,2020|2023|2021|2022|2022|2025|2021|2024,z<-2
745,2023|2024|2023|2024|2022|2018|2024|2018,z<-2
746,2021|2021|2023|2021|2024|2021|2023|2018,z<-2
747,2020|2023|2022|2020|2022|2017|2021|2024,z<-2
748,2023|2017|2025|2025|2021|2021|2017|2020,z<-2
749,2025|2025|2024|2025|2022|2022|2017|2021,z<-2
750,2025|2024|2025|2018|2024|2018|2023|2023,z<-2
751,2025|2022|2017|2025|2017|2023|2023|2025,z<-2
752,2022|2022|2023|2018|2022|2020|2020|2017,z<-2
753,2022|2021|2021|2023|2025|2022|2025|2018,z<-2
754,2018|2022|2021|2025|2017|2021|2020|2022,z<-2
755,2020|2020|2017|2021|2025|2024|2022|2018,z<-2
756,2025|2018|2020|2017|2020|2024|2017|2022,z<-2
757,2018|2018|2018|2020|2017|2023|2020|2021,z<-2
758,2017|2022|2024|2020|2018|2017|2017|2020,z<-2
759,2017|2025|2023|2025|2022|2020|2021|2023,z<-2
760,2020|2022|2021|2023|2025|2022|2021|2017,z<-2
761,2025|2024|2024|2022|2025|2022|2022|2023,z<-2
762,2022|2023|2022|2022|2025|2018|2022|2018,z<-2
763,2021|2021|2023|2021|2021|2023|2023|2022,z<-2
764,2020|2017|2024|2021|2022|2018|2023|2020,z<-2
765,2021|2018|2018|2024|2024|2021|2022|2020,z<-2
766,2023|2022|2022|2023|2020|2022|2023|2018,z<-2
767,2024|2025|2025|2017|2023|2020|2023|2017,z<-2
768,2022|2024|2024|2025|2018|2020|2025|2024,z<-2
769,2018|2021|2024|2017|2025|2022|2022|2021,z<-2
770,2024|2023|2022|2020|2022|2020|2017|2024,z<-2
771,2024|2021|2024|2025|2017|2020|2021|2022,z<-2
772,2017|2020|2017|2021|2017|2017|2018|2018,z<-2
773,2024|2018|2018|2024|2017|2022|2024|2021,z<-2
774,2025|2025|2021|2021|2024|2023|2017|2020,z<-2
775,2024|2024|2021|2023|2021|2020|2020|2022,z<-2
776,2023|2020|2023|2024|2020|2020|2021|2018,z<-2
777,2023|2022|2023|2025|2018|2025|2018|2021,z<-2
778,2024|2017|2018|2021|2020|2024|2018|2018,z<-2
779,2018|2020|2023|2024|2025|2022|2017|2020,z<-2
780,2024|2022|2020|2018|2021|2017|2024|2024,z<-2
781,2017|2025|2024|2022|2017|2024|2018|2024,z<-2
782,2023|2025|2025|2018|2020|2018|2018|2023,z<-2
783,2024|2023|2022|2017|2017|2024|2018|2022,z<-2
784,2021|2020|2024|2022|2023|2025|2023|2024,z<-2
785,2021|2021|2023|2020|2025|2021|2021|2020,z<-2
786,2022|2025|2017|2025|2024|2018|2024|2018,z<-2
787,2022|2025|2022|2020|2021|2024|2021|2024,z<-2
788,2025|2023|2024|2020|2020|2021|2025|2018,z<-2
789,2025|2017|2021|2021|2025|2023|2024|2022,z<-2
790,2018|2025|2018|2025|2022|2021|2018|2020,z<-2
791,2024|2018|2021|2022|2020|2023|2017|2020,z<-2
792,2018|2023|2020|2018|2018|2022|2018|2025,z<-2
793,2017|2022|2020|2025|2018|2020|2024|2021,z<-2
794,2020|2018|2017|2024|2018|2023|2024|2021,z<-2
795,2017|2017|2018|2022|2025|2022|2018|2025,z<-2
796,2020|2020|2022|2023|2024|2023|2025|2023,z<-2
797,2024|2017|2021|2017|2020|2018|2025|2022,z<-2
798,2024|2023|2023|2020|2024|2018|2018|2021,z<-2
799,2017|2018|2021|2020|2018|2017|2017|2025,z<-2
800,2021|2022|2022|2018|2025|2022|2021|2017,z<-2
801,2025|2021|2022|2025|2025|2018|2023|2024,z<-2
802,2017|2021|2021|2020|2024|2024|2020|2018,z<-2
803,2025|2024|2023|2020|2022|2021|2024|2022,z<-2
804,2025|2025|2021|2024|2025|2023|2025|2021,z<-2
805,2024|2020|2017|2020|2020|2021|2024|2024,z<-2
806,2020|2017|2018|2017|2018|2018|2022|2022,z<-2
807,2018|2017|2017|2023|2018|2017|2022|2023,z<-2
808,2020|2021|2023|2017|2023|2022|2024|2018,z<-2
809,2024|2022|2018|2025|2018|2022|2024|2017,z<-2
810,2023|2024|2017|2022|2023|2021|2025|2018,z<-2
811,2022|2022|2022|2024|2024|2023|2022|2025,z<-2
812,2025|2021|2018|2018|2023|2017|2024|2022,z<-2
813,2018|2018|2017|2025|2021|2021|2018|2020,z<-2
814,2025|2017|2022|2024|2022|2017|2020|2020,z<-2
815,2025|2017|2017|2022|2024|2021|2023|2022,z<-2
816,2020|2024|2020|2017|2017|2022|2020|2025,z<-2
817,2025|2021|2022|2025|2024|2024|2017|2023,z<-2
818,2018|2020|2024|2024|2017|2023|2023|2017,z<-2
819,2018|2023|2024|2021|2018|2022|2017|2017,z<-2
820,2022|2018|2025|2025|2022|2017|2024|2020,z<-2
821,2024|2024|2025|2021|2022|2020|2021|2024,z<-2
822,2020|2022|2021|2021|2020|2021|2018|2025,z<-2
823,2025|2017|2023|2018|2017|2018|2022|2018,z<-2
824,2024|2025|2024|2023|2017|2018|2024|2018,z<-2
825,2021|2017|2021|2024|2018|2023|2025|2022,z<-2
826,2021|2022|2018|2023|2023|2022|2020|2024,z<-2
827,2018|2018|2023|2021|2020|2022|2018|2020,z<-2
828,2018|2020|2020|2017|2023|2017|2017|2017,z<-2
829,2021|2022|2022|2025|2024|2022|2018|2024,z<-2
830,2022|2018|2021|2021|2018|2025|2023|2020,z<-2
831,2025|2024|2017|2025|2025|2021|2024|2025,z<-2
832,2020|2025|2018|2023|2024|2022|2017|2025,z<-2
833,2024|2025|2021|2024|2024|2021|2023|2017,z<-2
834,2023|2020|2022|2020|2017|2025|2020|2018,z<-2
835,2021|2018|2020|2018|2018|2023|2023|2024,z<-2
836,2022|2017|2025|2017|2023|2025|2017|2021,z<-2
837,2024|2024|2020|2025|2021|2018|2017|2024,z<-2
838,2017|2021|2017|2020|2025|2018|2021|2020,z<-2
839,2021|2022|2020|2018|2025|2018|2020|2023,z<-2
840,2025|2020|2023|2022|2018|2024|2024|2022,z<-2
841,2017|2025|2018|2017|2025|2018|2025|2023,z<-2
842,2023|2024|2018|2024|2023|2025|2020|2021,z<-2
843,2024|2017|2023|2017|2022|2021|2025|2025,z<-2
844,2021|2017|2025|2023|2024|2024|2024|2021,z<-2
845,2020|2020|2025|2024|2024|2017|2025|2018,z<-2
846,2023|2023|2025|2018|2021|2017|2018|2025,z<-2
847,2024|2018|2021|2022|2023|2017|2021|2024,z<-2
848,2022|2024|2022|2021|2021|2023|2020|2025,z<-2
849,2017|2023|2023|2023|2021|2021|2025|2017,z<-2
850,2017|2017|2025|2024|2020|2022|2024|2021,z<-2
851,2021|2021|2021|2021|2021|2017|2021|2022,z<-2
852,2025|2018|2017|2021|2021|2018|2021|2022,z<-2
853,2018|2018|2021|2023|2023|2022|2025|2022,z<-2
854,2018|2023|2018|2020|2025|2023|2021|2017,z<-2
855,2018|2020|2021|2021|2018|2025|2023|2021,z<-2
856,2022|2017|2021|2017|2025|2025|2025|2025,z<-2
857,2020|2023|2024|2021|2025|2017|2025|2018,z<-2
858,2024|2020|2023|2024|2024|2020|2018|2020,z<-2
859,2023|2023|2020|2022|2023|2021|2018|2025,z<-2
860,2020|2018|2021|2025|2023|2023|2022|2021,z<-2
861,2021|2017|2017|2023|2020|2020|2024|2018,z<-2
862,2020|2021|2021|2022|2020|2017|2022|2021,z<-2
863,2022|2025|2022|2021|2022|2017|2021|2018,z<-2
864,2023|2018|2018|2023|2020|2025|2024|2020,z<-2
865,2017|2024|2024|2025|2024|2023|2024|2020,z<-2
866,2021|2020|2023|2020|2024|2017|2025|2025,z<-2
867,2022|2022|2023|2024|2022|2024|2018|2018,z<-2
868,2020|2022|2022|2022|2020|2017|2022|2017,z<-2
869,2025|2020|2024|2017|2018|2025|2024|2023,z<-2
870,2025|2021|2021|2021|2021|2025|2018|2023,z<-2
871,2023|2020|2017|2023|2022|2022|2024|2020,z<-2
872,2025|2024|2022|2021|2022|2022|2021|2021,z<-2
873,2021|2024|2020|2025|2022|2017|2017|2021,z<-2
874,2025|2018|2018|2025|2025|2022|2022|2017,z<-2
875,2022|2022|2017|2023|2020|2021|2025|2022,z<-2
876,2017|2022|2020|2025|2023|2020|2024|2017,z<-2
877,2018|2018|2020|2024|2018|2024|2025|2020,z<-2
878,2025|2023|2022|2024|2017|2023|2020|2022,z<-2
879,2017|2024|2018|2023|2023|2025|2017|2025,z<-2
880,2021|2018|2017|2017|2022|2025|2025|2020,z<-2
881,2025|2023|2024|2025|2018|2025|2022|2018,z<-2
882,2023|2022|2020|2023|2022|2025|2017|2020,z<-2
883,2023|2020|2023|2023|2020|2021|2021|2023,z<-2
884,2023|2022|2017|2020|2020|2023|2021|2020,z<-2
885,2021|2023|2018|2023|2020|2017|2017|2025,z<-2
886,2023|2022|2022|2017|2022|2017|2025|2017,z<-2
887,2021|2024|2021|2017|2018|2017|2020|2025,z<-2
888,2018|2020|2020|2018|2021|2020|2025|2023,z<-2
889,2023|2024|2021|2018|2017|2024|2018|2018,z<-2
890,2018|2023|2023|2025|2017|2023|2020|2020,z<-2
891,2021|2017|2018|2021|2023|2024|2023|2025,z<-2
892,2020|2021|2018|2021|2017|2022|2020|2017,z<-2
893,2018|2021|2024|2017|2024|2024|2024|2025,z<-2
894,2025|2025|2017|2021|2024|2024|2023|2023,z<-2
895,2018|2022|2023|2017|2022|2018|2017|2017,z<-2
896,2025|2024|2017|2017|2020|2024|2017|2023,z<-2
897,2022|2022|2017|2024|2020|2021|2022|2018,z<-2
898,2023|2017|2025|2021|2023|2024|2022|2017,z<-2
899,2020|2018|2021|2018|2021|2018|2024|2023,z<-2
900,2018|2025|2021|2025|2024|2018|2020|2020,z<-2
901,2025|2025|2021|2018|2025|2021|2021|2021,z<-2
902,2020|2023|2024|2020|2018|2025|2021|2020,z<-2
903,2021|2022|2017|2021|2020|2024|2024|2023,z<-2
904,2023|2021|2022|2022|2024|2021|2025|2023,z<-2
905,2024|2022|2022|2022|2022|2024|2018|2022,z<-2
906,2020|2017|2017|2024|2022|2023|2024|2017,z<-2
907,2025|2018|2018|2020|2025|2023|2020|2024,z<-2
908,2020|2018|2025|2025|2017|2021|2017|2021,z<-2
909,2017|2023|2025|2017|2024|2022|2022|2024,z<-2
910,2018|2024|2021|2024|2025|2020|2025|2021,z<-2
911,2024|2017|2018|2017|2024|2023|2022|2023,z<-2
912,2017|2024|2024|2023|2018|2018|2024|2017,z<-2
913,2022|2020|2017|2022|2017|2021|2020|2023,z<-2
914,2024|2022|2022|2022|2022|2023|2018|2020,z<-2
915,2024|2017|2018|2024|2024|2020|2023|2025,z<-2
916,2021|2022|2021|2025|2023|2024|2021|2021,z<-2
917,2017|2020|2018|2022|2020|2017|2024|2025,z<-2
918,2024|2025|2017|2018|2025|2024|2023|2023,z<-2
919,2022|2021|2021|2025|2023|2022|2020|2020,z<-2
920,2025|2021|2020|2022|2024|2025|2024|2018,z<-2
921,2022|2021|2023|2025|2022|2018|2023|2021,z<-2
922,2024|2017|2021|2024|2025|2025|2022|2023,z<-2
923,2017|2017|2022|2020|2024|2020|2020|2017,z<-2
924,2018|2024|2017|2024|2023|2025|2024|2022,z<-2
925,2024|2023|2017|2017|2022|2025|2020|2024,z<-2
926,2018|2022|2025|2023|2023|2021|2022|2024,z<-2
927,2023|2017|2024|2023|2020|2023|2022|2023,z<-2
928,2017|2023|2023|2017|2018|2018|2025|2020,z<-2
929,2023|2023|2024|2025|2017|2020|2022|2021,z<-2
930,2025|2024|2021|2022|2021|2018|2018|2017,z<-2
931,2024|2020|2018|2022|2018|2020|2017|2025,z<-2
932,2018|2017|2017|2023|2018|2017|2018|2020,z<-2
933,2020|2018|2023|2025|2022|2018|2025|2021,z<-2
934,2020|2018|2017|2017|2025|2025|2017|2021,z<-2
935,2023|2021|2025|2023|2022|2020|2023|2017,z<-2
936,2017|2024|2023|2017|2017|2023|2022|2018,z<-2
937,2023|2018|2024|2023|2020|2018|2024|2025,z<-2
938,2024|2021|2017|2024|2020|2020|2020|2017,z<-2
939,2025|2018|2023|2021|2020|2021|2024|2018,z<-2
940,2023|2022|2022|2022|2023|2021|2018|2024,z<-2
941,2017|2017|2024|2021|2018|2025|2023|2023,z<-2
942,2022|2018|2022|2024|2020|2024|2017|2021,z<-2
943,2022|2024|2018|2020|2017|2024|2023|2022,z<-2
944,2020|2025|2024|2020|2020|2024|2021|2020,z<-2
945,2017|2018|2018|2022|2023|2022|2025|2021,z<-2
946,2025|2018|2017|2020|2025|2020|2020|2017,z<-2
947,2018|2024|2017|2020|2025|2020|2018|2018,z<-2
948,2023|2020|2017|2018|2022|2021|2021|2020,z<-2
949,2023|2020|2018|2017|2022|2023|2025|2024,z<-2
950,2024|2022|2018|2020|2020|2020|2018|2023,z<-2
951,2021|2021|2017|2020|2022|2017|2020|2021,z<-2
952,2018|2017|2017|2017|2017|2023|2022|2022,z<-2
953,2020|2023|2020|2020|2017|2024|2020|2021,z<-2
954,2018|2024|2020|2023|2018|2025|2018|2025,z<-2
955,2020|2017|2020|2020|2025|2017|2018|2020,z<-2
956,2017|2024|2023|2017|2018|2025|2023|2020,z<-2
957,2024|2022|2020|2025|2022|2024|2022|2017,z<-2
958,2025|2018|2020|2024|2025|2017|2025|2022,z<-2
959,2021|2021|2018|2025|2021|2023|2017|2018,z<-2
960,2022|2020|2025|2017|2025|2018|2021|2023,z<-2
961,2017|2025|2025|2025|2021|2022|2022|2017,z<-2
962,2023|2024|2020|2017|2020|2020|2024|2025,z<-2
963,2025|2024|2017|2020|2022|2021|2018|2017,z<-2
964,2023|2021|2021|2023|2017|2018|2023|2017,z<-2
965,2018|2021|2017|2021|2021|2021|2018|2020,z<-2
966,2018|2023|2020|2020|2018|2022|2017|2023,z<-2
967,2021|2018|2021|2022|2023|2018|2025|2020,z<-2
968,2022|2021|2022|2025|2018|2022|2025|2018,z<-2
969,2021|2021|2017|2022|2022|2023|2017|2021,z<-2
970,2025|2017|2017|2025|2023|2025|2023|2020,z<-2
971,2022|2020|2025|2020|2023|2025|2018|2017,z<-2
972,2022|2023|2021|2025|2023|2022|2025|2021,z<-2
973,2018|2023|2018|2020|2017|2017|2020|2023,z<-2
974,2021|2023|2021|2021|2025|2022|2025|2023,z<-2
975,2024|2018|2023|2017|2017|2018|2022|2018,z<-2
976,2024|2018|2025|2018|2022|2017|2018|2018,z<-2
977,2018|2018|2017|2025|2024|2021|2020|2023,z<-2
978,2017|2021|2023|2020|2021|2017|2025|2022,z<-2
979,2022|2023|2021|2021|2023|2024|2018|2023,z<-2
980,2017|2021|2021|2018|2018|2025|2024|2023,z<-2
981,2018|2023|2025|2018|2018|2025|2024|2021,z<-2
982,2025|2023|2024|2022|2017|2020|2017|2021,z<-2
983,2018|2020|2018|2024|2022|2020|2018|2020,z<-2
984,2025|2020|2023|2017|2024|2017|2023|2025,z<-2
985,2021|2018|2022|2024|2021|2021|2022|2022,z<-2
986,2024|2021|2025|2022|2017|2020|2021|2022,z<-2
987,2022|2021|2018|2025|2021|2025|2017|2025,z<-2
988,2020|2023|2021|2025|2025|2023|2023|2020,z<-2
989,2025|2023|2022|2024|2017|2025|2022|2024,z<-2
990,2017|2018|2023|2020|2024|2017|2020|2023,z<-2
991,2018|2025|2020|2024|2021|2020|2021|2018,z<-2
992,2024|2023|2021|2022|2024|2017|2020|2025,z<-2
993,2018|2022|2021|2021|2025|2018|2018|2020,z<-2
994,2020|2024|2025|2020|2020|2020|2024|2020,z<-2
995,2023|2023|2023|2017|2021|2023|2023|2025,z<-2
996,2024|2024|2021|2017|2025|2023|2024|2023,z<-2
997,2022|2020|2020|2025|2021|2024|2025|2025,z<-2
998,2018|2022|2023|2022|2024|2025|2018|2025,z<-2
999,2017|2018|2017|2020|2025|2025|2021|2022,z<-2
1000,2022|2017|2017|2025|2025|2017|2020|2020,z<-2
1001,2020|2021|2022|2017|2025|2023|2024|2023,z<-2
1002,2023|2021|2024|2021|2025|2020|2025|2021,z<-2
1003,2021|2023|2018|2021|2017|2023|2017|2020,z<-2
1004,2025|2020|2024|2018|2020|2017|2017|2022,z<-2
1005,2021|2018|2017|2022|2020|2023|2025|2025,z<-2
1006,2020|2022|2022|2020|2018|2022|2022|2020,z<-2
1007,2025|2021|2017|2021|2022|2025|2023|2020,z<-2
1008,2020|2025|2024|2022|2023|2017|2020|2022,z<-2
1009,2023|2020|2021|2024|2023|2023|2024|2023,z<-2
1010,2021|2017|2022|2018|2018|2020|2020|2017,z<-2
1011,2020|2023|2018|2022|2022|2025|2017|2024,z<-2
1012,2024|2021|2022|2022|2025|2023|2025|2018,z<-2
1013,2017|2021|2017|2020|2025|2023|2020|2021,z<-2
1014,2023|2025|2021|2021|2021|2017|2021|2021,z<-2
1015,2018|2017|2018|2018|2020|2018|2023|2025,z<-2
1016,2024|2017|2018|2022|2020|2025|2024|2017,z<-2
1017,2021|2024|2018|2023|2025|2025|2021|2022,z<-2
1018,2021|2025|2023|2017|2024|2025|2018|2017,z<-2
1019,2024|2022|2023|2018|2023|2023|2018|2021,z<-2
1020,2018|2017|2017|2020|2017|2025|2022|2024,z<-2
1021,2025|2020|2017|2024|2024|2020|2017|2017,z<-2
1022,2025|2017|2024|2023|2018|2025|2020|2024,z<-2
1023,2022|2023|2024|2017|2018|2017|2021|2024,z<-2
1024,2018|2018|2024|2025|2020|2024|2024|2018,z<-2
1025,2017|2018|2017|2024|2023|2023|2024|2024,z<-2
1026,2024|2021|2021|2023|2023|2025|2021|2025,z<-2
1027,2018|2017|2018|2018|2017|2018|2017|2022,z<-2
1028,2022|2017|2018|2024|2023|2021|2022|2025,z<-2
1029,2018|2022|2024|2025|2018|2018|2018|2023,z<-2
1030,2023|2017|2021|2025|2025|2025|2025|2024,z<-2
1031,2023|2020|2017|2018|2024|2018|2017|2024,z<-2
1032,2023|2025|2024|2023|2024|2020|2018|2023,z<-2
1033,2022|2022|2020|2017|2018|2024|2021|2021,z<-2
1034,2024|2018|2022|2020|2025|2025|2021|2022,z<-2
1035,2022|2018|2024|2024|2025|2023|2021|2021,z<-2
1036,2024|2020|2018|2020|2024|2025|2024|2022,z<-2
1037,2021|2021|2020|2021|2021|2025|2022|2025,z<-2
1038,2024|2023|2020|2025|2021|2022|2017|2018,z<-2
1039,2025|2021|2018|2017|2021|2020|2023|2022,z<-2
1040,2025|2023|2025|2017|2023|2023|2025|2024,z<-2
1041,2018|2025|2023|2025|2023|2024|2018|2023,z<-2
1042,2018|2021|2022|2018|2022|2020|2020|2018,z<-2
1043,2017|2020|2021|2018|2025|2021|2025|2020,z<-2
1044,2022|2020|2023|2023|2025|2022|2024|2020,z<-2
1045,2023|2020|2022|2018|2018|2018|2024|2025,z<-2
1046,2025|2020|2021|2018|2017|2020|2020|2024,z<-2
1047,2021|2025|2023|2023|2024|2018|2023|2018,z<-2
1048,2022|2021|2018|2024|2025|2021|2024|2024,z<-2
1049,2020|2018|2020|2020|2018|2018|2017|2018,z<-2
1050,2021|2025|2024|2021|2022|2022|2017|2021,z<-2
1051,2017|2022|2020|2024|2025|2022|2025|2025,z<-2
1052,2023|2022|2020|2022|2025|2025|2017|2017,z<-2
1053,2017|2024|2017|2022|2023|2018|2024|2022,z<-2
1054,2017|2018|2020|2018|2020|2020|2024|2024,z<-2
1055,2024|2024|2023|2024|2023|2022|2017|2023,z<-2
1056,2025|2021|2021|2017|2025|2022|2023|2023,z<-2
1057,2023|2017|2021|2022|2025|2022|2021|2017,z<-2
1058,2024|2022|2018|2020|2024|2023|2024|2020,z<-2
1059,2017|2018|2023|2025|2022|2024|2025|2021,z<-2
1060,2021|2017|2018|2018|2023|2017|2023|2021,z<-2
1061,2024|2020|2021|2023|2025|2023|2023|2024,z<-2
1062,2021|2024|2018|2020|2023|2021|2021|2024,z<-2
1063,2020|2021|2017|2025|2025|2018|2022|2021,z<-2
1064,2021|2021|2020|2023|2024|2025|2020|2020,z<-2
1065,2022|2024|2023|2021|2024|2017|2021|2017,z<-2
1066,2022|2024|2020|2022|2017|2018|2020|2021,z<-2
1067,2017|2022|2020|2025|2024|2017|2023|2025,z<-2
1068,2020|2020|2017|2020|2020|2018|2022|2018,z<-2
1069,2017|2020|2018|2017|2021|2020|2020|2022,z<-2
1070,2025|2018|2020|2017|2017|2024|2018|2023,z<-2
1071,2025|2023|2020|2020|2020|2022|2018|2022,z<-2
1072,2020|2025|2024|2020|2021|2022|2017|2020,z<-2
1073,2021|2021|2025|2022|2017|2024|2025|2024,z<-2
1074,2018|2022|2023|2025|2022|2022|2020|2025,z<-2
1075,2024|2021|2025|2022|2021|2021|2023|2024,z<-2
1076,2017|2023|2023|2022|2017|2024|2022|2018,z<-2
1077,2023|2018|2025|2025|2025|2022|2024|2020,z<-2
1078,2021|2023|2023|2022|2020|2025|2021|2020,z<-2
1079,2022|2017|2021|2018|2023|2020|2021|2024,z<-2
1080,2025|2018|2023|2024|2023|2017|2017|2020,z<-2
1081,2021|2025|2020|2021|2018|2023|2017|2017,z<-2
1082,2021|2018|2018|2024|2020|2024|2021|2020,z<-2
1083,2021|2022|2023|2024|2021|2022|2017|2023,z<-2
1084,2024|2017|2021|2018|2018|2018|2025|2021,z<-2
1085,2018|2025|2022|2021|2018|2022|2020|2020,z<-2
1086,2017|2018|2025|2021|2023|2021|2020|2018,z<-2
1087,2020|2020|2021|2025|2017|2018|2022|2021,z<-2
1088,2024|2017|2017|2024|2024|2017|2021|2023,z<-2
1089,2020|2020|2018|2025|2017|2017|2025|2020,z<-2
1090,2025|2023|2020|2022|2021|2022|2017|2024,z<-2
1091,2021|2023|2017|2020|2022|2023|2025|2017,z<-2
1092,2017|2017|2020|2017|2025|2021|2024|2021,z<-2
1093,2021|2018|2022|2017|2023|2020|2021|2020,z<-2
1094,2025|2021|2025|2021|2025|2023|2025|2017,z<-2
1095,2021|2017|2025|2022|2017|2023|2021|2023,z<-2
1096,2017|2023|2022|2018|2022|2022|2020|2018,z<-2
1097,2021|2022|2018|2020|2023|2020|2021|2017,z<-2
1098,2024|2022|2020|2021|2018|2022|2022|2024,z<-2
1099,2018|2024|2022|2018|2020|2025|2020|2021,z<-2
1100,2023|2017|2017|2017|2020|2017|2021|2017,z<-2
1101,2022|2020|2017|2021|2025|2017|2025|2021,z<-2
1102,2024|2022|2024|2023|2022|2024|2022|2017,z<-2
1103,2025|2017|2023|2020|2018|2024|2024|2024,z<-2
1104,2022|2020|2024|2023|2020|2023|2018|2020,z<-2
1105,2025|2025|2018|2025|2020|2017|2017|2018,z<-2
1106,2017|2020|2025|2022|2025|2024|2023|2022,z<-2
1107,2020|2022|2017|2023|2022|2018|2018|2024,z<-2
1108,2017|2022|2021|2017|2024|2024|2022|2025,z<-2
1109,2022|2024|2020|2024|2020|2023|2023|2025,z<-2
1110,2022|2020|2020|2017|2021|2021|2025|2020,z<-2
1111,2018|2025|2022|2020|2022|2020|2018|2017,z<-2
1112,2017|2022|2023|2021|2020|2017|2017|2017,z<-2
1113,2025|2025|2018|2020|2023|2018|2024|2020,z<-2
1114,2023|2023|2018|2017|2023|2020|2018|2022,z<-2
1115,2020|2017|2020|2023|2021|2022|2022|2017,z<-2
1116,2022|2023|2022|2017|2025|2022|2018|2017,z<-2
1117,2018|2017|2022|2017|2020|2022|2020|2017,z<-2
1118,2025|2022|2020|2020|2018|2024|2025|2023,z<-2
1119,2020|2024|2024|2018|2018|2023|2020|2022,z<-2
1120,2023|2018|2018|2018|2024|2020|2025|2020,z<-2
1121,2024|2017|2025|2025|2018|2018|2017|2022,z<-2
1122,2017|2020|2018|2023|2022|2022|2025|2020,z<-2
1123,2025|2018|2021|2021|2021|2022|2025|2022,z<-2
1124,2021|2024|2023|2025|2020|2024|2025|2017,z<-2
1125,2022|2017|2023|2023|2022|2020|2020|2021,z<-2
1126,2023|2021|2024|2021|2024|2025|2023|2021,z<-2
1127,2024|2020|2022|2024|2018|2025|2020|2025,z<-2
1128,2022|2022|2023|2018|2023|2023|2018|2017,z<-2
1129,2024|2020|2022|2025|2021|2020|2021|2018,z<-2
1130,2020|2024|2025|2021|2022|2020|2017|2025,z<-2
1131,2025|2025|2024|2020|2018|2024|2017|2017,z<-2
1132,2025|2022|2020|2023|2024|2021|2025|2022,z<-2
1133,2021|2021|2025|2021|2018|2022|2024|2018,z<-2
1134,2023|2017|2021|2022|2018|2021|2020|2023,z<-2
1135,2018|2021|2017|2017|2017|2021|2023|2022,z<-2
1136,2022|2018|2025|2018|2020|2018|2023|2025,z<-2
1137,2018|2025|2024|2021|2025|2025|2021|2021,z<-2
1138,2021|2018|2020|2023|2024|2017|2018|2021,z<-2
1139,2017|2025|2020|2023|2021|2025|2020|2018,z<-2
1140,2018|2025|2024|2025|2023|2017|2021|2022,z<-2
1141,2021|2025|2020|2020|2023|2017|2017|2024,z<-2
1142,2025|2021|2018|2022|2017|2021|2017|2021,z<-2
1143,2025|2020|2020|2020|2022|2018|2020|2021,z<-2
1144,2018|2023|2023|2022|2017|2023|2017|2025,z<-2
1145,2018|2020|2021|2021|2021|2018|2017|2017,z<-2
1146,2017|2021|2024|2020|2023|2020|2020|2023,z<-2
1147,2023|2018|2025|2017|2017|2021|2023|2024,z<-2
1148,2022|2021|2025|2017|2025|2022|2023|2022,z<-2
1149,2022|2024|2024|2020|2025|2022|2021|2025,z<-2
1150,2021|2017|2024|2017|2020|2021|2018|2025,z<-2
1151,2025|2018|2020|2020|2023|2022|2022|2020,z<-2
1152,2023|2024|2022|2025|2017|2022|2021|2025,z<-2
1153,2024|2020|2021|2020|2025|2022|2022|2017,z<-2
1154,2023|2018|2024|2025|2022|2024|2021|2021,z<-2
1155,2024|2024|2018|2022|2025|2020|2018|2017,z<-2
1156,2017|2017|2017|2024|2025|2023|2024|2023,z<-2
1157,2023|2017|2024|2022|2020|2021|2018|2023,z<-2
1158,2025|2020|2018|2024|2023|2017|2017|2020,z<-2
1159,2022|2024|2025|2018|2025|2020|2021|2020,z<-2
1160,2020|2025|2021|2020|2024|2017|2022|2020,z<-2
1161,2021|2025|2022|2021|2018|2018|2023|2025,z<-2
1162,2021|2020|2025|2018|2025|2023|2024|2025,z<-2
1163,2018|2022|2024|2025|2023|2021|2020|2017,z<-2
1164,2025|2021|2022|2023|2022|2020|2018|2022,z<-2
1165,2025|2020|2020|2020|2023|2021|2022|2017,z<-2
1166,2025|2023|2024|2024|2018|2020|2023|2025,z<-2
1167,2024|2025|2022|2021|2017|2024|2024|2021,z<-2
1168,2021|2017|2021|2025|2025|2018|2022|2022,z<-2
1169,2020|2023|2017|2020|2018|2022|2017|2022,z<-2
1170,2024|2018|2020|2024|2017|2023|2023|2023,z<-2
1171,2022|2020|2023|2018|2022|2020|2025|2020,z<-2
1172,2021|2023|2021|2024|2018|2023|2021|2022,z<-2
1173,2017|2018|2018|2021|2025|2021|2025|2021,z<-2
1174,2017|2025|2022|2022|2023|2024|2018|2020,z<-2
1175,2021|2025|2018|2025|2021|2022|2023|2020,z<-2
1176,2018|2022|2025|2018|2023|2022|2024|2024,z<-2
1177,2023|2020|2024|2025|2020|2025|2017|2022,z<-2
1178,2021|2020|2021|2018|2017|2020|2020|2021,z<-2
1179,2023|2017|2017|2018|2018|2021|2018|2023,z<-2
1180,2023|2018|2022|2024|2021|2022|2024|2022,z<-2
1181,2022|2017|2023|2018|2021|2018|2024|2021,z<-2
1182,2018|2025|2020|2023|2022|2017|2017|2021,z<-2
1183,2022|2024|2018|2022|2022|2023|2023|2022,z<-2
1184,2020|2017|2025|2023|2018|2022|2025|2018,z<-2
1185,2020|2025|2022|2018|2021|2022|2025|2024,z<-2
1186,2017|2022|2018|2022|2018|2021|2024|2020,z<-2
1187,2021|2017|2022|2025|2022|2022|2021|2024,z<-2
1188,2022|2024|2023|2017|2021|2024|2024|2025,z<-2
1189,2020|2024|2017|2025|2022|2021|2017|2017,z<-2
1190,2021|2022|2025|2022|2020|2017|2022|2018,z<-2
1191,2018|2023|2024|2020|2023|2017|2025|2017,z<-2
1192,2025|2022|2024|2022|2020|2020|2017|2024,z<-2
1193,2018|2022|2018|2021|2018|2024|2022|2020,z<-2
1194,2018|2018|2020|2021|2025|2023|2022|2025,z<-2
1195,2021|2023|2020|2021|2022|2021|2023|2024,z<-2
1196,2022|2023|2023|2024|2020|2017|2024|2017,z<-2
1197,2023|2020|2023|2021|2025|2020|2020|2021,z<-2
1198,2022|2024|2018|2020|2023|2017|2017|2021,z<-2
1199,2021|2018|2018|2022|2021|2017|2023|2020,z<-2
1200,2022|2023|2018|2017|2023|2025|2020|2020,z<-2
1201,2020|2025|2023|2021|2024|2018|2017|2024,z<-2
1202,2020|2021|2025|2024|2017|2018|2018|2024,z<-2
1203,2021|2020|2018|2025|2018|2025|2024|2021,z<-2
1204,2025|2021|2018|2021|2021|2024|2020|2025,z<-2
1205,2022|2024|2020|2022|2021|2025|2017|2020,z<-2
1206,2024|2018|2022|2024|2025|2022|2017|2025,z<-2
1207,2018|2020|2020|2020|2024|2025|2024|2022,z<-2
1208,2018|2020|2023|2021|2024|2023|2024|2023,z<-2
1209,2022|2025|2024|2020|2017|2018|2017|2024,z<-2
1210,2021|2025|2025|2025|2022|2022|2021|2017,z<-2
1211,2022|2020|2023|2024|2022|2021|2023|2017,z<-2
1212,2023|2024|2023|2022|2021|2020|2021|2021,z<-2
1213,2025|2024|2021|2018|2024|2022|2017|2025,z<-2
1214,2017|2020|2024|2021|2020|2021|2025|2017,z<-2
1215,2025|2018|2022|2018|2020|2021|2017|2024,z<-2
1216,2022|2017|2017|2025|2021|2024|2022|2020,z<-2
1217,2017|2017|2017|2018|2017|2018|2025|2023,z<-2
1218,2023|2017|2022|2017|2018|2022|2025|2017,z<-2
1219,2024|2025|2021|2024|2017|2021|2017|2022,z<-2
1220,2025|2024|2022|2018|2017|2020|2018|2018,z<-2
1221,2022|2021|2025|2021|2023|2017|2024|2023,z<-2
1222,2020|2023|2023|2021|2020|2017|2024|2025,z<-2
1223,2018|2018|2022|2020|2024|2020|2018|2018,z<-2
1224,2018|2023|2020|2020|2018|2020|2023|2018,z<-2
1225,2022|2025|2021|2018|2020|2021|2023|2020,z<-2
1226,2025|2024|2018|2017|2017|2017|2025|2022,z<-2
1227,2018|2018|2017|2022|2024|2018|2017|2023,z<-2
1228,2017|2024|2025|2020|2025|2023|2021|2022,z<-2
1229,2025|2017|2018|2017|2024|2024|2020|2023,z<-2
1230,2018|2025|2024|2023|2020|2018|2024|2025,z<-2
1231,2023|2020|2024|2020|2018|2018|2020|2023,z<-2
1232,2021|2017|2018|2025|2017|2024|2017|2021,z<-2
1233,2017|2023|2022|2017|2018|2022|2022|2017,z<-2
1234,2018|2021|2024|2022|2023|2017|2024|2020,z<-2
1235,2018|2024|2021|2018|2020|2025|2025|2018,z<-2
1236,2018|2024|2020|2017|2018|2022|2023|2025,z<-2
1237,2020|2020|2021|2017|2025|2022|2018|2017,z<-2
1238,2023|2022|2025|2020|2018|2022|2021|2023,z<-2
1239,2023|2017|2023|2021|2024|2025|2023|2024,z<-2
1240,2021|2024|2021|2022|2025|2025|2025|2024,z<-2
1241,2017|2025|2018|2020|2018|2023|2023|2025,z<-2
1242,2018|2020|2025|2017|2018|2017|2025|2017,z<-2
1243,2024|2017|2025|2018|2018|2023|2024|2018,z<-2
1244,2018|2020|2023|2025|2023|2024|2018|2023,z<-2
1245,2017|2017|2022|2024|2022|2017|2021|2017,z<-2
1246,2018|2025|2020|2020|2020|2018|2018|2023,z<-2
1247,2021|2023|2022|2024|2020|2022|2025|2018,z<-2
1248,2024|2025|2021|2022|2022|2017|2022|2020,z<-2
1249,2018|2018|2021|2022|2021|2024|2025|2023,z<-2
1250,2020|2024|2018|2021|2020|2017|2021|2018,z<-2
1251,2017|2017|2017|2024|2023|2021|2020|2021,z<-2
1252,2023|2023|2018|2022|2022|2017|2024|2025,z<-2
1253,2021|2020|2018|2024|2021|2020|2020|2024,z<-2
1254,2021|2018|2020|2023|2020|2025|2020|2017,z<-2
1255,2020|2025|2017|2024|2024|2022|2020|2022,z<-2
1256,2021|2020|2018|2021|2022|2022|2021|2020,z<-2
1257,2020|2023|2020|2023|2018|2017|2024|2017,z<-2
1258,2024|2023|2021|2025|2022|2020|2018|2023,z<-2
1259,2024|2025|2017|2020|2017|2021|2025|2023,z<-2
1260,2023|2018|2017|2017|2022|2023|2017|2024,z<-2
1261,2024|2024|2020|2020|2018|2021|2018|2018,z<-2
1262,2017|2023|2018|2021|2018|2021|2018|2022,z<-2
1263,2021|2021|2018|2020|2023|2020|2022|2023,z<-2
1264,2020|2024|2024|2021|2022|2020|2025|2018,z<-2
1265,2023|2018|2021|2023|2020|2021|2018|2017,z<-2
1266,2025|2022|2022|2020|2018|2022|2025|2022,z<-2
1267,2018|2024|2022|2025|2021|2017|2018|2021,z<-2
1268,2025|2018|2025|2025|2022|2018|2018|2022,z<-2
1269,2021|2025|2024|2023|2020|2024|2025|2025,z<-2
1270,2025|2018|2018|2020|2020|2022|2020|2024,z<-2
1271,2022|2024|2020|2017|2022|2017|2024|2020,z<-2
1272,2023|2018|2022|2020|2024|2022|2023|2021,z<-2
1273,2018|2025|2018|2017|2021|2022|2022|2017,z<-2
1274,2017|2018|2018|2017|2020|2020|2025|2021,z<-2
1275,2024|2023|2025|2017|2020|2024|2017|2023,z<-2
1276,2025|2017|2018|2020|2025|2021|2020|2023,z<-2
1277,2025|2018|2018|2023|2018|2023|2017|2018,z<-2
1278,2024|2018|2023|2025|2021|2018|2024|2021,z<-2
1279,2018|2022|2023|2023|2017|2021|2017|2022,z<-2
1280,2020|2021|2025|2025|2023|2018|2025|2022,z<-2
1281,2017|2023|2017|2025|2024|2018|2025|2023,z<-2
1282,2022|2018|2025|2018|2023|2021|2024|2018,z<-2
1283,2020|2022|2022|2023|2021|2022|2017|2017,z<-2
1284,2022|2017|2024|2018|2024|2018|2017|2021,z<-2
1285,2024|2017|2018|2018|2017|2018|2022|2020,z<-2
1286,2022|2022|2025|2024|2018|2018|2025|2017,z<-2
1287,2022|2022|2018|2021|2017|2017|2020|2017,z<-2
1288,2020|2025|2025|2025|2023|2022|2017|2017,z<-2
1289,2018|2022|2023|2024|2017|2025|2021|2020,z<-2
1290,2017|2024|2020|2020|2018|2023|2024|2018,z<-2
1291,2025|2021|2021|2025|2023|2022|2021|2023,z<-2
1292,2018|2022|2017|2025|2024|2025|2020|2023,z<-2
1293,2020|2018|2025|2017|2024|2022|2020|2017,z<-2
1294,2025|2018|2020|2022|2023|2020|2020|2021,z<-2
1295,2024|2018|2023|2018|2024|2020|2020|2023,z<-2
1296,2025|2025|2018|2025|2017|2023|2024|2020,z<-2
1297,2025|2018|2018|2017|2017|2017|2024|2025,z<-2
1298,2023|2023|2024|2020|2025|2022|2018|2024,z<-2
1299,2022|2025|2025|2018|2018|2020|2020|2021,z<-2
1300,2018|2018|2025|2024|2020|2021|2020|2020,z<-2
1301,2022|2020|2020|2017|2024|2017|2017|2025,z<-2
1302,2018|2023|2022|2025|2020|2021|2025|2023,z<-2
1303,2024|2025|2024|2018|2024|2020|2024|2020,z<-2
1304,2017|2021|2022|2025|2017|2024|2023|2017,z<-2
1305,2024|2017|2022|2017|2017|2018|2022|2017,z<-2
1306,2020|2022|2024|2020|2018|2017|2020|2023,z<-2
1307,2024|2022|2021|2021|2020|2023|2017|2018,z<-2
1308,2021|2024|2020|2022|2018|2024|2018|2021,z<-2
1309,2024|2017|2023|2025|2021|2020|2022|2022,z<-2
1310,2022|2025|2025|2025|2017|2022|2022|2025,z<-2
1311,2020|2018|2025|2021|2024|2020|2018|2024,z<-2
1312,2023|2025|2020|2022|2018|2017|2021|2022,z<-2
1313,2018|2023|2018|2020|2020|2022|2017|2024,z<-2
1314,2023|2021|2021|2024|2023|2021|2024|2023,z<-2
1315,2018|2021|2020|2020|2021|2024|2018|2018,z<-2
1316,2023|2024|2024|2021|2021|2018|2017|2021,z<-2
1317,2021|2025|2024|2025|2020|2024|2025|2024,z<-2
1318,2023|2017|2018|2018|2020|2024|2025|2021,z<-2
1319,2017|2022|2017|2018|2021|2025|2020|2021,z<-2
1320,2021|2017|2017|2023|2018|2021|2024|2021,z<-2
1321,2017|2025|2022|2024|2021|2021|2024|2025,z<-2
1322,2025|2025|2022|2018|2020|2022|2023|2024,z<-2
1323,2021|2020|2018|2023|2025|2024|2017|2025,z<-2
1324,2025|2024|2021|2020|2017|2017|2021|2020,z<-2
1325,2018|2025|2021|2022|2020|2025|2024|2018,z<-2
1326,2021|2024|2017|2023|2024|2018|2025|2018,z<-2
1327,2021|2017|2024|2020|2018|2018|2025|2018,z<-2
1328,2022|2017|2024|2022|2023|2021|2017|2025,z<-2
1329,2025|2023|2023|2020|2020|2017|2017|2017,z<-2
1330,2022|2021|2020|2025|2020|2025|2020|2020,z<-2
1331,2025|2021|2018|2021|2021|2021|2021|2024,z<-2
1332,2017|2024|2018|2020|2021|2021|2017|2023,z<-2
1333,2024|2021|2020|2022|2020|2017|2021|2024,z<-2
1334,2018|2020|2018|2017|2023|2023|2023|2024,z<-2
1335,2022|2018|2024|2017|2017|2018|2022|2023,z<-2
1336,2021|2023|2017|2018|2020|2020|2024|2025,z<-2
1337,2022|2018|2024|2024|2018|2023|2024|2022,z<-2
1338,2017|2025|2024|2021|2017|2018|2024|2020,z<-2
1339,2021|2023|2022|2023|2024|2021|2024|2022,z<-2
1340,2021|2022|2017|2024|2025|2022|2017|2023,z<-2
1341,2025|2020|2020|2022|2020|2018|2021|2025,z<-2
1342,2018|2025|2025|2022|2020|2025|2018|2018,z<-2
1343,2018|2023|2017|2018|2020|2024|2018|2020,z<-2
1344,2024|2023|2020|2025|2024|2022|2018|2022,z<-2
1345,2024|2024|2025|2017|2023|2024|2023|2021,z<-2
1346,2021|2023|2018|2021|2025|2017|2022|2017,z<-2
1347,2017|2022|2022|2017|2020|2017|2020|2025,z<-2
1348,2024|2020|2017|2025|2023|2025|2018|2022,z<-2
1349,2018|2024|2017|2024|2017|2024|2020|2024,z<-2
1350,2018|2018|2023|2022|2021|2024|2022|2025,z<-2
1351,2024|2024|2020|2023|2018|2021|2018|2021,z<-2
1352,2023|2021|2023|2024|2021|2018|2025|2020,z<-2
1353,2025|2023|2023|2018|2017|2024|2017|2025,z<-2
1354,2022|2025|2018|2025|2023|2022|2024|2024,z<-2
1355,2025|2024|2018|2022|2018|2023|2021|2018,z<-2
1356,2022|2021|2018|2025|2024|2018|2024|2018,z<-2
1357,2017|2025|2021|2024|2022|2021|2025|2025,z<-2
1358,2017|2024|2018|2021|2020|2018|2020|2022,z<-2
1359,2024|2025|2018|2022|2018|2024|2021|2018,z<-2
1360,2024|2022|2018|2022|2023|2024|2025|2018,z<-2
1361,2017|2023|2020|2017|2023|2021|2018|2017,z<-2
1362,2021|2020|2024|2024|2025|2022|2020|2024,z<-2
1363,2024|2017|2017|2022|2020|2022|2020|2017,z<-2
1364,2025|2021|2017|2022|2025|2020|2024|2017,z<-2
1365,2025|2018|2018|2022|2023|2020|2020|2021,z<-2
1366,2024|2021|2022|2023|2023|2025|2022|2023,z<-2
1367,2017|2025|2018|2022|2025|2018|2023|2025,z<-2
1368,2018|2025|2024|2018|2022|2024|2020|2021,z<-2
1369,2017|2017|2025|2020|2020|2021|2018|2020,z<-2
1370,2021|2024|2023|2022|2020|2024|2021|2024,z<-2
1371,2017|2025|2020|2020|2021|2024|2017|2017,z<-2
1372,2024|2025|2022|2023|2024|2023|2024|2020,z<-2
1373,2025|2020|2022|2018|2020|2018|2024|2024,z<-2
1374,2022|2017|2025|2018|2017|2023|2024|2024,z<-2
1375,2025|2024|2023|2022|2018|2018|2023|2018,z<-2
1376,2021|2021|2022|2023|2018|2025|2023|2023,z<-2
1377,2020|2022|2021|2025|2020|2023|2021|2021,z<-2
1378,2024|2017|2020|2021|2025|2020|2024|2017,z<-2
1379,2024|2017|2020|2023|2024|2018|2022|2023,z<-2
1380,2023|2018|2020|2025|2022|2024|2022|2023,z<-2
1381,2021|2023|2024|2024|2024|2025|2023|2025,z<-2
1382,2024|2025|2017|2025|2023|2022|2018|2018,z<-2
1383,2020|2023|2024|2018|2018|2017|2020|2024,z<-2
1384,2023|2017|2024|2022|2017|2020|2020|2020,z<-2
1385,2021|2020|2025|2022|2023|2020|2024|2023,z<-2
1386,2024|2018|2020|2018|2018|2021|2024|2025,z<-2
1387,2024|2022|2022|2020|2018|2018|2018|2025,z<-2
1388,2025|2021|2022|2023|2025|2025|2018|2025,z<-2
1389,2025|2025|2023|2023|2021|2023|2024|2025,z<-2
1390,2020|2017|2024|2022|2020|2018|2021|2020,z<-2
1391,2024|2017|2022|2025|2022|2025|2025|2024,z<-2
1392,2024|2023|2020|2020|2025|2022|2018|2021,z<-2
1393,2024|2017|2017|2018|2018|2021|2024|2017,z<-2
1394,2020|2022|2025|2024|2018|2020|2025|2018,z<-2
1395,2025|2020|2023|2023|2018|2018|2023|2025,z<-2
1396,2018|2023|2022|2025|2024|2025|2024|2022,z<-2
1397,2021|2017|2025|2023|2025|2021|2024|2021,z<-2
1398,2023|2025|2020|2018|2022|2022|2017|2017,z<-2
1399,2025|2023|2025|2023|2023|2017|2021|2024,z<-2
1400,2022|2018|2024|2022|2020|2021|2025|2022,z<-2
1401,2020|2017|2018|2022|2023|2020|2017|2021,z<-2
1402,2022|2022|2021|2017|2021|2018|2020|2024,z<-2
1403,2017|2020|2024|2017|2017|2025|2021|2023,z<-2
1404,2022|2017|2024|2020|2017|2022|2017|2023,z<-2
1405,2023|2025|2018|2025|2020|2020|2025|2022,z<-2
1406,2018|2022|2024|2020|2020|2021|2023|2018,z<-2
1407,2020|2017|2017|2018|2018|2020|2017|2021,z<-2
1408,2023|2025|2023|2024|2020|2024|2023|2018,z<-2
1409,2022|2021|2022|2021|2022|2018|2017|2024,z<-2
1410,2023|2020|2020|2020|2020|2023|2023|2017,z<-2
1411,2023|2022|2022|2018|2024|2022|2020|2023,z<-2
1412,2024|2025|2024|2021|2018|2018|2020|2025,z<-2
1413,2020|2024|2021|2020|2025|2022|2020|2020,z<-2
1414,2023|2018|2024|2022|2025|2022|2024|2024,z<-2
1415,2018|2017|2025|2020|2022|2021|2017|2017,z<-2
1416,2017|2025|2024|2024|2017|2023|2025|2017,z<-2
1417,2025|2018|2020|2025|2021|2021|2024|2021,z<-2
1418,2024|2022|2018|2022|2023|2025|2022|2023,z<-2
1419,2020|2025|2024|2018|2025|2020|2025|2024,z<-2
1420,2023|2018|2025|2021|2020|2020|2022|2025,z<-2
1421,2022|2025|2020|2018|2021|2020|2022|2024,z<-2
1422,2018|2023|2025|2018|2024|2018|2024|2017,z<-2
1423,2017|2024|2025|2024|2023|2022|2020|2022,z<-2
1424,2018|2022|2023|2021|2020|2022|2023|2023,z<-2
1425,2023|2017|2024|2018|2022|2024|2018|2021,z<-2
1426,2023|2024|2018|2025|2021|2018|2023|2025,z<-2
1427,2023|2021|2017|2021|2023|2025|2017|2023,z<-2
1428,2020|2021|2023|2023|2023|2021|2018|2020,z<-2
1429,2017|2020|2017|2023|2025|2025|2023|2022,z<-2
1430,2018|2021|2023|2022|2022|2018|2018|2018,z<-2
1431,2021|2017|2021|2024|2021|2025|2022|2023,z<-2
1432,2021|2020|2022|2021|2021|2024|2023|2022,z<-2
1433,2020|2020|2017|2023|2023|2020|2021|2017,z<-2
1434,2025|2018|2022|2022|2017|2024|2017|2025,z<-2
1435,2021|2017|2021|2022|2023|2020|2021|2024,z<-2
1436,2017|2022|2021|2024|2022|2017|2017|2018,z<-2
1437,2023|2024|2020|2024|2017|2020|2022|2022,z<-2
1438,2021|2025|2018|2023|2025|2018|2023|2023,z<-2
1439,2020|2025|2023|2020|2017|2022|2024|2024,z<-2
1440,2022|2025|2017|2024|2025|2023|2018|2018,z<-2
1441,2024|2017|2018|2025|2023|2023|2025|2017,z<-2
1442,2023|2017|2018|2020|2023|2018|2018|2018,z<-2
1443,2025|2020|2020|2024|2024|2021|2025|2018,z<-2
1444,2020|2025|2021|2023|2021|2024|2025|2024,z<-2
1445,2023|2017|2022|2024|2025|2024|2024|2025,z<-2
1446,2023|2022|2025|2023|2020|2023|2023|2024,z<-2
1447,2025|2024|2020|2023|2020|2025|2018|2017,z<-2
1448,2018|2018|2018|2020|2022|2022|2017|2017,z<-2
1449,2021|2024|2024|2017|2020|2022|2018|2020,z<-2
1450,2023|2025|2024|2025|2020|2020|2017|2022,z<-2
1451,2023|2023|2023|2024|2023|2024|2022|2017,z<-2
1452,2025|2021|2018|2023|2018|2020|2017|2022,z<-2
1453,2018|2020|2025|2021|2017|2020|2020|2020,z<-2
1454,2018|2017|2025|2017|2021|2021|2020|2021,z<-2
1455,2017|2023|2023|2022|2021|2017|2021|2025,z<-2
1456,2023|2018|2018|2020|2021|2023|2023|2020,z<-2
1457,2023|2024|2022|2025|2024|2020|2020|2021,z<-2
1458,2020|2018|2023|2017|2017|2023|2025|2020,z<-2
1459,2020|2024|2023|2017|2022|2025|2023|2017,z<-2
1460,2023|2025|2025|2018|2021|2021|2024|2025,z<-2
1461,2025|2021|2020|2025|2022|2018|2018|2024,z<-2
1462,2023|2025|2024|2022|2017|2018|2017|2023,z<-2
1463,2022|2023|2021|2018|2021|2025|2024|2023,z<-2
1464,2023|2024|2018|2024|2025|2020|2025|2017,z<-2
1465,2021|2020|2025|2024|2025|2022|2025|2022,z<-2
1466,2023|2021|2021|2020|2020|2025|2022|2023,z<-2
1467,2024|2017|2020|2017|2025|2025|2023|2020,z<-2
1468,2017|2021|2022|2023|2020|2017|2020|2025,z<-2
1469,2023|2022|2018|2020|2020|2023|2017|2025,z<-2
1470,2025|2017|2018|2017|2021|2024|2020|2020,z<-2
1471,2022|2022|2021|2025|2023|2023|2025|2021,z<-2
1472,2021|2022|2022|2017|2022|2023|2022|2023,z<-2
1473,2022|2018|2020|2023|2022|2020|2020|2017,z<-2
1474,2017|2018|2018|2022|2021|2017|2024|2022,z<-2
1475,2023|2022|2024|2022|2021|2025|2025|2025,z<-2
1476,2021|2023|2020|2021|2022|2021|2025|2018,z<-2
1477,2024|2024|2021|2020|2020|2023|2021|2025,z<-2
1478,2025|2018|2020|2021|2025|2022|2017|2020,z<-2
1479,2020|2023|2020|2025|2018|2021|2024|2018,z<-2
1480,2021|2022|2018|2018|2023|2018|2017|2020,z<-2
1481,2017|2021|2025|2017|2018|2018|2021|2025,z<-2
1482,2018|2022|2021|2025|2020|2021|2017|2018,z<-2
1483,2021|2018|2023|2017|2024|2022|2017|2024,z<-2
1484,2024|2025|2022|2020|2017|2024|2024|2022,z<-2
1485,2017|2017|2022|2024|2018|2017|2017|2021,z<-2
1486,2020|2022|2017|2024|2018|2022|2020|2017,z<-2
1487,2021|2022|2022|2023|2024|2020|2017|2020,z<-2
1488,2024|2020|2020|2023|2021|2022|2018|2018,z<-2
1489,2021|2024|2025|2017|2018|2021|2023|2017,z<-2
1490,2022|2024|2021|2018|2020|2022|2021|2022,z<-2
1491,2020|2017|2018|2025|2017|2020|2024|2017,z<-2
1492,2017|2021|2024|2018|2023|2023|2022|2017,z<-2
1493,2021|2020|2021|2022|2022|2021|2025|2025,z<-2
1494,2023|2025|2020|2023|2024|2023|2023|2017,z<-2
1495,2017|2022|2017|2020|2018|2021|2020|2021,z<-2
1496,2021|2017|2023|2021|2025|2025|2018|2017,z<-2
1497,2021|2020|2024|2022|2021|2022|2020|2021,z<-2
1498,2024|2022|2022|2022|2024|2018|2023|2025,z<-2
1499,2025|2017|2021|2020|2023|2025|2023|2025,z<-2
1500,2018|2023|2018|2021|2023|2025|2023|2020,z<-2
1501,2025|2018|2020|2018|2024|2024|2024|2023,z<-2
1502,2017|2025|2021|2018|2020|2018|2021|2017,z<-2
1503,2023|2017|2024|2023|2023|2018|2017|2022,z<-2
1504,2021|2020|2018|2018|2022|2021|2023|2022,z<-2
1505,2020|2024|2025|2020|2023|2025|2017|2018,z<-2
1506,2021|2017|2023|2021|2017|2018|2018|2022,z<-2
1507,2020|2025|2020|2017|2025|2018|2020|2020,z<-2
1508,2018|2020|2025|2017|2021|2025|2018|2023,z<-2
1509,2021|2017|2021|2021|2024|2021|2021|2020,z<-2
1510,2023|2025|2024|2018|2022|2018|2018|2017,z<-2
1511,2020|2018|2020|2018|2025|2017|2020|2023,z<-2
1512,2025|2023|2021|2022|2024|2020|2024|2020,z<-2
1513,2024|2017|2023|2025|2025|2021|2021|2020,z<-2
1514,2023|2022|2025|2025|2017|2025|2020|2024,z<-2
1515,2021|2024|2018|2023|2021|2020|2024|2020,z<-2
1516,2023|2023|2017|2024|2017|2020|2021|2020,z<-2
1517,2023|2021|2022|2024|2024|2017|2021|2021,z<-2
1518,2024|2018|2017|2020|2022|2023|2021|2022,z<-2
1519,2020|2025|2022|2021|2021|2024|2021|2017,z<-2
1520,2020|2022|2024|2017|2022|2021|2025|2017,z<-2
1521,2020|2022|2017|2020|2024|2025|2021|2018,z<-2
1522,2017|2020|2025|2024|2018|2025|2021|2022,z<-2
1523,2018|2021|2021|2025|2017|2024|2025|2023,z<-2
1524,2023|2017|2018|2024|2022|2021|2017|2024,z<-2
1525,2021|2023|2025|2024|2022|2024|2018|2017,z<-2
1526,2018|2025|2017|2017|2025|2017|2021|2021,z<-2
1527,2025|2020|2018|2018|2023|2017|2022|2021,z<-2
1528,2022|2020|2024|2021|2023|2025|2024|2020,z<-2
1529,2024|2021|2022|2025|2017|2024|2018|2017,z<-2
1530,2024|2024|2025|2022|2023|2022|2020|2020,z<-2
1531,2024|2020|2020|2018|2023|2024|2025|2023,z<-2
1532,2023|2021|2024|2023|2024|2022|2017|2025,z<-2
1533,2021|2018|2021|2021|2024|2022|2017|2021,z<-2
1534,2018|2025|2022|2024|2021|2023|2020|2020,z<-2
1535,2021|2024|2017|2020|2024|2018|2023|2023,z<-2
1536,2022|2017|2022|2020|2025|2018|2024|2018,z<-2
1537,2023|2022|2022|2022|2024|2025|2025|2022,z<-2
1538,2022|2022|2017|2020|2024|2024|2024|2021,z<-2
1539,2020|2020|2022|2018|2020|2021|2020|2023,z<-2
1540,2017|2020|2017|2018|2025|2018|2018|2023,z<-2
1541,2024|2025|2021|2017|2024|2025|2025|2024,z<-2
1542,2022|2024|2018|2024|2025|2017|2023|2018,z<-2
1543,2020|2018|2022|2017|2018|2021|2025|2022,z<-2
1544,2023|2021|2024|2024|2025|2023|2023|2017,z<-2
1545,2018|2024|2018|2023|2020|2020|2025|2025,z<-2
1546,2024|2017|2024|2017|2025|2025|2017|2022,z<-2
1547,2024|2025|2024|2021|2018|2018|2021|2023,z<-2
1548,2021|2025|2022|2024|2018|2021|2023|2024,z<-2
1549,2021|2021|2017|2022|2022|2020|2023|2020,z<-2
1550,2018|2018|2023|2017|2017|2022|2020|2021,z<-2
1551,2021|2018|2018|2024|2018|2020|2022|2022,z<-2
1552,2017|2024|2020|2020|2023|2025|2024|2025,z<-2
1553,2017|2018|2017|2024|2017|2025|2018|2025,z<-2
1554,2022|2017|2021|2025|2021|2018|2021|2021,z<-2
1555,2018|2023|2021|2020|2025|2020|2018|2018,z<-2
1556,2022|2025|2025|2024|2021|2017|2018|2025,z<-2
1557,2023|2017|2025|2023|2023|2023|2025|2021,z<-2
1558,2023|2020|2017|2023|2020|2025|2021|2021,z<-2
1559,2025|2017|2025|2018|2022|2017|2023|2024,z<-2
1560,2023|2017|2024|2020|2021|2025|2022|2020,z<-2
1561,2018|2020|2022|2017|2020|2024|2017|2020,z<-2
1562,2024|2018|2025|2025|2022|2021|2020|2025,z<-2
1563,2025|2025|2022|2017|2022|2017|2023|2017,z<-2
1564,2025|2022|2020|2018|2022|2025|2020|2018,z<-2
1565,2021|2017|2022|2025|2023|2023|2021|2025,z<-2
1566,2024|2021|2020|2021|2025|2017|2025|2017,z<-2
1567,2021|2020|2023|2023|2018|2020|2025|2025,z<-2
1568,2022|2018|2025|2018|2023|2018|2023|2024,z<-2
1569,2017|2021|2023|2017|2018|2023|2023|2021,z<-2
1570,2017|2023|2023|2017|2020|2023|2024|2018,z<-2
1571,2018|2020|2022|2020|2022|2023|2021|2022,z<-2
1572,2022|2023|2024|2022|2024|2021|2023|2024,z<-2
1573,2020|2017|2017|2022|2025|2024|2023|2022,z<-2
1574,2018|2018|2021|2022|2017|2022|2024|2025,z<-2
1575,2022|2023|2017|2022|2018|2022|2018|2020,z<-2
1576,2017|2021|2022|2023|2017|2022|2025|2024,z<-2
1577,2021|2018|2024|2018|2023|2020|2022|2022,z<-2
1578,2022|2021|2024|2018|2025|2025|2022|2025,z<-2
1579,2025|2023|2021|2025|2018|2017|2018|2020,z<-2
1580,2020|2017|2023|2023|2017|2018|2024|2025,z<-2
1581,2018|2023|2021|2023|2024|2018|2017|2018,z<-2
1582,2021|2020|2017|2022|2018|2022|2022|2022,z<-2
1583,2021|2025|2018|2022|2017|2020|2022|2024,z<-2
1584,2017|2021|2021|2024|2017|2021|2018|2025,z<-2
1585,2020|2022|2020|2025|2024|2018|2025|2024,z<-2
1586,2025|2023|2017|2021|2024|2018|2024|2021,z<-2
1587,2018|2020|2024|2022|2022|2022|2025|2020,z<-2
1588,2017|2017|2022|2018|2024|2023|2025|2023,z<-2
1589,2017|2017|2024|2020|2017|2023|2023|2023,z<-2
1590,2022|2018|2025|2020|2024|2022|2017|2021,z<-2
1591,2022|2024|2018|2021|2021|2025|2018|2024,z<-2
1592,2022|2018|2024|2021|2017|2021|2020|2023,z<-2
1593,2022|2024|2022|2020|2022|2024|2021|2024,z<-2
1594,2017|2024|2018|2025|2025|2021|2024|2017,z<-2
1595,2021|2020|2023|2018|2021|2020|2023|2018,z<-2
1596,2018|2021|2023|2018|2024|2017|2018|2023,z<-2
1597,2025|2018|2017|2025|2025|2023|2020|2018,z<-2
1598,2020|2017|2022|2021|2018|2025|2018|2020,z<-2
1599,2020|2024|2018|2020|2021|2020|2023|2025,z<-2
1600,2018|2023|2021|2018|2021|2022|2024|2020,z<-2
1601,2025|2023|2024|2018|2023|2020|2022|2017,z<-2
1602,2023|2024|2021|2020|2024|2023|2018|2017,z<-2
1603,2024|2025|2025|2024|2025|2024|2024|2018,z<-2
1604,2020|2021|2021|2018|2025|2022|2018|2017,z<-2
1605,2025|2021|2020|2017|2024|2021|2020|2021,z<-2
1606,2024|2017|2020|2021|2022|2022|2024|2018,z<-2
1607,2021|2025|2018|2025|2025|2021|2021|2025,z<-2
1608,2017|2017|2022|2023|2017|2022|2024|2020,z<-2
1609,2018|2017|2022|2023|2018|2017|2025|2018,z<-2
1610,2024|2021|2017|2024|2022|2023|2020|2018,z<-2
1611,2018|2020|2020|2022|2024|2017|2024|2017,z<-2
1612,2018|2018|2020|2017|2023|2023|2018|2023,z<-2
1613,2018|2021|2017|2022|2017|2024|2018|2018,z<-2
1614,2020|2024|2018|2018|2020|2018|2025|2018,z<-2
1615,2022|2018|2023|2018|2022|2021|2018|2020,z<-2
1616,2025|2024|2025|2021|2024|2017|2020|2022,z<-2
1617,2024|2025|2022|2023|2020|2022|2021|2022,z<-2
1618,2024|2020|2024|2018|2023|2023|2022|2023,z<-2
1619,2022|2021|2022|2017|2017|2023|2022|2018,z<-2
1620,2021|2018|2021|2023|2025|2020|2024|2021,z<-2
1621,2023|2025|2025|2018|2024|2021|2021|2020,z<-2
1622,2021|2023|2018|2018|2018|2024|2024|2020,z<-2
1623,2022|2025|2024|2023|2023|2018|2021|2023,z<-2
1624,2022|2025|2021|2025|2023|2018|2025|2017,z<-2
1625,2025|2024|2025|2024|2020|2021|2022|2017,z<-2
1626,2018|2018|2024|2024|2024|2024|2017|2020,z<-2
1627,2025|2018|2024|2017|2021|2024|2023|2021,z<-2
1628,2021|2025|2020|2018|2025|2021|2023|2021,z<-2
1629,2024|2024|2020|2021|2021|2022|2025|2022,z<-2
1630,2023|2020|2017|2024|2025|2023|2024|2025,z<-2
1631,2025|2023|2025|2024|2023|2018|2025|2020,z<-2
1632,2020|2017|2018|2021|2023|2017|2020|2024,z<-2
1633,2020|2018|2022|2020|2017|2022|2017|2021,z<-2
1634,2021|2023|2020|2021|2025|2021|2024|2023,z<-2
1635,2023|2025|2018|2023|2023|2023|2023|2017,z<-2
1636,2024|2023|2023|2017|2021|2024|2024|2020,z<-2
1637,2018|2018|2023|2021|2017|2020|2025|2017,z<-2
1638,2018|2023|2021|2023|2018|2023|2017|2018,z<-2
1639,2021|2022|2018|2022|2020|2018|2018|2023,z<-2
1640,2018|2018|2020|2024|2018|2024|2017|2017,z<-2
1641,2018|2024|2020|2021|2022|2024|2018|2025,z<-2
1642,2020|2024|2025|2017|2024|2024|2024|2018,z<-2
1643,2018|2017|2025|2025|2018|2025|2024|2025,z<-2
1644,2024|2020|2025|2023|2025|2024|2022|2018,z<-2
1645,2023|2022|2021|2024|2018|2025|2017|2024,z<-2
1646,2024|2020|2021|2017|2022|2017|2017|2017,z<-2
1647,2017|2017|2022|2020|2021|2018|2022|2020,z<-2
1648,2021|2021|2025|2022|2017|2017|2018|2025,z<-2
1649,2025|2020|2021|2024|2020|2024|2025|2023,z<-2
1650,2022|2018|2025|2020|2017|2025|2023|2017,z<-2
1651,2023|2022|2018|2017|2020|2022|2020|2025,z<-2
1652,2023|2024|2020|2024|2024|2020|2023|2017,z<-2
1653,2022|2018|2018|2020|2021|2022|2022|2018,z<-2
1654,2024|2022|2020|2021|2017|2023|2018|2022,z<-2
1655,2024|2021|2017|2023|2020|2020|2021|2020,z<-2
1656,2023|2021|2023|2020|2020|2022|2024|2023,z<-2
1657,2023|2017|2024|2021|2021|2022|2018|2023,z<-2
1658,2025|2023|2021|2018|2024|2020|2018|2024,z<-2
1659,2018|2024|2025|2022|2017|2024|2023|2017,z<-2
1660,2022|2023|2021|2020|2025|2023|2025|2024,z<-2
1661,2021|2023|2021|2017|2024|2025|2024|2023,z<-2
1662,2025|2021|2017|2024|2023|2024|2024|2022,z<-2
1663,2017|2024|2020|2020|2017|2017|2018|2021,z<-2
1664,2021|2024|2024|2025|2017|2024|2025|2023,z<-2
1665,2024|2022|2022|2024|2018|2021|2024|2024,z<-2
1666,2024|2024|2024|2020|2021|2018|2023|2022,z<-2
1667,2020|2023|2023|2017|2023|2025|2024|2025,z<-2
1668,2022|2022|2020|2022|2020|2024|2017|2024,z<-2
1669,2025|2024|2025|2023|2022|2018|2017|2018,z<-2
1670,2017|2024|2021|2021|2023|2024|2022|2022,z<-2
1671,2022|2017|2022|2023|2018|2021|2023|2024,z<-2
1672,2023|2017|2022|2024|2023|2025|2022|2023,z<-2
1673,2023|2017|2023|2022|2023|2018|2024|2023,z<-2
1674,2022|2024|2017|2018|2022|2020|2017|2017,z<-2
1675,2018|2021|2018|2025|2021|2017|2020|2025,z<-2
1676,2023|2017|2025|2018|2025|2017|2022|2018,z<-2
1677,2021|2021|2020|2021|2023|2023|2017|2025,z<-2
1678,2025|2018|2024|2021|2021|2017|2018|2022,z<-2
1679,2021|2020|2017|2022|2023|2022|2024|2024,z<-2
1680,2024|2022|2025|2020|2020|2021|2023|2018,z<-2
1681,2018|2023|2017|2021|2018|2022|2022|2021,z<-2
1682,2018|2017|2020|2017|2025|2022|2017|2024,z<-2
1683,2018|2024|2020|2024|2017|2020|2024|2025,z<-2
1684,2018|2017|2022|2021|2020|2017|2023|2017,z<-2
1685,2018|2022|2024|2024|2020|2023|2020|2018,z<-2
1686,2017|2018|2017|2025|2017|2018|2022|2018,z<-2
1687,2025|2020|2020|2025|2022|2024|2024|2018,z<-2
1688,2021|2020|2024|2023|2018|2021|2025|2025,z<-2
1689,2018|2021|2025|2020|2025|2022|2025|2025,z<-2
1690,2020|2018|2022|2017|2021|2024|2021|2023,z<-2
1691,2018|2018|2025|2024|2023|2021|2025|2017,z<-2
1692,2024|2024|2024|2020|2023|2023|2025|2020,z<-2
1693,2022|2018|2020|2025|2020|2018|2023|2018,z<-2
1694,2017|2023|2024|2018|2022|2024|2018|2021,z<-2
1695,2018|2021|2021|2020|2022|2020|2025|2018,z<-2
1696,2020|2021|2024|2024|2021|2017|2024|2018,z<-2
1697,2023|2020|2023|2024|2025|2021|2024|2018,z<-2
1698,2024|2017|2025|2018|2017|2020|2022|2022,z<-2
1699,2022|2023|2024|2023|2017|2024|2022|2024,z<-2
1700,2025|2021|2020|2024|2017|2018|2017|2023,z<-2
1701,2023|2020|2022|2017|2021|2024|2023|2021,z<-2
1702,2017|2023|2022|2022|2021|2024|2018|2022,z<-2
1703,2025|2017|2024|2017|2022|2022|2021|2021,z<-2
1704,2020|2021|2025|2017|2025|2021|2020|2018,z<-2
1705,2020|2017|2020|2020|2021|2021|2020|2025,z<-2
1706,2017|2018|2022|2025|2022|2017|2017|2025,z<-2
1707,2017|2023|2023|2017|2025|2017|2023|2023,z<-2
1708,2017|2022|2021|2023|2017|2018|2024|2022,z<-2
1709,2025|2023|2025|2020|2024|2021|2021|2025,z<-2
1710,2020|2021|2025|2025|2020|2017|2023|2018,z<-2
1711,2023|2023|2020|2025|2020|2022|2020|2018,z<-2
1712,2018|2018|2017|2024|2022|2025|2017|2018,z<-2
1713,2018|2022|2021|2025|2021|2023|2025|2020,z<-2
1714,2020|2020|2017|2025|2023|2023|2023|2024,z<-2
1715,2025|2025|2023|2022|2025|2018|2022|2023,z<-2
1716,2018|2023|2021|2023|2023|2023|2020|2021,z<-2
1717,2022|2021|2021|2024|2020|2025|2017|2025,z<-2
1718,2024|2018|2022|2017|2024|2024|2022|2024,z<-2
1719,2020|2025|2024|2022|2017|2017|2025|2017,z<-2
1720,2024|2023|2025|2025|2021|2017|2023|2021,z<-2
1721,2018|2023|2024|2022|2020|2017|2023|2022,z<-2
1722,2025|2021|2022|2017|2017|2024|2023|2018,z<-2
1723,2025|2017|2020|2022|2018|2022|2018|2021,z<-2
1724,2020|2023|2020|2023|2021|2025|2018|2025,z<-2
1725,2022|2023|2022|2021|2017|2025|2017|2020,z<-2
1726,2025|2023|2020|2024|2025|2025|2022|2024,z<-2
1727,2021|2021|2017|2025|2022|2024|2021|2020,z<-2
1728,2025|2024|2023|2025|2018|2025|2017|2022,z<-2
1729,2025|2020|2017|2018|2022|2022|2023|2022,z<-2
1730,2017|2021|2023|2021|2017|2017|2024|2025,z<-2
1731,2017|2023|2025|2020|2020|2023|2017|2024,z<-2
1732,2022|2024|2022|2020|2018|2023|2020|2018,z<-2
1733,2022|2023|2025|2025|2023|2021|2021|2018,z<-2
1734,2017|2020|2022|2022|2022|2024|2025|2025,z<-2
1735,2018|2022|2025|2023|2020|2021|2024|2018,z<-2
1736,2022|2017|2017|2020|2021|2023|2021|2022,z<-2
1737,2023|2018|2022|2020|2024|2022|2018|2017,z<-2
1738,2023|2025|2018|2023|2020|2018|2024|2021,z<-2
1739,2021|2023|2021|2020|2025|2022|2021|2018,z<-2
1740,2020|2018|2023|2024|2023|2023|2020|2024,z<-2
1741,2023|2024|2023|2021|2025|2020|2017|2018,z<-2
1742,2023|2022|2020|2020|2022|2023|2025|2022,z<-2
1743,2024|2022|2024|2017|2017|2020|2023|2024,z<-2
1744,2022|2018|2023|2021|2017|2024|2025|2021,z<-2
1745,2025|2022|2021|2021|2017|2020|2022|2025,z<-2
1746,2024|2018|2020|2022|2020|2018|2025|2017,z<-2
1747,2020|2020|2022|2023|2021|2020|2021|2022,z<-2
1748,2023|2020|2018|2017|2025|2021|2020|2022,z<-2
1749,2022|2023|2017|2023|2020|2023|2023|2020,z<-2
1750,2021|2023|2024|2021|2021|2023|2022|2022,z<-2
1751,2021|2022|2018|2023|2018|2025|2021|2021,z<-2
1752,2020|2022|2025|2023|2018|2021|2024|2017,z<-2
1753,2020|2024|2025|2021|2025|2025|2021|2017,z<-2
1754,2024|2017|2023|2022|2020|2023|2018|2024,z<-2
1755,2020|2022|2021|2025|2023|2024|2024|2025,z<-2
1756,2020|2018|2023|2018|2025|2017|2022|2021,z<-2
1757,2021|2021|2018|2022|2024|2018|2025|2018,z<-2
1758,2017|2018|2022|2021|2021|2024|2021|2025,z<-2
1759,2018|2024|2024|2025|2018|2017|2023|2018,z<-2
1760,2022|2018|2017|2025|2024|2024|2021|2023,z<-2
1761,2022|2021|2020|2017|2021|2018|2018|2017,z<-2
1762,2018|2025|2021|2020|2022|2025|2020|2021,z<-2
1763,2018|2023|2018|2024|2023|2023|2018|2017,z<-2
1764,2017|2021|2021|2025|2025|2021|2024|2020,z<-2
1765,2022|2018|2020|2024|2017|2022|2021|2020,z<-2
1766,2020|2025|2021|2022|2018|2023|2022|2021,z<-2
1767,2025|2018|2018|2017|2022|2018|2022|2022,z<-2
1768,2022|2017|2022|2020|2023|2024|2021|2021,z<-2
1769,2023|2021|2025|2022|2023|2025|2018|2017,z<-2
1770,2018|2025|2021|2017|2018|2024|2023|2025,z<-2
1771,2018|2025|2024|2017|2020|2025|2018|2018,z<-2
1772,2021|2025|2024|2017|2018|2022|2018|2024,z<-2
1773,2024|2020|2025|2024|2024|2025|2025|2022,z<-2
1774,2022|2020|2022|2020|2020|2025|2020|2020,z<-2
1775,2018|2018|2022|2022|2022|2023|2022|2025,z<-2
1776,2021|2018|2022|2018|2023|2025|2017|2022,z<-2
1777,2022|2022|2024|2025|2018|2020|2017|2023,z<-2
1778,2022|2020|2017|2018|2017|2022|2022|2025,z<-2
1779,2017|2024|2023|2017|2021|2017|2024|2021,z<-2
1780,2022|2024|2020|2017|2025|2023|2017|2025,z<-2
1781,2024|2022|2025|2018|2021|2022|2020|2017,z<-2
1782,2024|2023|2022|2024|2023|2024|2021|2021,z<-2
1783,2021|2020|2018|2017|2022|2022|2024|2021,z<-2
1784,2024|2023|2021|2022|2018|2024|2023|2017,z<-2
1785,2017|2017|2018|2022|2017|2024|2023|2018,z<-2
1786,2025|2021|2020|2024|2022|2025|2020|2020,z<-2
1787,2017|2024|2022|2017|2020|2024|2017|2025,z<-2
1788,2021|2024|2024|2021|2024|2025|2024|2017,z<-2
1789,2025|2020|2022|2023|2025|2022|2024|2023,z<-2
1790,2023|2017|2024|2017|2025|2025|2022|2018,z<-2
1791,2018|2018|2022|2020|2020|2025|2023|2023,z<-2
1792,2020|2018|2022|2022|2018|2017|2022|2017,z<-2
1793,2022|2022|2024|2021|2022|2018|2022|2022,z<-2
1794,2020|2021|2024|2024|2022|2017|2018|2025,z<-2
1795,2023|2022|2024|2023|2024|2023|2018|2020,z<-2
1796,2022|2025|2021|2025|2020|2025|2024|2017,z<-2
1797,2021|2021|2025|2021|2023|2021|2017|2023,z<-2
1798,2025|2024|2022|2023|2020|2017|2025|2022,z<-2
1799,2018|2022|2024|2025|2021|2024|2025|2024,z<-2
1800,2017|2020|2023|2021|2024|2017|2023|2022,z<-2
1801,2024|2024|2020|2020|2020|2024|2018|2021,z<-2
1802,2024|2021|2023|2017|2020|2022|2020|2018,z<-2
1803,2024|2017|2023|2021|2018|2020|2022|2021,z<-2
1804,2017|2022|2024|2023|2025|2020|2017|2024,z<-2
1805,2024|2017|2022|2022|2017|2025|2022|2020,z<-2
1806,2017|2017|2025|2017|2023|2021|2017|2024,z<-2
1807,2024|2020|2025|2023|2024|2024|2024|2024,z<-2
1808,2018|2020|2018|2025|2018|2021|2022|2025,z<-2
1809,2022|2021|2023|2021|2022|2023|2020|2024,z<-2
1810,2025|2025|2022|2020|2021|2022|2023|2017,z<-2
1811,2021|2017|2017|2021|2022|2017|2021|2023,z<-2
1812,2021|2025|2021|2021|2025|2018|2025|2020,z<-2
1813,2018|2020|2020|2020|2022|2022|2022|2018,z<-2
1814,2021|2020|2018|2025|2023|2021|2022|2022,z<-2
1815,2024|2025|2022|2023|2020|2021|2017|2017,z<-2
1816,2017|2023|2023|2023|2018|2017|2020|2023,z<-2
1817,2023|2022|2021|2023|2018|2025|2018|2025,z<-2
1818,2018|2021|2017|2021|2018|2020|2020|2025,z<-2
1819,2017|2023|2022|2025|2018|2017|2025|2024,z<-2
1820,2020|2018|2018|2021|2025|2017|2018|2022,z<-2
1821,2024|2025|2024|2023|2017|2023|2022|2020,z<-2
1822,2018|2021|2018|2024|2024|2024|2020|2018,z<-2
1823,2024|2022|2024|2018|2017|2023|2025|2024,z<-2
1824,2025|2023|2020|2024|2024|2017|2020|2020,z<-2
1825,2022|2017|2024|2017|2017|2020|2022|2025,z<-2
1826,2023|2020|2022|2018|2017|2017|2022|2024,z<-2
1827,2024|2024|2017|2022|2025|2025|2018|2022,z<-2
1828,2023|2022|2018|2017|2022|2018|2023|2025,z<-2
1829,2018|2024|2024|2017|2022|2018|2020|2022,z<-2
1830,2017|2025|2023|2018|2018|2025|2023|2023,z<-2
1831,2017|2020|2025|2018|2021|2025|2024|2017,z<-2
1832,2024|2024|2020|2021|2017|2025|2018|2020,z<-2
1833,2021|2023|2024|2020|2020|2020|2022|2021,z<-2
1834,2018|2023|2017|2023|2022|2022|2017|2021,z<-2
1835,2020|2020|2024|2018|2022|2021|2017|2024,z<-2
1836,2020|2023|2017|2021|2025|2022|2017|2024,z<-2
1837,2024|2020|2023|2023|2025|2023|2020|2017,z<-2
1838,2017|2021|2021|2022|2020|2017|2017|2025,z<-2
1839,2020|2020|2023|2018|2017|2024|2025|2020,z<-2
1840,2020|2025|2017|2018|2023|2017|2022|2018,z<-2
1841,2017|2018|2025|2020|2018|2024|2022|2018,z<-2
1842,2022|2022|2017|2018|2025|2022|2024|2018,z<-2
1843,2020|2017|2017|2018|2021|2024|2023|2021,z<-2
1844,2021|2023|2021|2025|2017|2021|2018|2020,z<-2
1845,2018|2020|2022|2018|2018|2024|2017|2022,z<-2
1846,2018|2022|2024|2023|2024|2018|2017|2018,z<-2
1847,2022|2022|2025|2022|2020|2020|2023|2018,z<-2
1848,2021|2020|2018|2025|2018|2025|2021|2024,z<-2
1849,2018|2018|2025|2018|2018|2020|2022|2020,z<-2
1850,2023|2023|2023|2017|2017|2020|2017|2024,z<-2
1851,2021|2022|2024|2025|2025|2023|2024|2024,z<-2
1852,2021|2018|2025|2020|2017|2025|2021|2023,z<-2
1853,2017|2024|2018|2025|2023|2017|2020|2017,z<-2
1854,2021|2024|2018|2023|2024|2018|2018|2020,z<-2
1855,2024|2018|2018|2022|2021|2020|2024|2017,z<-2
1856,2017|2020|2017|2025|2022|2018|2023|2018,z<-2
1857,2024|2021|2022|2020|2023|2022|2025|2023,z<-2
1858,2021|2025|2020|2024|2024|2022|2020|2018,z<-2
1859,2025|2025|2023|2018|2018|2018|2023|2017,z<-2
1860,2022|2025|2021|2025|2018|2020|2021|2023,z<-2
1861,2022|2021|2017|2024|2022|2024|2017|2023,z<-2
1862,2018|2020|2024|2022|2020|2021|2022|2025,z<-2
1863,2023|2022|2022|2024|2020|2021|2024|2021,z<-2
1864,2023|2024|2025|2018|2025|2022|2018|2021,z<-2
1865,2021|2020|2022|2021|2021|2020|2020|2017,z<-2
1866,2022|2020|2023|2020|2017|2022|2018|2021,z<-2
1867,2020|2020|2023|2023|2023|2020|2020|2025,z<-2
1868,2021|2025|2023|2020|2022|2021|2022|2022,z<-2
1869,2018|2018|2023|2021|2023|2025|2023|2023,z<-2
1870,2023|2023|2022|2023|2024|2022|2024|2020,z<-2
1871,2017|2020|2021|2018|2025|2022|2018|2021,z<-2
1872,2023|2022|2023|2025|2024|2024|2020|2023,z<-2
1873,2020|2025|2024|2022|2022|2023|2022|2017,z<-2
1874,2024|2025|2018|2023|2023|2025|2021|2024,z<-2
1875,2018|2025|2022|2017|2020|2025|2020|2024,z<-2
1876,2024|2022|2024|2017|2017|2018|2025|2023,z<-2
1877,2020|2024|2022|2017|2020|2023|2021|2020,z<-2
1878,2020|2022|2025|2022|2024|2025|2017|2025,z<-2
1879,2022|2023|2018|2025|2021|2017|2025|2020,z<-2
1880,2017|2021|2023|2024|2020|2021|2025|2024,z<-2
1881,2023|2020|2024|2024|2018|2025|2018|2024,z<-2
1882,2023|2018|2025|2018|2025|2025|2025|2024,z<-2
1883,2025|2020|2020|2022|2022|2023|2018|2018,z<-2
1884,2023|2020|2023|2020|2017|2020|2023|2023,z<-2
1885,2017|2020|2024|2025|2025|2024|2017|2023,z<-2
1886,2021|2023|2022|2017|2018|2017|2023|2022,z<-2
1887,2025|2023|2021|2024|2020|2024|2017|2022,z<-2
1888,2018|2021|2021|2020|2025|2022|2018|2020,z<-2
1889,2022|2023|2021|2017|2023|2025|2018|2018,z<-2
1890,2017|2022|2022|2017|2021|2024|2023|2020,z<-2
1891,2017|2024|2022|2021|2024|2025|2023|2024,z<-2
1892,2020|2023|2018|2024|2024|2017|2024|2025,z<-2
1893,2022|2024|2020|2024|2017|2018|2017|2025,z<-2
1894,2022|2024|2021|2021|2023|2022|2021|2017,z<-2
1895,2020|2023|2017|2021|2022|2020|2024|2018,z<-2
1896,2025|2020|2025|2018|2022|2020|2017|2023,z<-2
1897,2018|2022|2021|2018|2021|2025|2023|2021,z<-2
1898,2021|2023|2024|2022|2024|2024|2025|2020,z<-2
1899,2025|2020|2021|2018|2023|2023|2020|2023,z<-2
1900,2020|2024|2024|2024|2024|2024|2025|2023,z<-2
1901,2024|2022|2023|2024|2024|2025|2024|2024,z<-2
1902,2020|2018|2025|2023|2024|2023|2021|2022,z<-2
1903,2018|2017|2018|2020|2020|2020|2017|2020,z<-2
1904,2022|2021|2020|2024|2025|2022|2025|2017,z<-2
1905,2023|2025|2022|2022|2017|2017|2024|2025,z<-2
1906,2025|2021|2022|2022|2024|2021|2018|2021,z<-2
1907,2025|2021|2018|2021|2018|2017|2020|2017,z<-2
1908,2017|2025|2020|2025|2021|2025|2017|2018,z<-2
1909,2017|2025|2024|2020|2017|2024|2017|2024,z<-2
1910,2023|2017|2017|2025|2021|2022|2020|2017,z<-2
1911,2023|2025|2021|2025|2025|2023|2023|2018,z<-2
1912,2017|2018|2020|2018|2025|2024|2021|2021,z<-2
1913,2023|2025|2020|2023|2021|2018|2021|2018,z<-2
1914,2020|2021|2017|2025|2022|2025|2018|2024,z<-2
1915,2023|2020|2020|2021|2023|2017|2024|2020,z<-2
1916,2024|2017|2025|2020|2018|2022|2018|2023,z<-2
1917,2018|2018|2021|2022|2023|2025|2021|2018,z<-2
1918,2017|2023|2025|2025|2020|2022|2025|2021,z<-2
1919,2017|2023|2025|2025|2018|2021|2018|2024,z<-2
1920,2024|2021|2023|2021|2025|2020|2021|2018,z<-2
1921,2023|2018|2018|2017|2025|2025|2017|2023,z<-2
1922,2017|2024|2023|2021|2023|2025|2025|2022,z<-2
1923,2017|2020|2023|2024|2025|2018|2017|2020,z<-2
1924,2024|2018|2022|2024|2022|2024|2018|2018,z<-2
1925,2024|2020|2025|2017|2022|2025|2018|2018,z<-2
1926,2024|2024|2022|2020|2025|2018|2024|2020,z<-2
1927,2023|2022|2022|2022|2020|2024|2020|2017,z<-2
1928,2024|2025|2021|2025|2024|2025|2020|2024,z<-2
1929,2021|2018|2024|2020|2020|2022|2017|2020,z<-2
1930,2018|2024|2017|2017|2021|2017|2022|2020,z<-2
1931,2025|2023|2017|2025|2017|2025|2022|2017,z<-2
1932,2025|2023|2025|2023|2022|2021|2020|2021,z<-2
1933,2022|2017|2024|2024|2020|2018|2023|2022,z<-2
1934,2023|2020|2017|2020|2021|2022|2022|2024,z<-2
1935,2022|2025|2023|2021|2021|2024|2018|2023,z<-2
1936,2023|2025|2018|2018|2025|2020|2025|2018,z<-2
1937,2024|2021|2024|2022|2020|2018|2020|2021,z<-2
1938,2024|2025|2020|2018|2022|2018|2023|2020,z<-2
1939,2023|2023|2023|2020|2018|2020|2024|2017,z<-2
1940,2021|2020|2018|2025|2021|2021|2025|2022,z<-2
1941,2020|2020|2017|2022|2024|2020|2021|2024,z<-2
1942,2018|2024|2024|2023|2020|2018|2022|2018,z<-2
1943,2025|2017|2025|2020|2020|2021|2022|2025,z<-2
1944,2020|2017|2021|2022|2024|2017|2022|2021,z<-2
1945,2024|2025|2024|2020|2023|2021|2025|2024,z<-2
1946,2024|2021|2021|2023|2023|2025|2023|2017,z<-2
1947,2022|2024|2021|2018|2024|2025|2025|2020,z<-2
1948,2023|2023|2017|2021|2020|2022|2024|2023,z<-2
1949,2017|2022|2023|2023|2023|2018|2024|2017,z<-2
1950,2024|2017|2025|2020|2018|2025|2025|2022,z<-2
1951,2021|2024|2020|2023|2021|2021|2024|2023,z<-2
1952,2025|2020|2020|2017|2025|2025|2020|2022,z<-2
1953,2018|2024|2020|2024|2020|2022|2020|2025,z<-2
1954,2025|2020|2021|2020|2017|2023|2021|2025,z<-2
1955,2023|2022|2021|2020|2017|2020|2018|2023,z<-2
1956,2025|2021|2025|2022|2022|2021|2024|2020,z<-2
1957,2018|2023|2022|2021|2023|2020|2020|2023,z<-2
1958,2022|2024|2025|2017|2025|2025|2022|2017,z<-2
1959,2020|2022|2022|2021|2020|2017|2020|2017,z<-2
1960,2023|2022|2020|2023|2020|2018|2020|2025,z<-2
1961,2021|2024|2024|2022|2024|2017|2025|2025,z<-2
1962,2017|2021|2020|2018|2023|2023|2017|2023,z<-2
1963,2021|2020|2018|2023|2024|2025|2021|2017,z<-2
1964,2023|2018|2022|2018|2018|2020|2023|2023,z<-2
1965,2020|2021|2025|2018|2025|2022|2025|2020,z<-2
1966,2022|2021|2018|2021|2017|2024|2025|2021,z<-2
1967,2018|2017|2017|2021|2020|2024|2023|2018,z<-2
1968,2025|2025|2023|2025|2025|2020|2020|2018,z<-2
1969,2021|2018|2018|2024|2018|2025|2022|2017,z<-2
1970,2022|2025|2021|2022|2021|2023|2022|2024,z<-2
1971,2024|2023|2018|2025|2018|2021|2018|2017,z<-2
1972,2018|2020|2024|2023|2025|2018|2022|2023,z<-2
1973,2018|2018|2021|2022|2021|2023|2023|2017,z<-2
1974,2017|2021|2020|2025|2021|2022|2020|2023,z<-2
1975,2018|2020|2022|2020|2024|2021|2017|2025,z<-2
1976,2025|2024|2017|2020|2017|2020|2022|2024,z<-2
1977,2021|2017|2020|2024|2020|2023|2018|2022,z<-2
1978,2021|2020|2024|2018|2020|2024|2022|2023,z<-2
1979,2017|2025|2022|2023|2017|2020|2023|2025,z<-2
1980,2022|2025|2024|2024|2022|2021|2021|2025,z<-2
1981,2020|2024|2020|2018|2018|2023|2020|2022,z<-2
1982,2021|2023|2017|2017|2022|2021|2022|2022,z<-2
1983,2024|2024|2024|2020|2023|2022|2025|2023,z<-2
1984,2018|2018|2021|2018|2022|2018|2020|2021,z<-2
1985,2018|2018|2022|2024|2021|2023|2020|2021,z<-2
1986,2021|2021|2025|2017|2022|2024|2022|2020,z<-2
1987,2022|2024|2023|2023|2024|2023|2024|2017,z<-2
1988,2021|2022|2023|2020|2018|2022|2022|2023,z<-2
1989,2022|2018|2022|2025|2023|2017|2018|2022,z<-2
1990,2024|2023|2020|2024|2025|2021|2018|2017,z<-2
1991,2022|2021|2020|2023|2020|2021|2020|2023,z<-2
1992,2022|2020|2021|2022|2017|2017|2024|2018,z<-2
1993,2023|2018|2022|2020|2017|2024|2022|2025,z<-2
1994,2022|2023|2025|2025|2025|2023|2020|2025,z<-2
1995,2023|2017|2021|2017|2023|2021|2021|2023,z<-2
1996,2024|2018|2018|2023|2023|2022|2018|2023,z<-2
1997,2020|2021|2025|2024|2023|2023|2018|2023,z<-2
1998,2021|2025|2020|2025|2025|2022|2025|2017,z<-2
1999,2020|2024|2025|2017|2023|2023|2021|2025,z<-2
