country,region,crop,year,window,season_days,rain_sum,rain_mean,dry_days_1mm,dry_days_2mm,max_dry_spell_1mm,dry_spell_events_7d,dry_spell_events_14d,heavy_rain_days_10,heavy_rain_days_20,heavy_rain_days_25,heavy_rain_days_50,max_1day_rain,max_3day_rain,max_7day_rain,wet_days_1mm,season_tmax_mean,season_tmin_mean,season_tmean_mean,growing_degree_days_base5,heat_days_30,heat_days_35,heat_days_40,max_consecutive_heat_days_30,max_consecutive_heat_days_35,heatwave_events_3d_30,heatwave_events_3d_35,heat_degree_days_30,heat_degree_days_35,hot_dry_days_30_1mm,frost_days_0,cold_days_5,min_tmin,frost_events_2d,radiation_sum,radiation_mean,rain_sum_early,heat_days_35_early,frost_days_0_early,radiation_sum_early,max_3day_rain_early,rain_sum_mid,heat_days_35_mid,frost_days_0_mid,radiation_sum_mid,max_3day_rain_mid,rain_sum_late,heat_days_35_late,frost_days_0_late,radiation_sum_late,max_3day_rain_late,lat,lon,yield_t_ha
United States,Colorado,Barley,1990,spring,183.0,301.59,1.648,105,128,13,7,0,2,0,0,0,10.7,21.87,42.74,78,19.712,3.611,11.661,1301.845,5,0,0,3,0,1,0,4.32,0.0,5,54,94,-9.91,5,3943.75,21.551,96.29,0,51,1257.22,20.9,101.38,0,3,1505.29,21.87,103.92,0,0,1181.24,15.82,39.0,-105.5,4.3041
United States,Colorado,Barley,1991,spring,183.0,307.78,1.682,95,127,14,5,1,2,0,0,0,14.0,26.75,45.55,88,18.768,3.17,10.969,1219.64,0,0,0,0,0,0,0,0.0,0.0,0,51,94,-9.88,5,3913.54,21.385,83.3,0,44,1325.57,14.32,129.48,0,1,1387.43,26.75,95.0,0,6,1200.54,20.9,39.0,-105.5,4.3041
United States,Colorado,Barley,1992,spring,183.0,259.56,1.418,110,142,19,7,1,1,1,1,0,39.39,50.55,54.13,73,19.176,3.316,11.246,1179.475,0,0,0,0,0,0,0,0.0,0.0,0,39,115,-5.86,6,3858.64,21.085,62.91,0,32,1313.23,15.32,94.16,0,2,1362.16,12.43,102.49,0,5,1183.25,50.55,39.0,-105.5,4.3579
United States,Colorado,Barley,1993,spring,183.0,238.45,1.303,111,140,14,4,1,1,0,0,0,12.43,15.66,20.49,72,18.454,2.485,10.47,1127.475,0,0,0,0,0,0,0,0.0,0.0,0,61,113,-9.66,6,4033.22,22.039,79.37,0,44,1328.56,12.75,61.63,0,7,1556.66,15.66,97.45,0,10,1148.0,12.68,39.0,-105.5,4.5731
United States,Colorado,Barley,1994,spring,183.0,282.32,1.543,113,136,15,7,1,2,1,0,0,21.08,25.35,31.78,70,20.061,4.055,12.058,1423.355,1,0,0,1,0,0,0,0.09,0.0,1,34,90,-10.79,3,3956.52,21.62,127.91,0,30,1270.34,25.35,49.93,0,0,1534.46,14.92,104.48,0,4,1151.72,16.86,39.0,-105.5,4.8421
United States,Colorado,Barley,1995,spring,183.0,414.0,2.262,85,112,11,5,0,5,1,0,0,23.69,40.21,46.06,98,17.072,2.247,9.66,1066.205,0,0,0,0,0,0,0,0.0,0.0,0,68,107,-14.61,5,3875.13,21.176,189.48,0,57,1227.58,40.21,119.26,0,5,1442.49,27.74,105.26,0,6,1205.06,16.6,39.0,-105.5,5.3801
United States,Colorado,Barley,1996,spring,183.0,305.42,1.669,102,133,14,3,1,3,1,0,0,24.09,44.02,47.61,81,19.441,3.444,11.443,1298.315,0,0,0,0,0,0,0,0.0,0.0,0,49,91,-9.07,5,4045.24,22.105,92.18,0,41,1365.32,44.02,107.97,0,1,1496.0,18.14,105.27,0,7,1183.92,12.66,39.0,-105.5,5.5953
United States,Colorado,Barley,1997,spring,183.0,352.96,1.929,95,126,23,4,1,3,0,0,0,16.43,29.52,43.12,88,18.673,3.297,10.985,1274.17,0,0,0,0,0,0,0,0.0,0.0,0,48,96,-14.25,4,4019.71,21.966,101.88,0,46,1329.14,23.95,120.07,0,0,1504.32,29.52,131.01,0,2,1186.25,26.54,39.0,-105.5,5.8105
United States,Colorado,Barley,1998,spring,183.0,285.92,1.562,116,134,15,6,2,1,0,0,0,10.23,25.26,43.77,67,19.259,3.331,11.295,1304.93,2,0,0,1,0,0,0,0.77,0.0,2,55,96,-12.78,5,4155.58,22.708,72.32,0,49,1394.4,13.56,125.69,0,6,1499.4,25.26,87.91,0,0,1261.78,14.85,39.0,-105.5,6.1871
United States,Colorado,Barley,1999,spring,183.0,389.29,2.127,88,122,10,4,0,6,0,0,0,19.81,51.36,67.11,95,17.665,2.47,10.067,1134.76,0,0,0,0,0,0,0,0.0,0.0,0,58,105,-14.7,4,3960.1,21.64,175.6,0,48,1295.75,51.36,114.4,0,4,1474.02,19.54,99.29,0,6,1190.33,21.72,39.0,-105.5,5.6491
United States,Colorado,Barley,2000,spring,183.0,262.4,1.434,117,141,21,5,1,2,0,0,0,14.9,23.24,36.34,66,21.091,4.253,12.672,1475.9,0,0,0,0,0,0,0,0.0,0.0,0,50,85,-14.49,5,4009.2,21.908,70.1,0,45,1342.5,16.53,87.21,0,0,1496.87,23.24,105.09,0,5,1169.83,16.82,39.0,-105.5,6.1871
United States,Colorado,Barley,2001,spring,183.0,265.33,1.45,114,142,13,6,0,2,0,0,0,15.91,39.28,49.41,69,20.639,4.105,12.372,1444.555,2,0,0,1,0,0,0,0.42,0.0,1,42,88,-10.01,6,3951.5,21.593,103.63,0,37,1291.93,39.28,81.0,0,3,1473.77,15.35,80.7,0,2,1185.8,11.93,39.0,-105.5,5.7567
United States,Colorado,Barley,2002,spring,183.0,161.7,0.884,138,158,29,9,2,1,0,0,0,12.88,21.61,30.39,45,21.77,4.329,13.05,1500.895,3,0,0,2,0,0,0,2.24,0.0,3,50,85,-6.76,6,4160.07,22.733,31.51,0,46,1407.53,9.89,52.43,0,0,1537.38,10.35,77.76,0,4,1215.16,21.61,39.0,-105.5,5.5953
United States,Colorado,Barley,2003,spring,183.0,226.22,1.236,110,145,17,4,2,0,0,0,0,7.1,14.29,22.6,73,20.481,3.843,12.162,1396.305,9,0,0,3,0,1,0,3.63,0.0,6,53,98,-9.73,5,3987.8,21.791,62.43,0,44,1280.71,14.29,80.79,0,2,1482.95,13.97,83.0,0,7,1224.14,14.27,39.0,-105.5,5.8643
United States,Colorado,Barley,2004,spring,183.0,322.21,1.761,112,129,20,7,2,3,0,0,0,16.28,26.36,42.59,71,19.167,3.051,11.109,1221.05,0,0,0,0,0,0,0,0.0,0.0,0,45,103,-10.38,4,3882.13,21.214,103.73,0,41,1313.44,25.63,137.75,0,0,1369.43,26.36,80.73,0,4,1199.26,22.96,39.0,-105.5,6.3485
United States,Colorado,Barley,2005,spring,183.0,240.21,1.313,128,148,17,6,1,3,0,0,0,17.79,28.61,30.79,55,20.221,3.691,11.956,1369.71,3,0,0,3,0,1,0,3.17,0.0,3,51,90,-12.8,4,4083.31,22.313,66.58,0,45,1364.72,18.51,77.49,0,4,1511.62,16.42,96.14,0,2,1206.97,28.61,39.0,-105.5,6.9941
United States,Colorado,Barley,2006,spring,183.0,294.09,1.607,113,142,8,8,0,4,0,0,0,17.67,33.97,64.35,70,20.183,3.89,12.037,1348.665,2,0,0,1,0,0,0,0.98,0.0,2,52,89,-7.02,5,3993.04,21.82,43.12,0,41,1400.31,8.43,124.13,0,0,1444.52,33.97,126.84,0,11,1148.21,20.73,39.0,-105.5,6.1871
United States,Colorado,Barley,2007,spring,183.0,332.82,1.819,103,128,13,3,0,3,0,0,0,16.57,24.07,40.22,80,19.898,3.938,11.918,1369.22,1,0,0,1,0,0,0,0.47,0.0,1,49,94,-12.18,6,3876.76,21.184,115.94,0,42,1231.03,24.07,105.83,0,3,1442.18,21.61,111.05,0,4,1203.55,22.08,39.0,-105.5,6.4561
United States,Colorado,Barley,2008,spring,183.0,222.76,1.217,134,150,17,6,1,3,0,0,0,17.58,34.66,38.07,49,19.475,2.861,11.168,1288.03,1,0,0,1,0,0,0,0.3,0.0,1,56,104,-13.29,6,4114.26,22.482,62.68,0,49,1370.87,15.64,49.24,0,6,1531.36,9.81,110.84,0,1,1212.03,34.66,39.0,-105.5,6.4561
United States,Colorado,Barley,2009,spring,183.0,324.15,1.771,107,131,17,3,1,3,0,0,0,19.63,30.37,41.33,76,18.894,2.934,10.914,1211.51,0,0,0,0,0,0,0,0.0,0.0,0,50,105,-15.47,3,3859.27,21.089,117.99,0,41,1259.58,30.37,129.41,0,2,1411.84,19.28,76.75,0,7,1187.85,19.33,39.0,-105.5,7.2631
United States,Colorado,Barley,2010,spring,183.0,245.25,1.34,127,139,22,7,2,1,0,0,0,10.26,24.26,43.68,56,20.083,3.54,11.812,1371.355,1,0,0,1,0,0,0,0.05,0.0,1,51,92,-9.81,5,4176.91,22.825,73.19,0,50,1354.94,23.06,101.9,0,1,1493.51,24.26,70.16,0,0,1328.46,19.21,39.0,-105.5,7.1555
United States,Colorado,Barley,2011,spring,183.0,268.77,1.469,119,139,23,6,2,4,0,0,0,17.51,24.63,31.89,64,19.663,3.37,11.517,1332.95,0,0,0,0,0,0,0,0.0,0.0,0,60,98,-10.11,5,4036.21,22.056,87.71,0,57,1273.01,19.96,84.27,0,0,1543.71,16.9,96.79,0,3,1219.49,24.63,39.0,-105.5,6.7789
United States,Colorado,Barley,2012,spring,183.0,249.12,1.361,124,147,11,7,0,5,0,0,0,19.53,33.21,42.13,59,21.561,4.872,13.217,1548.5,3,0,0,3,0,1,0,1.67,0.0,3,37,83,-7.3,6,4086.55,22.331,70.7,0,37,1417.32,15.09,104.06,0,0,1490.74,33.21,74.36,0,0,1178.49,25.66,39.0,-105.5,6.5637
United States,Colorado,Barley,2013,spring,183.0,372.23,2.034,104,129,17,5,1,6,1,1,0,30.71,54.22,83.37,79,19.416,3.559,11.488,1344.685,2,0,0,2,0,0,0,0.14,0.0,1,57,88,-11.85,5,3833.97,20.951,100.89,0,50,1228.9,29.05,83.36,0,2,1494.76,16.34,187.98,0,5,1110.31,54.22,39.0,-105.5,7.1555
United States,Colorado,Barley,2014,spring,183.0,328.29,1.794,105,128,11,6,0,3,0,0,0,15.59,30.25,46.73,78,18.788,3.247,11.018,1258.095,0,0,0,0,0,0,0,0.0,0.0,0,51,97,-12.65,3,3874.31,21.171,102.79,0,47,1241.17,22.49,117.16,0,2,1461.24,30.25,108.34,0,2,1171.9,14.17,39.0,-105.5,6.6713
United States,Colorado,Barley,2015,spring,183.0,356.76,1.95,107,135,24,3,2,8,1,0,0,20.92,35.51,58.95,76,18.986,3.799,11.393,1275.385,0,0,0,0,0,0,0,0.0,0.0,0,50,85,-10.98,4,3802.81,20.78,192.58,0,50,1140.88,35.51,114.37,0,0,1430.24,21.06,49.81,0,0,1231.69,12.09,39.0,-105.5,6.9941
United States,Colorado,Barley,2016,spring,183.0,264.48,1.445,119,140,15,5,1,3,0,0,0,16.57,29.93,39.6,64,19.62,3.529,11.575,1338.685,1,0,0,1,0,0,0,0.0,0.0,1,52,92,-12.57,4,3931.42,21.483,110.45,0,49,1200.36,29.93,81.09,0,0,1537.4,16.6,72.94,0,3,1193.66,16.36,39.0,-105.5,6.9403
United States,Colorado,Barley,2017,spring,183.0,319.87,1.748,105,137,30,3,2,5,0,0,0,17.81,25.43,44.4,78,19.539,3.845,11.692,1343.8,0,0,0,0,0,0,0,0.0,0.0,0,48,83,-12.41,5,3890.03,21.257,107.05,0,45,1301.73,25.43,108.68,0,0,1449.29,23.04,104.14,0,3,1139.01,21.65,39.0,-105.5,7.1017
United States,Colorado,Barley,2018,spring,183.0,190.32,1.04,137,161,17,8,2,2,0,0,0,13.67,20.31,31.33,46,21.598,4.899,13.249,1575.67,3,0,0,2,0,0,0,0.92,0.0,3,36,76,-8.82,4,4082.34,22.308,60.47,0,33,1322.76,14.0,79.13,0,0,1521.09,20.31,50.72,0,3,1238.49,13.68,39.0,-105.5,7.8011
United States,Colorado,Barley,2019,spring,183.0,247.21,1.351,123,144,22,8,1,2,0,0,0,11.67,20.47,26.74,60,19.45,3.618,11.534,1320.045,0,0,0,0,0,0,0,0.0,0.0,0,60,98,-9.6,4,3902.65,21.326,98.24,0,56,1187.97,20.47,95.19,0,3,1439.25,17.12,53.78,0,1,1275.43,16.46,39.0,-105.5,7.4245
United States,Colorado,Barley,2020,spring,183.0,182.79,0.999,136,153,20,5,3,2,0,0,0,11.82,23.05,30.67,47,21.101,4.078,12.589,1487.595,2,0,0,2,0,0,0,0.89,0.0,2,49,82,-14.32,6,4081.63,22.304,52.08,0,39,1414.38,12.13,85.22,0,2,1452.31,23.05,45.49,0,8,1214.94,17.07,39.0,-105.5,7.8011
United States,Colorado,Barley,2021,spring,183.0,289.21,1.58,115,139,24,4,2,4,0,0,0,16.18,26.29,37.58,68,20.805,4.518,12.662,1503.31,3,0,0,3,0,1,0,2.5,0.0,3,45,80,-10.91,5,3971.02,21.7,103.52,0,42,1244.77,20.51,130.01,0,1,1464.88,25.95,55.68,0,2,1261.37,17.21,39.0,-105.5,5.9719
United States,Colorado,Barley,2022,spring,183.0,318.58,1.741,114,136,16,6,2,6,1,1,0,27.12,37.97,55.91,69,20.681,4.373,12.527,1484.87,2,0,0,2,0,0,0,0.61,0.0,1,52,79,-12.12,4,3934.62,21.501,80.22,0,50,1330.7,28.79,129.67,0,2,1415.99,37.97,108.69,0,0,1187.93,29.51,39.0,-105.5,5.9719
United States,Colorado,Barley,2023,spring,183.0,339.3,1.854,112,135,11,7,0,6,1,1,0,34.14,52.95,62.94,71,19.983,4.131,12.057,1398.08,4,0,0,3,0,1,0,3.13,0.0,4,37,98,-13.06,3,3904.89,21.338,128.47,0,35,1207.4,52.95,106.93,0,0,1439.22,17.34,103.9,0,2,1258.27,22.58,39.0,-105.5,7.0479
United States,Colorado,Barley,2024,spring,183.0,251.73,1.376,122,144,18,7,1,4,0,0,0,17.07,28.94,40.62,61,20.726,4.48,12.603,1478.62,3,0,0,2,0,0,0,1.27,0.0,3,51,78,-8.87,3,4083.45,22.314,89.36,0,51,1355.86,28.94,78.52,0,0,1520.04,17.12,83.85,0,0,1207.55,13.75,39.0,-105.5,7.8011
United States,Colorado,Barley,2025,spring,183.0,287.74,1.572,116,137,17,4,1,5,0,0,0,19.57,30.91,52.02,67,20.877,4.421,12.649,1488.63,2,0,0,1,0,0,0,0.63,0.0,2,43,83,-10.34,6,3814.05,20.842,85.55,0,43,1272.8,30.91,98.18,0,0,1410.33,20.19,104.01,0,0,1130.92,27.98,39.0,-105.5,6.7789
United States,Kansas,Barley,1990,spring,183.0,512.12,2.798,120,133,24,7,2,19,7,2,0,30.19,41.42,79.54,63,28.901,15.425,22.163,3146.655,84,43,12,25,18,8,3,474.3,151.29,62,7,19,-5.28,3,3888.16,21.247,203.52,0,7,1107.63,38.7,148.65,23,0,1505.73,40.38,159.95,20,0,1274.8,41.42,38.5,-98.0,2.3672
United States,Kansas,Barley,1991,spring,183.0,385.34,2.106,114,131,16,5,1,11,1,0,0,21.43,41.61,70.69,69,29.803,16.459,23.131,3318.055,93,37,8,21,8,9,4,438.9,116.69,60,0,10,3.21,0,3858.66,21.086,191.74,0,0,1154.29,41.61,90.27,28,0,1504.77,23.38,103.33,9,0,1199.6,20.23,38.5,-98.0,1.7754
United States,Kansas,Barley,1992,spring,183.0,640.09,3.498,99,117,11,5,0,23,7,3,0,30.33,72.78,99.54,84,26.498,13.776,20.137,2772.205,47,6,0,6,2,5,0,108.26,4.0,23,3,14,-4.31,1,3708.45,20.265,135.93,1,3,1206.43,31.16,351.11,5,0,1302.21,45.69,153.05,0,0,1199.81,46.98,38.5,-98.0,2.152
United States,Kansas,Barley,1993,spring,183.0,823.38,4.499,93,107,11,4,0,32,10,5,1,50.98,79.58,136.46,90,25.255,13.858,19.557,2668.645,46,5,0,11,3,6,1,107.16,1.63,22,4,21,-2.5,1,3532.7,19.304,209.03,0,4,1024.5,47.71,438.71,1,0,1365.22,79.58,175.64,4,0,1142.98,29.41,38.5,-98.0,2.4748
United States,Kansas,Barley,1994,spring,183.0,372.65,2.036,123,136,14,6,1,10,1,1,0,35.11,58.29,77.0,60,29.006,15.115,22.061,3134.24,98,33,1,14,5,13,4,380.3,60.01,68,6,21,-5.77,2,4001.63,21.867,108.97,2,6,1276.63,39.49,205.38,16,0,1507.67,58.29,58.3,15,0,1217.33,12.49,38.5,-98.0,2.0444
United States,Kansas,Barley,1995,spring,183.0,641.31,3.504,108,122,20,5,1,21,7,5,0,45.98,59.7,109.53,75,26.496,14.026,20.261,2799.555,63,32,0,22,13,5,4,278.04,45.57,47,5,26,-2.85,1,3598.27,19.663,336.44,0,4,991.44,59.7,167.73,10,0,1435.41,44.03,137.14,22,1,1171.42,38.37,38.5,-98.0,1.883
United States,Kansas,Barley,1996,spring,183.0,618.27,3.379,106,125,13,5,0,15,8,5,0,42.61,79.71,99.77,77,28.139,14.93,21.535,3027.93,78,28,1,22,7,9,5,321.35,70.29,43,6,20,-2.89,2,3815.48,20.85,221.34,5,6,1225.29,79.71,164.22,20,0,1476.14,26.67,232.71,3,0,1114.05,44.89,38.5,-98.0,1.7754
United States,Kansas,Barley,1997,spring,183.0,575.06,3.142,110,129,12,4,0,19,6,3,0,31.37,55.97,87.34,73,27.265,14.119,20.692,2903.765,70,19,0,13,6,9,3,252.62,35.8,47,8,19,-8.73,1,3952.62,21.599,142.93,1,8,1280.14,31.99,193.98,15,0,1493.85,51.48,238.15,3,0,1178.63,55.97,38.5,-98.0,2.2596
United States,Kansas,Barley,1998,spring,183.0,462.36,2.527,115,129,17,7,2,16,2,0,0,24.01,48.72,71.59,68,29.422,15.982,22.702,3239.66,103,42,7,21,9,11,5,465.92,113.56,73,2,21,-1.19,0,3992.48,21.817,105.15,1,2,1325.76,24.46,243.7,19,0,1428.51,48.72,113.51,22,0,1238.21,30.68,38.5,-98.0,1.883
United States,Kansas,Barley,1999,spring,183.0,636.3,3.477,102,116,12,4,0,17,4,4,1,59.29,69.22,79.23,81,27.092,14.791,20.941,2917.355,67,18,0,22,4,6,3,251.25,39.16,47,1,11,-0.15,0,3743.53,20.456,228.34,0,1,1216.04,50.22,250.01,7,0,1369.15,68.93,157.95,11,0,1158.34,59.02,38.5,-98.0,2.421
United States,Kansas,Barley,2000,spring,183.0,386.3,2.111,132,143,27,5,2,11,3,3,0,29.1,60.96,99.2,51,29.803,15.442,22.623,3224.95,97,50,12,32,17,9,5,535.84,179.9,75,5,16,-2.23,1,3991.87,21.813,122.93,0,5,1264.27,41.78,238.56,12,0,1480.15,60.96,24.81,38,0,1247.45,14.7,38.5,-98.0,1.883
United States,Kansas,Barley,2001,spring,183.0,550.27,3.007,118,126,13,6,0,16,5,3,0,49.96,71.16,89.66,65,29.883,15.931,22.907,3276.995,93,37,12,27,12,9,4,477.01,146.81,67,1,11,-1.61,0,4055.17,22.159,193.47,0,1,1266.04,54.37,187.75,20,0,1520.02,47.13,169.05,17,0,1269.11,71.16,38.5,-98.0,2.69
United States,Kansas,Barley,2002,spring,183.0,448.8,2.452,119,137,16,7,1,13,4,4,0,32.47,62.94,80.87,64,29.707,15.727,22.717,3246.905,100,47,4,31,11,8,7,490.01,109.89,72,4,12,-5.51,1,3952.46,21.598,154.41,1,4,1232.34,25.39,143.14,29,0,1495.49,41.44,151.25,17,0,1224.63,62.94,38.5,-98.0,1.9906
United States,Kansas,Barley,2003,spring,183.0,457.66,2.501,125,139,16,9,1,14,8,5,0,28.31,61.54,77.66,58,28.623,14.984,21.803,3077.63,75,44,12,59,12,3,6,455.8,159.99,57,5,11,-3.14,1,3959.59,21.637,184.56,0,5,1248.32,38.72,87.68,25,0,1517.06,25.32,185.42,19,0,1194.21,61.54,38.5,-98.0,3.0666
United States,Kansas,Barley,2004,spring,183.0,559.96,3.06,114,123,11,6,0,19,4,2,1,51.2,68.02,87.07,69,28.041,14.797,21.419,3005.425,75,16,0,13,4,13,3,249.19,28.16,54,2,16,-1.17,0,4016.83,21.95,119.03,2,2,1313.57,20.56,307.48,9,0,1408.58,68.02,133.45,5,0,1294.68,39.81,38.5,-98.0,1.5064
United States,Kansas,Barley,2005,spring,183.0,522.54,2.855,123,131,15,7,1,20,5,3,0,33.92,52.42,80.89,60,28.757,15.677,22.217,3150.75,81,28,4,15,6,13,4,348.7,71.8,63,2,19,-1.21,0,4039.52,22.074,135.35,1,2,1324.5,30.54,218.58,17,0,1523.51,52.42,168.61,10,0,1191.51,35.18,38.5,-98.0,2.2596
United States,Kansas,Barley,2006,spring,183.0,507.03,2.771,116,128,15,4,1,13,4,3,0,31.04,60.52,88.37,67,29.81,15.981,22.896,3274.965,93,42,8,24,9,11,5,465.74,134.46,57,0,8,0.68,0,4085.95,22.328,149.25,3,0,1328.63,28.19,138.72,29,0,1562.03,30.86,219.06,10,0,1195.29,60.52,38.5,-98.0,1.4526
United States,Kansas,Barley,2007,spring,183.0,686.09,3.749,114,128,11,3,0,21,8,7,1,71.32,96.41,113.28,69,26.639,15.438,21.038,2965.92,59,11,0,16,9,6,1,166.37,14.19,43,8,14,-8.31,1,3768.04,20.59,325.95,0,8,1174.89,96.41,218.65,0,0,1352.65,43.41,141.49,11,0,1240.5,33.42,38.5,-98.0,2.7976
United States,Kansas,Barley,2008,spring,183.0,647.01,3.536,113,128,13,6,0,28,6,4,0,38.36,54.27,71.85,70,26.964,14.413,20.688,2871.725,61,20,1,10,6,9,3,219.0,37.93,38,6,27,-1.41,2,3853.15,21.055,210.52,0,6,1263.92,46.92,215.22,15,0,1480.54,38.01,221.27,5,0,1108.69,54.27,38.5,-98.0,1.9906
United States,Kansas,Barley,2009,spring,183.0,589.9,3.223,110,119,7,3,0,22,4,3,0,35.49,46.93,83.27,73,27.043,14.394,20.719,2883.645,62,19,0,14,5,9,3,234.45,31.35,38,5,16,-5.41,1,3824.76,20.9,178.4,0,5,1247.2,42.4,220.67,13,0,1444.31,46.93,190.83,6,0,1133.25,44.03,38.5,-98.0,2.7438
United States,Kansas,Barley,2010,spring,183.0,559.3,3.056,116,133,12,4,0,14,7,5,0,41.2,68.74,94.06,67,29.523,16.461,22.992,3292.53,94,36,6,22,8,9,4,419.62,87.33,66,0,9,1.98,0,4037.51,22.063,158.35,0,0,1298.36,37.53,243.05,17,0,1467.54,68.74,157.9,19,0,1271.61,50.27,38.5,-98.0,2.3134
United States,Kansas,Barley,2011,spring,183.0,352.86,1.928,132,146,15,8,1,12,3,2,0,30.89,44.61,80.2,51,31.122,16.43,23.776,3436.635,106,69,30,49,25,7,9,745.34,311.56,75,1,10,-1.12,0,4070.36,22.242,133.89,4,1,1242.86,44.61,96.92,43,0,1569.55,20.9,122.05,22,0,1257.95,39.15,38.5,-98.0,1.5602
United States,Kansas,Barley,2012,spring,183.0,314.41,1.718,140,149,15,8,1,9,3,3,0,33.37,55.74,58.58,43,31.545,16.842,24.193,3512.41,115,53,25,53,21,9,4,664.92,233.73,94,0,2,3.37,0,4178.71,22.834,101.56,3,0,1354.09,29.14,87.8,37,0,1618.41,50.6,125.05,13,0,1206.21,55.74,38.5,-98.0,3.1204
United States,Kansas,Barley,2013,spring,183.0,642.76,3.512,116,128,14,6,1,22,8,5,0,43.91,71.91,117.61,67,28.043,14.938,21.49,3032.935,79,29,3,14,9,8,5,342.5,72.05,55,11,25,-5.41,3,3799.13,20.76,179.95,2,11,1179.49,58.0,255.86,21,0,1433.25,71.91,206.95,6,0,1186.39,69.61,38.5,-98.0,2.5286
United States,Kansas,Barley,2014,spring,183.0,545.88,2.983,115,129,12,6,0,17,4,2,1,55.01,61.12,102.81,68,28.825,15.291,22.058,3122.55,92,32,2,16,10,12,3,360.59,68.47,61,4,20,-2.29,1,3950.77,21.589,87.9,4,4,1286.17,27.51,277.16,11,0,1443.04,61.12,180.82,17,0,1221.56,42.3,38.5,-98.0,1.883
United States,Kansas,Barley,2015,spring,183.0,602.88,3.294,109,123,10,6,0,21,6,3,0,29.8,50.1,79.51,74,28.54,16.145,22.342,3173.675,83,28,0,18,6,10,4,315.09,40.47,56,0,9,0.3,0,3810.15,20.82,288.89,0,0,1150.24,50.1,187.53,20,0,1428.35,44.87,126.46,8,0,1231.56,37.61,38.5,-98.0,2.0982
United States,Kansas,Barley,2018,spring,183.0,581.27,3.176,117,129,12,4,0,18,9,2,0,29.76,70.85,85.05,66,28.952,16.077,22.515,3230.785,96,29,0,12,6,12,4,367.0,51.41,66,12,21,-7.03,3,3967.38,21.68,140.87,1,12,1307.26,31.99,210.59,23,0,1536.22,44.52,229.81,5,0,1123.9,70.85,38.5,-98.0,1.6678
United States,Kansas,Barley,2019,spring,183.0,780.54,4.265,105,117,12,5,0,27,12,7,0,47.36,100.49,128.61,78,26.538,15.618,21.078,2944.57,58,1,0,10,1,8,0,102.66,0.09,37,4,11,-2.99,1,3875.51,21.178,374.94,0,4,1191.97,100.49,185.32,0,0,1565.81,68.48,220.28,1,0,1117.73,50.53,38.5,-98.0,1.7754
United States,Kansas,Barley,2020,spring,183.0,497.16,2.717,123,134,19,6,2,18,8,2,0,26.62,43.97,66.54,60,27.62,14.849,21.234,2979.89,82,19,0,20,7,8,2,297.5,27.35,55,11,16,-5.18,3,3965.75,21.671,153.89,0,11,1213.94,39.78,261.94,5,0,1543.38,43.97,81.33,14,0,1208.43,42.04,38.5,-98.0,2.7438
United States,Kansas,Barley,2021,spring,183.0,495.99,2.71,119,136,13,5,0,18,4,3,0,33.98,67.23,95.24,64,28.578,15.933,22.255,3159.65,92,38,2,31,6,10,7,389.95,86.73,69,4,17,-2.9,1,3889.68,21.255,194.96,0,4,1160.14,41.38,118.21,19,0,1482.07,37.66,182.82,19,0,1247.47,67.23,38.5,-98.0,3.5509
United States,Kansas,Barley,2022,spring,183.0,477.73,2.611,135,141,20,8,2,16,6,3,0,48.24,93.58,95.73,48,30.177,16.262,23.219,3334.165,109,55,8,24,12,11,8,562.94,145.34,86,3,17,-0.63,0,4076.52,22.276,207.6,0,3,1278.6,93.58,195.51,26,0,1486.48,45.94,74.62,29,0,1311.44,27.03,38.5,-98.0,1.8292
United States,Kansas,Barley,2023,spring,183.0,432.06,2.361,120,134,15,6,1,14,3,1,0,26.49,31.93,60.45,63,30.22,16.013,23.116,3315.53,103,40,15,30,11,10,5,488.8,143.39,69,2,17,-3.14,1,4065.65,22.217,102.88,1,2,1353.8,31.61,215.83,18,0,1435.1,29.21,113.35,21,0,1276.75,31.93,38.5,-98.0,1.5602
United States,Kansas,Barley,2024,spring,183.0,471.18,2.575,116,132,11,7,0,12,4,2,0,32.88,47.2,64.88,67,30.267,16.482,23.374,3362.5,101,40,6,31,13,8,4,459.51,117.66,68,0,10,0.78,0,4007.22,21.897,121.75,0,0,1314.07,33.0,194.59,24,0,1465.98,40.09,154.84,16,0,1227.17,47.2,38.5,-98.0,4.0351
United States,Kansas,Barley,2025,spring,183.0,704.65,3.851,103,117,11,3,0,28,9,3,0,48.12,58.14,86.28,80,28.178,16.011,22.094,3128.25,72,15,1,12,4,10,2,248.38,26.65,49,1,9,-2.63,0,3844.34,21.007,199.13,0,1,1266.53,53.81,270.73,8,0,1467.36,58.14,234.79,7,0,1110.45,41.44,38.5,-98.0,2.7438
United States,Minnesota,Barley,1990,spring,183.0,643.99,3.519,109,121,14,5,1,23,5,2,1,50.52,71.58,81.33,74,21.007,9.337,15.172,1936.295,2,0,0,1,0,0,0,4.75,0.0,2,23,45,-7.67,2,3402.76,18.594,151.73,0,23,1104.53,35.49,324.73,0,0,1276.95,71.58,167.53,0,0,1021.28,49.48,46.0,-94.0,3.3895
United States,Minnesota,Barley,1991,spring,183.0,668.22,3.651,92,110,7,2,0,23,4,2,0,37.11,63.91,85.82,91,21.297,10.407,15.852,2023.02,10,0,0,6,0,2,0,11.91,0.0,5,17,44,-5.15,4,3373.14,18.432,244.96,0,16,1048.94,51.92,247.85,0,0,1287.23,32.5,175.41,0,1,1036.97,63.91,46.0,-94.0,2.69
United States,Minnesota,Barley,1992,spring,183.0,452.06,2.47,116,136,16,5,1,15,5,2,0,27.16,52.78,70.82,67,20.093,8.363,14.228,1744.09,2,0,0,1,0,0,0,3.34,0.0,1,19,49,-10.02,3,3243.93,17.726,105.91,0,19,1107.91,31.95,201.2,0,0,1209.56,52.78,144.95,0,0,926.46,36.24,46.0,-94.0,4.0351
United States,Minnesota,Barley,1993,spring,183.0,641.71,3.507,98,114,9,3,0,19,4,2,0,34.18,53.59,70.98,85,19.189,8.513,13.851,1659.35,2,0,0,1,0,0,0,0.25,0.0,1,19,56,-6.48,4,3136.28,17.138,191.1,0,18,1048.52,53.59,270.34,0,0,1159.25,48.08,180.27,0,1,928.51,30.83,46.0,-94.0,3.1204
United States,Minnesota,Barley,1994,spring,183.0,569.46,3.112,107,119,14,4,1,19,4,3,0,28.1,46.96,69.26,76,21.143,9.634,15.388,1946.745,2,0,0,1,0,0,0,2.15,0.0,0,23,41,-7.74,5,3419.26,18.684,151.79,0,23,1206.91,46.96,234.93,0,0,1277.56,42.38,182.74,0,0,934.79,41.18,46.0,-94.0,2.69
United States,Minnesota,Barley,1995,spring,183.0,591.87,3.234,98,122,13,3,0,20,5,1,0,34.76,75.21,84.64,85,20.296,9.475,14.886,1891.615,7,0,0,5,0,1,0,9.31,0.0,5,24,53,-12.98,3,3310.28,18.089,138.65,0,23,1087.37,27.19,204.43,0,0,1278.82,49.75,248.79,0,1,944.09,75.21,46.0,-94.0,2.69
United States,Minnesota,Barley,1996,spring,183.0,403.94,2.207,112,125,11,6,0,12,0,0,0,18.55,39.91,55.12,71,20.1,8.8,14.45,1828.455,4,0,0,2,0,0,0,4.91,0.0,2,29,48,-8.7,4,3475.37,18.991,127.37,0,29,1207.41,39.91,177.8,0,0,1231.71,24.47,98.77,0,0,1036.25,23.86,46.0,-94.0,3.4433
United States,Minnesota,Barley,1997,spring,183.0,479.92,2.623,110,133,20,3,1,16,4,1,0,25.97,44.84,65.83,73,20.405,9.124,14.765,1866.225,3,0,0,1,0,0,0,3.21,0.0,0,23,53,-12.63,4,3470.37,18.964,62.56,0,23,1182.89,16.16,266.78,0,0,1315.4,44.84,150.58,0,0,972.08,32.09,46.0,-94.0,2.7438
United States,Minnesota,Barley,1998,spring,183.0,452.02,2.47,115,134,21,3,2,12,3,2,0,32.44,39.09,53.78,68,23.067,11.017,17.042,2216.465,12,0,0,2,0,0,0,16.83,0.0,6,10,32,-3.34,3,3681.79,20.119,121.81,0,10,1307.43,34.99,209.63,0,0,1283.18,38.01,120.58,0,0,1091.18,24.33,46.0,-94.0,2.959
United States,Minnesota,Barley,1999,spring,183.0,657.89,3.595,92,111,12,3,0,20,7,3,0,35.27,82.64,102.06,91,21.356,10.291,15.824,1989.51,11,0,0,4,0,2,0,14.15,0.0,3,9,38,-3.4,3,3354.02,18.328,219.42,0,9,1085.19,82.64,265.37,0,0,1325.96,35.23,173.1,0,0,942.87,34.38,46.0,-94.0,2.5286
United States,Minnesota,Barley,2000,spring,183.0,406.53,2.221,112,123,9,2,0,10,2,0,0,23.58,40.78,55.96,71,22.023,9.449,15.736,2017.635,12,0,0,3,0,2,0,19.94,0.0,6,24,44,-5.3,1,3357.77,18.348,101.51,0,23,1137.7,23.1,219.75,0,0,1250.24,40.78,85.27,0,1,969.83,21.58,46.0,-94.0,3.4433
United States,Minnesota,Barley,2001,spring,183.0,633.94,3.464,108,130,12,4,0,19,7,4,1,57.78,83.1,91.68,75,21.328,10.267,15.798,2008.535,13,0,0,6,0,1,0,20.39,0.0,6,15,36,-6.75,3,3383.44,18.489,299.07,0,15,995.27,83.1,223.77,0,0,1329.11,57.97,111.1,0,0,1059.06,24.72,46.0,-94.0,2.959
United States,Minnesota,Barley,2002,spring,183.0,674.2,3.684,102,124,12,2,0,21,7,5,0,48.31,66.11,110.07,81,21.086,9.656,15.371,1972.83,14,0,0,5,0,1,0,17.64,0.0,8,28,53,-9.12,5,3418.44,18.68,127.87,0,28,1133.76,32.64,295.49,0,0,1283.16,66.11,250.84,0,0,1001.52,49.06,46.0,-94.0,2.2058
United States,Minnesota,Barley,2003,spring,183.0,529.84,2.895,118,132,12,6,0,17,6,4,0,34.72,65.73,89.98,65,21.607,9.7,15.654,2013.64,16,1,0,7,1,3,0,33.64,0.53,14,16,41,-7.62,2,3540.33,19.346,179.13,0,15,1164.36,47.42,242.5,0,0,1347.93,65.73,108.21,1,1,1028.04,64.02,46.0,-94.0,4.0351
United States,Minnesota,Barley,2004,spring,183.0,506.93,2.77,110,131,17,3,2,14,4,3,0,33.06,39.97,63.85,73,21.155,8.969,15.062,1865.34,8,0,0,3,0,2,0,10.39,0.0,5,17,45,-5.29,3,3313.84,18.108,177.43,0,17,1050.72,39.97,175.39,0,0,1308.54,36.34,154.11,0,0,954.58,39.7,46.0,-94.0,3.6585
United States,Minnesota,Barley,2005,spring,183.0,392.1,2.143,116,137,8,3,0,12,4,1,0,25.81,27.38,49.0,67,23.496,11.215,17.355,2284.105,27,5,0,9,2,4,0,95.41,6.06,22,16,36,-4.4,4,3361.92,18.371,115.06,0,16,1012.42,26.04,161.95,2,0,1321.52,27.38,115.09,3,0,1027.98,25.99,46.0,-94.0,2.3134
United States,Minnesota,Barley,2006,spring,183.0,268.77,1.469,124,146,12,5,0,4,0,0,0,14.88,26.36,35.24,59,24.101,11.614,17.857,2363.475,38,8,1,14,4,4,1,117.52,22.4,25,8,35,-4.22,2,3572.9,19.524,87.46,0,8,1117.93,26.36,70.33,8,0,1475.38,14.36,110.98,0,0,979.59,24.38,46.0,-94.0,3.228
United States,Minnesota,Barley,2007,spring,183.0,404.82,2.212,118,138,15,6,1,11,2,1,0,35.15,54.12,76.32,65,23.616,10.958,17.287,2331.66,43,3,0,14,1,6,0,84.36,1.78,32,16,32,-11.32,1,3571.67,19.517,103.27,0,16,1178.07,27.67,102.41,2,0,1437.04,23.45,199.14,1,0,956.56,54.12,46.0,-94.0,2.9052
United States,Minnesota,Barley,2008,spring,183.0,547.17,2.99,116,133,14,4,1,21,4,1,0,32.95,50.24,69.71,67,20.957,9.098,15.027,1896.14,7,0,0,3,0,1,0,7.77,0.0,6,18,54,-6.47,3,3439.11,18.793,180.55,0,18,1093.25,36.98,202.36,0,0,1319.99,50.24,164.26,0,0,1025.87,38.66,46.0,-94.0,3.4971
United States,Minnesota,Barley,2009,spring,183.0,382.76,2.092,127,141,17,4,1,11,3,2,0,45.46,47.13,73.99,56,20.904,9.223,15.064,1882.44,3,0,0,3,0,1,0,4.03,0.0,2,17,47,-5.42,2,3509.28,19.176,66.92,0,17,1211.92,16.97,190.21,0,0,1272.76,46.43,125.63,0,0,1024.6,47.13,46.0,-94.0,3.2818
United States,Minnesota,Barley,2010,spring,183.0,685.15,3.744,101,120,9,3,0,25,8,4,0,33.04,49.87,74.72,82,21.863,10.876,16.369,2084.365,8,0,0,2,0,0,0,5.41,0.0,2,6,37,-4.04,1,3385.67,18.501,114.08,0,6,1165.36,32.93,284.01,0,0,1233.82,32.78,287.06,0,0,986.49,49.87,46.0,-94.0,3.3356
United States,Minnesota,Barley,2011,spring,183.0,585.2,3.198,108,125,14,2,1,22,4,1,0,26.54,56.37,63.59,75,20.677,9.882,15.279,1926.935,8,0,0,2,0,0,0,8.57,0.0,3,21,50,-3.91,4,3330.4,18.199,210.56,0,21,1023.62,56.37,247.08,0,0,1279.2,32.23,127.56,0,0,1027.58,31.18,46.0,-94.0,2.7438
United States,Minnesota,Barley,2012,spring,183.0,621.86,3.398,118,130,10,7,0,23,10,5,0,37.55,73.61,129.9,65,22.764,10.807,16.786,2171.15,16,0,0,4,0,1,0,22.57,0.0,12,10,34,-4.71,3,3602.65,19.687,296.29,0,10,1098.58,73.61,255.74,0,0,1380.05,67.54,69.83,0,0,1124.02,16.05,46.0,-94.0,3.0666
United States,Minnesota,Barley,2013,spring,183.0,501.35,2.74,117,135,19,4,1,17,3,1,0,48.32,71.18,78.93,66,21.075,9.786,15.43,2031.26,19,1,0,7,1,3,0,39.08,0.67,13,29,42,-8.1,4,3290.93,17.983,184.7,0,29,996.02,49.77,201.72,0,0,1257.42,71.18,114.93,1,0,1037.49,24.87,46.0,-94.0,3.7123
United States,Minnesota,Barley,2014,spring,183.0,706.13,3.859,105,119,8,3,0,23,6,5,0,38.62,68.09,84.36,78,19.854,9.319,14.587,1824.54,0,0,0,0,0,0,0,0.0,0.0,0,20,53,-7.93,4,3320.26,18.143,268.66,0,20,1091.75,52.4,226.35,0,0,1274.33,44.48,211.12,0,0,954.18,47.62,46.0,-94.0,2.7976
United States,Minnesota,Barley,2015,spring,183.0,560.21,3.061,113,126,10,1,0,20,4,3,0,42.39,57.66,60.63,70,22.055,10.298,16.176,2075.56,4,0,0,2,0,0,0,3.91,0.0,4,14,41,-4.92,3,3480.12,19.017,165.83,0,14,1126.99,41.82,213.29,0,0,1357.94,36.34,181.09,0,0,995.19,57.66,46.0,-94.0,4.1427
United States,Minnesota,Barley,2016,spring,183.0,636.62,3.479,113,121,11,4,0,20,7,5,1,80.81,108.13,121.34,70,21.504,10.745,16.124,2102.235,6,0,0,3,0,1,0,10.92,0.0,2,17,33,-6.67,2,3377.23,18.455,119.27,0,17,1124.86,42.63,266.89,0,0,1300.65,108.13,250.46,0,0,951.72,61.39,46.0,-94.0,3.5509
United States,Minnesota,Barley,2017,spring,183.0,607.41,3.319,110,124,10,4,0,24,7,1,0,35.76,44.41,71.79,73,20.983,9.998,15.491,1941.445,4,0,0,1,0,0,0,4.98,0.0,3,10,38,-4.93,3,3358.52,18.353,186.06,0,10,1042.01,39.95,166.12,0,0,1385.16,33.84,255.23,0,0,931.35,44.41,46.0,-94.0,4.0889
United States,Minnesota,Barley,2018,spring,183.0,541.46,2.959,113,131,14,3,1,16,6,2,0,35.26,46.45,73.55,70,21.208,10.23,15.719,2119.565,7,0,0,2,0,0,0,5.33,0.0,4,25,38,-16.61,3,3456.02,18.885,84.12,0,23,1272.78,24.36,255.88,0,0,1290.01,46.45,201.46,0,2,893.23,39.18,46.0,-94.0,4.0889
United States,Minnesota,Barley,2019,spring,183.0,669.48,3.658,99,119,7,1,0,26,7,2,0,28.19,44.07,70.28,84,20.299,9.836,15.068,1897.475,2,0,0,1,0,0,0,0.78,0.0,0,16,44,-4.88,2,3295.83,18.01,201.82,0,16,1023.87,43.55,214.95,0,0,1336.67,35.07,252.71,0,0,935.29,44.07,46.0,-94.0,3.6047
United States,Minnesota,Barley,2020,spring,183.0,456.89,2.497,117,133,10,4,0,14,4,2,0,33.67,56.16,68.68,66,20.74,10.003,15.371,1987.565,7,0,0,3,0,1,0,6.29,0.0,4,23,47,-10.11,3,3596.72,19.654,85.67,0,23,1212.68,18.76,214.11,0,0,1422.53,42.87,157.11,0,0,961.51,56.16,46.0,-94.0,2.5286
United States,Minnesota,Barley,2021,spring,183.0,431.52,2.358,130,140,17,6,1,13,5,3,0,30.36,52.56,74.12,53,23.357,11.363,17.36,2298.605,36,2,0,7,1,5,0,76.05,1.47,28,13,38,-5.88,4,3578.45,19.554,128.23,0,13,1103.74,50.96,95.89,2,0,1420.12,25.91,207.4,0,0,1054.59,52.56,46.0,-94.0,2.959
United States,Minnesota,Barley,2022,spring,183.0,568.25,3.105,111,127,11,2,0,18,7,1,0,31.13,61.27,79.66,72,20.987,10.233,15.61,2033.375,9,0,0,2,0,0,0,13.87,0.0,5,25,43,-7.84,4,3339.71,18.25,238.96,0,25,973.17,61.27,166.1,0,0,1362.4,40.12,163.19,0,0,1004.14,37.2,46.0,-94.0,3.8737
United States,Minnesota,Barley,2023,spring,183.0,411.91,2.251,120,140,11,4,0,14,3,1,0,26.98,49.76,80.66,63,22.699,10.972,16.835,2279.675,22,3,0,5,2,3,0,54.76,5.38,15,19,31,-14.05,2,3407.78,18.622,140.35,0,19,1158.48,43.05,108.24,0,0,1336.88,45.17,163.32,3,0,912.42,49.76,46.0,-94.0,3.9813
United States,Minnesota,Barley,2024,spring,183.0,707.19,3.864,105,118,12,5,0,25,7,4,1,61.63,66.94,87.03,78,21.821,10.951,16.386,2103.98,1,0,0,1,0,0,0,0.65,0.0,1,11,34,-3.33,2,3400.71,18.583,263.4,0,11,1103.25,66.94,283.55,0,0,1283.07,53.26,160.24,0,0,1014.39,48.78,46.0,-94.0,3.7661
United States,Minnesota,Barley,2025,spring,183.0,541.11,2.957,105,128,13,3,0,17,5,3,0,36.36,43.18,63.13,78,22.082,10.944,16.513,2145.995,11,0,0,2,0,0,0,8.35,0.0,5,14,41,-6.37,3,3261.61,17.823,149.16,0,14,1147.99,43.18,259.73,0,0,1206.54,42.88,132.22,0,0,907.08,21.14,46.0,-94.0,4.0351
United States,Montana,Barley,1990,spring,183.0,282.34,1.543,117,143,27,4,1,5,0,0,0,19.62,33.88,44.03,66,20.928,6.794,13.861,1688.17,16,1,0,4,1,1,0,31.08,0.49,12,28,70,-8.4,6,3937.42,21.516,139.06,0,28,1186.2,33.88,71.48,1,0,1520.08,14.86,71.8,0,0,1231.14,32.65,47.0,-110.0,2.2058
United States,Montana,Barley,1991,spring,183.0,384.66,2.102,90,120,11,4,0,7,0,0,0,14.83,39.25,54.55,93,20.23,6.767,13.499,1663.815,17,0,0,5,0,2,0,26.31,0.0,13,30,63,-6.35,3,3814.93,20.847,197.01,0,28,1106.41,39.25,125.74,0,0,1522.31,25.32,61.91,0,2,1186.21,17.02,47.0,-110.0,2.7976
United States,Montana,Barley,1992,spring,183.0,339.0,1.852,121,135,14,7,1,5,2,1,0,31.36,59.51,74.25,62,20.218,6.379,13.298,1554.27,4,0,0,1,0,0,0,3.65,0.0,3,20,70,-5.65,4,3696.24,20.198,94.41,0,15,1221.9,18.07,186.93,0,0,1359.39,59.51,57.66,0,5,1114.95,18.39,47.0,-110.0,2.3672
United States,Montana,Barley,1993,spring,183.0,520.97,2.847,79,118,6,0,0,15,0,0,0,19.66,39.04,60.83,104,17.651,4.905,11.278,1189.435,2,0,0,1,0,0,0,3.38,0.0,2,32,85,-4.05,8,3540.86,19.349,97.83,0,27,1244.82,18.45,287.17,0,0,1208.17,39.04,135.97,0,5,1087.87,34.57,47.0,-110.0,3.1204
United States,Montana,Barley,1994,spring,183.0,239.45,1.308,128,150,28,6,2,5,0,0,0,12.57,34.84,43.4,55,21.664,7.375,14.519,1805.68,21,0,0,4,0,2,0,25.69,0.0,19,21,61,-7.09,3,3767.3,20.586,126.28,0,21,1155.85,34.84,86.13,0,0,1485.77,20.86,27.04,0,0,1125.68,6.2,47.0,-110.0,2.3672
United States,Montana,Barley,1995,spring,183.0,438.3,2.395,96,117,10,4,0,9,3,1,0,29.05,46.85,62.06,87,18.848,5.513,12.18,1412.77,9,0,0,2,0,0,0,12.08,0.0,5,42,79,-8.53,7,3680.52,20.112,153.72,0,38,1141.71,36.58,209.28,0,0,1383.36,46.85,75.3,0,4,1155.45,17.47,47.0,-110.0,2.7976
United States,Montana,Barley,1996,spring,183.0,261.61,1.43,115,145,12,8,0,3,0,0,0,19.38,30.85,38.64,68,19.891,6.206,13.048,1549.19,17,0,0,5,0,2,0,27.6,0.0,13,36,80,-4.45,7,3712.46,20.287,134.06,0,31,981.01,30.85,58.14,0,0,1569.38,11.81,69.41,0,5,1162.07,30.78,47.0,-110.0,2.3134
United States,Montana,Barley,1997,spring,183.0,449.56,2.457,89,126,13,3,0,11,1,0,0,21.95,46.68,82.55,94,19.256,6.176,12.716,1577.675,4,0,0,1,0,0,0,1.73,0.0,2,31,58,-17.7,4,3846.17,21.017,135.83,0,30,1183.98,46.68,233.81,0,0,1470.24,38.94,79.92,0,1,1191.95,17.39,47.0,-110.0,2.8514
United States,Montana,Barley,1998,spring,183.0,353.31,1.931,107,129,17,3,2,8,0,0,0,17.41,35.31,60.22,76,21.313,7.795,14.554,1787.87,25,0,0,5,0,3,0,41.22,0.0,19,20,64,-4.95,3,3867.71,21.135,89.71,0,19,1298.82,20.44,186.27,0,1,1406.42,35.31,77.33,0,0,1162.47,28.52,47.0,-110.0,2.5824
United States,Montana,Barley,1999,spring,183.0,324.09,1.771,108,135,12,4,0,5,0,0,0,19.92,30.36,41.4,75,19.326,5.723,12.525,1478.25,18,0,0,3,0,1,0,28.89,0.0,14,35,83,-8.95,6,3728.7,20.375,116.3,0,32,1171.96,30.36,99.85,0,0,1471.61,20.85,107.94,0,3,1085.13,23.78,47.0,-110.0,2.69
United States,Montana,Barley,2000,spring,183.0,281.42,1.538,117,144,23,7,1,3,0,0,0,17.57,29.44,38.48,66,21.351,6.847,14.099,1731.155,28,4,0,8,2,3,0,68.14,1.69,23,29,68,-8.77,6,3813.88,20.841,107.02,0,23,1203.92,24.79,120.19,3,1,1486.37,29.44,54.21,1,5,1123.59,20.25,47.0,-110.0,2.152
United States,Montana,Barley,2001,spring,183.0,278.03,1.519,122,149,24,5,2,6,0,0,0,16.59,38.14,48.65,61,22.281,7.517,14.899,1884.155,32,1,0,6,1,4,0,60.23,1.1,27,28,59,-6.09,4,3992.44,21.817,58.54,0,28,1284.55,12.0,166.88,0,0,1471.23,38.14,52.61,1,0,1236.66,33.98,47.0,-110.0,2.2058
United States,Montana,Barley,2002,spring,183.0,344.03,1.88,117,136,11,5,0,9,1,0,0,24.47,33.62,44.88,66,20.126,5.781,12.954,1584.77,23,5,0,4,4,4,1,58.34,12.57,14,44,74,-14.88,9,3770.11,20.602,87.16,0,40,1179.62,23.34,136.21,5,0,1485.4,29.84,120.66,0,4,1105.09,33.62,47.0,-110.0,2.2596
United States,Montana,Barley,2003,spring,183.0,277.36,1.516,123,138,18,7,3,5,0,0,0,13.37,26.32,40.87,60,21.531,7.622,14.577,1822.655,35,10,0,11,2,3,0,118.42,8.35,30,28,68,-5.71,7,3821.12,20.88,143.64,0,25,1173.0,26.32,82.29,6,0,1542.93,18.4,51.43,4,3,1105.19,20.13,47.0,-110.0,2.152
United States,Montana,Barley,2004,spring,183.0,343.56,1.877,107,132,12,4,0,5,1,0,0,20.25,41.63,59.5,76,19.553,6.257,12.905,1486.545,9,0,0,3,0,1,0,17.81,0.0,6,24,70,-6.18,7,3725.69,20.359,133.09,0,23,1176.5,41.63,133.62,0,0,1451.3,41.21,76.85,0,1,1097.89,17.3,47.0,-110.0,3.1742
United States,Montana,Barley,2005,spring,183.0,343.47,1.877,110,134,10,5,0,5,0,0,0,17.62,36.91,51.15,73,20.272,6.392,13.332,1597.13,24,1,0,5,1,3,0,52.24,0.43,20,29,75,-8.18,6,3771.68,20.61,101.32,0,27,1179.09,32.58,158.69,1,0,1470.66,36.91,83.46,0,2,1121.93,16.43,47.0,-110.0,3.0128
United States,Montana,Barley,2006,spring,183.0,371.93,2.032,121,144,17,5,1,8,2,2,0,30.11,43.87,63.07,62,21.77,7.654,14.712,1820.64,25,2,0,5,2,6,0,54.4,0.63,20,21,59,-4.81,5,3948.73,21.578,151.65,0,18,1237.42,41.87,127.33,2,0,1593.74,43.87,92.95,0,3,1117.57,29.99,47.0,-110.0,2.69
United States,Montana,Barley,2007,spring,183.0,374.87,2.048,108,132,12,5,0,8,2,1,0,26.9,47.98,74.93,75,21.666,7.248,14.457,1825.645,34,5,0,12,1,3,0,92.84,6.0,29,24,69,-11.96,4,3816.83,20.857,205.1,0,23,1152.05,47.98,102.74,5,0,1545.55,26.93,67.03,0,1,1119.23,10.53,47.0,-110.0,2.3672
United States,Montana,Barley,2008,spring,183.0,373.02,2.038,123,138,13,7,0,9,4,1,0,31.72,76.96,112.84,60,19.33,5.782,12.556,1510.55,16,0,0,2,0,0,0,30.4,0.0,12,35,81,-10.86,5,3737.47,20.423,178.18,0,34,1073.29,76.96,107.13,0,1,1526.17,36.16,87.71,0,0,1138.01,22.78,47.0,-110.0,2.69
United States,Montana,Barley,2009,spring,183.0,361.81,1.977,102,132,10,5,0,7,0,0,0,18.53,27.15,35.97,81,19.811,6.12,12.965,1563.645,10,0,0,2,0,0,0,7.98,0.0,6,34,66,-8.54,5,3841.37,20.991,113.53,0,32,1209.42,22.97,156.64,0,1,1460.95,24.47,91.64,0,1,1171.0,27.15,47.0,-110.0,3.0128
United States,Montana,Barley,2010,spring,183.0,510.79,2.791,91,113,9,3,0,12,2,1,0,28.26,45.39,63.6,92,18.32,5.553,11.937,1372.15,4,0,0,1,0,0,0,4.49,0.0,3,36,77,-6.37,6,3653.51,19.965,193.5,0,36,1131.1,37.43,171.87,0,0,1450.61,45.39,145.42,0,0,1071.8,38.75,47.0,-110.0,3.3356
United States,Montana,Barley,2011,spring,183.0,431.85,2.36,114,137,14,6,1,13,3,1,0,26.59,46.31,83.3,69,19.118,6.047,12.583,1509.455,13,0,0,3,0,1,0,17.09,0.0,12,36,79,-9.32,1,3818.47,20.866,260.39,0,36,1042.04,42.19,131.67,0,0,1554.07,46.31,39.79,0,0,1222.36,12.08,47.0,-110.0,2.5824
United States,Montana,Barley,2012,spring,183.0,270.55,1.478,128,145,24,4,2,7,1,0,0,20.6,34.71,38.5,55,21.867,7.316,14.591,1807.97,27,0,0,5,0,3,0,57.61,0.0,23,27,58,-7.26,8,3932.19,21.487,157.97,0,27,1188.03,34.71,91.88,0,0,1526.43,23.19,20.7,0,0,1217.73,6.0,47.0,-110.0,2.7438
United States,Montana,Barley,2013,spring,183.0,424.05,2.317,114,131,14,6,1,12,3,1,0,29.91,52.76,103.34,69,20.729,7.306,14.018,1775.275,25,0,0,6,0,2,0,30.26,0.0,20,29,61,-10.91,5,3793.81,20.731,166.6,0,27,1141.01,50.08,152.36,0,0,1544.91,52.76,105.09,0,2,1107.89,24.0,47.0,-110.0,2.7976
United States,Montana,Barley,2014,spring,183.0,409.63,2.238,104,129,9,5,0,5,3,1,1,75.33,111.55,120.4,79,19.827,6.728,13.278,1572.71,15,0,0,4,0,2,0,13.75,0.0,12,32,65,-7.12,7,3669.93,20.054,105.48,0,29,1174.41,14.62,107.43,0,0,1461.99,26.69,196.72,0,3,1033.53,111.55,47.0,-110.0,3.1204
United States,Montana,Barley,2015,spring,183.0,333.65,1.823,116,137,13,4,0,6,2,0,0,24.03,38.29,48.15,67,20.823,7.367,14.095,1713.795,20,0,0,5,0,1,0,29.76,0.0,17,28,59,-5.51,6,3738.38,20.428,151.01,0,28,1196.88,38.29,116.79,0,0,1441.55,30.81,65.85,0,0,1099.95,20.28,47.0,-110.0,2.7976
United States,Montana,Barley,2016,spring,183.0,369.48,2.019,116,132,12,8,0,9,1,0,0,22.37,37.96,44.57,67,20.877,6.987,13.932,1665.575,14,0,0,3,0,1,0,24.03,0.0,11,18,63,-6.41,6,3823.7,20.895,153.19,0,16,1154.74,36.31,100.26,0,0,1588.04,37.96,116.03,0,2,1080.92,34.56,47.0,-110.0,3.228
United States,Montana,Barley,2017,spring,183.0,283.67,1.55,128,146,25,6,2,6,2,0,0,24.25,50.47,55.29,55,21.798,7.646,14.722,1818.135,38,1,0,10,1,5,0,80.55,0.49,36,24,66,-6.63,6,3937.88,21.518,129.39,0,20,1245.61,22.7,68.95,1,0,1600.21,33.36,85.33,0,4,1092.06,50.47,47.0,-110.0,2.7438
United States,Montana,Barley,2018,spring,183.0,443.42,2.423,100,124,14,3,2,11,1,1,0,26.46,47.47,76.57,83,19.904,7.06,13.482,1659.97,16,2,0,4,2,1,0,35.59,1.85,13,26,57,-15.45,4,3647.55,19.932,178.37,0,23,1174.21,41.15,167.6,0,0,1475.49,47.47,97.45,2,3,997.85,23.01,47.0,-110.0,3.0128
United States,Montana,Barley,2019,spring,183.0,429.15,2.345,100,122,13,1,0,10,0,0,0,16.48,30.76,38.77,83,18.986,6.723,12.854,1529.49,8,0,0,3,0,1,0,11.09,0.0,5,31,64,-8.64,7,3569.67,19.506,150.34,0,27,1070.57,29.81,139.13,0,0,1451.33,22.59,139.68,0,4,1047.77,30.76,47.0,-110.0,3.1742
United States,Montana,Barley,2020,spring,183.0,347.93,1.901,127,142,14,7,1,9,1,1,0,34.66,60.17,77.04,56,20.18,6.634,13.407,1662.205,13,0,0,2,0,0,0,15.74,0.0,12,28,62,-13.84,5,3828.82,20.923,128.11,0,26,1231.27,31.65,172.89,0,0,1486.5,60.17,46.93,0,2,1111.05,18.8,47.0,-110.0,3.3895
United States,Montana,Barley,2021,spring,183.0,276.21,1.509,127,146,18,6,1,6,0,0,0,17.8,35.52,40.92,56,21.889,7.784,14.837,1902.33,38,3,0,7,2,6,0,79.06,0.63,32,31,63,-7.2,3,3666.02,20.033,130.32,0,31,1124.03,26.68,62.69,3,0,1527.04,10.64,83.2,0,0,1014.95,35.52,47.0,-110.0,2.0444
United States,Montana,Barley,2022,spring,183.0,330.28,1.805,115,132,12,4,0,7,1,0,0,21.43,24.76,47.43,68,20.858,7.494,14.176,1824.74,41,5,0,9,1,5,0,90.71,4.49,35,37,62,-15.75,6,3748.17,20.482,110.21,0,37,1132.44,21.14,136.67,1,0,1452.27,24.76,83.4,4,0,1163.46,23.35,47.0,-110.0,2.2058
United States,Montana,Barley,2023,spring,183.0,478.82,2.617,103,124,12,5,0,13,1,1,1,51.49,70.05,89.97,80,20.879,8.088,14.483,1841.17,15,1,0,5,1,2,0,25.56,0.18,14,22,50,-12.42,4,3700.68,20.222,174.84,0,22,1176.69,32.2,186.68,1,0,1430.01,70.05,117.3,0,0,1093.98,40.88,47.0,-110.0,2.6362
United States,Montana,Barley,2024,spring,183.0,398.67,2.179,117,138,15,5,1,10,4,2,1,54.08,80.62,93.51,66,21.231,7.9,14.566,1813.015,29,2,0,13,2,4,0,59.9,2.09,22,21,60,-7.83,3,3731.86,20.393,148.49,0,21,1162.92,53.98,100.37,2,0,1484.28,29.77,149.81,0,0,1084.66,80.62,47.0,-110.0,2.7438
United States,Montana,Barley,2025,spring,183.0,350.57,1.916,108,133,9,3,0,8,1,0,0,20.93,29.64,36.77,75,21.693,8.211,14.952,1870.855,15,0,0,2,0,0,0,27.25,0.0,8,18,53,-7.31,4,3805.18,20.793,117.31,0,18,1225.71,29.64,165.5,0,0,1427.85,22.02,67.76,0,0,1151.62,13.38,47.0,-110.0,2.9052
United States,Nebraska,Barley,1990,spring,183.0,368.42,2.013,125,140,11,7,0,10,1,0,0,24.12,36.77,41.25,58,26.602,12.216,19.409,2657.86,69,25,4,24,7,9,3,284.31,60.22,55,11,32,-6.71,3,3892.46,21.27,141.79,0,11,1172.74,27.53,124.82,15,0,1503.6,26.2,101.81,10,0,1216.12,36.77,41.5,-99.8,2.152
United States,Nebraska,Barley,1991,spring,183.0,421.36,2.303,121,132,17,6,1,13,4,1,0,27.72,44.05,68.09,62,26.484,12.967,19.725,2696.38,60,20,1,15,5,7,3,231.04,44.41,46,6,32,-1.9,2,3797.84,20.753,229.06,0,5,1145.84,44.05,98.22,13,0,1434.24,17.47,94.08,7,1,1217.76,40.7,41.5,-99.8,2.0444
United States,Nebraska,Barley,1992,spring,183.0,405.42,2.215,117,133,16,4,2,9,2,1,0,41.1,74.27,77.48,66,24.726,10.749,17.737,2338.735,23,1,0,4,1,2,0,41.47,1.94,14,8,26,-5.79,3,3687.65,20.151,51.81,0,8,1282.33,17.21,201.3,0,0,1257.9,25.32,152.31,1,0,1147.42,74.27,41.5,-99.8,2.69
United States,Nebraska,Barley,1993,spring,183.0,635.72,3.474,98,110,11,2,0,20,3,2,0,30.43,48.65,81.86,85,22.915,10.539,16.727,2169.755,20,0,0,3,0,1,0,30.91,0.0,10,13,34,-3.93,4,3608.74,19.72,153.6,0,13,1127.83,31.3,358.45,0,0,1386.47,48.65,123.67,0,0,1094.44,27.95,41.5,-99.8,2.0444
United States,Nebraska,Barley,1994,spring,183.0,423.12,2.312,115,135,11,5,0,11,3,1,0,25.66,42.83,65.29,68,26.08,12.226,19.153,2623.59,53,4,0,7,2,8,0,148.17,6.91,33,17,26,-7.47,3,3979.42,21.745,82.93,0,17,1299.24,28.93,266.38,1,0,1518.47,42.83,73.81,3,0,1161.71,25.41,41.5,-99.8,2.0444
United States,Nebraska,Barley,1995,spring,183.0,523.13,2.859,106,124,9,4,0,13,6,2,1,51.71,81.05,101.43,77,23.905,11.017,17.461,2319.575,58,23,0,11,4,7,5,220.05,38.61,43,18,47,-6.04,6,3636.99,19.874,260.57,0,16,993.51,81.05,147.41,8,0,1478.75,36.68,115.15,15,2,1164.73,40.55,41.5,-99.8,1.9906
United States,Nebraska,Barley,1996,spring,183.0,536.87,2.934,99,117,12,1,0,14,3,3,1,52.99,75.04,95.43,84,24.074,10.974,17.524,2309.22,38,3,0,11,2,4,0,77.04,2.83,21,12,39,-5.91,2,3633.21,19.854,177.17,0,12,1143.37,75.04,154.14,3,0,1435.39,27.9,205.56,0,0,1054.45,71.35,41.5,-99.8,2.8514
United States,Nebraska,Barley,1997,spring,183.0,442.88,2.42,102,128,14,4,1,10,3,2,0,28.16,44.57,51.61,81,24.875,11.508,18.192,2473.73,54,13,0,14,4,6,2,178.07,21.44,29,14,37,-9.01,1,3802.43,20.778,117.59,0,14,1175.64,39.61,157.19,10,0,1508.87,40.72,168.1,3,0,1117.92,44.57,41.5,-99.8,2.7438
United States,Nebraska,Barley,1998,spring,183.0,429.54,2.347,112,130,12,4,0,12,2,1,0,27.71,59.47,81.66,71,26.173,12.511,19.342,2629.615,63,16,1,11,5,8,2,220.28,33.96,46,10,33,-3.98,3,3925.04,21.448,107.06,0,10,1296.87,31.06,233.05,8,0,1431.8,59.47,89.43,8,0,1196.37,17.45,41.5,-99.8,2.69
United States,Nebraska,Barley,1999,spring,183.0,470.45,2.571,107,133,9,4,0,13,4,1,0,27.1,42.08,69.31,76,24.684,11.665,18.175,2425.195,50,12,0,14,4,8,2,149.58,18.11,37,10,31,-3.78,2,3784.07,20.678,171.77,0,10,1156.8,29.39,190.49,10,0,1413.76,42.08,108.19,2,0,1213.51,20.1,41.5,-99.8,2.5824
United States,Nebraska,Barley,2000,spring,183.0,329.01,1.798,124,138,15,5,2,10,1,0,0,22.86,28.04,37.48,59,27.748,12.497,20.123,2782.04,83,34,1,17,10,10,4,363.14,65.55,60,10,30,-4.14,4,3925.5,21.451,108.33,1,10,1228.89,28.04,158.53,11,0,1515.84,24.19,62.15,22,0,1180.77,12.53,41.5,-99.8,1.4526
United States,Nebraska,Barley,2001,spring,183.0,495.63,2.708,116,132,12,7,0,10,5,4,0,42.29,51.68,73.1,67,26.638,12.751,19.694,2696.61,61,26,0,17,6,9,4,288.65,52.46,43,7,25,-5.59,2,3973.5,21.713,231.57,0,7,1235.83,51.68,136.19,17,0,1528.02,29.78,127.87,9,0,1209.65,29.79,41.5,-99.8,2.421
United States,Nebraska,Barley,2002,spring,183.0,254.06,1.388,130,152,18,8,2,6,0,0,0,18.13,29.72,41.73,53,27.742,12.96,20.351,2825.84,80,45,5,20,13,8,4,424.58,105.56,52,8,34,-7.3,2,4055.41,22.161,81.52,1,8,1302.63,21.21,63.02,34,0,1585.59,12.87,109.52,10,0,1167.19,29.72,41.5,-99.8,1.7216
United States,Nebraska,Barley,2003,spring,183.0,375.5,2.052,120,133,11,11,0,9,2,1,0,27.08,37.41,55.74,63,26.462,12.256,19.359,2656.605,72,25,2,17,5,7,3,292.06,60.93,56,7,26,-9.08,1,3988.28,21.794,190.37,1,7,1214.2,37.41,138.66,14,0,1490.69,31.5,46.47,10,0,1283.39,14.6,41.5,-99.8,2.69
United States,Nebraska,Barley,2004,spring,183.0,496.55,2.713,108,123,14,5,1,18,1,1,0,40.18,57.51,58.36,75,25.664,11.804,18.734,2522.85,49,13,0,11,3,5,1,148.78,19.34,33,5,25,-6.48,1,3981.77,21.758,136.1,2,5,1313.17,29.89,193.69,6,0,1448.76,32.18,166.76,5,0,1219.84,57.51,41.5,-99.8,2.9052
United States,North Dakota,Barley,1990,spring,183.0,364.99,1.994,128,143,23,6,2,12,0,0,0,19.93,34.2,55.61,55,23.109,9.138,16.124,2105.36,36,0,0,4,0,3,0,58.01,0.0,20,25,46,-7.52,3,3797.12,20.749,77.36,0,25,1205.88,25.63,215.28,0,0,1462.4,34.2,72.35,0,0,1128.84,17.16,47.5,-100.5,2.8514
United States,North Dakota,Barley,1991,spring,183.0,372.59,2.036,121,133,14,7,1,7,0,0,0,19.29,30.36,38.96,62,23.481,10.209,16.845,2198.895,31,5,0,8,3,4,1,78.85,6.23,23,21,46,-5.21,5,3529.94,19.289,120.47,0,19,1056.82,27.88,137.05,3,0,1411.01,25.57,115.07,2,2,1062.11,30.36,47.5,-100.5,2.6362
United States,North Dakota,Barley,1992,spring,183.0,265.17,1.449,132,147,19,6,2,4,2,0,0,21.18,28.58,43.1,51,21.643,7.755,14.699,1839.365,21,1,0,4,1,2,0,34.56,1.92,17,23,48,-8.26,4,3555.2,19.427,75.85,0,21,1208.23,23.59,130.11,0,0,1327.36,28.58,59.21,1,2,1019.61,19.75,47.5,-100.5,3.4971
United States,North Dakota,Barley,1993,spring,183.0,564.45,3.084,111,128,28,5,1,18,6,6,0,38.75,58.73,130.96,72,19.86,7.272,13.566,1593.75,3,0,0,2,0,0,0,2.7,0.0,1,21,56,-7.24,5,3386.5,18.505,116.46,0,20,1135.36,18.77,394.39,0,0,1212.03,58.73,53.6,0,1,1039.11,12.71,47.5,-100.5,2.6362
United States,North Dakota,Barley,1994,spring,183.0,331.56,1.812,120,135,15,7,1,6,1,1,0,34.88,43.6,54.21,63,22.465,9.085,15.775,2025.295,21,0,0,5,0,2,0,44.02,0.0,14,23,40,-6.71,2,3675.55,20.085,81.03,0,23,1277.45,28.77,148.33,0,0,1366.73,34.46,102.2,0,0,1031.37,43.6,47.5,-100.5,2.959
United States,North Dakota,Barley,1995,spring,183.0,349.06,1.907,123,137,14,6,1,12,0,0,0,18.74,41.95,63.76,60,21.173,8.543,14.858,1880.295,24,3,0,4,2,4,0,58.45,2.44,16,27,61,-11.0,4,3572.94,19.524,124.0,0,24,1080.56,41.95,153.55,0,0,1397.85,30.91,71.51,3,3,1094.53,30.57,47.5,-100.5,2.421
United States,North Dakota,Barley,1996,spring,183.0,316.9,1.732,114,139,17,5,1,5,0,0,0,16.53,28.75,38.44,69,21.355,8.246,14.801,1900.575,25,3,0,5,1,4,0,60.28,2.67,19,31,53,-12.66,6,3522.13,19.247,81.98,0,30,1056.7,19.73,151.03,0,0,1380.14,24.42,83.89,3,1,1085.29,28.75,47.5,-100.5,2.959
United States,North Dakota,Barley,1997,spring,183.0,295.06,1.612,136,151,14,7,2,5,2,2,0,34.63,63.24,64.98,47,22.527,8.791,15.659,2090.395,28,2,0,5,2,6,0,60.86,0.36,19,22,50,-20.31,4,3787.18,20.695,98.08,0,22,1231.66,63.24,153.21,0,0,1451.5,51.06,43.77,2,0,1104.02,12.94,47.5,-100.5,2.421
United States,North Dakota,Barley,1998,spring,183.0,355.26,1.941,121,141,15,4,2,11,1,0,0,23.73,51.5,55.87,62,23.529,10.304,16.917,2185.475,31,2,0,6,1,3,0,54.23,0.95,23,11,42,-4.79,3,3770.95,20.606,79.39,0,11,1274.76,17.81,171.46,0,0,1359.85,51.5,104.41,2,0,1136.34,28.1,47.5,-100.5,2.959
United States,North Dakota,Barley,1999,spring,183.0,494.02,2.7,112,131,22,3,1,11,6,5,0,46.24,72.05,100.96,71,21.014,8.428,14.721,1833.515,13,3,0,5,2,2,0,32.99,3.56,8,16,48,-9.6,2,3629.64,19.834,192.32,0,14,1175.12,59.99,139.12,3,0,1429.96,32.14,162.58,0,2,1024.56,72.05,47.5,-100.5,2.5824
United States,North Dakota,Barley,2000,spring,183.0,440.2,2.405,108,129,13,3,0,9,2,1,1,61.77,79.43,98.44,75,22.121,8.723,15.422,1973.9,24,3,0,6,2,3,0,41.36,3.45,17,22,46,-10.5,2,3586.22,19.597,124.94,0,21,1142.45,28.4,201.88,1,0,1388.73,79.43,113.38,2,1,1055.04,22.32,47.5,-100.5,2.959
United States,North Dakota,Barley,2001,spring,183.0,347.27,1.898,121,138,22,4,2,10,0,0,0,17.47,40.02,66.94,62,23.129,9.697,16.413,2137.56,35,6,0,7,2,5,0,104.98,7.39,26,20,37,-7.39,4,3729.71,20.381,86.5,0,19,1215.38,15.56,232.25,0,0,1374.96,40.02,28.52,6,1,1139.37,7.21,47.5,-100.5,2.959
United States,North Dakota,Barley,2002,spring,183.0,298.94,1.634,122,141,22,5,1,6,1,1,0,32.66,38.78,42.26,61,22.935,8.925,15.93,2096.72,45,10,2,9,4,7,1,149.08,28.5,31,35,58,-10.61,6,3638.74,19.884,72.34,0,33,1201.09,21.32,146.37,9,0,1394.58,38.78,80.23,1,2,1043.07,19.74,47.5,-100.5,2.421
United States,North Dakota,Barley,2003,spring,183.0,374.97,2.049,123,142,16,6,1,10,2,2,0,33.84,35.29,60.97,60,23.025,9.744,16.384,2129.18,39,10,0,11,7,5,1,133.86,15.24,34,12,45,-7.39,2,3570.93,19.513,160.51,0,11,1109.05,30.94,137.79,2,0,1365.95,33.81,76.67,8,1,1095.93,35.29,47.5,-100.5,3.228
United States,North Dakota,Barley,2004,spring,183.0,371.19,2.028,117,137,10,4,0,8,2,1,0,40.65,47.27,52.86,66,21.259,7.88,14.569,1787.91,17,1,0,5,1,1,0,33.95,0.96,8,26,49,-6.02,5,3570.74,19.512,125.04,0,26,1180.44,37.23,131.19,1,0,1410.29,47.27,114.96,0,0,980.01,23.2,47.5,-100.5,3.3356
United States,North Dakota,Barley,2005,spring,183.0,442.87,2.42,121,135,17,4,2,11,4,3,0,46.45,61.62,102.31,62,22.876,9.631,16.253,2089.245,30,2,0,4,1,4,0,62.39,1.54,18,16,40,-5.28,3,3649.82,19.944,111.22,0,16,1129.63,32.04,260.44,2,0,1432.64,61.62,71.21,0,0,1087.55,19.82,47.5,-100.5,2.9052
United States,North Dakota,Barley,2006,spring,183.0,284.61,1.555,135,149,21,5,3,10,1,1,0,26.48,27.78,39.24,48,24.435,10.443,17.439,2284.68,45,10,0,10,3,5,1,139.3,19.22,33,15,36,-6.31,5,3758.45,20.538,77.15,0,14,1204.65,23.65,97.97,9,0,1487.56,17.98,109.49,1,1,1066.24,27.78,47.5,-100.5,2.6362
United States,North Dakota,Barley,2007,spring,183.0,467.88,2.557,127,142,11,6,0,13,8,3,0,41.78,59.44,91.3,56,22.854,9.457,16.156,2146.215,30,6,1,6,3,4,1,92.29,18.32,25,16,41,-14.23,1,3677.03,20.093,231.98,0,16,1159.21,59.44,142.87,6,0,1468.6,41.72,93.03,0,0,1049.22,29.71,47.5,-100.5,3.0128
United States,North Dakota,Barley,2008,spring,183.0,397.81,2.174,120,140,14,5,1,13,2,1,0,48.1,54.36,75.62,63,21.937,8.585,15.261,1919.965,23,0,0,5,0,1,0,40.82,0.0,16,26,52,-5.02,5,3736.33,20.417,73.15,0,26,1206.69,20.51,206.38,0,0,1436.09,54.36,118.28,0,0,1093.55,22.53,47.5,-100.5,3.0128
United States,North Dakota,Barley,2009,spring,183.0,313.15,1.711,137,147,14,7,2,9,2,2,0,27.69,35.39,43.7,46,21.142,8.212,14.677,1826.635,9,1,0,3,1,1,0,18.28,0.69,8,24,56,-9.25,5,3688.19,20.154,91.34,0,24,1232.58,35.39,151.2,0,0,1399.52,29.4,70.61,1,0,1056.09,28.5,47.5,-100.5,3.7661
United States,North Dakota,Barley,2010,spring,183.0,528.54,2.888,109,126,14,5,1,15,4,3,1,51.8,57.05,72.67,74,21.626,9.423,15.524,1942.89,17,3,0,3,1,3,0,41.25,4.25,11,16,44,-4.22,3,3590.71,19.621,163.45,0,15,1132.31,35.8,208.74,0,0,1405.81,39.91,156.35,3,1,1052.59,57.05,47.5,-100.5,3.4971
United States,North Dakota,Barley,2011,spring,183.0,513.23,2.805,103,121,14,3,1,14,6,1,0,29.08,54.41,64.96,80,20.93,8.794,14.862,1869.645,12,0,0,2,0,0,0,19.97,0.0,6,20,54,-7.17,3,3530.48,19.292,161.97,0,20,1041.49,36.49,232.6,0,0,1357.62,54.41,118.66,0,0,1131.37,35.29,47.5,-100.5,2.5286
United States,North Dakota,Barley,2012,spring,183.0,285.57,1.56,127,146,18,6,1,6,1,0,0,20.13,26.87,32.26,56,24.029,10.165,17.097,2230.91,38,5,0,8,1,5,0,116.54,10.14,28,12,41,-6.09,3,3632.15,19.848,117.6,0,11,1118.28,26.87,120.54,3,0,1427.05,24.43,47.43,2,1,1086.82,16.09,47.5,-100.5,3.228
United States,North Dakota,Barley,2013,spring,183.0,482.0,2.634,119,135,14,7,1,14,6,3,0,43.98,68.52,88.92,64,21.185,8.815,15.0,1968.96,18,1,0,4,1,2,0,39.23,1.35,13,32,42,-9.53,3,3602.51,19.686,207.69,0,32,1120.05,68.52,157.13,0,0,1410.62,38.66,117.18,1,0,1071.84,47.76,47.5,-100.5,3.4433
United States,North Dakota,Barley,2014,spring,183.0,439.77,2.403,117,127,14,5,1,11,3,3,0,40.93,51.81,69.83,66,20.613,8.299,14.456,1810.885,7,0,0,2,0,0,0,10.1,0.0,4,28,58,-15.49,5,3482.32,19.029,114.91,0,27,1151.1,36.02,155.38,0,0,1317.44,51.81,169.48,0,1,1013.78,49.75,47.5,-100.5,3.6047
United States,North Dakota,Barley,2015,spring,183.0,337.74,1.846,126,139,13,9,0,9,1,0,0,20.19,33.57,52.55,57,23.0,9.734,16.367,2115.11,29,6,0,5,4,5,1,86.72,7.42,22,18,46,-5.96,3,3719.83,20.327,112.26,0,18,1180.26,33.57,154.53,0,0,1431.83,24.95,70.95,6,0,1107.74,29.42,47.5,-100.5,3.4433
United States,North Dakota,Barley,2016,spring,183.0,380.14,2.077,118,140,13,4,0,12,1,1,0,26.95,33.35,48.48,65,23.09,9.91,16.5,2145.515,25,2,0,5,1,2,0,67.4,0.89,17,16,40,-6.83,3,3728.83,20.376,138.03,0,16,1183.25,32.87,135.74,1,0,1498.77,23.82,106.37,1,0,1046.81,23.99,47.5,-100.5,3.6047
United States,North Dakota,Barley,2017,spring,183.0,284.33,1.554,134,149,23,7,1,7,4,2,0,31.26,33.21,48.65,49,23.434,9.658,16.546,2141.585,38,7,0,9,2,5,0,100.62,8.77,29,14,42,-6.41,4,3813.23,20.837,45.52,0,14,1255.88,15.22,99.68,6,0,1532.02,33.21,139.13,1,0,1025.33,26.89,47.5,-100.5,3.4971
United States,North Dakota,Barley,2018,spring,183.0,344.5,1.883,123,139,12,5,0,10,1,1,0,30.36,41.05,55.42,60,22.914,9.305,16.11,2169.95,31,5,0,6,3,4,1,85.42,10.73,22,23,48,-18.03,1,3730.5,20.385,71.95,0,21,1205.7,26.6,189.02,1,0,1501.88,38.37,83.53,4,2,1022.92,19.77,47.5,-100.5,3.9813
United States,North Dakota,Barley,2019,spring,183.0,542.94,2.967,112,130,10,5,0,16,4,3,0,38.76,46.25,82.54,71,21.384,9.302,15.343,1942.38,15,0,0,3,0,2,0,17.8,0.0,11,23,44,-6.03,5,3498.72,19.119,104.75,0,23,1100.23,27.04,160.78,0,0,1430.64,38.4,277.41,0,0,967.85,46.25,47.5,-100.5,3.8737
United States,North Dakota,Barley,2020,spring,183.0,244.74,1.337,136,153,21,7,2,6,1,1,0,39.41,54.78,63.51,47,22.503,9.24,15.872,2101.655,29,3,0,6,3,5,1,74.52,1.93,15,27,46,-11.27,2,3878.84,21.196,54.71,0,27,1250.92,19.75,125.76,0,0,1506.49,54.78,64.27,3,0,1121.43,15.84,47.5,-100.5,3.3895
United States,North Dakota,Barley,2021,spring,183.0,268.88,1.469,141,150,18,11,1,7,1,1,0,43.18,46.13,60.1,42,25.034,10.76,17.897,2410.225,56,15,0,13,5,8,1,205.29,30.35,48,20,43,-5.82,2,3658.48,19.992,69.29,0,20,1178.53,30.55,96.46,9,0,1468.74,20.69,103.13,6,0,1011.21,46.13,47.5,-100.5,2.7438
United States,North Dakota,Barley,2022,spring,183.0,382.93,2.093,118,137,16,3,1,12,4,1,0,30.17,47.36,54.1,65,21.964,9.388,15.676,2093.545,38,5,0,6,2,5,0,98.02,4.27,26,29,45,-15.89,3,3651.83,19.955,194.47,0,29,1081.16,47.36,135.36,3,0,1482.67,26.35,53.1,2,0,1088.0,10.11,47.5,-100.5,3.9275
United States,North Dakota,Barley,2023,spring,183.0,409.34,2.237,113,135,12,4,0,12,2,1,0,29.82,54.23,63.77,70,23.483,10.711,17.097,2273.17,31,3,0,4,1,5,0,67.75,1.7,19,20,36,-9.64,3,3554.5,19.423,117.42,0,20,1162.59,54.23,150.94,1,0,1384.69,46.28,140.98,2,0,1007.22,30.41,47.5,-100.5,3.8199
United States,North Dakota,Barley,2024,spring,183.0,383.58,2.096,121,142,15,3,1,13,4,1,0,25.79,35.52,45.29,62,23.465,10.315,16.89,2198.77,35,3,0,13,1,3,0,78.61,4.94,27,14,34,-4.66,3,3593.88,19.639,154.3,0,14,1159.18,35.52,146.1,2,0,1398.28,26.13,83.18,1,0,1036.42,31.05,47.5,-100.5,3.9813
United States,North Dakota,Barley,2025,spring,183.0,425.68,2.326,118,136,11,6,0,11,2,1,1,64.71,91.25,131.18,65,23.351,10.414,16.882,2214.655,26,4,0,4,2,3,0,60.23,2.23,18,17,39,-7.53,4,3528.37,19.281,193.17,2,17,1179.5,91.25,132.86,1,0,1316.41,35.97,99.65,1,0,1032.46,32.77,47.5,-100.5,4.1965
United States,Oklahoma,Barley,1990,spring,183.0,561.08,3.066,117,125,21,5,2,16,8,3,1,51.12,79.17,101.52,66,29.007,17.083,23.045,3302.255,94,32,0,34,14,7,3,364.83,55.92,69,2,9,-0.99,1,3925.29,21.45,287.21,0,2,1193.27,79.17,90.09,11,0,1479.36,32.43,183.78,21,0,1252.66,67.41,35.5,-97.5,2.2058
United States,Oklahoma,Barley,1991,spring,183.0,629.34,3.439,106,124,8,5,0,21,9,6,0,35.21,60.21,104.37,77,29.584,18.108,23.846,3448.89,88,31,0,23,8,7,3,351.99,50.54,62,0,2,4.4,0,3819.68,20.873,218.12,0,0,1207.99,44.26,155.51,19,0,1456.55,41.56,255.71,12,0,1155.14,60.21,35.5,-97.5,2.0982
United States,Oklahoma,Barley,1992,spring,183.0,714.7,3.905,104,114,11,5,0,30,7,0,0,23.53,43.77,68.41,79,27.107,15.943,21.525,3024.12,57,0,0,12,0,9,0,104.95,0.0,34,0,5,0.01,0,3767.7,20.589,226.3,0,0,1184.87,37.81,278.06,0,0,1400.88,42.87,210.34,0,0,1181.95,43.77,35.5,-97.5,2.2596
United States,Oklahoma,Barley,1993,spring,183.0,681.52,3.724,123,129,17,5,1,24,7,4,1,91.27,128.28,146.22,60,27.774,16.643,22.209,3149.19,72,23,0,24,14,5,2,257.23,44.03,54,1,13,-0.39,0,3794.72,20.736,324.47,0,1,1117.82,128.28,146.7,9,0,1439.83,34.74,210.35,14,0,1237.07,60.69,35.5,-97.5,1.883
United States,Oklahoma,Barley,1994,spring,183.0,494.24,2.701,118,134,9,9,0,16,6,3,0,43.89,64.25,92.86,65,30.081,16.969,23.525,3390.06,96,38,1,23,14,8,6,440.19,96.38,69,3,10,-2.78,1,4093.86,22.371,232.24,0,3,1271.95,64.25,128.96,21,0,1571.21,36.18,133.04,17,0,1250.7,40.7,35.5,-97.5,1.9906
United States,Oklahoma,Barley,1995,spring,183.0,779.54,4.26,109,124,21,5,1,24,13,12,0,40.96,79.04,143.53,74,28.217,16.515,22.366,3177.98,74,30,0,34,17,3,4,298.88,47.27,56,0,12,0.28,0,3786.38,20.691,300.14,0,0,1128.67,77.7,253.87,9,0,1482.65,79.04,225.53,21,0,1175.06,72.32,35.5,-97.5,1.8292
United States,Oklahoma,Barley,1996,spring,183.0,691.9,3.781,105,125,17,4,1,22,10,6,0,41.54,84.43,116.87,78,29.973,17.363,23.668,3416.455,92,31,6,26,12,10,5,416.22,107.09,56,2,12,-1.45,0,3900.42,21.314,126.91,8,2,1341.64,40.85,272.04,23,0,1446.98,84.43,292.95,0,0,1111.8,51.74,35.5,-97.5,1.2374
United States,Oklahoma,Barley,1997,spring,183.0,627.54,3.429,108,123,11,6,0,24,6,2,0,27.36,55.27,65.56,75,28.646,16.692,22.669,3238.02,90,29,0,17,5,8,3,317.6,32.61,57,5,10,-5.17,1,3917.63,21.408,255.35,0,5,1271.49,45.88,183.55,13,0,1459.58,47.36,188.64,16,0,1186.56,55.27,35.5,-97.5,2.2596
United States,Oklahoma,Barley,1998,spring,183.0,321.68,1.758,144,150,30,8,3,10,3,1,0,48.42,69.07,69.59,39,32.187,19.22,25.704,3788.76,123,79,20,89,26,6,7,803.64,275.48,100,0,11,1.26,0,4240.74,23.173,148.56,0,0,1364.15,69.07,70.73,45,0,1615.67,33.73,102.39,34,0,1260.92,40.87,35.5,-97.5,2.5286
United States,Oklahoma,Barley,1999,spring,183.0,622.01,3.399,107,133,22,4,2,22,8,4,1,60.98,105.43,112.5,76,29.547,17.476,23.511,3387.585,83,35,5,34,12,5,4,412.67,113.48,62,0,4,0.44,0,3984.51,21.773,272.1,0,0,1297.29,105.43,214.31,9,0,1413.2,54.6,135.6,26,0,1274.02,59.5,35.5,-97.5,2.0982
United States,South Dakota,Barley,1990,spring,183.0,359.29,1.963,119,136,23,5,2,10,1,0,0,24.91,33.41,50.17,64,26.091,11.571,18.831,2563.455,66,17,2,17,3,9,2,247.43,36.52,44,22,28,-6.34,3,3879.8,21.201,125.61,0,22,1250.67,33.41,150.18,9,0,1455.81,32.7,83.5,8,0,1173.32,18.92,44.5,-100.0,2.6362
United States,South Dakota,Barley,1991,spring,183.0,467.24,2.553,125,139,17,9,1,15,4,3,0,43.85,61.88,113.73,58,25.971,12.502,19.236,2618.99,53,18,2,15,8,8,2,210.92,46.3,38,10,36,-4.76,2,3727.61,20.369,240.8,0,10,1117.12,58.27,149.12,9,0,1452.42,61.88,77.32,9,0,1158.07,26.58,44.5,-100.0,2.0982
United States,South Dakota,Barley,1992,spring,183.0,412.99,2.257,120,136,27,4,2,13,4,3,0,32.17,51.53,72.82,63,24.254,10.215,17.235,2266.04,26,4,0,4,1,3,0,65.58,5.38,20,11,27,-6.63,4,3523.77,19.256,36.62,2,11,1230.73,14.68,274.84,0,0,1209.71,51.53,101.53,2,0,1083.33,36.14,44.5,-100.0,2.9052
United States,South Dakota,Barley,1993,spring,183.0,472.55,2.582,101,121,11,2,0,9,1,1,0,33.15,36.91,53.78,82,22.699,9.798,16.248,2081.105,23,1,0,4,1,3,0,43.65,1.04,14,14,40,-5.2,5,3538.11,19.334,133.93,0,14,1164.89,22.38,261.31,0,0,1284.48,33.05,77.31,1,0,1088.74,36.91,44.5,-100.0,2.2596
United States,South Dakota,Barley,1994,spring,183.0,347.37,1.898,113,135,10,5,0,5,2,1,0,43.44,70.66,77.35,70,25.677,11.584,18.63,2523.945,57,8,0,7,2,8,0,148.65,9.14,38,17,30,-6.21,3,3804.06,20.787,79.55,0,17,1272.84,21.76,188.93,3,0,1430.61,70.66,78.89,5,0,1100.61,18.57,44.5,-100.0,2.2596
United States,South Dakota,Barley,1995,spring,183.0,481.9,2.633,110,132,10,5,0,17,2,0,0,21.1,45.9,63.47,73,23.309,10.67,16.989,2244.08,47,11,0,8,2,8,0,161.2,19.45,33,20,45,-7.83,5,3687.83,20.152,226.82,0,19,1075.37,44.48,168.36,4,0,1471.61,45.9,86.72,7,1,1140.85,23.1,44.5,-100.0,2.0444
United States,South Dakota,Barley,1996,spring,183.0,446.64,2.441,109,129,16,6,1,10,4,1,1,57.89,92.31,106.26,74,23.968,10.594,17.281,2272.065,53,7,0,11,2,8,0,148.88,6.87,37,21,48,-5.78,3,3678.19,20.099,159.26,0,21,1039.55,46.7,104.07,4,0,1496.44,19.09,183.31,3,0,1142.2,92.31,44.5,-100.0,2.3672
United States,South Dakota,Barley,1997,spring,183.0,485.08,2.651,105,127,14,4,1,16,4,2,0,28.81,47.6,50.6,78,23.241,10.567,16.904,2265.715,33,2,0,6,2,6,0,71.41,0.35,13,17,37,-15.44,2,3745.07,20.465,168.44,0,17,1162.09,47.6,236.5,2,0,1466.74,46.17,80.14,0,0,1116.24,17.98,44.5,-100.0,2.0444
United States,South Dakota,Barley,1998,spring,183.0,360.13,1.968,117,143,11,7,0,11,2,1,0,26.47,44.75,52.93,66,26.009,12.498,19.253,2610.425,59,16,1,14,4,9,2,205.94,36.95,42,9,27,-4.11,3,3835.65,20.96,100.51,0,9,1268.4,33.14,191.09,6,0,1400.19,44.75,68.53,10,0,1167.06,24.5,44.5,-100.0,2.5824
United States,South Dakota,Barley,1999,spring,183.0,532.45,2.91,114,135,14,5,1,14,8,3,1,52.92,75.91,140.4,69,24.505,11.106,17.806,2370.04,44,16,2,9,3,7,3,184.44,39.45,32,9,32,-4.92,2,3723.13,20.345,193.43,0,9,1156.06,54.99,154.91,8,0,1418.64,42.0,184.11,8,0,1148.43,75.91,44.5,-100.0,2.5824
United States,South Dakota,Barley,2000,spring,183.0,313.58,1.714,117,143,15,5,2,5,3,1,0,33.59,36.6,45.17,66,26.446,11.758,19.102,2604.235,72,21,1,23,4,7,2,298.82,54.12,49,14,30,-6.15,4,3809.42,20.817,142.78,0,14,1192.74,36.6,116.85,9,0,1467.81,23.35,53.95,12,0,1148.87,24.39,44.5,-100.0,2.959
United States,South Dakota,Barley,2001,spring,183.0,383.22,2.094,120,138,23,7,2,11,2,1,0,29.53,43.4,47.27,63,26.689,12.519,19.604,2690.835,73,33,7,22,8,6,6,363.19,104.42,55,9,27,-6.02,3,3858.75,21.086,171.5,0,9,1183.82,43.4,156.95,18,0,1451.28,25.72,54.77,15,0,1223.65,38.87,44.5,-100.0,2.7976
United States,South Dakota,Barley,2002,spring,183.0,288.76,1.578,131,148,11,8,0,8,1,1,0,29.77,30.6,43.23,52,26.752,12.068,19.41,2663.215,73,34,7,19,7,9,5,378.77,106.84,48,16,45,-7.36,5,3820.57,20.877,54.36,0,16,1274.98,16.37,100.75,25,0,1452.3,28.71,133.65,9,0,1093.29,30.6,44.5,-100.0,1.883
United States,South Dakota,Barley,2003,spring,183.0,323.96,1.77,118,141,19,6,1,7,2,1,0,33.52,43.22,53.3,65,26.21,12.102,19.156,2610.575,71,24,5,27,4,7,5,307.34,70.38,53,9,27,-6.04,2,3777.1,20.64,146.15,0,9,1124.92,35.84,118.52,12,0,1444.63,43.22,59.29,12,0,1207.55,15.84,44.5,-100.0,2.8514
United States,South Dakota,Barley,2004,spring,183.0,472.97,2.585,116,131,17,4,2,11,5,4,0,29.93,53.89,65.18,67,25.072,10.916,17.994,2389.095,50,10,0,13,3,7,1,145.91,16.0,28,9,36,-5.26,1,3848.67,21.031,105.22,0,9,1270.08,27.82,160.65,5,0,1466.11,47.98,207.1,5,0,1112.48,53.89,44.5,-100.0,3.3895
United States,South Dakota,Barley,2005,spring,183.0,381.34,2.084,125,140,15,6,1,11,3,2,0,25.68,51.25,73.72,58,26.66,12.667,19.664,2693.335,71,27,6,20,4,7,5,302.38,72.88,54,11,29,-3.28,2,3910.17,21.367,142.34,0,11,1185.44,40.56,152.11,15,0,1524.0,51.25,86.89,12,0,1200.73,14.64,44.5,-100.0,2.6362
United States,South Dakota,Barley,2006,spring,183.0,289.23,1.58,123,144,12,5,0,8,0,0,0,15.4,37.83,45.07,60,27.462,13.227,20.345,2808.065,80,34,5,22,9,8,3,382.57,111.21,54,4,23,-2.94,1,3838.42,20.975,55.51,2,4,1267.54,12.67,60.39,24,0,1506.83,10.77,173.33,8,0,1064.05,37.83,44.5,-100.0,2.152
United States,South Dakota,Barley,2007,spring,183.0,474.04,2.59,120,131,16,7,1,14,6,2,0,37.46,52.78,77.41,63,25.92,12.287,19.104,2654.2,66,15,5,21,5,6,2,256.87,53.38,50,16,24,-11.55,1,3828.43,20.92,190.22,0,16,1253.38,52.78,144.26,10,0,1531.89,50.49,139.56,5,0,1043.16,40.34,44.5,-100.0,2.152
United States,South Dakota,Barley,2008,spring,183.0,452.04,2.47,118,127,17,7,1,14,3,2,0,33.4,50.52,87.11,65,24.399,10.772,17.585,2334.795,52,7,0,9,3,7,1,125.29,12.58,38,20,37,-5.7,4,3836.82,20.966,121.0,0,20,1167.61,24.32,241.66,5,0,1495.47,50.52,89.38,2,0,1173.74,19.07,44.5,-100.0,2.2058
United States,South Dakota,Barley,2009,spring,183.0,351.36,1.92,121,137,18,4,1,9,0,0,0,19.69,34.1,48.21,62,23.904,10.503,17.203,2269.99,35,4,0,4,1,1,0,75.25,3.72,24,15,37,-7.6,2,3850.7,21.042,74.51,1,15,1296.41,14.19,171.4,1,0,1416.92,24.82,105.45,2,0,1137.37,34.1,44.5,-100.0,2.9052
United States,South Dakota,Barley,2010,spring,183.0,512.68,2.802,118,130,10,3,0,21,4,1,0,27.21,51.3,68.27,65,24.89,11.952,18.421,2458.65,43,13,2,7,4,7,1,160.5,25.21,32,6,33,-2.49,2,3798.23,20.755,176.44,0,6,1210.2,34.44,214.02,6,0,1457.46,51.3,122.22,7,0,1130.57,36.02,44.5,-100.0,2.152
United States,South Dakota,Barley,2011,spring,183.0,543.68,2.971,111,125,13,4,0,15,5,4,1,59.9,109.72,125.77,72,24.006,11.161,17.583,2337.545,47,12,1,14,4,6,2,155.91,23.29,31,15,42,-9.23,3,3745.19,20.466,182.65,0,15,1079.61,39.93,277.1,8,0,1438.86,109.72,83.93,4,0,1226.72,19.5,44.5,-100.0,1.7754
United States,South Dakota,Barley,2012,spring,183.0,275.56,1.506,133,147,26,6,1,5,2,2,0,29.4,42.14,56.18,50,27.996,13.2,20.598,2855.08,84,36,7,39,12,8,4,401.9,102.23,66,2,24,-2.79,1,3959.48,21.637,166.14,1,2,1206.44,42.14,86.98,23,0,1532.6,18.55,22.44,12,0,1220.44,9.89,44.5,-100.0,1.883
United States,South Dakota,Barley,2013,spring,183.0,435.81,2.381,123,133,14,5,1,15,2,1,0,25.07,44.51,66.91,60,24.831,11.503,18.167,2510.17,52,13,0,15,6,6,1,193.08,30.25,41,26,36,-7.76,3,3678.74,20.102,198.45,0,26,1120.8,44.51,142.64,4,0,1457.23,32.03,94.72,9,0,1100.71,26.84,44.5,-100.0,2.9052
United States,South Dakota,Barley,2014,spring,183.0,412.03,2.252,120,136,17,5,1,14,2,0,0,23.16,49.56,52.34,63,24.086,11.041,17.564,2342.89,35,4,1,9,2,6,0,91.4,15.19,24,14,41,-10.45,3,3699.8,20.217,135.66,0,14,1222.0,49.56,141.95,4,0,1455.37,22.68,134.42,0,0,1022.43,25.44,44.5,-100.0,2.7976
United States,South Dakota,Barley,2015,spring,183.0,450.61,2.462,120,138,12,8,0,11,3,3,0,46.42,52.32,74.05,63,25.775,12.264,19.019,2570.14,54,14,1,11,3,7,1,198.81,25.64,41,10,29,-4.81,2,3744.64,20.463,163.66,0,10,1154.47,52.32,169.79,5,0,1481.63,33.91,117.16,9,0,1108.54,48.68,44.5,-100.0,1.9906
United States,South Dakota,Barley,2018,spring,183.0,362.18,1.979,116,133,12,4,0,8,2,1,0,25.32,42.2,46.6,67,25.496,12.268,18.882,2632.35,63,18,1,10,6,10,2,238.66,43.47,43,20,34,-10.86,2,3766.0,20.579,101.59,2,20,1245.77,26.04,149.77,8,0,1467.11,26.73,110.82,8,0,1053.12,42.2,44.5,-100.0,2.959
United States,South Dakota,Barley,2019,spring,183.0,642.09,3.509,103,122,7,3,0,22,7,4,0,31.27,57.65,84.01,80,23.3,11.283,17.292,2293.43,29,1,0,8,1,3,0,48.98,1.78,19,12,38,-8.7,3,3551.77,19.409,235.43,0,12,1055.84,44.1,202.63,1,0,1487.48,46.24,204.03,0,0,1008.45,57.65,44.5,-100.0,2.3134
United States,South Dakota,Barley,2020,spring,183.0,320.46,1.751,128,144,19,7,2,8,1,1,0,28.53,39.69,45.99,55,25.362,11.936,18.649,2555.82,66,12,0,13,5,9,1,214.91,19.89,41,20,34,-8.45,3,3879.29,21.198,97.79,0,20,1218.56,29.86,164.04,5,0,1516.58,39.69,58.63,7,0,1144.15,13.52,44.5,-100.0,2.3672
United States,South Dakota,Barley,2021,spring,183.0,338.11,1.848,134,149,17,6,1,14,1,0,0,23.4,43.28,62.03,49,27.08,12.953,20.016,2772.275,77,28,3,13,8,10,4,339.78,68.7,61,13,34,-4.77,3,3802.52,20.779,81.4,0,13,1198.32,28.33,109.16,19,0,1488.04,31.87,147.55,9,0,1116.16,43.28,44.5,-100.0,1.076
United States,South Dakota,Barley,2022,spring,183.0,410.39,2.243,129,136,12,7,0,11,3,3,0,36.03,52.89,66.6,54,25.868,12.036,18.952,2585.25,69,24,4,8,3,13,2,275.59,57.49,56,21,37,-6.31,4,3915.8,21.398,174.46,0,21,1201.47,52.89,163.78,12,0,1526.4,38.2,72.15,12,0,1187.93,30.06,44.5,-100.0,2.9052
United States,South Dakota,Barley,2023,spring,183.0,421.73,2.305,122,140,22,6,1,9,5,3,0,34.54,56.97,68.87,61,26.542,12.946,19.744,2731.18,69,18,4,15,6,8,3,246.95,62.24,51,15,28,-8.31,3,3831.86,20.939,93.22,0,15,1320.24,19.86,157.33,10,0,1447.78,49.0,171.18,8,0,1063.84,56.97,44.5,-100.0,2.7976
United States,South Dakota,Barley,2024,spring,183.0,407.92,2.229,118,135,8,6,0,12,5,1,0,34.4,50.63,61.78,65,26.273,12.769,19.521,2673.075,66,14,1,15,3,8,2,211.22,28.02,49,9,25,-4.66,2,3734.29,20.406,151.05,0,9,1218.5,38.06,159.92,5,0,1383.59,50.63,96.95,9,0,1132.2,39.99,44.5,-100.0,3.0666
United States,South Dakota,Barley,2025,spring,183.0,492.64,2.692,110,128,16,5,1,14,4,2,0,39.53,66.66,93.22,73,26.202,12.774,19.488,2668.59,61,20,0,9,3,11,1,247.94,48.21,37,9,30,-5.18,1,3664.87,20.027,177.82,2,9,1197.64,58.28,147.61,11,0,1369.28,23.65,167.21,7,0,1097.95,66.66,44.5,-100.0,2.69
United States,Texas,Barley,1990,spring,183.0,475.81,2.6,118,133,31,7,1,12,5,3,0,41.72,67.19,81.36,65,32.163,19.393,25.778,3802.42,125,62,4,49,18,9,8,619.92,157.53,89,0,2,3.47,0,3990.14,21.804,217.23,4,0,1236.32,67.19,131.38,38,0,1512.12,46.33,127.2,20,0,1241.7,38.6,31.0,-99.0,2.0444
United States,Texas,Barley,1991,spring,183.0,556.07,3.039,96,113,9,4,0,16,3,3,0,29.91,48.2,81.41,87,31.497,19.121,25.309,3716.485,121,38,0,40,8,6,6,448.21,42.95,64,0,0,5.13,0,3914.8,21.392,188.41,1,0,1264.34,47.57,186.78,19,0,1494.48,48.2,180.88,18,0,1155.98,26.1,31.0,-99.0,1.7216
United States,Texas,Barley,1992,spring,183.0,470.79,2.573,111,124,15,6,1,16,1,0,0,24.42,48.29,100.75,72,29.759,18.186,23.972,3471.895,100,17,0,35,6,7,2,308.84,12.33,68,0,2,1.59,0,4036.64,22.058,220.39,0,0,1206.91,48.29,166.9,1,0,1518.6,29.15,83.5,16,0,1311.13,21.92,31.0,-99.0,2.421
United States,Texas,Barley,1993,spring,183.0,393.01,2.148,137,144,64,5,1,13,4,2,0,27.02,51.26,70.52,46,31.792,18.581,25.187,3694.155,114,55,1,65,34,7,3,594.9,148.78,102,0,3,3.81,0,4174.7,22.813,171.71,0,0,1318.33,43.39,125.78,26,0,1548.81,36.38,95.52,29,0,1307.56,51.26,31.0,-99.0,2.3672
United States,Texas,Barley,1994,spring,183.0,399.01,2.18,116,132,24,5,2,12,1,0,0,23.24,61.36,99.38,67,32.599,19.151,25.875,3820.115,126,67,11,63,18,7,8,667.16,182.99,89,0,2,1.47,0,4207.77,22.993,216.71,1,0,1299.7,61.36,69.03,39,0,1621.14,14.6,113.27,27,0,1286.93,20.28,31.0,-99.0,1.7754
United States,Texas,Barley,1995,spring,183.0,515.97,2.82,111,130,15,7,2,18,5,4,0,31.24,59.58,80.63,72,32.101,18.76,25.43,3738.715,133,48,6,47,11,9,8,578.11,118.46,85,0,0,5.12,0,4043.7,22.097,248.86,3,0,1289.57,59.58,137.83,21,0,1524.92,34.54,129.28,24,0,1229.21,29.69,31.0,-99.0,2.4748
United States,Texas,Barley,1996,spring,183.0,536.08,2.929,107,128,15,6,1,19,3,2,0,29.72,54.47,89.45,76,32.768,19.317,26.043,3850.795,140,67,7,74,20,9,5,670.35,161.48,87,0,4,0.67,0,4191.33,22.903,152.22,16,0,1451.53,30.37,134.4,42,0,1544.48,31.41,249.46,9,0,1195.32,54.47,31.0,-99.0,1.8292
United States,Texas,Barley,1997,spring,183.0,470.95,2.573,129,142,23,8,2,12,6,4,0,43.71,75.66,80.33,54,30.958,18.328,24.643,3594.7,115,61,0,44,19,6,7,531.22,93.85,95,2,5,-0.6,1,4087.41,22.336,226.15,0,2,1214.55,63.06,191.83,19,0,1554.02,75.66,52.97,42,0,1318.84,18.31,31.0,-99.0,2.5286
United States,Texas,Barley,1998,spring,183.0,328.49,1.795,134,149,28,6,3,10,4,2,0,26.49,44.21,72.78,49,33.844,19.881,26.862,4000.8,140,90,8,31,30,9,9,857.28,260.3,109,0,0,5.13,0,4352.64,23.785,49.51,17,0,1530.37,22.71,107.83,50,0,1612.98,44.21,171.15,23,0,1209.29,38.17,31.0,-99.0,2.3134
United States,Texas,Barley,1999,spring,183.0,299.66,1.637,132,147,24,8,1,10,1,0,0,20.87,48.11,51.92,51,33.274,20.032,26.653,3962.485,140,66,8,61,19,11,7,708.48,168.63,111,0,3,3.71,0,4159.05,22.727,157.38,2,0,1308.7,48.11,123.03,19,0,1469.46,39.84,19.25,45,0,1380.89,3.85,31.0,-99.0,1.883
United States,Washington,Barley,1990,spring,183.0,266.08,1.454,122,142,21,6,4,4,1,0,0,21.5,28.64,39.38,61,19.453,6.545,12.999,1478.02,7,0,0,3,0,1,0,10.32,0.0,7,13,72,-3.08,2,3460.37,18.909,130.7,0,13,1021.68,24.78,78.66,0,0,1333.82,16.51,56.72,0,0,1104.87,28.64,47.4,-120.7,3.1204
United States,Washington,Barley,1991,spring,183.0,262.37,1.434,120,144,19,5,3,4,0,0,0,19.01,32.17,50.63,63,17.785,5.391,11.588,1270.9,0,0,0,0,0,0,0,0.0,0.0,0,27,78,-5.49,5,3488.81,19.065,145.61,0,25,1004.81,32.17,83.45,0,2,1354.38,30.87,33.31,0,0,1129.62,9.85,47.4,-120.7,3.4971
United States,Washington,Barley,1992,spring,183.0,280.72,1.534,125,142,16,8,2,6,1,1,0,29.56,39.0,41.16,58,19.407,6.625,13.016,1497.985,10,0,0,4,0,1,0,11.87,0.0,10,19,62,-4.17,5,3573.17,19.526,95.89,0,18,1149.28,27.73,111.93,0,0,1323.85,39.0,72.9,0,1,1100.04,24.25,47.4,-120.7,2.421
United States,Washington,Barley,1993,spring,183.0,292.42,1.598,99,127,17,5,2,1,0,0,0,10.87,20.42,36.88,84,17.671,5.602,11.636,1259.415,0,0,0,0,0,0,0,0.0,0.0,0,26,70,-4.6,4,3236.29,17.685,149.23,0,25,987.0,16.56,120.2,0,0,1123.78,14.16,22.99,0,1,1125.51,7.35,47.4,-120.7,3.6047
United States,Washington,Barley,1994,spring,183.0,208.99,1.142,130,146,33,4,3,1,0,0,0,12.53,20.66,28.99,53,19.806,6.202,13.004,1490.325,6,0,0,5,0,1,0,16.21,0.0,6,20,73,-3.72,5,3503.9,19.147,111.55,0,20,1021.03,20.66,63.32,0,0,1379.36,12.83,34.12,0,0,1103.51,10.44,47.4,-120.7,2.5286
United States,Washington,Barley,1995,spring,183.0,252.61,1.38,119,142,17,8,2,3,0,0,0,12.28,21.45,34.89,64,17.68,5.669,11.674,1287.525,1,0,0,1,0,0,0,0.68,0.0,1,26,69,-4.96,2,3477.82,19.004,100.92,0,26,1143.93,21.45,79.34,0,0,1300.68,19.33,72.35,0,0,1033.21,15.4,47.4,-120.7,3.8737
United States,Washington,Barley,1996,spring,183.0,275.3,1.504,114,145,28,6,2,2,0,0,0,19.43,37.27,52.71,69,17.329,5.036,11.183,1194.335,8,0,0,3,0,1,0,8.76,0.0,8,32,94,-4.95,5,3496.53,19.107,165.03,0,31,981.43,37.27,47.62,0,0,1451.94,12.65,62.65,0,1,1063.16,18.85,47.4,-120.7,3.3356
United States,Washington,Barley,1997,spring,183.0,282.51,1.544,109,136,24,4,2,2,0,0,0,15.61,24.9,36.83,74,17.783,5.925,11.854,1332.475,2,0,0,2,0,0,0,1.67,0.0,2,27,70,-7.74,4,3710.68,20.277,118.47,0,27,1158.2,24.9,80.65,0,0,1431.03,12.92,83.39,0,0,1121.45,23.88,47.4,-120.7,3.9813
United States,Washington,Barley,1998,spring,183.0,208.04,1.137,124,153,27,4,3,2,0,0,0,11.05,31.39,48.2,59,19.627,7.074,13.35,1583.81,12,0,0,5,0,1,0,19.2,0.0,12,21,51,-5.24,3,3800.78,20.769,116.32,0,21,1118.97,31.39,70.64,0,0,1416.49,13.25,21.08,0,0,1265.32,4.66,47.4,-120.7,3.4971
United States,Washington,Barley,1999,spring,183.0,172.3,0.942,119,154,17,5,3,0,0,0,0,7.78,11.78,24.21,64,16.972,4.669,10.82,1184.605,1,0,0,1,0,0,0,0.38,0.0,0,41,89,-5.56,6,3766.18,20.58,82.53,0,38,1148.5,11.78,50.96,0,1,1452.79,11.59,38.81,0,2,1164.89,8.17,47.4,-120.7,3.1742
United States,Washington,Barley,2000,spring,183.0,205.88,1.125,127,152,45,5,2,2,0,0,0,10.67,21.13,29.08,56,17.933,5.271,11.602,1249.37,2,0,0,1,0,0,0,2.12,0.0,2,23,84,-6.13,5,3723.36,20.346,94.28,0,22,1118.63,13.92,52.12,0,0,1456.79,21.13,59.48,0,1,1147.94,18.31,47.4,-120.7,3.7661
United States,Washington,Barley,2001,spring,183.0,182.38,0.997,138,155,32,6,3,1,0,0,0,12.95,20.01,26.73,45,18.595,5.257,11.926,1355.225,8,0,0,6,0,1,0,12.0,0.0,8,35,78,-6.04,5,3725.91,20.36,88.76,0,35,1163.04,19.78,59.21,0,0,1411.1,14.09,34.41,0,0,1151.77,20.01,47.4,-120.7,2.69
United States,Washington,Barley,2002,spring,183.0,169.06,0.924,133,156,26,7,2,1,0,0,0,15.26,24.12,37.73,50,18.481,5.536,12.008,1360.22,8,0,0,3,0,2,0,12.07,0.0,8,34,77,-6.82,6,3792.94,20.726,103.22,0,34,1094.6,24.12,48.37,0,0,1507.01,15.27,17.47,0,0,1191.33,2.98,47.4,-120.7,3.0128
United States,Washington,Barley,2003,spring,183.0,122.49,0.669,142,167,45,6,2,1,0,0,0,12.08,18.01,21.43,41,19.662,6.38,13.021,1530.07,13,0,0,5,0,1,0,16.19,0.0,13,28,67,-5.72,5,3817.29,20.86,86.44,0,28,1011.52,18.01,15.14,0,0,1625.34,4.45,20.91,0,0,1180.43,6.35,47.4,-120.7,2.5286
United States,Washington,Barley,2004,spring,183.0,252.46,1.38,116,142,15,6,2,4,1,0,0,21.79,35.79,49.83,67,19.881,7.099,13.49,1560.505,12,0,0,6,0,1,0,23.27,0.0,12,8,64,-4.05,2,3707.83,20.261,83.71,0,8,1141.17,14.24,35.57,0,0,1521.54,8.89,133.18,0,0,1045.12,35.79,47.4,-120.7,3.7661
United States,Washington,Barley,2005,spring,183.0,242.33,1.324,131,152,25,7,1,4,2,1,0,25.83,41.42,51.43,52,19.096,6.017,12.557,1427.74,2,0,0,1,0,0,0,2.4,0.0,2,19,63,-4.62,2,3691.41,20.172,140.49,0,19,1074.89,41.42,50.79,0,0,1422.83,10.47,51.05,0,0,1193.69,33.78,47.4,-120.7,3.2818
United States,Washington,Barley,2006,spring,183.0,189.31,1.034,136,151,29,8,4,2,0,0,0,11.35,21.0,35.05,47,19.208,6.141,12.675,1471.7,11,0,0,4,0,1,0,14.86,0.0,11,29,69,-5.26,7,3808.24,20.81,101.06,0,29,1137.63,21.0,57.88,0,0,1484.55,20.54,30.37,0,0,1186.06,11.76,47.4,-120.7,3.3895
United States,Washington,Barley,2007,spring,183.0,153.37,0.838,142,160,38,4,2,2,0,0,0,12.86,18.49,18.9,41,18.516,5.575,12.045,1353.21,6,0,0,5,0,1,0,7.25,0.0,5,28,84,-6.74,5,3761.03,20.552,68.87,0,27,1206.27,18.49,51.24,0,0,1420.65,11.3,33.26,0,1,1134.11,16.5,47.4,-120.7,3.3356
United States,Washington,Barley,2008,spring,183.0,163.02,0.891,130,151,23,6,3,0,0,0,0,8.69,13.17,23.95,53,17.809,4.936,11.372,1297.355,8,0,0,3,0,2,0,18.79,0.0,7,35,85,-8.69,5,3666.46,20.035,71.48,0,33,1097.72,12.38,45.35,0,1,1473.59,13.17,46.19,0,1,1095.15,12.48,47.4,-120.7,3.0666
United States,Washington,Barley,2009,spring,183.0,164.89,0.901,142,156,19,9,3,0,0,0,0,9.83,22.15,29.24,41,19.506,6.097,12.802,1513.47,11,0,0,7,0,1,0,17.37,0.0,11,37,65,-6.01,6,3833.26,20.947,95.95,0,37,1202.28,22.15,27.83,0,0,1503.54,4.82,41.11,0,0,1127.44,18.94,47.4,-120.7,3.4433
United States,Washington,Barley,2010,spring,183.0,323.1,1.766,109,136,26,3,2,5,0,0,0,13.71,25.58,35.98,74,17.123,4.951,11.037,1197.205,4,0,0,2,0,0,0,1.0,0.0,4,31,88,-8.41,4,3501.88,19.136,160.53,0,31,1003.65,25.58,79.05,0,0,1446.5,22.19,83.52,0,0,1051.73,22.23,47.4,-120.7,3.8737
United States,Washington,Barley,2011,spring,183.0,243.76,1.332,126,150,53,2,1,3,1,0,0,22.99,43.57,50.1,57,16.995,4.529,10.762,1194.96,3,0,0,3,0,1,0,3.32,0.0,3,41,88,-6.3,5,3567.16,19.493,161.52,0,41,1014.65,43.57,58.28,0,0,1357.15,11.51,23.96,0,0,1195.36,12.9,47.4,-120.7,3.9813
United States,Washington,Barley,2012,spring,183.0,203.83,1.114,134,153,50,3,3,2,0,0,0,11.4,20.69,30.83,49,18.676,5.836,12.256,1400.185,8,0,0,3,0,1,0,8.67,0.0,7,30,73,-5.53,6,3650.15,19.946,99.59,0,30,1131.81,20.69,99.07,0,0,1299.5,16.23,5.17,0,0,1218.84,3.55,47.4,-120.7,3.8199
United States,Washington,Barley,2013,spring,183.0,322.21,1.761,115,141,18,6,2,6,1,0,0,23.01,51.02,56.66,68,19.149,6.673,12.911,1507.295,4,0,0,3,0,1,0,3.63,0.0,3,23,73,-5.51,3,3593.31,19.636,127.96,0,23,1099.38,26.56,37.78,0,0,1493.77,10.64,156.47,0,0,1000.16,51.02,47.4,-120.7,3.8737
United States,Washington,Barley,2014,spring,183.0,229.56,1.254,127,149,22,6,4,4,0,0,0,18.56,38.49,40.37,56,19.594,6.82,13.207,1545.115,16,0,0,8,0,2,0,23.85,0.0,16,21,61,-3.24,5,3744.19,20.46,94.32,0,21,1178.0,19.32,53.45,0,0,1474.81,23.64,81.79,0,0,1091.38,38.49,47.4,-120.7,3.228
United States,Washington,Barley,2015,spring,183.0,110.18,0.602,149,167,26,7,3,1,0,0,0,11.04,18.96,23.59,34,20.71,7.161,13.936,1673.77,20,0,0,6,0,3,0,37.8,0.0,20,25,55,-4.58,4,3853.55,21.058,61.74,0,24,1188.76,18.96,14.79,0,0,1593.79,5.78,33.65,0,1,1071.0,10.3,47.4,-120.7,2.5824
United States,Washington,Barley,2016,spring,183.0,158.09,0.864,134,164,23,7,1,2,0,0,0,14.27,16.59,20.86,49,19.557,6.753,13.155,1497.38,3,0,0,2,0,0,0,2.13,0.0,3,7,60,-1.95,3,3766.01,20.579,69.55,0,7,1202.75,16.59,59.67,0,0,1409.37,16.38,28.87,0,0,1153.89,11.25,47.4,-120.7,4.1427
United States,Washington,Barley,2017,spring,183.0,187.69,1.026,136,158,56,4,2,4,0,0,0,12.92,24.42,41.48,47,19.552,6.69,13.121,1552.195,15,0,0,5,0,3,0,21.04,0.0,15,30,69,-5.87,7,3803.53,20.784,140.23,0,30,1113.4,24.42,26.19,0,0,1580.17,12.22,21.27,0,0,1109.96,10.79,47.4,-120.7,2.8514
United States,Washington,Barley,2018,spring,183.0,172.86,0.945,146,158,61,5,2,2,0,0,0,16.22,26.31,45.63,37,19.469,6.715,13.092,1533.745,13,0,0,4,0,3,0,19.71,0.0,13,23,63,-4.63,4,3747.4,20.478,126.66,0,23,1134.62,26.31,27.1,0,0,1516.18,8.73,19.1,0,0,1096.6,3.95,47.4,-120.7,3.9275
United States,Washington,Barley,2019,spring,183.0,192.46,1.052,134,149,27,7,3,0,0,0,0,9.49,19.77,39.39,49,19.161,6.67,12.916,1487.05,4,0,0,3,0,1,0,5.61,0.0,4,26,60,-5.04,6,3582.32,19.576,95.72,0,23,1116.63,19.77,33.4,0,0,1433.7,11.05,63.34,0,3,1031.99,14.19,47.4,-120.7,3.7661
United States,Washington,Barley,2020,spring,183.0,230.03,1.257,132,148,27,5,4,4,0,0,0,18.11,37.05,42.9,51,19.265,6.199,12.732,1457.785,9,0,0,3,0,2,0,18.39,0.0,9,19,68,-6.02,4,3729.96,20.382,114.29,0,19,1175.07,18.36,59.89,0,0,1428.61,18.78,55.85,0,0,1126.28,37.05,47.4,-120.7,4.8421
United States,Washington,Barley,2021,spring,183.0,132.69,0.725,148,161,23,8,3,1,0,0,0,10.78,16.86,18.37,35,20.503,7.063,13.783,1656.31,23,5,0,6,4,3,1,59.62,8.42,22,20,67,-7.46,2,3919.87,21.42,40.23,0,20,1276.81,6.95,30.21,5,0,1618.65,12.38,62.25,0,0,1024.41,16.86,47.4,-120.7,2.0444
United States,Washington,Barley,2022,spring,183.0,242.49,1.325,128,149,43,4,2,3,0,0,0,13.15,22.8,36.6,55,18.977,6.357,12.667,1531.88,20,2,0,8,2,3,0,48.72,1.02,20,36,67,-9.88,4,3536.58,19.326,145.27,0,36,963.09,20.06,82.12,2,0,1430.88,22.8,15.1,0,0,1142.61,4.33,47.4,-120.7,4.5193
United States,Washington,Barley,2023,spring,183.0,184.81,1.01,137,157,21,8,3,3,0,0,0,13.41,22.71,31.71,46,20.108,7.413,13.76,1690.09,10,1,0,5,1,1,0,20.54,0.07,10,22,52,-5.8,4,3767.54,20.588,93.53,0,21,1123.64,19.79,37.45,0,0,1558.01,17.29,53.83,1,1,1085.89,22.71,47.4,-120.7,2.8514
United States,Washington,Barley,2024,spring,183.0,170.16,0.93,140,157,22,8,3,2,0,0,0,14.52,27.19,31.46,43,19.58,6.018,12.799,1474.805,22,1,0,6,1,4,0,56.16,0.53,22,28,84,-4.37,4,3713.13,20.29,69.67,0,27,1136.95,11.51,57.92,1,0,1527.84,27.19,42.57,0,1,1048.34,13.86,47.4,-120.7,3.5509
United States,Washington,Barley,2025,spring,183.0,148.34,0.811,144,162,21,11,2,1,0,0,0,11.79,18.44,22.75,39,19.097,5.612,12.355,1386.79,12,0,0,3,0,1,0,15.32,0.0,11,33,83,-5.27,8,3910.16,21.367,61.91,0,33,1254.78,18.44,26.64,0,0,1565.81,10.66,59.79,0,0,1089.57,15.58,47.4,-120.7,2.6362
United States,Kansas,Canola,2016,spring,183.0,724.94,3.961,105,112,14,5,1,22,12,6,0,38.02,66.54,96.68,78,27.898,15.98,21.939,3099.775,72,14,0,23,4,10,1,241.48,25.92,47,1,10,-0.57,0,3923.26,21.439,276.85,0,1,1238.74,61.1,213.01,11,0,1513.49,66.54,235.08,3,0,1171.03,35.89,38.5,-98.0,2.1744
United States,Kansas,Canola,2017,spring,183.0,473.55,2.588,114,126,13,3,0,13,6,4,0,38.06,51.24,61.39,69,28.468,15.472,21.97,3107.595,86,24,4,28,10,9,2,325.98,61.72,58,0,15,1.0,0,3946.31,21.565,254.23,0,0,1253.27,51.24,103.0,17,0,1511.67,22.53,116.32,7,0,1181.37,39.38,38.5,-98.0,1.4795
United States,Kansas,Canola,2018,spring,183.0,581.27,3.176,117,129,12,4,0,18,9,2,0,29.76,70.85,85.05,66,28.952,16.077,22.515,3230.785,96,29,0,12,6,12,4,367.0,51.41,66,12,21,-7.03,3,3967.38,21.68,140.87,1,12,1307.26,31.99,210.59,23,0,1536.22,44.52,229.81,5,0,1123.9,70.85,38.5,-98.0,1.076
United States,Kansas,Canola,2019,spring,183.0,780.54,4.265,105,117,12,5,0,27,12,7,0,47.36,100.49,128.61,78,26.538,15.618,21.078,2944.57,58,1,0,10,1,8,0,102.66,0.09,37,4,11,-2.99,1,3875.51,21.178,374.94,0,4,1191.97,100.49,185.32,0,0,1565.81,68.48,220.28,1,0,1117.73,50.53,38.5,-98.0,1.2217
United States,Kansas,Canola,2020,spring,183.0,497.16,2.717,123,134,19,6,2,18,8,2,0,26.62,43.97,66.54,60,27.62,14.849,21.234,2979.89,82,19,0,20,7,8,2,297.5,27.35,55,11,16,-5.18,3,3965.75,21.671,153.89,0,11,1213.94,39.78,261.94,5,0,1543.38,43.97,81.33,14,0,1208.43,42.04,38.5,-98.0,2.0063
United States,Kansas,Canola,2021,spring,183.0,495.99,2.71,119,136,13,5,0,18,4,3,0,33.98,67.23,95.24,64,28.578,15.933,22.255,3159.65,92,38,2,31,6,10,7,389.95,86.73,69,4,17,-2.9,1,3889.68,21.255,194.96,0,4,1160.14,41.38,118.21,19,0,1482.07,37.66,182.82,19,0,1247.47,67.23,38.5,-98.0,1.345
United States,Kansas,Canola,2022,spring,183.0,477.73,2.611,135,141,20,8,2,16,6,3,0,48.24,93.58,95.73,48,30.177,16.262,23.219,3334.165,109,55,8,24,12,11,8,562.94,145.34,86,3,17,-0.63,0,4076.52,22.276,207.6,0,3,1278.6,93.58,195.51,26,0,1486.48,45.94,74.62,29,0,1311.44,27.03,38.5,-98.0,0.7734
United States,Kansas,Canola,2023,spring,183.0,432.06,2.361,120,134,15,6,1,14,3,1,0,26.49,31.93,60.45,63,30.22,16.013,23.116,3315.53,103,40,15,30,11,10,5,488.8,143.39,69,2,17,-3.14,1,4065.65,22.217,102.88,1,2,1353.8,31.61,215.83,18,0,1435.1,29.21,113.35,21,0,1276.75,31.93,38.5,-98.0,0.6725
United States,Kansas,Canola,2024,spring,183.0,471.18,2.575,116,132,11,7,0,12,4,2,0,32.88,47.2,64.88,67,30.267,16.482,23.374,3362.5,101,40,6,31,13,8,4,459.51,117.66,68,0,10,0.78,0,4007.22,21.897,121.75,0,0,1314.07,33.0,194.59,24,0,1465.98,40.09,154.84,16,0,1227.17,47.2,38.5,-98.0,1.345
United States,Kansas,Canola,2025,spring,183.0,704.65,3.851,103,117,11,3,0,28,9,3,0,48.12,58.14,86.28,80,28.178,16.011,22.094,3128.25,72,15,1,12,4,10,2,248.38,26.65,49,1,9,-2.63,0,3844.34,21.007,199.13,0,1,1266.53,53.81,270.73,8,0,1467.36,58.14,234.79,7,0,1110.45,41.44,38.5,-98.0,1.9727
United States,Minnesota,Canola,1997,spring,183.0,479.92,2.623,110,133,20,3,1,16,4,1,0,25.97,44.84,65.83,73,20.405,9.124,14.765,1866.225,3,0,0,1,0,0,0,3.21,0.0,0,23,53,-12.63,4,3470.37,18.964,62.56,0,23,1182.89,16.16,266.78,0,0,1315.4,44.84,150.58,0,0,972.08,32.09,46.0,-94.0,1.5692
United States,Minnesota,Canola,1998,spring,183.0,452.02,2.47,115,134,21,3,2,12,3,2,0,32.44,39.09,53.78,68,23.067,11.017,17.042,2216.465,12,0,0,2,0,0,0,16.83,0.0,6,10,32,-3.34,3,3681.79,20.119,121.81,0,10,1307.43,34.99,209.63,0,0,1283.18,38.01,120.58,0,0,1091.18,24.33,46.0,-94.0,1.6252
United States,Minnesota,Canola,1999,spring,183.0,657.89,3.595,92,111,12,3,0,20,7,3,0,35.27,82.64,102.06,91,21.356,10.291,15.824,1989.51,11,0,0,4,0,2,0,14.15,0.0,3,9,38,-3.4,3,3354.02,18.328,219.42,0,9,1085.19,82.64,265.37,0,0,1325.96,35.23,173.1,0,0,942.87,34.38,46.0,-94.0,1.4571
United States,Minnesota,Canola,2000,spring,183.0,406.53,2.221,112,123,9,2,0,10,2,0,0,23.58,40.78,55.96,71,22.023,9.449,15.736,2017.635,12,0,0,3,0,2,0,19.94,0.0,6,24,44,-5.3,1,3357.77,18.348,101.51,0,23,1137.7,23.1,219.75,0,0,1250.24,40.78,85.27,0,1,969.83,21.58,46.0,-94.0,1.6589
United States,Minnesota,Canola,2001,spring,183.0,633.94,3.464,108,130,12,4,0,19,7,4,1,57.78,83.1,91.68,75,21.328,10.267,15.798,2008.535,13,0,0,6,0,1,0,20.39,0.0,6,15,36,-6.75,3,3383.44,18.489,299.07,0,15,995.27,83.1,223.77,0,0,1329.11,57.97,111.1,0,0,1059.06,24.72,46.0,-94.0,1.3226
United States,Minnesota,Canola,2002,spring,183.0,674.2,3.684,102,124,12,2,0,21,7,5,0,48.31,66.11,110.07,81,21.086,9.656,15.371,1972.83,14,0,0,5,0,1,0,17.64,0.0,8,28,53,-9.12,5,3418.44,18.68,127.87,0,28,1133.76,32.64,295.49,0,0,1283.16,66.11,250.84,0,0,1001.52,49.06,46.0,-94.0,0.9976
United States,Minnesota,Canola,2003,spring,183.0,529.84,2.895,118,132,12,6,0,17,6,4,0,34.72,65.73,89.98,65,21.607,9.7,15.654,2013.64,16,1,0,7,1,3,0,33.64,0.53,14,16,41,-7.62,2,3540.33,19.346,179.13,0,15,1164.36,47.42,242.5,0,0,1347.93,65.73,108.21,1,1,1028.04,64.02,46.0,-94.0,2.0399
United States,Minnesota,Canola,2004,spring,183.0,506.93,2.77,110,131,17,3,2,14,4,3,0,33.06,39.97,63.85,73,21.155,8.969,15.062,1865.34,8,0,0,3,0,2,0,10.39,0.0,5,17,45,-5.29,3,3313.84,18.108,177.43,0,17,1050.72,39.97,175.39,0,0,1308.54,36.34,154.11,0,0,954.58,39.7,46.0,-94.0,1.6813
United States,Minnesota,Canola,2005,spring,183.0,392.1,2.143,116,137,8,3,0,12,4,1,0,25.81,27.38,49.0,67,23.496,11.215,17.355,2284.105,27,5,0,9,2,4,0,95.41,6.06,22,16,36,-4.4,4,3361.92,18.371,115.06,0,16,1012.42,26.04,161.95,2,0,1321.52,27.38,115.09,3,0,1027.98,25.99,46.0,-94.0,0.9191
United States,Minnesota,Canola,2006,spring,183.0,268.77,1.469,124,146,12,5,0,4,0,0,0,14.88,26.36,35.24,59,24.101,11.614,17.857,2363.475,38,8,1,14,4,4,1,117.52,22.4,25,8,35,-4.22,2,3572.9,19.524,87.46,0,8,1117.93,26.36,70.33,8,0,1475.38,14.36,110.98,0,0,979.59,24.38,46.0,-94.0,1.4907
United States,Minnesota,Canola,2007,spring,183.0,404.82,2.212,118,138,15,6,1,11,2,1,0,35.15,54.12,76.32,65,23.616,10.958,17.287,2331.66,43,3,0,14,1,6,0,84.36,1.78,32,16,32,-11.32,1,3571.67,19.517,103.27,0,16,1178.07,27.67,102.41,2,0,1437.04,23.45,199.14,1,0,956.56,54.12,46.0,-94.0,1.4347
United States,Minnesota,Canola,2008,spring,183.0,547.17,2.99,116,133,14,4,1,21,4,1,0,32.95,50.24,69.71,67,20.957,9.098,15.027,1896.14,7,0,0,3,0,1,0,7.77,0.0,6,18,54,-6.47,3,3439.11,18.793,180.55,0,18,1093.25,36.98,202.36,0,0,1319.99,50.24,164.26,0,0,1025.87,38.66,46.0,-94.0,1.7934
United States,Minnesota,Canola,2009,spring,183.0,382.76,2.092,127,141,17,4,1,11,3,2,0,45.46,47.13,73.99,56,20.904,9.223,15.064,1882.44,3,0,0,3,0,1,0,4.03,0.0,2,17,47,-5.42,2,3509.28,19.176,66.92,0,17,1211.92,16.97,190.21,0,0,1272.76,46.43,125.63,0,0,1024.6,47.13,46.0,-94.0,1.9054
United States,Minnesota,Canola,2010,spring,183.0,685.15,3.744,101,120,9,3,0,25,8,4,0,33.04,49.87,74.72,82,21.863,10.876,16.369,2084.365,8,0,0,2,0,0,0,5.41,0.0,2,6,37,-4.04,1,3385.67,18.501,114.08,0,6,1165.36,32.93,284.01,0,0,1233.82,32.78,287.06,0,0,986.49,49.87,46.0,-94.0,1.7149
United States,Minnesota,Canola,2011,spring,183.0,585.2,3.198,108,125,14,2,1,22,4,1,0,26.54,56.37,63.59,75,20.677,9.882,15.279,1926.935,8,0,0,2,0,0,0,8.57,0.0,3,21,50,-3.91,4,3330.4,18.199,210.56,0,21,1023.62,56.37,247.08,0,0,1279.2,32.23,127.56,0,0,1027.58,31.18,46.0,-94.0,1.5692
United States,Minnesota,Canola,2012,spring,183.0,621.86,3.398,118,130,10,7,0,23,10,5,0,37.55,73.61,129.9,65,22.764,10.807,16.786,2171.15,16,0,0,4,0,1,0,22.57,0.0,12,10,34,-4.71,3,3602.65,19.687,296.29,0,10,1098.58,73.61,255.74,0,0,1380.05,67.54,69.83,0,0,1124.02,16.05,46.0,-94.0,1.6476
United States,Minnesota,Canola,2013,spring,183.0,501.35,2.74,117,135,19,4,1,17,3,1,0,48.32,71.18,78.93,66,21.075,9.786,15.43,2031.26,19,1,0,7,1,3,0,39.08,0.67,13,29,42,-8.1,4,3290.93,17.983,184.7,0,29,996.02,49.77,201.72,0,0,1257.42,71.18,114.93,1,0,1037.49,24.87,46.0,-94.0,2.1857
United States,Minnesota,Canola,2014,spring,183.0,706.13,3.859,105,119,8,3,0,23,6,5,0,38.62,68.09,84.36,78,19.854,9.319,14.587,1824.54,0,0,0,0,0,0,0,0.0,0.0,0,20,53,-7.93,4,3320.26,18.143,268.66,0,20,1091.75,52.4,226.35,0,0,1274.33,44.48,211.12,0,0,954.18,47.62,46.0,-94.0,1.8494
United States,Minnesota,Canola,2015,spring,183.0,560.21,3.061,113,126,10,1,0,20,4,3,0,42.39,57.66,60.63,70,22.055,10.298,16.176,2075.56,4,0,0,2,0,0,0,3.91,0.0,4,14,41,-4.92,3,3480.12,19.017,165.83,0,14,1126.99,41.82,213.29,0,0,1357.94,36.34,181.09,0,0,995.19,57.66,46.0,-94.0,2.1072
United States,Minnesota,Canola,2016,spring,183.0,636.62,3.479,113,121,11,4,0,20,7,5,1,80.81,108.13,121.34,70,21.504,10.745,16.124,2102.235,6,0,0,3,0,1,0,10.92,0.0,2,17,33,-6.67,2,3377.23,18.455,119.27,0,17,1124.86,42.63,266.89,0,0,1300.65,108.13,250.46,0,0,951.72,61.39,46.0,-94.0,1.9054
United States,Minnesota,Canola,2017,spring,183.0,607.41,3.319,110,124,10,4,0,24,7,1,0,35.76,44.41,71.79,73,20.983,9.998,15.491,1941.445,4,0,0,1,0,0,0,4.98,0.0,3,10,38,-4.93,3,3358.52,18.353,186.06,0,10,1042.01,39.95,166.12,0,0,1385.16,33.84,255.23,0,0,931.35,44.41,46.0,-94.0,2.3314
United States,Minnesota,Canola,2018,spring,183.0,541.46,2.959,113,131,14,3,1,16,6,2,0,35.26,46.45,73.55,70,21.208,10.23,15.719,2119.565,7,0,0,2,0,0,0,5.33,0.0,4,25,38,-16.61,3,3456.02,18.885,84.12,0,23,1272.78,24.36,255.88,0,0,1290.01,46.45,201.46,0,2,893.23,39.18,46.0,-94.0,2.309
United States,Minnesota,Canola,2019,spring,183.0,669.48,3.658,99,119,7,1,0,26,7,2,0,28.19,44.07,70.28,84,20.299,9.836,15.068,1897.475,2,0,0,1,0,0,0,0.78,0.0,0,16,44,-4.88,2,3295.83,18.01,201.82,0,16,1023.87,43.55,214.95,0,0,1336.67,35.07,252.71,0,0,935.29,44.07,46.0,-94.0,2.5443
United States,Minnesota,Canola,2020,spring,183.0,456.89,2.497,117,133,10,4,0,14,4,2,0,33.67,56.16,68.68,66,20.74,10.003,15.371,1987.565,7,0,0,3,0,1,0,6.29,0.0,4,23,47,-10.11,3,3596.72,19.654,85.67,0,23,1212.68,18.76,214.11,0,0,1422.53,42.87,157.11,0,0,961.51,56.16,46.0,-94.0,1.7597
United States,Minnesota,Canola,2021,spring,183.0,431.52,2.358,130,140,17,6,1,13,5,3,0,30.36,52.56,74.12,53,23.357,11.363,17.36,2298.605,36,2,0,7,1,5,0,76.05,1.47,28,13,38,-5.88,4,3578.45,19.554,128.23,0,13,1103.74,50.96,95.89,2,0,1420.12,25.91,207.4,0,0,1054.59,52.56,46.0,-94.0,1.9054
United States,Minnesota,Canola,2022,spring,183.0,568.25,3.105,111,127,11,2,0,18,7,1,0,31.13,61.27,79.66,72,20.987,10.233,15.61,2033.375,9,0,0,2,0,0,0,13.87,0.0,5,25,43,-7.84,4,3339.71,18.25,238.96,0,25,973.17,61.27,166.1,0,0,1362.4,40.12,163.19,0,0,1004.14,37.2,46.0,-94.0,2.7012
United States,Minnesota,Canola,2023,spring,183.0,411.91,2.251,120,140,11,4,0,14,3,1,0,26.98,49.76,80.66,63,22.699,10.972,16.835,2279.675,22,3,0,5,2,3,0,54.76,5.38,15,19,31,-14.05,2,3407.78,18.622,140.35,0,19,1158.48,43.05,108.24,0,0,1336.88,45.17,163.32,3,0,912.42,49.76,46.0,-94.0,2.7685
United States,Minnesota,Canola,2024,spring,183.0,707.19,3.864,105,118,12,5,0,25,7,4,1,61.63,66.94,87.03,78,21.821,10.951,16.386,2103.98,1,0,0,1,0,0,0,0.65,0.0,1,11,34,-3.33,2,3400.71,18.583,263.4,0,11,1103.25,66.94,283.55,0,0,1283.07,53.26,160.24,0,0,1014.39,48.78,46.0,-94.0,2.2977
United States,Minnesota,Canola,2025,spring,183.0,541.11,2.957,105,128,13,3,0,17,5,3,0,36.36,43.18,63.13,78,22.082,10.944,16.513,2145.995,11,0,0,2,0,0,0,8.35,0.0,5,14,41,-6.37,3,3261.61,17.823,149.16,0,14,1147.99,43.18,259.73,0,0,1206.54,42.88,132.22,0,0,907.08,21.14,46.0,-94.0,2.5892
United States,Montana,Canola,1999,spring,183.0,324.09,1.771,108,135,12,4,0,5,0,0,0,19.92,30.36,41.4,75,19.326,5.723,12.525,1478.25,18,0,0,3,0,1,0,28.89,0.0,14,35,83,-8.95,6,3728.7,20.375,116.3,0,32,1171.96,30.36,99.85,0,0,1471.61,20.85,107.94,0,3,1085.13,23.78,47.0,-110.0,1.345
United States,Montana,Canola,2000,spring,183.0,281.42,1.538,117,144,23,7,1,3,0,0,0,17.57,29.44,38.48,66,21.351,6.847,14.099,1731.155,28,4,0,8,2,3,0,68.14,1.69,23,29,68,-8.77,6,3813.88,20.841,107.02,0,23,1203.92,24.79,120.19,3,1,1486.37,29.44,54.21,1,5,1123.59,20.25,47.0,-110.0,1.076
United States,Montana,Canola,2001,spring,183.0,278.03,1.519,122,149,24,5,2,6,0,0,0,16.59,38.14,48.65,61,22.281,7.517,14.899,1884.155,32,1,0,6,1,4,0,60.23,1.1,27,28,59,-6.09,4,3992.44,21.817,58.54,0,28,1284.55,12.0,166.88,0,0,1471.23,38.14,52.61,1,0,1236.66,33.98,47.0,-110.0,1.02
United States,Montana,Canola,2002,spring,183.0,344.03,1.88,117,136,11,5,0,9,1,0,0,24.47,33.62,44.88,66,20.126,5.781,12.954,1584.77,23,5,0,4,4,4,1,58.34,12.57,14,44,74,-14.88,9,3770.11,20.602,87.16,0,40,1179.62,23.34,136.21,5,0,1485.4,29.84,120.66,0,4,1105.09,33.62,47.0,-110.0,1.0088
United States,Montana,Canola,2003,spring,183.0,277.36,1.516,123,138,18,7,3,5,0,0,0,13.37,26.32,40.87,60,21.531,7.622,14.577,1822.655,35,10,0,11,2,3,0,118.42,8.35,30,28,68,-5.71,7,3821.12,20.88,143.64,0,25,1173.0,26.32,82.29,6,0,1542.93,18.4,51.43,4,3,1105.19,20.13,47.0,-110.0,1.0536
United States,Montana,Canola,2004,spring,183.0,343.56,1.877,107,132,12,4,0,5,1,0,0,20.25,41.63,59.5,76,19.553,6.257,12.905,1486.545,9,0,0,3,0,1,0,17.81,0.0,6,24,70,-6.18,7,3725.69,20.359,133.09,0,23,1176.5,41.63,133.62,0,0,1451.3,41.21,76.85,0,1,1097.89,17.3,47.0,-110.0,1.7822
United States,Montana,Canola,2005,spring,183.0,343.47,1.877,110,134,10,5,0,5,0,0,0,17.62,36.91,51.15,73,20.272,6.392,13.332,1597.13,24,1,0,5,1,3,0,52.24,0.43,20,29,75,-8.18,6,3771.68,20.61,101.32,0,27,1179.09,32.58,158.69,1,0,1470.66,36.91,83.46,0,2,1121.93,16.43,47.0,-110.0,1.4459
United States,Montana,Canola,2006,spring,183.0,371.93,2.032,121,144,17,5,1,8,2,2,0,30.11,43.87,63.07,62,21.77,7.654,14.712,1820.64,25,2,0,5,2,6,0,54.4,0.63,20,21,59,-4.81,5,3948.73,21.578,151.65,0,18,1237.42,41.87,127.33,2,0,1593.74,43.87,92.95,0,3,1117.57,29.99,47.0,-110.0,1.2554
United States,Montana,Canola,2007,spring,183.0,374.87,2.048,108,132,12,5,0,8,2,1,0,26.9,47.98,74.93,75,21.666,7.248,14.457,1825.645,34,5,0,12,1,3,0,92.84,6.0,29,24,69,-11.96,4,3816.83,20.857,205.1,0,23,1152.05,47.98,102.74,5,0,1545.55,26.93,67.03,0,1,1119.23,10.53,47.0,-110.0,1.3338
United States,Montana,Canola,2008,spring,183.0,373.02,2.038,123,138,13,7,0,9,4,1,0,31.72,76.96,112.84,60,19.33,5.782,12.556,1510.55,16,0,0,2,0,0,0,30.4,0.0,12,35,81,-10.86,5,3737.47,20.423,178.18,0,34,1073.29,76.96,107.13,0,1,1526.17,36.16,87.71,0,0,1138.01,22.78,47.0,-110.0,2.1408
United States,Montana,Canola,2009,spring,183.0,361.81,1.977,102,132,10,5,0,7,0,0,0,18.53,27.15,35.97,81,19.811,6.12,12.965,1563.645,10,0,0,2,0,0,0,7.98,0.0,6,34,66,-8.54,5,3841.37,20.991,113.53,0,32,1209.42,22.97,156.64,0,1,1460.95,24.47,91.64,0,1,1171.0,27.15,47.0,-110.0,1.8606
United States,Montana,Canola,2010,spring,183.0,510.79,2.791,91,113,9,3,0,12,2,1,0,28.26,45.39,63.6,92,18.32,5.553,11.937,1372.15,4,0,0,1,0,0,0,4.49,0.0,3,36,77,-6.37,6,3653.51,19.965,193.5,0,36,1131.1,37.43,171.87,0,0,1450.61,45.39,145.42,0,0,1071.8,38.75,47.0,-110.0,1.9391
United States,Montana,Canola,2011,spring,183.0,431.85,2.36,114,137,14,6,1,13,3,1,0,26.59,46.31,83.3,69,19.118,6.047,12.583,1509.455,13,0,0,3,0,1,0,17.09,0.0,12,36,79,-9.32,1,3818.47,20.866,260.39,0,36,1042.04,42.19,131.67,0,0,1554.07,46.31,39.79,0,0,1222.36,12.08,47.0,-110.0,1.5356
United States,Montana,Canola,2012,spring,183.0,270.55,1.478,128,145,24,4,2,7,1,0,0,20.6,34.71,38.5,55,21.867,7.316,14.591,1807.97,27,0,0,5,0,3,0,57.61,0.0,23,27,58,-7.26,8,3932.19,21.487,157.97,0,27,1188.03,34.71,91.88,0,0,1526.43,23.19,20.7,0,0,1217.73,6.0,47.0,-110.0,1.345
United States,Montana,Canola,2013,spring,183.0,424.05,2.317,114,131,14,6,1,12,3,1,0,29.91,52.76,103.34,69,20.729,7.306,14.018,1775.275,25,0,0,6,0,2,0,30.26,0.0,20,29,61,-10.91,5,3793.81,20.731,166.6,0,27,1141.01,50.08,152.36,0,0,1544.91,52.76,105.09,0,2,1107.89,24.0,47.0,-110.0,1.7261
United States,Montana,Canola,2014,spring,183.0,409.63,2.238,104,129,9,5,0,5,3,1,1,75.33,111.55,120.4,79,19.827,6.728,13.278,1572.71,15,0,0,4,0,2,0,13.75,0.0,12,32,65,-7.12,7,3669.93,20.054,105.48,0,29,1174.41,14.62,107.43,0,0,1461.99,26.69,196.72,0,3,1033.53,111.55,47.0,-110.0,1.5468
United States,Montana,Canola,2015,spring,183.0,333.65,1.823,116,137,13,4,0,6,2,0,0,24.03,38.29,48.15,67,20.823,7.367,14.095,1713.795,20,0,0,5,0,1,0,29.76,0.0,17,28,59,-5.51,6,3738.38,20.428,151.01,0,28,1196.88,38.29,116.79,0,0,1441.55,30.81,65.85,0,0,1099.95,20.28,47.0,-110.0,1.3674
United States,Montana,Canola,2016,spring,183.0,369.48,2.019,116,132,12,8,0,9,1,0,0,22.37,37.96,44.57,67,20.877,6.987,13.932,1665.575,14,0,0,3,0,1,0,24.03,0.0,11,18,63,-6.41,6,3823.7,20.895,153.19,0,16,1154.74,36.31,100.26,0,0,1588.04,37.96,116.03,0,2,1080.92,34.56,47.0,-110.0,1.8718
United States,Montana,Canola,2017,spring,183.0,283.67,1.55,128,146,25,6,2,6,2,0,0,24.25,50.47,55.29,55,21.798,7.646,14.722,1818.135,38,1,0,10,1,5,0,80.55,0.49,36,24,66,-6.63,6,3937.88,21.518,129.39,0,20,1245.61,22.7,68.95,1,0,1600.21,33.36,85.33,0,4,1092.06,50.47,47.0,-110.0,0.9639
United States,Montana,Canola,2018,spring,183.0,443.42,2.423,100,124,14,3,2,11,1,1,0,26.46,47.47,76.57,83,19.904,7.06,13.482,1659.97,16,2,0,4,2,1,0,35.59,1.85,13,26,57,-15.45,4,3647.55,19.932,178.37,0,23,1174.21,41.15,167.6,0,0,1475.49,47.47,97.45,2,3,997.85,23.01,47.0,-110.0,1.2554
United States,Montana,Canola,2019,spring,183.0,429.15,2.345,100,122,13,1,0,10,0,0,0,16.48,30.76,38.77,83,18.986,6.723,12.854,1529.49,8,0,0,3,0,1,0,11.09,0.0,5,31,64,-8.64,7,3569.67,19.506,150.34,0,27,1070.57,29.81,139.13,0,0,1451.33,22.59,139.68,0,4,1047.77,30.76,47.0,-110.0,1.6252
United States,Montana,Canola,2020,spring,183.0,347.93,1.901,127,142,14,7,1,9,1,1,0,34.66,60.17,77.04,56,20.18,6.634,13.407,1662.205,13,0,0,2,0,0,0,15.74,0.0,12,28,62,-13.84,5,3828.82,20.923,128.11,0,26,1231.27,31.65,172.89,0,0,1486.5,60.17,46.93,0,2,1111.05,18.8,47.0,-110.0,1.827
United States,Montana,Canola,2021,spring,183.0,276.21,1.509,127,146,18,6,1,6,0,0,0,17.8,35.52,40.92,56,21.889,7.784,14.837,1902.33,38,3,0,7,2,6,0,79.06,0.63,32,31,63,-7.2,3,3666.02,20.033,130.32,0,31,1124.03,26.68,62.69,3,0,1527.04,10.64,83.2,0,0,1014.95,35.52,47.0,-110.0,1.0088
United States,Montana,Canola,2022,spring,183.0,330.28,1.805,115,132,12,4,0,7,1,0,0,21.43,24.76,47.43,68,20.858,7.494,14.176,1824.74,41,5,0,9,1,5,0,90.71,4.49,35,37,62,-15.75,6,3748.17,20.482,110.21,0,37,1132.44,21.14,136.67,1,0,1452.27,24.76,83.4,4,0,1163.46,23.35,47.0,-110.0,1.1545
United States,Montana,Canola,2023,spring,183.0,478.82,2.617,103,124,12,5,0,13,1,1,1,51.49,70.05,89.97,80,20.879,8.088,14.483,1841.17,15,1,0,5,1,2,0,25.56,0.18,14,22,50,-12.42,4,3700.68,20.222,174.84,0,22,1176.69,32.2,186.68,1,0,1430.01,70.05,117.3,0,0,1093.98,40.88,47.0,-110.0,1.5916
United States,Montana,Canola,2024,spring,183.0,398.67,2.179,117,138,15,5,1,10,4,2,1,54.08,80.62,93.51,66,21.231,7.9,14.566,1813.015,29,2,0,13,2,4,0,59.9,2.09,22,21,60,-7.83,3,3731.86,20.393,148.49,0,21,1162.92,53.98,100.37,2,0,1484.28,29.77,149.81,0,0,1084.66,80.62,47.0,-110.0,1.1545
United States,Montana,Canola,2025,spring,183.0,350.57,1.916,108,133,9,3,0,8,1,0,0,20.93,29.64,36.77,75,21.693,8.211,14.952,1870.855,15,0,0,2,0,0,0,27.25,0.0,8,18,53,-7.31,4,3805.18,20.793,117.31,0,18,1225.71,29.64,165.5,0,0,1427.85,22.02,67.76,0,0,1151.62,13.38,47.0,-110.0,1.3674
United States,North Dakota,Canola,1991,spring,183.0,372.59,2.036,121,133,14,7,1,7,0,0,0,19.29,30.36,38.96,62,23.481,10.209,16.845,2198.895,31,5,0,8,3,4,1,78.85,6.23,23,21,46,-5.21,5,3529.94,19.289,120.47,0,19,1056.82,27.88,137.05,3,0,1411.01,25.57,115.07,2,2,1062.11,30.36,47.5,-100.5,1.5692
United States,North Dakota,Canola,1992,spring,183.0,265.17,1.449,132,147,19,6,2,4,2,0,0,21.18,28.58,43.1,51,21.643,7.755,14.699,1839.365,21,1,0,4,1,2,0,34.56,1.92,17,23,48,-8.26,4,3555.2,19.427,75.85,0,21,1208.23,23.59,130.11,0,0,1327.36,28.58,59.21,1,2,1019.61,19.75,47.5,-100.5,1.7149
United States,North Dakota,Canola,1993,spring,183.0,564.45,3.084,111,128,28,5,1,18,6,6,0,38.75,58.73,130.96,72,19.86,7.272,13.566,1593.75,3,0,0,2,0,0,0,2.7,0.0,1,21,56,-7.24,5,3386.5,18.505,116.46,0,20,1135.36,18.77,394.39,0,0,1212.03,58.73,53.6,0,1,1039.11,12.71,47.5,-100.5,1.3786
United States,North Dakota,Canola,1994,spring,183.0,331.56,1.812,120,135,15,7,1,6,1,1,0,34.88,43.6,54.21,63,22.465,9.085,15.775,2025.295,21,0,0,5,0,2,0,44.02,0.0,14,23,40,-6.71,2,3675.55,20.085,81.03,0,23,1277.45,28.77,148.33,0,0,1366.73,34.46,102.2,0,0,1031.37,43.6,47.5,-100.5,1.5692
United States,North Dakota,Canola,1995,spring,183.0,349.06,1.907,123,137,14,6,1,12,0,0,0,18.74,41.95,63.76,60,21.173,8.543,14.858,1880.295,24,3,0,4,2,4,0,58.45,2.44,16,27,61,-11.0,4,3572.94,19.524,124.0,0,24,1080.56,41.95,153.55,0,0,1397.85,30.91,71.51,3,3,1094.53,30.57,47.5,-100.5,1.3674
United States,North Dakota,Canola,1996,spring,183.0,316.9,1.732,114,139,17,5,1,5,0,0,0,16.53,28.75,38.44,69,21.355,8.246,14.801,1900.575,25,3,0,5,1,4,0,60.28,2.67,19,31,53,-12.66,6,3522.13,19.247,81.98,0,30,1056.7,19.73,151.03,0,0,1380.14,24.42,83.89,3,1,1085.29,28.75,47.5,-100.5,1.5468
United States,North Dakota,Canola,1997,spring,183.0,295.06,1.612,136,151,14,7,2,5,2,2,0,34.63,63.24,64.98,47,22.527,8.791,15.659,2090.395,28,2,0,5,2,6,0,60.86,0.36,19,22,50,-20.31,4,3787.18,20.695,98.08,0,22,1231.66,63.24,153.21,0,0,1451.5,51.06,43.77,2,0,1104.02,12.94,47.5,-100.5,1.3226
United States,North Dakota,Canola,1998,spring,183.0,355.26,1.941,121,141,15,4,2,11,1,0,0,23.73,51.5,55.87,62,23.529,10.304,16.917,2185.475,31,2,0,6,1,3,0,54.23,0.95,23,11,42,-4.79,3,3770.95,20.606,79.39,0,11,1274.76,17.81,171.46,0,0,1359.85,51.5,104.41,2,0,1136.34,28.1,47.5,-100.5,1.6589
United States,North Dakota,Canola,1999,spring,183.0,494.02,2.7,112,131,22,3,1,11,6,5,0,46.24,72.05,100.96,71,21.014,8.428,14.721,1833.515,13,3,0,5,2,2,0,32.99,3.56,8,16,48,-9.6,2,3629.64,19.834,192.32,0,14,1175.12,59.99,139.12,3,0,1429.96,32.14,162.58,0,2,1024.56,72.05,47.5,-100.5,1.4571
United States,North Dakota,Canola,2000,spring,183.0,440.2,2.405,108,129,13,3,0,9,2,1,1,61.77,79.43,98.44,75,22.121,8.723,15.422,1973.9,24,3,0,6,2,3,0,41.36,3.45,17,22,46,-10.5,2,3586.22,19.597,124.94,0,21,1142.45,28.4,201.88,1,0,1388.73,79.43,113.38,2,1,1055.04,22.32,47.5,-100.5,1.4795
United States,North Dakota,Canola,2001,spring,183.0,347.27,1.898,121,138,22,4,2,10,0,0,0,17.47,40.02,66.94,62,23.129,9.697,16.413,2137.56,35,6,0,7,2,5,0,104.98,7.39,26,20,37,-7.39,4,3729.71,20.381,86.5,0,19,1215.38,15.56,232.25,0,0,1374.96,40.02,28.52,6,1,1139.37,7.21,47.5,-100.5,1.5692
United States,North Dakota,Canola,2002,spring,183.0,298.94,1.634,122,141,22,5,1,6,1,1,0,32.66,38.78,42.26,61,22.935,8.925,15.93,2096.72,45,10,2,9,4,7,1,149.08,28.5,31,35,58,-10.61,6,3638.74,19.884,72.34,0,33,1201.09,21.32,146.37,9,0,1394.58,38.78,80.23,1,2,1043.07,19.74,47.5,-100.5,1.3562
United States,North Dakota,Canola,2003,spring,183.0,374.97,2.049,123,142,16,6,1,10,2,2,0,33.84,35.29,60.97,60,23.025,9.744,16.384,2129.18,39,10,0,11,7,5,1,133.86,15.24,34,12,45,-7.39,2,3570.93,19.513,160.51,0,11,1109.05,30.94,137.79,2,0,1365.95,33.81,76.67,8,1,1095.93,35.29,47.5,-100.5,1.5804
United States,North Dakota,Canola,2004,spring,183.0,371.19,2.028,117,137,10,4,0,8,2,1,0,40.65,47.27,52.86,66,21.259,7.88,14.569,1787.91,17,1,0,5,1,1,0,33.95,0.96,8,26,49,-6.02,5,3570.74,19.512,125.04,0,26,1180.44,37.23,131.19,1,0,1410.29,47.27,114.96,0,0,980.01,23.2,47.5,-100.5,1.827
United States,North Dakota,Canola,2005,spring,183.0,442.87,2.42,121,135,17,4,2,11,4,3,0,46.45,61.62,102.31,62,22.876,9.631,16.253,2089.245,30,2,0,4,1,4,0,62.39,1.54,18,16,40,-5.28,3,3649.82,19.944,111.22,0,16,1129.63,32.04,260.44,2,0,1432.64,61.62,71.21,0,0,1087.55,19.82,47.5,-100.5,1.614
United States,North Dakota,Canola,2006,spring,183.0,284.61,1.555,135,149,21,5,3,10,1,1,0,26.48,27.78,39.24,48,24.435,10.443,17.439,2284.68,45,10,0,10,3,5,1,139.3,19.22,33,15,36,-6.31,5,3758.45,20.538,77.15,0,14,1204.65,23.65,97.97,9,0,1487.56,17.98,109.49,1,1,1066.24,27.78,47.5,-100.5,1.5356
United States,North Dakota,Canola,2007,spring,183.0,467.88,2.557,127,142,11,6,0,13,8,3,0,41.78,59.44,91.3,56,22.854,9.457,16.156,2146.215,30,6,1,6,3,4,1,92.29,18.32,25,16,41,-14.23,1,3677.03,20.093,231.98,0,16,1159.21,59.44,142.87,6,0,1468.6,41.72,93.03,0,0,1049.22,29.71,47.5,-100.5,1.3786
United States,North Dakota,Canola,2008,spring,183.0,397.81,2.174,120,140,14,5,1,13,2,1,0,48.1,54.36,75.62,63,21.937,8.585,15.261,1919.965,23,0,0,5,0,1,0,40.82,0.0,16,26,52,-5.02,5,3736.33,20.417,73.15,0,26,1206.69,20.51,206.38,0,0,1436.09,54.36,118.28,0,0,1093.55,22.53,47.5,-100.5,1.6364
United States,North Dakota,Canola,2009,spring,183.0,313.15,1.711,137,147,14,7,2,9,2,2,0,27.69,35.39,43.7,46,21.142,8.212,14.677,1826.635,9,1,0,3,1,1,0,18.28,0.69,8,24,56,-9.25,5,3688.19,20.154,91.34,0,24,1232.58,35.39,151.2,0,0,1399.52,29.4,70.61,1,0,1056.09,28.5,47.5,-100.5,2.0624
United States,North Dakota,Canola,2010,spring,183.0,528.54,2.888,109,126,14,5,1,15,4,3,1,51.8,57.05,72.67,74,21.626,9.423,15.524,1942.89,17,3,0,3,1,3,0,41.25,4.25,11,16,44,-4.22,3,3590.71,19.621,163.45,0,15,1132.31,35.8,208.74,0,0,1405.81,39.91,156.35,3,1,1052.59,57.05,47.5,-100.5,1.9279
United States,North Dakota,Canola,2011,spring,183.0,513.23,2.805,103,121,14,3,1,14,6,1,0,29.08,54.41,64.96,80,20.93,8.794,14.862,1869.645,12,0,0,2,0,0,0,19.97,0.0,6,20,54,-7.17,3,3530.48,19.292,161.97,0,20,1041.49,36.49,232.6,0,0,1357.62,54.41,118.66,0,0,1131.37,35.29,47.5,-100.5,1.6813
United States,North Dakota,Canola,2012,spring,183.0,285.57,1.56,127,146,18,6,1,6,1,0,0,20.13,26.87,32.26,56,24.029,10.165,17.097,2230.91,38,5,0,8,1,5,0,116.54,10.14,28,12,41,-6.09,3,3632.15,19.848,117.6,0,11,1118.28,26.87,120.54,3,0,1427.05,24.43,47.43,2,1,1086.82,16.09,47.5,-100.5,1.5468
United States,North Dakota,Canola,2013,spring,183.0,482.0,2.634,119,135,14,7,1,14,6,3,0,43.98,68.52,88.92,64,21.185,8.815,15.0,1968.96,18,1,0,4,1,2,0,39.23,1.35,13,32,42,-9.53,3,3602.51,19.686,207.69,0,32,1120.05,68.52,157.13,0,0,1410.62,38.66,117.18,1,0,1071.84,47.76,47.5,-100.5,2.0399
United States,North Dakota,Canola,2014,spring,183.0,439.77,2.403,117,127,14,5,1,11,3,3,0,40.93,51.81,69.83,66,20.613,8.299,14.456,1810.885,7,0,0,2,0,0,0,10.1,0.0,4,28,58,-15.49,5,3482.32,19.029,114.91,0,27,1151.1,36.02,155.38,0,0,1317.44,51.81,169.48,0,1,1013.78,49.75,47.5,-100.5,2.0175
United States,North Dakota,Canola,2015,spring,183.0,337.74,1.846,126,139,13,9,0,9,1,0,0,20.19,33.57,52.55,57,23.0,9.734,16.367,2115.11,29,6,0,5,4,5,1,86.72,7.42,22,18,46,-5.96,3,3719.83,20.327,112.26,0,18,1180.26,33.57,154.53,0,0,1431.83,24.95,70.95,6,0,1107.74,29.42,47.5,-100.5,1.9951
United States,North Dakota,Canola,2016,spring,183.0,380.14,2.077,118,140,13,4,0,12,1,1,0,26.95,33.35,48.48,65,23.09,9.91,16.5,2145.515,25,2,0,5,1,2,0,67.4,0.89,17,16,40,-6.83,3,3728.83,20.376,138.03,0,16,1183.25,32.87,135.74,1,0,1498.77,23.82,106.37,1,0,1046.81,23.99,47.5,-100.5,2.0624
United States,North Dakota,Canola,2017,spring,183.0,284.33,1.554,134,149,23,7,1,7,4,2,0,31.26,33.21,48.65,49,23.434,9.658,16.546,2141.585,38,7,0,9,2,5,0,100.62,8.77,29,14,42,-6.41,4,3813.23,20.837,45.52,0,14,1255.88,15.22,99.68,6,0,1532.02,33.21,139.13,1,0,1025.33,26.89,47.5,-100.5,1.7934
United States,North Dakota,Canola,2018,spring,183.0,344.5,1.883,123,139,12,5,0,10,1,1,0,30.36,41.05,55.42,60,22.914,9.305,16.11,2169.95,31,5,0,6,3,4,1,85.42,10.73,22,23,48,-18.03,1,3730.5,20.385,71.95,0,21,1205.7,26.6,189.02,1,0,1501.88,38.37,83.53,4,2,1022.92,19.77,47.5,-100.5,2.1969
United States,North Dakota,Canola,2019,spring,183.0,542.94,2.967,112,130,10,5,0,16,4,3,0,38.76,46.25,82.54,71,21.384,9.302,15.343,1942.38,15,0,0,3,0,2,0,17.8,0.0,11,23,44,-6.03,5,3498.72,19.119,104.75,0,23,1100.23,27.04,160.78,0,0,1430.64,38.4,277.41,0,0,967.85,46.25,47.5,-100.5,2.0175
United States,North Dakota,Canola,2020,spring,183.0,244.74,1.337,136,153,21,7,2,6,1,1,0,39.41,54.78,63.51,47,22.503,9.24,15.872,2101.655,29,3,0,6,3,5,1,74.52,1.93,15,27,46,-11.27,2,3878.84,21.196,54.71,0,27,1250.92,19.75,125.76,0,0,1506.49,54.78,64.27,3,0,1121.43,15.84,47.5,-100.5,2.2081
United States,North Dakota,Canola,2021,spring,183.0,268.88,1.469,141,150,18,11,1,7,1,1,0,43.18,46.13,60.1,42,25.034,10.76,17.897,2410.225,56,15,0,13,5,8,1,205.29,30.35,48,20,43,-5.82,2,3658.48,19.992,69.29,0,20,1178.53,30.55,96.46,9,0,1468.74,20.69,103.13,6,0,1011.21,46.13,47.5,-100.5,1.5019
United States,North Dakota,Canola,2022,spring,183.0,382.93,2.093,118,137,16,3,1,12,4,1,0,30.17,47.36,54.1,65,21.964,9.388,15.676,2093.545,38,5,0,6,2,5,0,98.02,4.27,26,29,45,-15.89,3,3651.83,19.955,194.47,0,29,1081.16,47.36,135.36,3,0,1482.67,26.35,53.1,2,0,1088.0,10.11,47.5,-100.5,2.0399
United States,North Dakota,Canola,2023,spring,183.0,409.34,2.237,113,135,12,4,0,12,2,1,0,29.82,54.23,63.77,70,23.483,10.711,17.097,2273.17,31,3,0,4,1,5,0,67.75,1.7,19,20,36,-9.64,3,3554.5,19.423,117.42,0,20,1162.59,54.23,150.94,1,0,1384.69,46.28,140.98,2,0,1007.22,30.41,47.5,-100.5,2.0287
United States,North Dakota,Canola,2024,spring,183.0,383.58,2.096,121,142,15,3,1,13,4,1,0,25.79,35.52,45.29,62,23.465,10.315,16.89,2198.77,35,3,0,13,1,3,0,78.61,4.94,27,14,34,-4.66,3,3593.88,19.639,154.3,0,14,1159.18,35.52,146.1,2,0,1398.28,26.13,83.18,1,0,1036.42,31.05,47.5,-100.5,2.0848
United States,North Dakota,Canola,2025,spring,183.0,425.68,2.326,118,136,11,6,0,11,2,1,1,64.71,91.25,131.18,65,23.351,10.414,16.882,2214.655,26,4,0,4,2,3,0,60.23,2.23,18,17,39,-7.53,4,3528.37,19.281,193.17,2,17,1179.5,91.25,132.86,1,0,1316.41,35.97,99.65,1,0,1032.46,32.77,47.5,-100.5,2.3762
United States,Oklahoma,Canola,2009,spring,183.0,615.41,3.363,108,126,9,4,0,18,7,4,0,38.28,60.69,86.66,75,29.278,17.06,23.169,3325.43,84,34,6,43,9,6,4,396.87,102.17,57,2,10,-4.02,1,3915.01,21.393,220.74,0,2,1188.74,56.86,163.2,27,0,1523.01,60.69,231.47,7,0,1203.26,53.77,35.5,-97.5,1.4011
United States,Oklahoma,Canola,2010,spring,183.0,578.57,3.162,122,130,17,6,1,18,6,3,1,63.24,91.88,97.01,61,30.47,18.877,24.674,3600.27,111,38,7,45,10,8,6,456.4,99.02,80,0,5,1.85,0,4082.17,22.307,191.47,0,0,1265.72,44.56,255.52,15,0,1481.79,91.88,131.58,23,0,1334.66,53.79,35.5,-97.5,1.7373
United States,Oklahoma,Canola,2011,spring,183.0,334.71,1.829,148,152,21,10,2,10,4,2,0,44.81,67.1,91.25,35,34.1,19.691,26.896,4006.905,129,95,58,100,60,5,5,1049.1,500.1,108,0,5,3.2,0,4272.61,23.348,179.12,4,0,1322.41,67.1,57.04,59,0,1644.53,21.58,98.55,32,0,1305.67,38.17,35.5,-97.5,1.1209
United States,Oklahoma,Canola,2012,spring,183.0,386.36,2.111,134,144,25,6,2,13,4,3,0,31.41,41.02,56.65,49,32.364,19.313,25.838,3813.385,123,62,23,57,33,10,4,726.51,264.26,102,0,0,5.87,0,4114.53,22.484,169.52,0,0,1295.38,41.02,73.43,38,0,1559.9,20.43,143.41,24,0,1259.25,39.81,35.5,-97.5,1.4907
United States,Oklahoma,Canola,2013,spring,183.0,788.4,4.308,122,131,26,5,1,29,13,10,1,56.88,89.53,139.97,61,28.981,16.906,22.943,3288.585,91,26,0,26,8,9,5,346.7,45.85,70,4,16,-4.05,1,3956.14,21.618,348.13,0,4,1141.74,89.53,290.12,12,0,1515.91,63.16,150.15,14,0,1298.49,43.36,35.5,-97.5,1.5131
United States,Oklahoma,Canola,2014,spring,183.0,469.77,2.567,134,140,12,7,0,14,6,5,0,42.6,61.44,84.44,49,30.42,17.688,24.054,3486.825,106,46,0,35,15,10,6,456.38,90.92,84,1,6,-0.86,0,4067.56,22.227,99.01,5,1,1369.49,25.71,292.87,18,0,1408.69,61.44,77.89,23,0,1289.38,41.54,35.5,-97.5,0.6389
United States,Oklahoma,Canola,2015,spring,183.0,868.26,4.745,116,124,16,7,1,29,13,9,1,67.18,95.06,155.11,67,28.628,18.0,23.314,3351.48,87,8,0,13,4,10,2,234.94,9.87,72,0,1,2.48,0,3844.37,21.007,484.71,0,0,1087.7,95.06,290.65,1,0,1520.83,65.6,92.9,7,0,1235.84,32.54,35.5,-97.5,1.2329
United States,Oklahoma,Canola,2016,spring,183.0,559.02,3.055,111,124,11,7,0,21,5,2,0,44.7,75.07,93.29,72,29.555,18.572,24.063,3488.615,101,20,0,32,5,7,2,341.66,25.48,69,0,2,0.09,0,4045.17,22.105,235.49,0,0,1277.13,75.07,197.99,12,0,1525.1,39.93,125.54,8,0,1242.94,25.0,35.5,-97.5,1.6252
United States,Oklahoma,Canola,2017,spring,183.0,625.5,3.418,120,132,14,6,1,20,9,6,1,58.34,68.8,83.77,63,29.743,17.663,23.703,3422.605,99,32,2,27,12,13,4,369.56,57.94,76,0,3,3.62,0,4037.66,22.064,265.75,0,0,1318.31,60.7,96.49,28,0,1532.87,42.72,263.26,4,0,1186.48,68.8,35.5,-97.5,1.345
United States,Oklahoma,Canola,2018,spring,183.0,647.07,3.536,127,138,14,6,1,22,8,4,1,69.91,82.8,94.85,56,30.025,18.348,24.187,3515.5,110,32,2,34,6,10,4,425.6,57.4,82,7,14,-4.3,3,4020.49,21.97,160.5,0,7,1394.52,39.05,219.48,20,0,1499.1,82.8,267.09,12,0,1126.87,70.79,35.5,-97.5,0.9863
United States,Oklahoma,Canola,2019,spring,183.0,827.56,4.522,112,122,20,3,1,27,14,9,0,46.87,86.14,149.25,71,28.811,18.376,23.594,3402.63,78,15,0,13,6,9,2,233.03,19.97,63,0,6,0.83,0,3973.36,21.712,448.95,0,0,1178.19,86.14,154.62,1,0,1574.31,31.89,223.99,14,0,1220.86,38.05,35.5,-97.5,1.5804
United States,Oklahoma,Canola,2020,spring,183.0,504.41,2.756,124,135,15,6,2,16,6,5,0,46.7,72.92,79.43,59,28.986,17.258,23.122,3317.575,94,24,1,37,4,6,5,337.09,26.85,68,3,11,-0.64,0,4066.66,22.222,150.7,0,3,1252.06,30.19,181.83,12,0,1553.77,61.98,171.88,12,0,1260.83,72.92,35.5,-97.5,1.7149
United States,Oklahoma,Canola,2021,spring,183.0,578.16,3.159,121,137,25,4,1,17,11,5,0,48.01,101.87,157.79,62,29.071,17.728,23.4,3367.125,92,27,0,33,6,7,4,341.73,22.02,69,1,9,-0.63,0,3886.92,21.24,236.1,0,1,1113.18,41.01,255.3,9,0,1471.21,101.87,86.76,18,0,1302.53,23.75,35.5,-97.5,1.7373
United States,Oklahoma,Canola,2022,spring,183.0,536.9,2.934,133,146,22,5,4,17,6,5,1,76.26,95.97,101.07,50,32.138,19.037,25.587,3767.475,125,68,18,49,29,9,5,723.49,231.16,102,0,6,1.57,0,4181.16,22.848,254.75,2,0,1299.15,89.86,193.2,39,0,1571.06,95.97,88.95,27,0,1310.95,35.92,35.5,-97.5,0.7846
United States,Oklahoma,Canola,2023,spring,183.0,590.46,3.227,117,128,21,5,2,19,6,5,0,46.7,98.88,153.31,66,30.88,18.366,24.623,3591.02,109,50,15,27,14,8,7,562.66,165.78,77,0,6,2.32,0,4075.82,22.272,206.61,0,0,1248.37,57.86,284.05,15,0,1510.44,98.88,99.8,35,0,1317.01,27.53,35.5,-97.5,0.8967
United States,Oklahoma,Canola,2024,spring,183.0,515.13,2.815,127,141,19,6,2,13,6,4,1,89.05,92.33,94.96,56,31.587,19.074,25.331,3720.51,114,52,5,26,12,9,7,575.56,143.49,90,0,1,3.78,0,4077.07,22.279,217.35,0,0,1289.57,43.15,152.92,25,0,1486.07,49.19,144.86,27,0,1301.43,92.33,35.5,-97.5,2.0175
United States,Oklahoma,Canola,2025,spring,183.0,811.96,4.437,105,120,15,5,1,28,12,10,1,54.18,91.42,149.63,78,28.935,18.126,23.531,3391.085,88,12,0,21,4,6,3,234.08,12.84,64,0,4,0.6,0,3855.0,21.066,408.54,0,0,1225.5,91.42,273.14,2,0,1449.49,57.39,130.28,10,0,1180.01,56.0,35.5,-97.5,1.1769
United States,Washington,Canola,2011,spring,183.0,243.76,1.332,126,150,53,2,1,3,1,0,0,22.99,43.57,50.1,57,16.995,4.529,10.762,1194.96,3,0,0,3,0,1,0,3.32,0.0,3,41,88,-6.3,5,3567.16,19.493,161.52,0,41,1014.65,43.57,58.28,0,0,1357.15,11.51,23.96,0,0,1195.36,12.9,47.4,-120.7,2.1296
United States,Washington,Canola,2012,spring,183.0,203.83,1.114,134,153,50,3,3,2,0,0,0,11.4,20.69,30.83,49,18.676,5.836,12.256,1400.185,8,0,0,3,0,1,0,8.67,0.0,7,30,73,-5.53,6,3650.15,19.946,99.59,0,30,1131.81,20.69,99.07,0,0,1299.5,16.23,5.17,0,0,1218.84,3.55,47.4,-120.7,2.0175
United States,Washington,Canola,2013,spring,183.0,322.21,1.761,115,141,18,6,2,6,1,0,0,23.01,51.02,56.66,68,19.149,6.673,12.911,1507.295,4,0,0,3,0,1,0,3.63,0.0,3,23,73,-5.51,3,3593.31,19.636,127.96,0,23,1099.38,26.56,37.78,0,0,1493.77,10.64,156.47,0,0,1000.16,51.02,47.4,-120.7,1.9054
United States,Washington,Canola,2014,spring,183.0,229.56,1.254,127,149,22,6,4,4,0,0,0,18.56,38.49,40.37,56,19.594,6.82,13.207,1545.115,16,0,0,8,0,2,0,23.85,0.0,16,21,61,-3.24,5,3744.19,20.46,94.32,0,21,1178.0,19.32,53.45,0,0,1474.81,23.64,81.79,0,0,1091.38,38.49,47.4,-120.7,1.345
United States,Washington,Canola,2015,spring,183.0,110.18,0.602,149,167,26,7,3,1,0,0,0,11.04,18.96,23.59,34,20.71,7.161,13.936,1673.77,20,0,0,6,0,3,0,37.8,0.0,20,25,55,-4.58,4,3853.55,21.058,61.74,0,24,1188.76,18.96,14.79,0,0,1593.79,5.78,33.65,0,1,1071.0,10.3,47.4,-120.7,1.2329
United States,Washington,Canola,2016,spring,183.0,158.09,0.864,134,164,23,7,1,2,0,0,0,14.27,16.59,20.86,49,19.557,6.753,13.155,1497.38,3,0,0,2,0,0,0,2.13,0.0,3,7,60,-1.95,3,3766.01,20.579,69.55,0,7,1202.75,16.59,59.67,0,0,1409.37,16.38,28.87,0,0,1153.89,11.25,47.4,-120.7,2.2417
United States,Washington,Canola,2017,spring,183.0,187.69,1.026,136,158,56,4,2,4,0,0,0,12.92,24.42,41.48,47,19.552,6.69,13.121,1552.195,15,0,0,5,0,3,0,21.04,0.0,15,30,69,-5.87,7,3803.53,20.784,140.23,0,30,1113.4,24.42,26.19,0,0,1580.17,12.22,21.27,0,0,1109.96,10.79,47.4,-120.7,1.883
United States,Washington,Canola,2018,spring,183.0,172.86,0.945,146,158,61,5,2,2,0,0,0,16.22,26.31,45.63,37,19.469,6.715,13.092,1533.745,13,0,0,4,0,3,0,19.71,0.0,13,23,63,-4.63,4,3747.4,20.478,126.66,0,23,1134.62,26.31,27.1,0,0,1516.18,8.73,19.1,0,0,1096.6,3.95,47.4,-120.7,2.0063
United States,Washington,Canola,2019,spring,183.0,192.46,1.052,134,149,27,7,3,0,0,0,0,9.49,19.77,39.39,49,19.161,6.67,12.916,1487.05,4,0,0,3,0,1,0,5.61,0.0,4,26,60,-5.04,6,3582.32,19.576,95.72,0,23,1116.63,19.77,33.4,0,0,1433.7,11.05,63.34,0,3,1031.99,14.19,47.4,-120.7,2.1857
United States,Washington,Canola,2020,spring,183.0,230.03,1.257,132,148,27,5,4,4,0,0,0,18.11,37.05,42.9,51,19.265,6.199,12.732,1457.785,9,0,0,3,0,2,0,18.39,0.0,9,19,68,-6.02,4,3729.96,20.382,114.29,0,19,1175.07,18.36,59.89,0,0,1428.61,18.78,55.85,0,0,1126.28,37.05,47.4,-120.7,2.4995
United States,Washington,Canola,2021,spring,183.0,132.69,0.725,148,161,23,8,3,1,0,0,0,10.78,16.86,18.37,35,20.503,7.063,13.783,1656.31,23,5,0,6,4,3,1,59.62,8.42,22,20,67,-7.46,2,3919.87,21.42,40.23,0,20,1276.81,6.95,30.21,5,0,1618.65,12.38,62.25,0,0,1024.41,16.86,47.4,-120.7,1.2329
United States,Washington,Canola,2022,spring,183.0,242.49,1.325,128,149,43,4,2,3,0,0,0,13.15,22.8,36.6,55,18.977,6.357,12.667,1531.88,20,2,0,8,2,3,0,48.72,1.02,20,36,67,-9.88,4,3536.58,19.326,145.27,0,36,963.09,20.06,82.12,2,0,1430.88,22.8,15.1,0,0,1142.61,4.33,47.4,-120.7,1.9054
United States,Washington,Canola,2023,spring,183.0,184.81,1.01,137,157,21,8,3,3,0,0,0,13.41,22.71,31.71,46,20.108,7.413,13.76,1690.09,10,1,0,5,1,1,0,20.54,0.07,10,22,52,-5.8,4,3767.54,20.588,93.53,0,21,1123.64,19.79,37.45,0,0,1558.01,17.29,53.83,1,1,1085.89,22.71,47.4,-120.7,1.8382
United States,Washington,Canola,2024,spring,183.0,170.16,0.93,140,157,22,8,3,2,0,0,0,14.52,27.19,31.46,43,19.58,6.018,12.799,1474.805,22,1,0,6,1,4,0,56.16,0.53,22,28,84,-4.37,4,3713.13,20.29,69.67,0,27,1136.95,11.51,57.92,1,0,1527.84,27.19,42.57,0,1,1048.34,13.86,47.4,-120.7,2.0399
United States,Washington,Canola,2025,spring,183.0,148.34,0.811,144,162,21,11,2,1,0,0,0,11.79,18.44,22.75,39,19.097,5.612,12.355,1386.79,12,0,0,3,0,1,0,15.32,0.0,11,33,83,-5.27,8,3910.16,21.367,61.91,0,33,1254.78,18.44,26.64,0,0,1565.81,10.66,59.79,0,0,1089.57,15.58,47.4,-120.7,1.7149
United States,Colorado,Oats,1990,spring,183.0,301.59,1.648,105,128,13,7,0,2,0,0,0,10.7,21.87,42.74,78,19.712,3.611,11.661,1301.845,5,0,0,3,0,1,0,4.32,0.0,5,54,94,-9.91,5,3943.75,21.551,96.29,0,51,1257.22,20.9,101.38,0,3,1505.29,21.87,103.92,0,0,1181.24,15.82,39.0,-105.5,1.7934
United States,Colorado,Oats,1991,spring,183.0,307.78,1.682,95,127,14,5,1,2,0,0,0,14.0,26.75,45.55,88,18.768,3.17,10.969,1219.64,0,0,0,0,0,0,0,0.0,0.0,0,51,94,-9.88,5,3913.54,21.385,83.3,0,44,1325.57,14.32,129.48,0,1,1387.43,26.75,95.0,0,6,1200.54,20.9,39.0,-105.5,2.152
United States,Colorado,Oats,1992,spring,183.0,259.56,1.418,110,142,19,7,1,1,1,1,0,39.39,50.55,54.13,73,19.176,3.316,11.246,1179.475,0,0,0,0,0,0,0,0.0,0.0,0,39,115,-5.86,6,3858.64,21.085,62.91,0,32,1313.23,15.32,94.16,0,2,1362.16,12.43,102.49,0,5,1183.25,50.55,39.0,-105.5,2.152
United States,Colorado,Oats,1993,spring,183.0,238.45,1.303,111,140,14,4,1,1,0,0,0,12.43,15.66,20.49,72,18.454,2.485,10.47,1127.475,0,0,0,0,0,0,0,0.0,0.0,0,61,113,-9.66,6,4033.22,22.039,79.37,0,44,1328.56,12.75,61.63,0,7,1556.66,15.66,97.45,0,10,1148.0,12.68,39.0,-105.5,2.2238
United States,Colorado,Oats,1994,spring,183.0,282.32,1.543,113,136,15,7,1,2,1,0,0,21.08,25.35,31.78,70,20.061,4.055,12.058,1423.355,1,0,0,1,0,0,0,0.09,0.0,1,34,90,-10.79,3,3956.52,21.62,127.91,0,30,1270.34,25.35,49.93,0,0,1534.46,14.92,104.48,0,4,1151.72,16.86,39.0,-105.5,2.152
United States,Colorado,Oats,1995,spring,183.0,414.0,2.262,85,112,11,5,0,5,1,0,0,23.69,40.21,46.06,98,17.072,2.247,9.66,1066.205,0,0,0,0,0,0,0,0.0,0.0,0,68,107,-14.61,5,3875.13,21.176,189.48,0,57,1227.58,40.21,119.26,0,5,1442.49,27.74,105.26,0,6,1205.06,16.6,39.0,-105.5,2.2238
United States,Colorado,Oats,1996,spring,183.0,305.42,1.669,102,133,14,3,1,3,1,0,0,24.09,44.02,47.61,81,19.441,3.444,11.443,1298.315,0,0,0,0,0,0,0,0.0,0.0,0,49,91,-9.07,5,4045.24,22.105,92.18,0,41,1365.32,44.02,107.97,0,1,1496.0,18.14,105.27,0,7,1183.92,12.66,39.0,-105.5,1.8651
United States,Colorado,Oats,1997,spring,183.0,352.96,1.929,95,126,23,4,1,3,0,0,0,16.43,29.52,43.12,88,18.673,3.297,10.985,1274.17,0,0,0,0,0,0,0,0.0,0.0,0,48,96,-14.25,4,4019.71,21.966,101.88,0,46,1329.14,23.95,120.07,0,0,1504.32,29.52,131.01,0,2,1186.25,26.54,39.0,-105.5,2.439
United States,Colorado,Oats,1998,spring,183.0,285.92,1.562,116,134,15,6,2,1,0,0,0,10.23,25.26,43.77,67,19.259,3.331,11.295,1304.93,2,0,0,1,0,0,0,0.77,0.0,2,55,96,-12.78,5,4155.58,22.708,72.32,0,49,1394.4,13.56,125.69,0,6,1499.4,25.26,87.91,0,0,1261.78,14.85,39.0,-105.5,2.5107
United States,Colorado,Oats,1999,spring,183.0,389.29,2.127,88,122,10,4,0,6,0,0,0,19.81,51.36,67.11,95,17.665,2.47,10.067,1134.76,0,0,0,0,0,0,0,0.0,0.0,0,58,105,-14.7,4,3960.1,21.64,175.6,0,48,1295.75,51.36,114.4,0,4,1474.02,19.54,99.29,0,6,1190.33,21.72,39.0,-105.5,2.3314
United States,Colorado,Oats,2000,spring,183.0,262.4,1.434,117,141,21,5,1,2,0,0,0,14.9,23.24,36.34,66,21.091,4.253,12.672,1475.9,0,0,0,0,0,0,0,0.0,0.0,0,50,85,-14.49,5,4009.2,21.908,70.1,0,45,1342.5,16.53,87.21,0,0,1496.87,23.24,105.09,0,5,1169.83,16.82,39.0,-105.5,2.2596
United States,Colorado,Oats,2001,spring,183.0,265.33,1.45,114,142,13,6,0,2,0,0,0,15.91,39.28,49.41,69,20.639,4.105,12.372,1444.555,2,0,0,1,0,0,0,0.42,0.0,1,42,88,-10.01,6,3951.5,21.593,103.63,0,37,1291.93,39.28,81.0,0,3,1473.77,15.35,80.7,0,2,1185.8,11.93,39.0,-105.5,2.152
United States,Colorado,Oats,2002,spring,183.0,161.7,0.884,138,158,29,9,2,1,0,0,0,12.88,21.61,30.39,45,21.77,4.329,13.05,1500.895,3,0,0,2,0,0,0,2.24,0.0,3,50,85,-6.76,6,4160.07,22.733,31.51,0,46,1407.53,9.89,52.43,0,0,1537.38,10.35,77.76,0,4,1215.16,21.61,39.0,-105.5,1.7934
United States,Colorado,Oats,2003,spring,183.0,226.22,1.236,110,145,17,4,2,0,0,0,0,7.1,14.29,22.6,73,20.481,3.843,12.162,1396.305,9,0,0,3,0,1,0,3.63,0.0,6,53,98,-9.73,5,3987.8,21.791,62.43,0,44,1280.71,14.29,80.79,0,2,1482.95,13.97,83.0,0,7,1224.14,14.27,39.0,-105.5,2.3314
United States,Colorado,Oats,2004,spring,183.0,322.21,1.761,112,129,20,7,2,3,0,0,0,16.28,26.36,42.59,71,19.167,3.051,11.109,1221.05,0,0,0,0,0,0,0,0.0,0.0,0,45,103,-10.38,4,3882.13,21.214,103.73,0,41,1313.44,25.63,137.75,0,0,1369.43,26.36,80.73,0,4,1199.26,22.96,39.0,-105.5,1.9727
United States,Colorado,Oats,2005,spring,183.0,240.21,1.313,128,148,17,6,1,3,0,0,0,17.79,28.61,30.79,55,20.221,3.691,11.956,1369.71,3,0,0,3,0,1,0,3.17,0.0,3,51,90,-12.8,4,4083.31,22.313,66.58,0,45,1364.72,18.51,77.49,0,4,1511.62,16.42,96.14,0,2,1206.97,28.61,39.0,-105.5,2.69
United States,Colorado,Oats,2006,spring,183.0,294.09,1.607,113,142,8,8,0,4,0,0,0,17.67,33.97,64.35,70,20.183,3.89,12.037,1348.665,2,0,0,1,0,0,0,0.98,0.0,2,52,89,-7.02,5,3993.04,21.82,43.12,0,41,1400.31,8.43,124.13,0,0,1444.52,33.97,126.84,0,11,1148.21,20.73,39.0,-105.5,2.5107
United States,Colorado,Oats,2007,spring,183.0,332.82,1.819,103,128,13,3,0,3,0,0,0,16.57,24.07,40.22,80,19.898,3.938,11.918,1369.22,1,0,0,1,0,0,0,0.47,0.0,1,49,94,-12.18,6,3876.76,21.184,115.94,0,42,1231.03,24.07,105.83,0,3,1442.18,21.61,111.05,0,4,1203.55,22.08,39.0,-105.5,1.9727
United States,Colorado,Oats,2008,spring,183.0,222.76,1.217,134,150,17,6,1,3,0,0,0,17.58,34.66,38.07,49,19.475,2.861,11.168,1288.03,1,0,0,1,0,0,0,0.3,0.0,1,56,104,-13.29,6,4114.26,22.482,62.68,0,49,1370.87,15.64,49.24,0,6,1531.36,9.81,110.84,0,1,1212.03,34.66,39.0,-105.5,2.5107
United States,Colorado,Oats,2009,spring,183.0,324.15,1.771,107,131,17,3,1,3,0,0,0,19.63,30.37,41.33,76,18.894,2.934,10.914,1211.51,0,0,0,0,0,0,0,0.0,0.0,0,50,105,-15.47,3,3859.27,21.089,117.99,0,41,1259.58,30.37,129.41,0,2,1411.84,19.28,76.75,0,7,1187.85,19.33,39.0,-105.5,2.3314
United States,Colorado,Oats,2010,spring,183.0,245.25,1.34,127,139,22,7,2,1,0,0,0,10.26,24.26,43.68,56,20.083,3.54,11.812,1371.355,1,0,0,1,0,0,0,0.05,0.0,1,51,92,-9.81,5,4176.91,22.825,73.19,0,50,1354.94,23.06,101.9,0,1,1493.51,24.26,70.16,0,0,1328.46,19.21,39.0,-105.5,2.3314
United States,Colorado,Oats,2011,spring,183.0,268.77,1.469,119,139,23,6,2,4,0,0,0,17.51,24.63,31.89,64,19.663,3.37,11.517,1332.95,0,0,0,0,0,0,0,0.0,0.0,0,60,98,-10.11,5,4036.21,22.056,87.71,0,57,1273.01,19.96,84.27,0,0,1543.71,16.9,96.79,0,3,1219.49,24.63,39.0,-105.5,2.5107
United States,Colorado,Oats,2012,spring,183.0,249.12,1.361,124,147,11,7,0,5,0,0,0,19.53,33.21,42.13,59,21.561,4.872,13.217,1548.5,3,0,0,3,0,1,0,1.67,0.0,3,37,83,-7.3,6,4086.55,22.331,70.7,0,37,1417.32,15.09,104.06,0,0,1490.74,33.21,74.36,0,0,1178.49,25.66,39.0,-105.5,2.5107
United States,Colorado,Oats,2013,spring,183.0,372.23,2.034,104,129,17,5,1,6,1,1,0,30.71,54.22,83.37,79,19.416,3.559,11.488,1344.685,2,0,0,2,0,0,0,0.14,0.0,1,57,88,-11.85,5,3833.97,20.951,100.89,0,50,1228.9,29.05,83.36,0,2,1494.76,16.34,187.98,0,5,1110.31,54.22,39.0,-105.5,2.3314
United States,Colorado,Oats,2014,spring,183.0,328.29,1.794,105,128,11,6,0,3,0,0,0,15.59,30.25,46.73,78,18.788,3.247,11.018,1258.095,0,0,0,0,0,0,0,0.0,0.0,0,51,97,-12.65,3,3874.31,21.171,102.79,0,47,1241.17,22.49,117.16,0,2,1461.24,30.25,108.34,0,2,1171.9,14.17,39.0,-105.5,2.152
United States,Colorado,Oats,2015,spring,183.0,356.76,1.95,107,135,24,3,2,8,1,0,0,20.92,35.51,58.95,76,18.986,3.799,11.393,1275.385,0,0,0,0,0,0,0,0.0,0.0,0,50,85,-10.98,4,3802.81,20.78,192.58,0,50,1140.88,35.51,114.37,0,0,1430.24,21.06,49.81,0,0,1231.69,12.09,39.0,-105.5,2.8694
United States,Colorado,Oats,2016,spring,183.0,264.48,1.445,119,140,15,5,1,3,0,0,0,16.57,29.93,39.6,64,19.62,3.529,11.575,1338.685,1,0,0,1,0,0,0,0.0,0.0,1,52,92,-12.57,4,3931.42,21.483,110.45,0,49,1200.36,29.93,81.09,0,0,1537.4,16.6,72.94,0,3,1193.66,16.36,39.0,-105.5,2.8694
United States,Colorado,Oats,2017,spring,183.0,319.87,1.748,105,137,30,3,2,5,0,0,0,17.81,25.43,44.4,78,19.539,3.845,11.692,1343.8,0,0,0,0,0,0,0,0.0,0.0,0,48,83,-12.41,5,3890.03,21.257,107.05,0,45,1301.73,25.43,108.68,0,0,1449.29,23.04,104.14,0,3,1139.01,21.65,39.0,-105.5,2.3314
United States,Colorado,Oats,2018,spring,183.0,190.32,1.04,137,161,17,8,2,2,0,0,0,13.67,20.31,31.33,46,21.598,4.899,13.249,1575.67,3,0,0,2,0,0,0,0.92,0.0,3,36,76,-8.82,4,4082.34,22.308,60.47,0,33,1322.76,14.0,79.13,0,0,1521.09,20.31,50.72,0,3,1238.49,13.68,39.0,-105.5,1.7934
United States,Illinois,Oats,1990,spring,183.0,674.29,3.685,107,127,11,4,0,23,7,5,1,57.0,70.28,104.74,76,24.072,12.749,18.41,2471.53,19,1,0,6,1,3,0,36.96,0.7,11,9,21,-5.97,2,3414.73,18.66,238.51,0,9,1068.93,59.23,306.23,0,0,1270.57,70.28,129.55,1,0,1075.23,28.29,40.0,-89.0,2.439
United States,Illinois,Oats,1991,spring,183.0,520.38,2.844,116,137,10,6,0,16,5,3,1,57.3,69.83,75.91,67,25.894,14.708,20.301,2800.14,36,2,0,7,2,7,0,82.21,2.57,26,2,22,-1.78,1,3651.21,19.952,234.59,0,2,1123.75,62.33,108.46,0,0,1451.4,42.46,177.33,2,0,1076.06,69.83,40.0,-89.0,1.9727
United States,Illinois,Oats,1992,spring,183.0,537.29,2.936,110,125,12,5,0,13,5,4,0,38.59,56.38,112.71,73,23.207,11.49,17.349,2269.9,5,0,0,2,0,0,0,2.88,0.0,2,9,30,-4.73,2,3322.62,18.156,96.78,0,9,1072.33,22.49,339.72,0,0,1175.38,56.38,100.79,0,0,1074.91,35.82,40.0,-89.0,2.1879
United States,Illinois,Oats,1993,spring,183.0,878.39,4.8,81,96,5,0,0,26,9,6,1,56.71,62.97,79.74,102,23.074,13.33,18.202,2431.215,11,0,0,2,0,0,0,6.9,0.0,3,8,25,-4.51,1,3151.9,17.223,181.56,0,8,1025.25,54.35,365.86,0,0,1199.25,61.19,330.97,0,0,927.4,62.97,40.0,-89.0,1.8292
United States,Illinois,Oats,1994,spring,183.0,594.53,3.249,109,120,15,4,1,19,7,3,0,40.2,96.77,129.98,74,24.034,12.38,18.207,2427.935,15,0,0,4,0,1,0,20.36,0.0,9,7,29,-5.13,1,3649.37,19.942,283.11,0,7,1270.14,96.77,164.25,0,0,1335.08,30.87,147.17,0,0,1044.15,28.3,40.0,-89.0,2.1879
United States,Illinois,Oats,1995,spring,183.0,620.21,3.389,95,109,17,5,1,17,6,2,1,50.19,94.67,107.11,88,24.346,13.343,18.844,2543.415,24,0,0,9,0,4,0,30.4,0.0,15,5,24,-6.02,2,3475.19,18.99,346.87,0,4,963.49,94.67,154.88,0,0,1411.12,26.63,118.46,0,1,1100.58,35.94,40.0,-89.0,2.4031
United States,Illinois,Oats,1996,spring,183.0,573.42,3.133,109,127,15,5,1,18,7,3,0,31.53,59.69,91.06,74,24.619,12.521,18.57,2496.72,34,2,0,6,2,5,0,50.8,0.4,25,10,26,-4.74,2,3423.99,18.71,288.89,0,10,1009.02,59.69,172.52,0,0,1298.09,37.14,112.01,2,0,1116.88,37.79,40.0,-89.0,2.3672
United States,Illinois,Oats,1997,spring,183.0,438.07,2.394,112,121,7,3,0,10,3,1,0,29.14,44.63,59.75,71,24.66,12.299,18.48,2485.73,45,6,0,9,3,7,1,102.3,8.67,29,12,30,-6.43,3,3564.08,19.476,123.29,0,12,1174.11,22.9,132.19,5,0,1333.24,26.87,182.59,1,0,1056.73,44.63,40.0,-89.0,2.6542
United States,Illinois,Oats,1998,spring,183.0,706.93,3.863,103,115,11,4,0,24,9,3,0,28.13,55.2,79.11,80,25.01,14.514,19.762,2701.515,16,0,0,5,0,2,0,23.46,0.0,10,2,19,-1.69,0,3504.19,19.149,260.39,0,2,1102.0,45.21,290.01,0,0,1302.74,37.57,156.53,0,0,1099.45,55.2,40.0,-89.0,2.0086
United States,Illinois,Oats,1999,spring,183.0,596.36,3.259,117,128,18,7,1,22,5,3,1,54.52,69.3,79.77,66,25.695,13.622,19.659,2685.08,42,2,0,11,2,6,0,97.65,2.38,31,0,13,0.55,0,3669.18,20.05,234.41,0,0,1098.38,50.27,202.21,2,0,1404.72,49.02,159.74,0,0,1166.08,69.3,40.0,-89.0,2.5466
United States,Illinois,Oats,2000,spring,183.0,582.13,3.181,109,123,12,3,0,18,3,3,1,53.25,61.5,104.84,74,25.861,13.272,19.566,2668.25,40,3,0,8,1,6,0,74.64,1.84,23,4,21,-2.79,1,3479.59,19.014,153.12,0,4,1058.02,37.55,249.64,0,0,1308.09,61.5,179.37,3,0,1113.48,37.18,40.0,-89.0,2.6183
United States,Illinois,Oats,2001,spring,183.0,505.3,2.761,105,122,9,5,0,15,4,2,0,32.84,59.3,85.38,78,26.207,14.003,20.105,2767.835,50,6,0,14,3,7,1,119.09,2.96,30,4,11,-3.92,1,3664.55,20.025,169.75,0,4,1142.37,33.76,159.86,3,0,1382.57,59.3,175.69,3,0,1139.61,46.38,40.0,-89.0,2.8694
United States,Illinois,Oats,2002,spring,183.0,749.79,4.097,115,127,22,4,2,26,8,6,1,57.98,88.34,132.15,68,25.167,13.794,19.48,2659.91,35,0,0,7,0,6,0,39.92,0.0,26,8,24,-5.18,1,3601.76,19.682,361.31,0,8,1087.71,88.34,206.78,0,0,1383.44,71.95,181.7,0,0,1130.61,44.12,40.0,-89.0,2.6183
United States,Illinois,Oats,2003,spring,183.0,634.46,3.467,121,131,14,5,1,21,6,6,2,61.73,107.79,129.05,62,25.21,12.895,19.053,2578.185,31,6,0,15,3,2,1,96.63,10.3,23,6,20,-3.31,2,3618.14,19.771,187.59,0,6,1104.95,48.51,254.89,1,0,1383.45,88.98,191.98,5,0,1129.74,107.79,40.0,-89.0,3.1922
United States,Illinois,Oats,2004,spring,183.0,525.52,2.872,124,131,19,6,3,18,6,3,0,39.15,58.47,84.6,59,25.189,13.628,19.409,2638.485,15,0,0,4,0,1,0,10.5,0.0,7,5,15,-2.44,2,3681.49,20.117,204.48,0,5,1181.36,43.71,190.2,0,0,1335.66,47.79,130.84,0,0,1164.47,58.47,40.0,-89.0,2.5107
United States,Illinois,Oats,2005,spring,183.0,392.64,2.146,127,141,19,6,2,14,2,0,0,22.8,28.07,53.7,56,27.304,14.733,21.018,2931.775,78,14,0,15,5,7,2,239.98,16.94,57,2,20,-1.77,0,3764.92,20.573,97.59,0,2,1236.67,23.59,126.57,6,0,1411.54,27.19,168.48,8,0,1116.71,28.07,40.0,-89.0,2.8335
United States,Illinois,Oats,2006,spring,183.0,525.8,2.873,113,128,7,1,0,15,3,2,0,46.81,53.02,65.11,70,25.834,14.064,19.949,2735.86,39,4,0,10,4,4,1,96.79,5.23,27,3,13,-2.38,1,3533.4,19.308,187.17,0,3,1176.76,48.34,171.2,2,0,1376.5,53.02,167.43,2,0,980.14,42.37,40.0,-89.0,2.7618
United States,Illinois,Oats,2007,spring,183.0,429.14,2.345,123,141,15,7,1,11,3,3,0,31.9,57.13,73.5,60,26.219,14.325,20.272,2833.11,47,7,0,17,2,6,0,132.94,8.37,37,13,18,-6.56,2,3733.58,20.402,148.58,0,13,1150.58,41.16,178.27,0,0,1414.73,57.13,102.29,7,0,1168.27,24.64,40.0,-89.0,2.2238
United States,Illinois,Oats,2008,spring,183.0,866.89,4.737,105,114,15,2,1,26,10,8,3,89.45,136.1,156.83,78,23.631,13.011,18.321,2441.145,6,0,0,2,0,0,0,2.14,0.0,3,5,23,-1.84,1,3584.29,19.586,206.48,0,5,1072.46,34.32,365.8,0,0,1423.01,88.35,294.61,0,0,1088.82,136.1,40.0,-89.0,2.5107
United States,Illinois,Oats,2009,spring,183.0,733.35,4.007,105,119,13,5,0,28,8,5,0,32.25,75.04,85.95,78,23.258,12.998,18.128,2407.81,10,0,0,7,0,1,0,9.51,0.0,7,8,22,-3.27,2,3447.39,18.838,303.22,0,8,1122.82,75.04,258.37,0,0,1269.61,51.6,171.76,0,0,1054.96,35.55,40.0,-89.0,2.3314
United States,Illinois,Oats,2010,spring,183.0,791.89,4.327,103,117,13,3,0,28,12,8,0,47.21,69.53,99.83,80,25.68,15.315,20.498,2836.1,23,0,0,6,0,2,0,27.03,0.0,8,0,11,1.23,0,3749.09,20.487,219.98,0,0,1190.82,40.64,358.27,0,0,1372.66,69.53,213.64,0,0,1185.61,67.66,40.0,-89.0,2.3314
United States,Illinois,Oats,2011,spring,183.0,555.31,3.034,115,126,11,3,0,14,6,4,0,31.21,44.53,70.93,68,25.65,14.371,20.011,2746.965,55,5,0,11,4,6,1,108.99,11.75,43,1,20,-1.25,0,3444.77,18.824,271.76,0,1,982.26,44.53,205.62,0,0,1334.06,40.81,77.93,5,0,1128.45,21.35,40.0,-89.0,2.439
United States,Illinois,Oats,2012,spring,183.0,395.91,2.163,133,145,12,6,0,13,5,1,0,48.95,79.66,90.37,50,28.282,14.838,21.56,3030.43,80,32,8,57,5,6,5,374.74,101.08,65,1,13,-1.92,0,3916.06,21.399,140.72,0,1,1284.56,38.95,47.81,26,0,1486.79,14.1,207.38,6,0,1144.71,79.66,40.0,-89.0,2.7259
United States,Illinois,Oats,2013,spring,183.0,603.98,3.3,119,131,15,7,1,22,8,5,0,48.72,69.92,111.89,64,24.762,13.617,19.189,2610.075,27,4,0,9,3,4,1,54.58,2.16,23,7,22,-5.67,2,3544.78,19.37,370.09,0,7,1068.49,69.92,170.7,0,0,1292.0,27.8,63.19,4,0,1184.29,15.23,40.0,-89.0,2.4748
United States,Illinois,Oats,2014,spring,183.0,669.41,3.658,112,123,11,4,0,26,7,5,1,53.55,79.29,106.43,71,24.447,13.38,18.913,2551.815,11,0,0,4,0,1,0,14.55,0.0,4,6,21,-4.62,2,3594.19,19.64,158.47,0,6,1179.46,41.84,245.85,0,0,1385.85,39.34,265.09,0,0,1028.88,79.29,40.0,-89.0,2.8694
United States,Illinois,Oats,2015,spring,183.0,662.7,3.621,104,120,9,5,0,22,5,4,0,43.76,56.87,80.83,79,25.066,14.223,19.645,2680.07,15,0,0,8,0,1,0,18.17,0.0,7,3,17,-4.22,1,3540.82,19.349,205.65,0,3,1167.21,43.11,301.86,0,0,1239.5,56.87,155.19,0,0,1134.11,34.08,40.0,-89.0,2.7618
United States,Illinois,Oats,2016,spring,183.0,669.28,3.657,104,118,12,5,0,22,6,3,0,45.78,67.26,92.62,79,25.074,14.843,19.959,2747.865,24,0,0,4,0,4,0,27.46,0.0,13,8,21,-5.19,3,3671.02,20.06,182.57,0,8,1142.74,28.42,254.87,0,0,1435.25,32.71,231.84,0,0,1093.03,67.26,40.0,-89.0,2.9052
United States,Illinois,Oats,2017,spring,183.0,525.43,2.871,112,130,13,3,0,15,7,3,0,47.34,74.11,125.48,71,26.273,14.161,20.217,2784.685,42,1,0,7,1,3,0,92.8,0.2,23,1,12,-1.01,0,3799.56,20.763,298.37,0,1,1132.24,74.11,152.08,0,0,1498.66,27.82,74.98,1,0,1168.66,21.34,40.0,-89.0,2.8335
United States,Illinois,Oats,2018,spring,183.0,635.68,3.474,112,121,10,3,0,22,6,4,1,50.55,89.83,100.1,71,25.435,14.675,20.055,2801.6,40,0,0,5,0,7,0,46.81,0.0,25,17,23,-6.8,2,3637.11,19.875,153.57,0,17,1185.46,35.4,288.69,0,0,1374.59,89.83,193.42,0,0,1077.06,73.26,40.0,-89.0,2.977
United States,Illinois,Oats,2019,spring,183.0,603.55,3.298,104,117,9,1,0,21,3,2,0,36.66,42.23,77.05,79,25.356,14.879,20.117,2771.89,26,0,0,5,0,4,0,27.74,0.0,18,4,11,-3.55,1,3523.13,19.252,254.6,0,4,1054.05,39.41,191.97,0,0,1379.22,42.23,156.98,0,0,1089.86,34.19,40.0,-89.0,2.3314
United States,Illinois,Oats,2020,spring,183.0,586.03,3.202,116,133,14,4,1,21,7,6,0,34.61,54.27,92.87,67,24.487,13.404,18.945,2562.49,22,0,0,8,0,2,0,27.59,0.0,18,7,28,-3.58,1,3701.4,20.226,238.02,0,7,1131.58,54.27,255.05,0,0,1438.85,46.16,92.96,0,0,1130.97,21.35,40.0,-89.0,2.0803
United States,Illinois,Oats,2021,spring,183.0,657.09,3.591,114,126,12,6,0,25,9,5,0,38.36,89.57,143.84,69,25.016,14.277,19.646,2692.525,20,0,0,3,0,3,0,16.87,0.0,11,6,23,-5.23,2,3587.8,19.605,167.44,0,6,1163.99,35.03,308.57,0,0,1277.26,89.57,181.08,0,0,1146.55,34.95,40.0,-89.0,2.977
United States,Illinois,Oats,2022,spring,183.0,486.53,2.659,109,126,8,3,0,13,3,2,0,31.43,50.67,60.4,74,25.762,13.96,19.861,2726.175,46,2,0,7,1,7,0,77.73,0.73,26,9,26,-3.24,2,3551.08,19.405,164.98,0,9,1060.91,26.18,133.59,2,0,1372.15,50.67,187.96,0,0,1118.02,40.8,40.0,-89.0,2.977
United States,Illinois,Oats,2023,spring,183.0,411.08,2.246,127,139,13,6,0,13,5,3,0,32.11,53.01,70.66,56,26.966,13.821,20.393,2817.425,58,9,0,14,4,9,2,146.69,11.07,37,4,22,-1.6,1,3729.86,20.382,102.95,0,4,1262.07,41.34,158.12,4,0,1408.75,53.01,150.01,5,0,1059.04,37.27,40.0,-89.0,3.228
United States,Illinois,Oats,2024,spring,183.0,687.0,3.754,115,126,19,5,1,24,6,3,2,75.27,89.11,108.33,68,26.459,14.624,20.542,2848.735,48,4,0,8,2,6,0,96.14,2.86,32,5,12,-2.45,1,3703.17,20.236,265.61,0,5,1174.11,53.43,245.03,0,0,1375.73,89.11,176.36,4,0,1153.33,83.92,40.0,-89.0,3.3356
United States,Illinois,Oats,2025,spring,183.0,482.16,2.635,117,131,16,5,2,15,3,2,0,37.85,50.16,66.68,66,26.714,14.839,20.776,2890.685,58,3,0,16,2,9,0,144.61,2.31,41,3,12,-4.68,1,3664.64,20.025,190.9,0,3,1116.32,50.16,228.65,0,0,1326.99,40.48,62.61,3,0,1221.33,27.23,40.0,-89.0,3.5509
United States,Iowa,Oats,1990,spring,183.0,792.38,4.33,100,114,12,3,0,29,10,4,1,60.15,100.09,148.74,83,23.176,11.966,17.571,2328.25,18,0,0,5,0,3,0,23.53,0.0,8,13,33,-6.14,4,3606.04,19.705,223.15,0,13,1161.63,47.39,442.52,0,0,1310.43,100.09,126.71,0,0,1133.98,28.75,42.0,-93.5,2.439
United States,Iowa,Oats,1991,spring,183.0,689.66,3.769,104,121,13,4,0,25,9,5,0,34.18,53.83,94.28,79,24.373,13.187,18.78,2522.835,26,0,0,7,0,4,0,40.42,0.0,18,4,32,-3.43,1,3510.45,19.183,362.85,0,2,1014.66,53.83,157.3,0,0,1407.78,46.75,169.51,0,2,1088.01,52.77,42.0,-93.5,1.7934
United States,Iowa,Oats,1992,spring,183.0,594.41,3.248,108,122,16,3,1,20,6,3,0,29.17,63.18,94.31,75,22.484,10.548,16.516,2126.685,3,0,0,2,0,0,0,4.97,0.0,1,10,33,-5.42,4,3481.82,19.026,128.07,0,10,1118.2,47.84,286.67,0,0,1255.97,63.18,179.67,0,0,1107.65,46.29,42.0,-93.5,2.4031
United States,Iowa,Oats,1993,spring,183.0,1122.72,6.135,69,83,6,0,0,45,13,7,1,73.46,115.75,160.11,114,21.576,11.539,16.557,2135.205,4,0,0,1,0,0,0,0.93,0.0,1,8,32,-6.72,1,3099.69,16.938,239.3,0,8,977.4,35.69,515.09,0,0,1162.85,115.75,368.33,0,0,959.44,77.1,42.0,-93.5,1.4347
United States,Iowa,Oats,1994,spring,183.0,570.62,3.118,100,121,11,3,0,16,3,2,0,40.69,47.27,71.63,83,23.612,11.843,17.727,2348.99,13,0,0,3,0,2,0,18.22,0.0,8,9,36,-5.28,2,3599.55,19.67,114.22,0,9,1277.42,22.06,255.76,0,0,1266.81,44.55,200.64,0,0,1055.32,47.27,42.0,-93.5,2.2238
United States,Iowa,Oats,1995,spring,183.0,644.27,3.521,97,114,8,2,0,19,6,3,0,26.75,53.06,64.39,86,23.22,12.255,17.737,2349.72,28,1,0,7,1,5,0,61.43,0.47,22,13,35,-8.67,2,3420.95,18.694,263.54,0,12,1015.73,53.06,220.21,0,0,1355.45,38.57,160.52,1,1,1049.77,32.58,42.0,-93.5,2.3314
United States,Iowa,Oats,1996,spring,183.0,664.91,3.633,114,123,13,4,0,21,7,5,0,37.73,64.74,79.86,69,23.009,11.308,17.158,2247.575,14,0,0,4,0,1,0,13.69,0.0,9,14,33,-5.21,3,3418.29,18.679,246.74,0,14,1018.59,64.74,230.66,0,0,1321.42,58.15,187.51,0,0,1078.28,41.54,42.0,-93.5,2.439
United States,Iowa,Oats,1997,spring,183.0,468.25,2.559,115,134,14,5,1,15,3,2,0,38.32,54.23,72.78,68,24.346,11.881,18.113,2449.095,42,7,0,10,4,7,1,115.17,6.32,21,14,34,-7.06,2,3675.33,20.084,160.58,0,14,1155.89,51.7,192.68,6,0,1459.6,54.23,114.99,1,0,1059.84,30.37,42.0,-93.5,2.6183
United States,Iowa,Oats,1998,spring,183.0,686.52,3.751,101,118,13,2,0,26,7,4,0,44.62,50.39,111.82,82,24.866,13.523,19.194,2600.595,28,0,0,4,0,3,0,39.12,0.0,16,5,19,-1.88,1,3574.94,19.535,188.15,0,5,1166.18,34.24,348.45,0,0,1318.02,50.39,149.92,0,0,1090.74,30.91,42.0,-93.5,2.1162
United States,Iowa,Oats,1999,spring,183.0,669.25,3.657,78,98,6,0,0,23,4,0,0,23.45,44.99,67.96,105,24.676,12.755,18.715,2515.315,36,5,0,14,3,4,1,99.06,10.09,14,3,23,-3.39,0,3595.58,19.648,225.18,0,3,1074.19,30.25,265.02,5,0,1378.39,44.99,179.05,0,0,1143.0,26.91,42.0,-93.5,2.3314
United States,Iowa,Oats,2000,spring,183.0,478.39,2.614,92,121,9,1,0,13,2,1,0,26.64,36.9,51.7,91,26.591,12.831,19.711,2697.135,61,8,0,12,2,11,0,152.05,7.22,24,5,27,-5.64,1,3532.85,19.305,109.38,1,5,1158.7,22.41,228.66,1,0,1327.71,36.9,140.35,6,0,1046.44,26.12,42.0,-93.5,2.4031
United States,Iowa,Oats,2001,spring,183.0,612.28,3.346,78,100,8,2,0,15,3,1,0,34.73,67.72,70.61,105,25.168,12.792,18.98,2567.26,51,7,0,12,3,6,1,132.27,8.1,21,8,22,-4.16,2,3531.17,19.296,214.73,0,8,1070.02,29.49,186.85,3,0,1378.48,33.21,210.7,4,0,1082.67,67.72,42.0,-93.5,2.5107
United States,Iowa,Oats,2002,spring,183.0,579.58,3.167,92,115,10,1,0,18,5,2,0,28.04,50.97,74.65,91,26.01,12.88,19.445,2662.77,58,11,0,21,4,6,1,190.51,14.72,27,9,32,-6.31,1,3734.13,20.405,151.82,0,9,1210.55,30.09,212.17,11,0,1419.95,50.97,215.59,0,0,1103.63,43.65,42.0,-93.5,2.7259
United States,Iowa,Oats,2003,spring,183.0,529.55,2.894,122,136,10,4,0,16,7,5,0,46.86,55.37,97.35,61,25.315,12.172,18.744,2540.22,51,10,1,17,5,6,2,153.23,31.06,36,7,23,-5.62,1,3715.39,20.303,219.43,0,7,1143.41,55.37,227.83,1,0,1402.39,54.28,82.29,9,0,1169.59,33.25,42.0,-93.5,2.977
United States,Iowa,Oats,2004,spring,183.0,578.47,3.161,113,130,15,6,1,19,6,4,0,36.14,83.82,105.36,70,24.294,12.171,18.232,2426.545,19,0,0,4,0,3,0,15.18,0.0,12,8,21,-4.3,3,3686.31,20.144,243.66,0,8,1199.93,83.82,189.5,0,0,1345.89,30.41,145.31,0,0,1140.49,52.4,42.0,-93.5,2.5824
United States,Iowa,Oats,2005,spring,183.0,540.54,2.954,121,134,13,6,0,19,7,3,0,42.38,69.23,78.94,62,26.842,13.771,20.307,2802.335,63,12,0,11,3,8,2,207.66,18.71,48,6,25,-3.04,1,3737.47,20.423,184.24,0,6,1158.95,69.23,216.73,7,0,1438.71,47.06,139.57,5,0,1139.81,45.67,42.0,-93.5,2.8335
United States,Iowa,Oats,2006,spring,183.0,532.91,2.912,119,130,9,4,0,17,4,1,1,53.26,63.23,64.57,64,26.269,13.63,19.95,2736.475,61,12,0,17,4,7,2,176.13,26.45,43,4,19,-3.91,1,3552.6,19.413,138.84,0,4,1144.44,46.85,138.39,12,0,1401.2,35.27,255.68,0,0,1006.96,63.23,42.0,-93.5,2.7259
United States,Iowa,Oats,2007,spring,183.0,726.3,3.969,119,125,10,8,0,25,11,7,0,41.87,83.55,130.12,64,24.811,13.029,18.92,2600.41,37,1,0,7,1,7,0,72.44,0.93,22,13,24,-9.92,1,3798.62,20.757,273.11,0,13,1218.5,83.55,147.4,1,0,1512.19,45.86,305.79,0,0,1067.93,64.14,42.0,-93.5,2.5466
United States,Iowa,Oats,2008,spring,183.0,825.6,4.511,105,116,8,3,0,26,14,8,0,46.26,72.58,131.65,78,22.891,11.658,17.275,2264.895,2,0,0,1,0,0,0,1.91,0.0,1,14,30,-4.31,4,3595.36,19.647,274.38,0,14,1114.15,65.52,417.56,0,0,1371.86,72.58,133.66,0,0,1109.35,37.84,42.0,-93.5,2.3314
United States,Iowa,Oats,2009,spring,183.0,579.33,3.166,116,126,24,3,1,21,3,2,1,53.49,72.95,82.18,67,23.029,11.548,17.289,2270.105,13,0,0,5,0,2,0,13.2,0.0,6,14,28,-6.54,2,3556.75,19.436,203.56,0,14,1172.14,72.95,206.21,0,0,1278.67,29.41,169.56,0,0,1105.94,39.35,42.0,-93.5,2.3314
United States,Iowa,Oats,2010,spring,183.0,1002.74,5.479,93,105,7,1,0,35,14,9,0,47.22,120.99,133.84,90,24.395,13.616,19.006,2563.01,16,0,0,6,0,1,0,17.36,0.0,3,1,15,-0.49,0,3670.63,20.058,191.45,0,1,1187.04,53.13,477.14,0,0,1358.37,72.93,334.15,0,0,1125.22,120.99,42.0,-93.5,2.2238
United States,Iowa,Oats,2011,spring,183.0,541.76,2.96,119,132,14,4,1,22,6,2,0,34.69,58.99,83.45,64,24.062,12.814,18.438,2468.885,36,1,0,7,1,6,0,74.72,0.56,27,11,35,-4.53,4,3490.33,19.073,210.32,0,11,1073.41,41.46,230.36,0,0,1294.17,58.99,101.08,1,0,1122.75,23.91,42.0,-93.5,2.2955
United States,Iowa,Oats,2012,spring,183.0,369.65,2.02,132,144,16,7,1,14,2,1,0,32.47,57.95,75.92,51,28.216,14.072,21.144,2954.835,78,35,4,41,7,6,5,368.32,89.4,61,3,15,-3.67,1,3944.46,21.554,171.67,0,3,1278.28,57.95,100.8,25,0,1477.21,24.71,97.18,10,0,1188.97,18.09,42.0,-93.5,2.3314
United States,Iowa,Oats,2013,spring,183.0,555.0,3.033,121,134,15,6,1,20,8,3,0,43.82,79.56,114.81,62,24.372,12.433,18.403,2494.83,36,8,0,12,6,3,1,115.91,21.84,28,19,30,-6.45,5,3580.11,19.563,364.74,0,19,1068.32,79.56,124.97,0,0,1359.16,35.09,65.29,8,0,1152.63,33.93,42.0,-93.5,2.3672
United States,Iowa,Oats,2014,spring,183.0,784.56,4.287,108,123,12,6,0,22,12,10,0,40.53,68.27,119.09,75,23.359,12.068,17.713,2346.96,7,0,0,2,0,0,0,4.4,0.0,4,10,33,-7.13,3,3394.24,18.548,211.98,0,10,1099.84,50.37,299.77,0,0,1271.92,68.27,272.81,0,0,1022.48,45.3,42.0,-93.5,2.2955
United States,Iowa,Oats,2015,spring,183.0,786.62,4.298,109,119,10,3,0,30,9,7,1,50.1,70.37,82.37,74,24.272,12.843,18.558,2482.52,18,0,0,3,0,2,0,19.68,0.0,11,5,20,-2.46,2,3554.71,19.425,191.52,0,5,1127.73,44.48,320.78,0,0,1333.48,70.37,274.32,0,0,1093.5,52.85,42.0,-93.5,2.6183
United States,Iowa,Oats,2016,spring,183.0,669.04,3.656,106,118,10,5,0,23,7,4,0,44.2,65.31,73.12,77,24.507,13.589,19.048,2587.395,22,0,0,3,0,1,0,30.05,0.0,10,10,21,-6.14,3,3693.35,20.182,163.22,0,10,1158.26,30.16,202.57,0,0,1484.8,63.67,303.25,0,0,1050.29,65.31,42.0,-93.5,2.7259
United States,Iowa,Oats,2017,spring,183.0,448.09,2.449,121,136,19,4,1,16,3,0,0,23.15,39.7,54.51,62,25.944,13.514,19.729,2696.195,54,6,0,15,3,7,1,123.6,3.42,37,1,18,-0.17,0,3684.78,20.135,195.07,0,1,1083.18,37.14,114.24,6,0,1516.1,25.59,138.78,0,0,1085.5,39.7,42.0,-93.5,2.7618
United States,Iowa,Oats,2018,spring,183.0,759.02,4.148,107,116,12,4,0,25,10,6,0,45.67,71.13,115.28,76,24.568,13.408,18.988,2648.395,40,2,0,7,2,5,0,77.97,1.06,26,18,28,-10.38,2,3579.33,19.559,141.16,2,18,1209.21,52.09,287.0,0,0,1387.25,57.0,330.86,0,0,982.87,71.13,42.0,-93.5,2.2596
United States,Iowa,Oats,2019,spring,183.0,627.0,3.426,98,115,8,2,0,16,6,2,0,40.56,46.77,83.12,85,23.73,13.249,18.49,2476.135,9,0,0,3,0,2,0,8.45,0.0,6,8,28,-3.08,3,3380.73,18.474,242.25,0,8,1029.25,45.76,178.08,0,0,1328.77,38.89,206.67,0,0,1022.71,46.77,42.0,-93.5,2.0803
United States,Iowa,Oats,2020,spring,183.0,429.91,2.349,124,138,14,6,1,14,2,2,0,28.78,57.53,80.0,59,24.692,12.914,18.803,2564.61,48,7,0,10,6,5,1,116.37,10.46,34,13,25,-7.27,3,3645.93,19.923,158.41,0,13,1116.32,38.42,142.86,1,0,1448.16,29.13,128.64,6,0,1081.45,57.53,42.0,-93.5,2.7976
United States,Iowa,Oats,2021,spring,183.0,380.96,2.082,130,141,21,7,4,14,2,0,0,21.69,38.36,58.23,53,26.813,14.125,20.469,2839.96,73,9,1,18,2,6,0,215.89,11.96,57,7,23,-6.19,3,3725.11,20.356,101.81,0,7,1161.35,22.38,139.15,8,0,1443.05,38.36,140.0,1,0,1120.71,25.64,42.0,-93.5,2.7618
United States,Iowa,Oats,2022,spring,183.0,480.91,2.628,119,134,8,5,0,14,5,3,0,42.35,50.7,59.42,64,25.857,13.206,19.532,2682.72,64,8,0,9,3,12,1,182.38,17.44,45,14,33,-4.95,3,3650.72,19.949,165.91,0,14,1031.83,35.85,187.38,2,0,1477.83,46.66,127.62,6,0,1141.06,50.7,42.0,-93.5,2.9411
United States,Iowa,Oats,2023,spring,183.0,385.75,2.108,131,143,16,8,2,10,4,2,0,32.58,40.15,63.59,52,26.927,13.638,20.282,2808.06,56,13,0,11,6,8,3,182.51,26.98,45,8,26,-5.39,2,3718.04,20.317,124.42,0,8,1267.58,30.34,146.31,4,0,1366.99,40.03,115.02,9,0,1083.47,40.15,42.0,-93.5,2.8694
United States,Iowa,Oats,2024,spring,183.0,624.87,3.415,115,133,18,5,1,23,9,4,0,44.78,82.37,95.58,68,26.138,13.879,20.008,2747.275,43,2,0,7,1,8,0,85.59,5.09,26,4,15,-2.12,1,3659.18,19.996,275.42,0,4,1178.75,82.37,265.1,0,0,1329.28,54.95,84.35,2,0,1151.15,26.34,42.0,-93.5,2.9411
United States,Iowa,Oats,2025,spring,183.0,711.52,3.888,114,129,14,6,1,25,8,7,0,46.8,63.6,87.14,69,24.942,13.695,19.318,2629.535,28,0,0,4,0,4,0,40.11,0.0,13,7,20,-5.09,1,3586.24,19.597,165.51,0,7,1176.46,63.47,423.5,0,0,1326.36,63.6,122.51,0,0,1083.42,38.84,42.0,-93.5,3.2998
United States,Kansas,Oats,1990,spring,183.0,512.12,2.798,120,133,24,7,2,19,7,2,0,30.19,41.42,79.54,63,28.901,15.425,22.163,3146.655,84,43,12,25,18,8,3,474.3,151.29,62,7,19,-5.28,3,3888.16,21.247,203.52,0,7,1107.63,38.7,148.65,23,0,1505.73,40.38,159.95,20,0,1274.8,41.42,38.5,-98.0,1.9727
United States,Kansas,Oats,1991,spring,183.0,385.34,2.106,114,131,16,5,1,11,1,0,0,21.43,41.61,70.69,69,29.803,16.459,23.131,3318.055,93,37,8,21,8,9,4,438.9,116.69,60,0,10,3.21,0,3858.66,21.086,191.74,0,0,1154.29,41.61,90.27,28,0,1504.77,23.38,103.33,9,0,1199.6,20.23,38.5,-98.0,1.901
United States,Kansas,Oats,1992,spring,183.0,640.09,3.498,99,117,11,5,0,23,7,3,0,30.33,72.78,99.54,84,26.498,13.776,20.137,2772.205,47,6,0,6,2,5,0,108.26,4.0,23,3,14,-4.31,1,3708.45,20.265,135.93,1,3,1206.43,31.16,351.11,5,0,1302.21,45.69,153.05,0,0,1199.81,46.98,38.5,-98.0,2.0086
United States,Kansas,Oats,1993,spring,183.0,823.38,4.499,93,107,11,4,0,32,10,5,1,50.98,79.58,136.46,90,25.255,13.858,19.557,2668.645,46,5,0,11,3,6,1,107.16,1.63,22,4,21,-2.5,1,3532.7,19.304,209.03,0,4,1024.5,47.71,438.71,1,0,1365.22,79.58,175.64,4,0,1142.98,29.41,38.5,-98.0,1.2195
United States,Kansas,Oats,1994,spring,183.0,372.65,2.036,123,136,14,6,1,10,1,1,0,35.11,58.29,77.0,60,29.006,15.115,22.061,3134.24,98,33,1,14,5,13,4,380.3,60.01,68,6,21,-5.77,2,4001.63,21.867,108.97,2,6,1276.63,39.49,205.38,16,0,1507.67,58.29,58.3,15,0,1217.33,12.49,38.5,-98.0,1.6499
United States,Kansas,Oats,1995,spring,183.0,641.31,3.504,108,122,20,5,1,21,7,5,0,45.98,59.7,109.53,75,26.496,14.026,20.261,2799.555,63,32,0,22,13,5,4,278.04,45.57,47,5,26,-2.85,1,3598.27,19.663,336.44,0,4,991.44,59.7,167.73,10,0,1435.41,44.03,137.14,22,1,1171.42,38.37,38.5,-98.0,1.6858
United States,Kansas,Oats,1996,spring,183.0,618.27,3.379,106,125,13,5,0,15,8,5,0,42.61,79.71,99.77,77,28.139,14.93,21.535,3027.93,78,28,1,22,7,9,5,321.35,70.29,43,6,20,-2.89,2,3815.48,20.85,221.34,5,6,1225.29,79.71,164.22,20,0,1476.14,26.67,232.71,3,0,1114.05,44.89,38.5,-98.0,1.8651
United States,Kansas,Oats,1997,spring,183.0,575.06,3.142,110,129,12,4,0,19,6,3,0,31.37,55.97,87.34,73,27.265,14.119,20.692,2903.765,70,19,0,13,6,9,3,252.62,35.8,47,8,19,-8.73,1,3952.62,21.599,142.93,1,8,1280.14,31.99,193.98,15,0,1493.85,51.48,238.15,3,0,1178.63,55.97,38.5,-98.0,2.1162
United States,Kansas,Oats,1998,spring,183.0,462.36,2.527,115,129,17,7,2,16,2,0,0,24.01,48.72,71.59,68,29.422,15.982,22.702,3239.66,103,42,7,21,9,11,5,465.92,113.56,73,2,21,-1.19,0,3992.48,21.817,105.15,1,2,1325.76,24.46,243.7,19,0,1428.51,48.72,113.51,22,0,1238.21,30.68,38.5,-98.0,1.614
United States,Kansas,Oats,1999,spring,183.0,636.3,3.477,102,116,12,4,0,17,4,4,1,59.29,69.22,79.23,81,27.092,14.791,20.941,2917.355,67,18,0,22,4,6,3,251.25,39.16,47,1,11,-0.15,0,3743.53,20.456,228.34,0,1,1216.04,50.22,250.01,7,0,1369.15,68.93,157.95,11,0,1158.34,59.02,38.5,-98.0,1.6858
United States,Kansas,Oats,2000,spring,183.0,386.3,2.111,132,143,27,5,2,11,3,3,0,29.1,60.96,99.2,51,29.803,15.442,22.623,3224.95,97,50,12,32,17,9,5,535.84,179.9,75,5,16,-2.23,1,3991.87,21.813,122.93,0,5,1264.27,41.78,238.56,12,0,1480.15,60.96,24.81,38,0,1247.45,14.7,38.5,-98.0,1.5782
United States,Kansas,Oats,2001,spring,183.0,550.27,3.007,118,126,13,6,0,16,5,3,0,49.96,71.16,89.66,65,29.883,15.931,22.907,3276.995,93,37,12,27,12,9,4,477.01,146.81,67,1,11,-1.61,0,4055.17,22.159,193.47,0,1,1266.04,54.37,187.75,20,0,1520.02,47.13,169.05,17,0,1269.11,71.16,38.5,-98.0,1.901
United States,Kansas,Oats,2002,spring,183.0,448.8,2.452,119,137,16,7,1,13,4,4,0,32.47,62.94,80.87,64,29.707,15.727,22.717,3246.905,100,47,4,31,11,8,7,490.01,109.89,72,4,12,-5.51,1,3952.46,21.598,154.41,1,4,1232.34,25.39,143.14,29,0,1495.49,41.44,151.25,17,0,1224.63,62.94,38.5,-98.0,1.8651
United States,Kansas,Oats,2003,spring,183.0,457.66,2.501,125,139,16,9,1,14,8,5,0,28.31,61.54,77.66,58,28.623,14.984,21.803,3077.63,75,44,12,59,12,3,6,455.8,159.99,57,5,11,-3.14,1,3959.59,21.637,184.56,0,5,1248.32,38.72,87.68,25,0,1517.06,25.32,185.42,19,0,1194.21,61.54,38.5,-98.0,2.3314
United States,Kansas,Oats,2004,spring,183.0,559.96,3.06,114,123,11,6,0,19,4,2,1,51.2,68.02,87.07,69,28.041,14.797,21.419,3005.425,75,16,0,13,4,13,3,249.19,28.16,54,2,16,-1.17,0,4016.83,21.95,119.03,2,2,1313.57,20.56,307.48,9,0,1408.58,68.02,133.45,5,0,1294.68,39.81,38.5,-98.0,1.5423
United States,Kansas,Oats,2005,spring,183.0,522.54,2.855,123,131,15,7,1,20,5,3,0,33.92,52.42,80.89,60,28.757,15.677,22.217,3150.75,81,28,4,15,6,13,4,348.7,71.8,63,2,19,-1.21,0,4039.52,22.074,135.35,1,2,1324.5,30.54,218.58,17,0,1523.51,52.42,168.61,10,0,1191.51,35.18,38.5,-98.0,2.1162
United States,Kansas,Oats,2006,spring,183.0,507.03,2.771,116,128,15,4,1,13,4,3,0,31.04,60.52,88.37,67,29.81,15.981,22.896,3274.965,93,42,8,24,9,11,5,465.74,134.46,57,0,8,0.68,0,4085.95,22.328,149.25,3,0,1328.63,28.19,138.72,29,0,1562.03,30.86,219.06,10,0,1195.29,60.52,38.5,-98.0,1.6499
United States,Kansas,Oats,2007,spring,183.0,686.09,3.749,114,128,11,3,0,21,8,7,1,71.32,96.41,113.28,69,26.639,15.438,21.038,2965.92,59,11,0,16,9,6,1,166.37,14.19,43,8,14,-8.31,1,3768.04,20.59,325.95,0,8,1174.89,96.41,218.65,0,0,1352.65,43.41,141.49,11,0,1240.5,33.42,38.5,-98.0,1.614
United States,Kansas,Oats,2008,spring,183.0,647.01,3.536,113,128,13,6,0,28,6,4,0,38.36,54.27,71.85,70,26.964,14.413,20.688,2871.725,61,20,1,10,6,9,3,219.0,37.93,38,6,27,-1.41,2,3853.15,21.055,210.52,0,6,1263.92,46.92,215.22,15,0,1480.54,38.01,221.27,5,0,1108.69,54.27,38.5,-98.0,1.901
United States,Kansas,Oats,2009,spring,183.0,589.9,3.223,110,119,7,3,0,22,4,3,0,35.49,46.93,83.27,73,27.043,14.394,20.719,2883.645,62,19,0,14,5,9,3,234.45,31.35,38,5,16,-5.41,1,3824.76,20.9,178.4,0,5,1247.2,42.4,220.67,13,0,1444.31,46.93,190.83,6,0,1133.25,44.03,38.5,-98.0,1.901
United States,Kansas,Oats,2010,spring,183.0,559.3,3.056,116,133,12,4,0,14,7,5,0,41.2,68.74,94.06,67,29.523,16.461,22.992,3292.53,94,36,6,22,8,9,4,419.62,87.33,66,0,9,1.98,0,4037.51,22.063,158.35,0,0,1298.36,37.53,243.05,17,0,1467.54,68.74,157.9,19,0,1271.61,50.27,38.5,-98.0,1.7934
United States,Kansas,Oats,2011,spring,183.0,352.86,1.928,132,146,15,8,1,12,3,2,0,30.89,44.61,80.2,51,31.122,16.43,23.776,3436.635,106,69,30,49,25,7,9,745.34,311.56,75,1,10,-1.12,0,4070.36,22.242,133.89,4,1,1242.86,44.61,96.92,43,0,1569.55,20.9,122.05,22,0,1257.95,39.15,38.5,-98.0,1.363
United States,Kansas,Oats,2012,spring,183.0,314.41,1.718,140,149,15,8,1,9,3,3,0,33.37,55.74,58.58,43,31.545,16.842,24.193,3512.41,115,53,25,53,21,9,4,664.92,233.73,94,0,2,3.37,0,4178.71,22.834,101.56,3,0,1354.09,29.14,87.8,37,0,1618.41,50.6,125.05,13,0,1206.21,55.74,38.5,-98.0,1.1836
United States,Kansas,Oats,2013,spring,183.0,642.76,3.512,116,128,14,6,1,22,8,5,0,43.91,71.91,117.61,67,28.043,14.938,21.49,3032.935,79,29,3,14,9,8,5,342.5,72.05,55,11,25,-5.41,3,3799.13,20.76,179.95,2,11,1179.49,58.0,255.86,21,0,1433.25,71.91,206.95,6,0,1186.39,69.61,38.5,-98.0,1.5064
United States,Kansas,Oats,2014,spring,183.0,545.88,2.983,115,129,12,6,0,17,4,2,1,55.01,61.12,102.81,68,28.825,15.291,22.058,3122.55,92,32,2,16,10,12,3,360.59,68.47,61,4,20,-2.29,1,3950.77,21.589,87.9,4,4,1286.17,27.51,277.16,11,0,1443.04,61.12,180.82,17,0,1221.56,42.3,38.5,-98.0,2.0086
United States,Kansas,Oats,2015,spring,183.0,602.88,3.294,109,123,10,6,0,21,6,3,0,29.8,50.1,79.51,74,28.54,16.145,22.342,3173.675,83,28,0,18,6,10,4,315.09,40.47,56,0,9,0.3,0,3810.15,20.82,288.89,0,0,1150.24,50.1,187.53,20,0,1428.35,44.87,126.46,8,0,1231.56,37.61,38.5,-98.0,2.3314
United States,Kansas,Oats,2016,spring,183.0,724.94,3.961,105,112,14,5,1,22,12,6,0,38.02,66.54,96.68,78,27.898,15.98,21.939,3099.775,72,14,0,23,4,10,1,241.48,25.92,47,1,10,-0.57,0,3923.26,21.439,276.85,0,1,1238.74,61.1,213.01,11,0,1513.49,66.54,235.08,3,0,1171.03,35.89,38.5,-98.0,2.0444
United States,Kansas,Oats,2017,spring,183.0,473.55,2.588,114,126,13,3,0,13,6,4,0,38.06,51.24,61.39,69,28.468,15.472,21.97,3107.595,86,24,4,28,10,9,2,325.98,61.72,58,0,15,1.0,0,3946.31,21.565,254.23,0,0,1253.27,51.24,103.0,17,0,1511.67,22.53,116.32,7,0,1181.37,39.38,38.5,-98.0,1.9368
United States,Kansas,Oats,2018,spring,183.0,581.27,3.176,117,129,12,4,0,18,9,2,0,29.76,70.85,85.05,66,28.952,16.077,22.515,3230.785,96,29,0,12,6,12,4,367.0,51.41,66,12,21,-7.03,3,3967.38,21.68,140.87,1,12,1307.26,31.99,210.59,23,0,1536.22,44.52,229.81,5,0,1123.9,70.85,38.5,-98.0,1.7575
United States,Kansas,Oats,2019,spring,183.0,780.54,4.265,105,117,12,5,0,27,12,7,0,47.36,100.49,128.61,78,26.538,15.618,21.078,2944.57,58,1,0,10,1,8,0,102.66,0.09,37,4,11,-2.99,1,3875.51,21.178,374.94,0,4,1191.97,100.49,185.32,0,0,1565.81,68.48,220.28,1,0,1117.73,50.53,38.5,-98.0,2.2955
United States,Kansas,Oats,2020,spring,183.0,497.16,2.717,123,134,19,6,2,18,8,2,0,26.62,43.97,66.54,60,27.62,14.849,21.234,2979.89,82,19,0,20,7,8,2,297.5,27.35,55,11,16,-5.18,3,3965.75,21.671,153.89,0,11,1213.94,39.78,261.94,5,0,1543.38,43.97,81.33,14,0,1208.43,42.04,38.5,-98.0,1.8651
United States,Kansas,Oats,2021,spring,183.0,495.99,2.71,119,136,13,5,0,18,4,3,0,33.98,67.23,95.24,64,28.578,15.933,22.255,3159.65,92,38,2,31,6,10,7,389.95,86.73,69,4,17,-2.9,1,3889.68,21.255,194.96,0,4,1160.14,41.38,118.21,19,0,1482.07,37.66,182.82,19,0,1247.47,67.23,38.5,-98.0,1.7934
United States,Kansas,Oats,2022,spring,183.0,477.73,2.611,135,141,20,8,2,16,6,3,0,48.24,93.58,95.73,48,30.177,16.262,23.219,3334.165,109,55,8,24,12,11,8,562.94,145.34,86,3,17,-0.63,0,4076.52,22.276,207.6,0,3,1278.6,93.58,195.51,26,0,1486.48,45.94,74.62,29,0,1311.44,27.03,38.5,-98.0,1.4706
United States,Kansas,Oats,2023,spring,183.0,432.06,2.361,120,134,15,6,1,14,3,1,0,26.49,31.93,60.45,63,30.22,16.013,23.116,3315.53,103,40,15,30,11,10,5,488.8,143.39,69,2,17,-3.14,1,4065.65,22.217,102.88,1,2,1353.8,31.61,215.83,18,0,1435.1,29.21,113.35,21,0,1276.75,31.93,38.5,-98.0,2.3672
United States,Kansas,Oats,2024,spring,183.0,471.18,2.575,116,132,11,7,0,12,4,2,0,32.88,47.2,64.88,67,30.267,16.482,23.374,3362.5,101,40,6,31,13,8,4,459.51,117.66,68,0,10,0.78,0,4007.22,21.897,121.75,0,0,1314.07,33.0,194.59,24,0,1465.98,40.09,154.84,16,0,1227.17,47.2,38.5,-98.0,2.3672
United States,Kansas,Oats,2025,spring,183.0,704.65,3.851,103,117,11,3,0,28,9,3,0,48.12,58.14,86.28,80,28.178,16.011,22.094,3128.25,72,15,1,12,4,10,2,248.38,26.65,49,1,9,-2.63,0,3844.34,21.007,199.13,0,1,1266.53,53.81,270.73,8,0,1467.36,58.14,234.79,7,0,1110.45,41.44,38.5,-98.0,2.0803
United States,Minnesota,Oats,1990,spring,183.0,643.99,3.519,109,121,14,5,1,23,5,2,1,50.52,71.58,81.33,74,21.007,9.337,15.172,1936.295,2,0,0,1,0,0,0,4.75,0.0,2,23,45,-7.67,2,3402.76,18.594,151.73,0,23,1104.53,35.49,324.73,0,0,1276.95,71.58,167.53,0,0,1021.28,49.48,46.0,-94.0,2.3672
United States,Minnesota,Oats,1991,spring,183.0,668.22,3.651,92,110,7,2,0,23,4,2,0,37.11,63.91,85.82,91,21.297,10.407,15.852,2023.02,10,0,0,6,0,2,0,11.91,0.0,5,17,44,-5.15,4,3373.14,18.432,244.96,0,16,1048.94,51.92,247.85,0,0,1287.23,32.5,175.41,0,1,1036.97,63.91,46.0,-94.0,1.4347
United States,Minnesota,Oats,1992,spring,183.0,452.06,2.47,116,136,16,5,1,15,5,2,0,27.16,52.78,70.82,67,20.093,8.363,14.228,1744.09,2,0,0,1,0,0,0,3.34,0.0,1,19,49,-10.02,3,3243.93,17.726,105.91,0,19,1107.91,31.95,201.2,0,0,1209.56,52.78,144.95,0,0,926.46,36.24,46.0,-94.0,2.5107
United States,Minnesota,Oats,1993,spring,183.0,641.71,3.507,98,114,9,3,0,19,4,2,0,34.18,53.59,70.98,85,19.189,8.513,13.851,1659.35,2,0,0,1,0,0,0,0.25,0.0,1,19,56,-6.48,4,3136.28,17.138,191.1,0,18,1048.52,53.59,270.34,0,0,1159.25,48.08,180.27,0,1,928.51,30.83,46.0,-94.0,1.7934
United States,Minnesota,Oats,1994,spring,183.0,569.46,3.112,107,119,14,4,1,19,4,3,0,28.1,46.96,69.26,76,21.143,9.634,15.388,1946.745,2,0,0,1,0,0,0,2.15,0.0,0,23,41,-7.74,5,3419.26,18.684,151.79,0,23,1206.91,46.96,234.93,0,0,1277.56,42.38,182.74,0,0,934.79,41.18,46.0,-94.0,1.9727
United States,Minnesota,Oats,1995,spring,183.0,591.87,3.234,98,122,13,3,0,20,5,1,0,34.76,75.21,84.64,85,20.296,9.475,14.886,1891.615,7,0,0,5,0,1,0,9.31,0.0,5,24,53,-12.98,3,3310.28,18.089,138.65,0,23,1087.37,27.19,204.43,0,0,1278.82,49.75,248.79,0,1,944.09,75.21,46.0,-94.0,1.7216
United States,Minnesota,Oats,1996,spring,183.0,403.94,2.207,112,125,11,6,0,12,0,0,0,18.55,39.91,55.12,71,20.1,8.8,14.45,1828.455,4,0,0,2,0,0,0,4.91,0.0,2,29,48,-8.7,4,3475.37,18.991,127.37,0,29,1207.41,39.91,177.8,0,0,1231.71,24.47,98.77,0,0,1036.25,23.86,46.0,-94.0,2.0086
United States,Minnesota,Oats,1997,spring,183.0,479.92,2.623,110,133,20,3,1,16,4,1,0,25.97,44.84,65.83,73,20.405,9.124,14.765,1866.225,3,0,0,1,0,0,0,3.21,0.0,0,23,53,-12.63,4,3470.37,18.964,62.56,0,23,1182.89,16.16,266.78,0,0,1315.4,44.84,150.58,0,0,972.08,32.09,46.0,-94.0,2.0803
United States,Minnesota,Oats,1998,spring,183.0,452.02,2.47,115,134,21,3,2,12,3,2,0,32.44,39.09,53.78,68,23.067,11.017,17.042,2216.465,12,0,0,2,0,0,0,16.83,0.0,6,10,32,-3.34,3,3681.79,20.119,121.81,0,10,1307.43,34.99,209.63,0,0,1283.18,38.01,120.58,0,0,1091.18,24.33,46.0,-94.0,2.2596
United States,Minnesota,Oats,1999,spring,183.0,657.89,3.595,92,111,12,3,0,20,7,3,0,35.27,82.64,102.06,91,21.356,10.291,15.824,1989.51,11,0,0,4,0,2,0,14.15,0.0,3,9,38,-3.4,3,3354.02,18.328,219.42,0,9,1085.19,82.64,265.37,0,0,1325.96,35.23,173.1,0,0,942.87,34.38,46.0,-94.0,2.1162
United States,Minnesota,Oats,2000,spring,183.0,406.53,2.221,112,123,9,2,0,10,2,0,0,23.58,40.78,55.96,71,22.023,9.449,15.736,2017.635,12,0,0,3,0,2,0,19.94,0.0,6,24,44,-5.3,1,3357.77,18.348,101.51,0,23,1137.7,23.1,219.75,0,0,1250.24,40.78,85.27,0,1,969.83,21.58,46.0,-94.0,2.5824
United States,Minnesota,Oats,2001,spring,183.0,633.94,3.464,108,130,12,4,0,19,7,4,1,57.78,83.1,91.68,75,21.328,10.267,15.798,2008.535,13,0,0,6,0,1,0,20.39,0.0,6,15,36,-6.75,3,3383.44,18.489,299.07,0,15,995.27,83.1,223.77,0,0,1329.11,57.97,111.1,0,0,1059.06,24.72,46.0,-94.0,2.152
United States,Minnesota,Oats,2002,spring,183.0,674.2,3.684,102,124,12,2,0,21,7,5,0,48.31,66.11,110.07,81,21.086,9.656,15.371,1972.83,14,0,0,5,0,1,0,17.64,0.0,8,28,53,-9.12,5,3418.44,18.68,127.87,0,28,1133.76,32.64,295.49,0,0,1283.16,66.11,250.84,0,0,1001.52,49.06,46.0,-94.0,2.0086
United States,Minnesota,Oats,2003,spring,183.0,529.84,2.895,118,132,12,6,0,17,6,4,0,34.72,65.73,89.98,65,21.607,9.7,15.654,2013.64,16,1,0,7,1,3,0,33.64,0.53,14,16,41,-7.62,2,3540.33,19.346,179.13,0,15,1164.36,47.42,242.5,0,0,1347.93,65.73,108.21,1,1,1028.04,64.02,46.0,-94.0,2.5466
United States,Minnesota,Oats,2004,spring,183.0,506.93,2.77,110,131,17,3,2,14,4,3,0,33.06,39.97,63.85,73,21.155,8.969,15.062,1865.34,8,0,0,3,0,2,0,10.39,0.0,5,17,45,-5.29,3,3313.84,18.108,177.43,0,17,1050.72,39.97,175.39,0,0,1308.54,36.34,154.11,0,0,954.58,39.7,46.0,-94.0,2.5107
United States,Minnesota,Oats,2005,spring,183.0,392.1,2.143,116,137,8,3,0,12,4,1,0,25.81,27.38,49.0,67,23.496,11.215,17.355,2284.105,27,5,0,9,2,4,0,95.41,6.06,22,16,36,-4.4,4,3361.92,18.371,115.06,0,16,1012.42,26.04,161.95,2,0,1321.52,27.38,115.09,3,0,1027.98,25.99,46.0,-94.0,2.2238
United States,Minnesota,Oats,2006,spring,183.0,268.77,1.469,124,146,12,5,0,4,0,0,0,14.88,26.36,35.24,59,24.101,11.614,17.857,2363.475,38,8,1,14,4,4,1,117.52,22.4,25,8,35,-4.22,2,3572.9,19.524,87.46,0,8,1117.93,26.36,70.33,8,0,1475.38,14.36,110.98,0,0,979.59,24.38,46.0,-94.0,2.0086
United States,Minnesota,Oats,2007,spring,183.0,404.82,2.212,118,138,15,6,1,11,2,1,0,35.15,54.12,76.32,65,23.616,10.958,17.287,2331.66,43,3,0,14,1,6,0,84.36,1.78,32,16,32,-11.32,1,3571.67,19.517,103.27,0,16,1178.07,27.67,102.41,2,0,1437.04,23.45,199.14,1,0,956.56,54.12,46.0,-94.0,2.152
United States,Minnesota,Oats,2008,spring,183.0,547.17,2.99,116,133,14,4,1,21,4,1,0,32.95,50.24,69.71,67,20.957,9.098,15.027,1896.14,7,0,0,3,0,1,0,7.77,0.0,6,18,54,-6.47,3,3439.11,18.793,180.55,0,18,1093.25,36.98,202.36,0,0,1319.99,50.24,164.26,0,0,1025.87,38.66,46.0,-94.0,2.439
United States,Minnesota,Oats,2009,spring,183.0,382.76,2.092,127,141,17,4,1,11,3,2,0,45.46,47.13,73.99,56,20.904,9.223,15.064,1882.44,3,0,0,3,0,1,0,4.03,0.0,2,17,47,-5.42,2,3509.28,19.176,66.92,0,17,1211.92,16.97,190.21,0,0,1272.76,46.43,125.63,0,0,1024.6,47.13,46.0,-94.0,2.5466
United States,Minnesota,Oats,2010,spring,183.0,685.15,3.744,101,120,9,3,0,25,8,4,0,33.04,49.87,74.72,82,21.863,10.876,16.369,2084.365,8,0,0,2,0,0,0,5.41,0.0,2,6,37,-4.04,1,3385.67,18.501,114.08,0,6,1165.36,32.93,284.01,0,0,1233.82,32.78,287.06,0,0,986.49,49.87,46.0,-94.0,2.4748
United States,Minnesota,Oats,2011,spring,183.0,585.2,3.198,108,125,14,2,1,22,4,1,0,26.54,56.37,63.59,75,20.677,9.882,15.279,1926.935,8,0,0,2,0,0,0,8.57,0.0,3,21,50,-3.91,4,3330.4,18.199,210.56,0,21,1023.62,56.37,247.08,0,0,1279.2,32.23,127.56,0,0,1027.58,31.18,46.0,-94.0,1.9368
United States,Minnesota,Oats,2012,spring,183.0,621.86,3.398,118,130,10,7,0,23,10,5,0,37.55,73.61,129.9,65,22.764,10.807,16.786,2171.15,16,0,0,4,0,1,0,22.57,0.0,12,10,34,-4.71,3,3602.65,19.687,296.29,0,10,1098.58,73.61,255.74,0,0,1380.05,67.54,69.83,0,0,1124.02,16.05,46.0,-94.0,2.2238
United States,Minnesota,Oats,2013,spring,183.0,501.35,2.74,117,135,19,4,1,17,3,1,0,48.32,71.18,78.93,66,21.075,9.786,15.43,2031.26,19,1,0,7,1,3,0,39.08,0.67,13,29,42,-8.1,4,3290.93,17.983,184.7,0,29,996.02,49.77,201.72,0,0,1257.42,71.18,114.93,1,0,1037.49,24.87,46.0,-94.0,2.0444
United States,Minnesota,Oats,2014,spring,183.0,706.13,3.859,105,119,8,3,0,23,6,5,0,38.62,68.09,84.36,78,19.854,9.319,14.587,1824.54,0,0,0,0,0,0,0,0.0,0.0,0,20,53,-7.93,4,3320.26,18.143,268.66,0,20,1091.75,52.4,226.35,0,0,1274.33,44.48,211.12,0,0,954.18,47.62,46.0,-94.0,2.2596
United States,Minnesota,Oats,2015,spring,183.0,560.21,3.061,113,126,10,1,0,20,4,3,0,42.39,57.66,60.63,70,22.055,10.298,16.176,2075.56,4,0,0,2,0,0,0,3.91,0.0,4,14,41,-4.92,3,3480.12,19.017,165.83,0,14,1126.99,41.82,213.29,0,0,1357.94,36.34,181.09,0,0,995.19,57.66,46.0,-94.0,2.7976
United States,Minnesota,Oats,2016,spring,183.0,636.62,3.479,113,121,11,4,0,20,7,5,1,80.81,108.13,121.34,70,21.504,10.745,16.124,2102.235,6,0,0,3,0,1,0,10.92,0.0,2,17,33,-6.67,2,3377.23,18.455,119.27,0,17,1124.86,42.63,266.89,0,0,1300.65,108.13,250.46,0,0,951.72,61.39,46.0,-94.0,2.439
United States,Minnesota,Oats,2017,spring,183.0,607.41,3.319,110,124,10,4,0,24,7,1,0,35.76,44.41,71.79,73,20.983,9.998,15.491,1941.445,4,0,0,1,0,0,0,4.98,0.0,3,10,38,-4.93,3,3358.52,18.353,186.06,0,10,1042.01,39.95,166.12,0,0,1385.16,33.84,255.23,0,0,931.35,44.41,46.0,-94.0,2.69
United States,Minnesota,Oats,2018,spring,183.0,541.46,2.959,113,131,14,3,1,16,6,2,0,35.26,46.45,73.55,70,21.208,10.23,15.719,2119.565,7,0,0,2,0,0,0,5.33,0.0,4,25,38,-16.61,3,3456.02,18.885,84.12,0,23,1272.78,24.36,255.88,0,0,1290.01,46.45,201.46,0,2,893.23,39.18,46.0,-94.0,2.1162
United States,Minnesota,Oats,2019,spring,183.0,669.48,3.658,99,119,7,1,0,26,7,2,0,28.19,44.07,70.28,84,20.299,9.836,15.068,1897.475,2,0,0,1,0,0,0,0.78,0.0,0,16,44,-4.88,2,3295.83,18.01,201.82,0,16,1023.87,43.55,214.95,0,0,1336.67,35.07,252.71,0,0,935.29,44.07,46.0,-94.0,2.2238
United States,Minnesota,Oats,2020,spring,183.0,456.89,2.497,117,133,10,4,0,14,4,2,0,33.67,56.16,68.68,66,20.74,10.003,15.371,1987.565,7,0,0,3,0,1,0,6.29,0.0,4,23,47,-10.11,3,3596.72,19.654,85.67,0,23,1212.68,18.76,214.11,0,0,1422.53,42.87,157.11,0,0,961.51,56.16,46.0,-94.0,2.3672
United States,Minnesota,Oats,2021,spring,183.0,431.52,2.358,130,140,17,6,1,13,5,3,0,30.36,52.56,74.12,53,23.357,11.363,17.36,2298.605,36,2,0,7,1,5,0,76.05,1.47,28,13,38,-5.88,4,3578.45,19.554,128.23,0,13,1103.74,50.96,95.89,2,0,1420.12,25.91,207.4,0,0,1054.59,52.56,46.0,-94.0,2.0444
United States,Minnesota,Oats,2022,spring,183.0,568.25,3.105,111,127,11,2,0,18,7,1,0,31.13,61.27,79.66,72,20.987,10.233,15.61,2033.375,9,0,0,2,0,0,0,13.87,0.0,5,25,43,-7.84,4,3339.71,18.25,238.96,0,25,973.17,61.27,166.1,0,0,1362.4,40.12,163.19,0,0,1004.14,37.2,46.0,-94.0,2.1879
United States,Minnesota,Oats,2023,spring,183.0,411.91,2.251,120,140,11,4,0,14,3,1,0,26.98,49.76,80.66,63,22.699,10.972,16.835,2279.675,22,3,0,5,2,3,0,54.76,5.38,15,19,31,-14.05,2,3407.78,18.622,140.35,0,19,1158.48,43.05,108.24,0,0,1336.88,45.17,163.32,3,0,912.42,49.76,46.0,-94.0,2.7618
United States,Minnesota,Oats,2024,spring,183.0,707.19,3.864,105,118,12,5,0,25,7,4,1,61.63,66.94,87.03,78,21.821,10.951,16.386,2103.98,1,0,0,1,0,0,0,0.65,0.0,1,11,34,-3.33,2,3400.71,18.583,263.4,0,11,1103.25,66.94,283.55,0,0,1283.07,53.26,160.24,0,0,1014.39,48.78,46.0,-94.0,3.1563
United States,Minnesota,Oats,2025,spring,183.0,541.11,2.957,105,128,13,3,0,17,5,3,0,36.36,43.18,63.13,78,22.082,10.944,16.513,2145.995,11,0,0,2,0,0,0,8.35,0.0,5,14,41,-6.37,3,3261.61,17.823,149.16,0,14,1147.99,43.18,259.73,0,0,1206.54,42.88,132.22,0,0,907.08,21.14,46.0,-94.0,3.1204
United States,Montana,Oats,1990,spring,183.0,282.34,1.543,117,143,27,4,1,5,0,0,0,19.62,33.88,44.03,66,20.928,6.794,13.861,1688.17,16,1,0,4,1,1,0,31.08,0.49,12,28,70,-8.4,6,3937.42,21.516,139.06,0,28,1186.2,33.88,71.48,1,0,1520.08,14.86,71.8,0,0,1231.14,32.65,47.0,-110.0,1.4347
United States,Montana,Oats,1991,spring,183.0,384.66,2.102,90,120,11,4,0,7,0,0,0,14.83,39.25,54.55,93,20.23,6.767,13.499,1663.815,17,0,0,5,0,2,0,26.31,0.0,13,30,63,-6.35,3,3814.93,20.847,197.01,0,28,1106.41,39.25,125.74,0,0,1522.31,25.32,61.91,0,2,1186.21,17.02,47.0,-110.0,1.9727
United States,Montana,Oats,1992,spring,183.0,339.0,1.852,121,135,14,7,1,5,2,1,0,31.36,59.51,74.25,62,20.218,6.379,13.298,1554.27,4,0,0,1,0,0,0,3.65,0.0,3,20,70,-5.65,4,3696.24,20.198,94.41,0,15,1221.9,18.07,186.93,0,0,1359.39,59.51,57.66,0,5,1114.95,18.39,47.0,-110.0,2.0086
United States,Montana,Oats,1993,spring,183.0,520.97,2.847,79,118,6,0,0,15,0,0,0,19.66,39.04,60.83,104,17.651,4.905,11.278,1189.435,2,0,0,1,0,0,0,3.38,0.0,2,32,85,-4.05,8,3540.86,19.349,97.83,0,27,1244.82,18.45,287.17,0,0,1208.17,39.04,135.97,0,5,1087.87,34.57,47.0,-110.0,2.3314
United States,Montana,Oats,1994,spring,183.0,239.45,1.308,128,150,28,6,2,5,0,0,0,12.57,34.84,43.4,55,21.664,7.375,14.519,1805.68,21,0,0,4,0,2,0,25.69,0.0,19,21,61,-7.09,3,3767.3,20.586,126.28,0,21,1155.85,34.84,86.13,0,0,1485.77,20.86,27.04,0,0,1125.68,6.2,47.0,-110.0,1.7216
United States,Montana,Oats,1995,spring,183.0,438.3,2.395,96,117,10,4,0,9,3,1,0,29.05,46.85,62.06,87,18.848,5.513,12.18,1412.77,9,0,0,2,0,0,0,12.08,0.0,5,42,79,-8.53,7,3680.52,20.112,153.72,0,38,1141.71,36.58,209.28,0,0,1383.36,46.85,75.3,0,4,1155.45,17.47,47.0,-110.0,2.1162
United States,Montana,Oats,1996,spring,183.0,261.61,1.43,115,145,12,8,0,3,0,0,0,19.38,30.85,38.64,68,19.891,6.206,13.048,1549.19,17,0,0,5,0,2,0,27.6,0.0,13,36,80,-4.45,7,3712.46,20.287,134.06,0,31,981.01,30.85,58.14,0,0,1569.38,11.81,69.41,0,5,1162.07,30.78,47.0,-110.0,1.4347
United States,Montana,Oats,1997,spring,183.0,449.56,2.457,89,126,13,3,0,11,1,0,0,21.95,46.68,82.55,94,19.256,6.176,12.716,1577.675,4,0,0,1,0,0,0,1.73,0.0,2,31,58,-17.7,4,3846.17,21.017,135.83,0,30,1183.98,46.68,233.81,0,0,1470.24,38.94,79.92,0,1,1191.95,17.39,47.0,-110.0,1.9727
United States,Montana,Oats,1998,spring,183.0,353.31,1.931,107,129,17,3,2,8,0,0,0,17.41,35.31,60.22,76,21.313,7.795,14.554,1787.87,25,0,0,5,0,3,0,41.22,0.0,19,20,64,-4.95,3,3867.71,21.135,89.71,0,19,1298.82,20.44,186.27,0,1,1406.42,35.31,77.33,0,0,1162.47,28.52,47.0,-110.0,1.9368
United States,Montana,Oats,1999,spring,183.0,324.09,1.771,108,135,12,4,0,5,0,0,0,19.92,30.36,41.4,75,19.326,5.723,12.525,1478.25,18,0,0,3,0,1,0,28.89,0.0,14,35,83,-8.95,6,3728.7,20.375,116.3,0,32,1171.96,30.36,99.85,0,0,1471.61,20.85,107.94,0,3,1085.13,23.78,47.0,-110.0,1.6499
United States,Montana,Oats,2000,spring,183.0,281.42,1.538,117,144,23,7,1,3,0,0,0,17.57,29.44,38.48,66,21.351,6.847,14.099,1731.155,28,4,0,8,2,3,0,68.14,1.69,23,29,68,-8.77,6,3813.88,20.841,107.02,0,23,1203.92,24.79,120.19,3,1,1486.37,29.44,54.21,1,5,1123.59,20.25,47.0,-110.0,1.7934
United States,Montana,Oats,2001,spring,183.0,278.03,1.519,122,149,24,5,2,6,0,0,0,16.59,38.14,48.65,61,22.281,7.517,14.899,1884.155,32,1,0,6,1,4,0,60.23,1.1,27,28,59,-6.09,4,3992.44,21.817,58.54,0,28,1284.55,12.0,166.88,0,0,1471.23,38.14,52.61,1,0,1236.66,33.98,47.0,-110.0,1.5782
United States,Montana,Oats,2002,spring,183.0,344.03,1.88,117,136,11,5,0,9,1,0,0,24.47,33.62,44.88,66,20.126,5.781,12.954,1584.77,23,5,0,4,4,4,1,58.34,12.57,14,44,74,-14.88,9,3770.11,20.602,87.16,0,40,1179.62,23.34,136.21,5,0,1485.4,29.84,120.66,0,4,1105.09,33.62,47.0,-110.0,1.6499
United States,Montana,Oats,2003,spring,183.0,277.36,1.516,123,138,18,7,3,5,0,0,0,13.37,26.32,40.87,60,21.531,7.622,14.577,1822.655,35,10,0,11,2,3,0,118.42,8.35,30,28,68,-5.71,7,3821.12,20.88,143.64,0,25,1173.0,26.32,82.29,6,0,1542.93,18.4,51.43,4,3,1105.19,20.13,47.0,-110.0,1.5782
United States,Montana,Oats,2004,spring,183.0,343.56,1.877,107,132,12,4,0,5,1,0,0,20.25,41.63,59.5,76,19.553,6.257,12.905,1486.545,9,0,0,3,0,1,0,17.81,0.0,6,24,70,-6.18,7,3725.69,20.359,133.09,0,23,1176.5,41.63,133.62,0,0,1451.3,41.21,76.85,0,1,1097.89,17.3,47.0,-110.0,2.152
United States,Montana,Oats,2005,spring,183.0,343.47,1.877,110,134,10,5,0,5,0,0,0,17.62,36.91,51.15,73,20.272,6.392,13.332,1597.13,24,1,0,5,1,3,0,52.24,0.43,20,29,75,-8.18,6,3771.68,20.61,101.32,0,27,1179.09,32.58,158.69,1,0,1470.66,36.91,83.46,0,2,1121.93,16.43,47.0,-110.0,1.901
United States,Montana,Oats,2006,spring,183.0,371.93,2.032,121,144,17,5,1,8,2,2,0,30.11,43.87,63.07,62,21.77,7.654,14.712,1820.64,25,2,0,5,2,6,0,54.4,0.63,20,21,59,-4.81,5,3948.73,21.578,151.65,0,18,1237.42,41.87,127.33,2,0,1593.74,43.87,92.95,0,3,1117.57,29.99,47.0,-110.0,1.6499
United States,Montana,Oats,2007,spring,183.0,374.87,2.048,108,132,12,5,0,8,2,1,0,26.9,47.98,74.93,75,21.666,7.248,14.457,1825.645,34,5,0,12,1,3,0,92.84,6.0,29,24,69,-11.96,4,3816.83,20.857,205.1,0,23,1152.05,47.98,102.74,5,0,1545.55,26.93,67.03,0,1,1119.23,10.53,47.0,-110.0,1.7934
United States,Montana,Oats,2008,spring,183.0,373.02,2.038,123,138,13,7,0,9,4,1,0,31.72,76.96,112.84,60,19.33,5.782,12.556,1510.55,16,0,0,2,0,0,0,30.4,0.0,12,35,81,-10.86,5,3737.47,20.423,178.18,0,34,1073.29,76.96,107.13,0,1,1526.17,36.16,87.71,0,0,1138.01,22.78,47.0,-110.0,1.8292
United States,Montana,Oats,2009,spring,183.0,361.81,1.977,102,132,10,5,0,7,0,0,0,18.53,27.15,35.97,81,19.811,6.12,12.965,1563.645,10,0,0,2,0,0,0,7.98,0.0,6,34,66,-8.54,5,3841.37,20.991,113.53,0,32,1209.42,22.97,156.64,0,1,1460.95,24.47,91.64,0,1,1171.0,27.15,47.0,-110.0,2.0086
United States,Montana,Oats,2010,spring,183.0,510.79,2.791,91,113,9,3,0,12,2,1,0,28.26,45.39,63.6,92,18.32,5.553,11.937,1372.15,4,0,0,1,0,0,0,4.49,0.0,3,36,77,-6.37,6,3653.51,19.965,193.5,0,36,1131.1,37.43,171.87,0,0,1450.61,45.39,145.42,0,0,1071.8,38.75,47.0,-110.0,2.1879
United States,Montana,Oats,2011,spring,183.0,431.85,2.36,114,137,14,6,1,13,3,1,0,26.59,46.31,83.3,69,19.118,6.047,12.583,1509.455,13,0,0,3,0,1,0,17.09,0.0,12,36,79,-9.32,1,3818.47,20.866,260.39,0,36,1042.04,42.19,131.67,0,0,1554.07,46.31,39.79,0,0,1222.36,12.08,47.0,-110.0,1.7934
United States,Montana,Oats,2012,spring,183.0,270.55,1.478,128,145,24,4,2,7,1,0,0,20.6,34.71,38.5,55,21.867,7.316,14.591,1807.97,27,0,0,5,0,3,0,57.61,0.0,23,27,58,-7.26,8,3932.19,21.487,157.97,0,27,1188.03,34.71,91.88,0,0,1526.43,23.19,20.7,0,0,1217.73,6.0,47.0,-110.0,1.614
United States,Montana,Oats,2013,spring,183.0,424.05,2.317,114,131,14,6,1,12,3,1,0,29.91,52.76,103.34,69,20.729,7.306,14.018,1775.275,25,0,0,6,0,2,0,30.26,0.0,20,29,61,-10.91,5,3793.81,20.731,166.6,0,27,1141.01,50.08,152.36,0,0,1544.91,52.76,105.09,0,2,1107.89,24.0,47.0,-110.0,1.9368
United States,Montana,Oats,2014,spring,183.0,409.63,2.238,104,129,9,5,0,5,3,1,1,75.33,111.55,120.4,79,19.827,6.728,13.278,1572.71,15,0,0,4,0,2,0,13.75,0.0,12,32,65,-7.12,7,3669.93,20.054,105.48,0,29,1174.41,14.62,107.43,0,0,1461.99,26.69,196.72,0,3,1033.53,111.55,47.0,-110.0,2.4748
United States,Montana,Oats,2015,spring,183.0,333.65,1.823,116,137,13,4,0,6,2,0,0,24.03,38.29,48.15,67,20.823,7.367,14.095,1713.795,20,0,0,5,0,1,0,29.76,0.0,17,28,59,-5.51,6,3738.38,20.428,151.01,0,28,1196.88,38.29,116.79,0,0,1441.55,30.81,65.85,0,0,1099.95,20.28,47.0,-110.0,1.901
United States,Montana,Oats,2016,spring,183.0,369.48,2.019,116,132,12,8,0,9,1,0,0,22.37,37.96,44.57,67,20.877,6.987,13.932,1665.575,14,0,0,3,0,1,0,24.03,0.0,11,18,63,-6.41,6,3823.7,20.895,153.19,0,16,1154.74,36.31,100.26,0,0,1588.04,37.96,116.03,0,2,1080.92,34.56,47.0,-110.0,1.6858
United States,Montana,Oats,2017,spring,183.0,283.67,1.55,128,146,25,6,2,6,2,0,0,24.25,50.47,55.29,55,21.798,7.646,14.722,1818.135,38,1,0,10,1,5,0,80.55,0.49,36,24,66,-6.63,6,3937.88,21.518,129.39,0,20,1245.61,22.7,68.95,1,0,1600.21,33.36,85.33,0,4,1092.06,50.47,47.0,-110.0,1.6858
United States,Montana,Oats,2018,spring,183.0,443.42,2.423,100,124,14,3,2,11,1,1,0,26.46,47.47,76.57,83,19.904,7.06,13.482,1659.97,16,2,0,4,2,1,0,35.59,1.85,13,26,57,-15.45,4,3647.55,19.932,178.37,0,23,1174.21,41.15,167.6,0,0,1475.49,47.47,97.45,2,3,997.85,23.01,47.0,-110.0,1.5423
United States,Montana,Oats,2019,spring,183.0,429.15,2.345,100,122,13,1,0,10,0,0,0,16.48,30.76,38.77,83,18.986,6.723,12.854,1529.49,8,0,0,3,0,1,0,11.09,0.0,5,31,64,-8.64,7,3569.67,19.506,150.34,0,27,1070.57,29.81,139.13,0,0,1451.33,22.59,139.68,0,4,1047.77,30.76,47.0,-110.0,1.9727
United States,Montana,Oats,2020,spring,183.0,347.93,1.901,127,142,14,7,1,9,1,1,0,34.66,60.17,77.04,56,20.18,6.634,13.407,1662.205,13,0,0,2,0,0,0,15.74,0.0,12,28,62,-13.84,5,3828.82,20.923,128.11,0,26,1231.27,31.65,172.89,0,0,1486.5,60.17,46.93,0,2,1111.05,18.8,47.0,-110.0,1.614
United States,Montana,Oats,2021,spring,183.0,276.21,1.509,127,146,18,6,1,6,0,0,0,17.8,35.52,40.92,56,21.889,7.784,14.837,1902.33,38,3,0,7,2,6,0,79.06,0.63,32,31,63,-7.2,3,3666.02,20.033,130.32,0,31,1124.03,26.68,62.69,3,0,1527.04,10.64,83.2,0,0,1014.95,35.52,47.0,-110.0,1.2554
United States,Montana,Oats,2022,spring,183.0,330.28,1.805,115,132,12,4,0,7,1,0,0,21.43,24.76,47.43,68,20.858,7.494,14.176,1824.74,41,5,0,9,1,5,0,90.71,4.49,35,37,62,-15.75,6,3748.17,20.482,110.21,0,37,1132.44,21.14,136.67,1,0,1452.27,24.76,83.4,4,0,1163.46,23.35,47.0,-110.0,1.363
United States,Montana,Oats,2023,spring,183.0,478.82,2.617,103,124,12,5,0,13,1,1,1,51.49,70.05,89.97,80,20.879,8.088,14.483,1841.17,15,1,0,5,1,2,0,25.56,0.18,14,22,50,-12.42,4,3700.68,20.222,174.84,0,22,1176.69,32.2,186.68,1,0,1430.01,70.05,117.3,0,0,1093.98,40.88,47.0,-110.0,1.3271
United States,Montana,Oats,2024,spring,183.0,398.67,2.179,117,138,15,5,1,10,4,2,1,54.08,80.62,93.51,66,21.231,7.9,14.566,1813.015,29,2,0,13,2,4,0,59.9,2.09,22,21,60,-7.83,3,3731.86,20.393,148.49,0,21,1162.92,53.98,100.37,2,0,1484.28,29.77,149.81,0,0,1084.66,80.62,47.0,-110.0,1.1836
United States,Montana,Oats,2025,spring,183.0,350.57,1.916,108,133,9,3,0,8,1,0,0,20.93,29.64,36.77,75,21.693,8.211,14.952,1870.855,15,0,0,2,0,0,0,27.25,0.0,8,18,53,-7.31,4,3805.18,20.793,117.31,0,18,1225.71,29.64,165.5,0,0,1427.85,22.02,67.76,0,0,1151.62,13.38,47.0,-110.0,1.5782
United States,Nebraska,Oats,1990,spring,183.0,368.42,2.013,125,140,11,7,0,10,1,0,0,24.12,36.77,41.25,58,26.602,12.216,19.409,2657.86,69,25,4,24,7,9,3,284.31,60.22,55,11,32,-6.71,3,3892.46,21.27,141.79,0,11,1172.74,27.53,124.82,15,0,1503.6,26.2,101.81,10,0,1216.12,36.77,41.5,-99.8,1.7216
United States,Nebraska,Oats,1991,spring,183.0,421.36,2.303,121,132,17,6,1,13,4,1,0,27.72,44.05,68.09,62,26.484,12.967,19.725,2696.38,60,20,1,15,5,7,3,231.04,44.41,46,6,32,-1.9,2,3797.84,20.753,229.06,0,5,1145.84,44.05,98.22,13,0,1434.24,17.47,94.08,7,1,1217.76,40.7,41.5,-99.8,1.9368
United States,Nebraska,Oats,1992,spring,183.0,405.42,2.215,117,133,16,4,2,9,2,1,0,41.1,74.27,77.48,66,24.726,10.749,17.737,2338.735,23,1,0,4,1,2,0,41.47,1.94,14,8,26,-5.79,3,3687.65,20.151,51.81,0,8,1282.33,17.21,201.3,0,0,1257.9,25.32,152.31,1,0,1147.42,74.27,41.5,-99.8,2.5107
United States,Nebraska,Oats,1993,spring,183.0,635.72,3.474,98,110,11,2,0,20,3,2,0,30.43,48.65,81.86,85,22.915,10.539,16.727,2169.755,20,0,0,3,0,1,0,30.91,0.0,10,13,34,-3.93,4,3608.74,19.72,153.6,0,13,1127.83,31.3,358.45,0,0,1386.47,48.65,123.67,0,0,1094.44,27.95,41.5,-99.8,1.5423
United States,Nebraska,Oats,1994,spring,183.0,423.12,2.312,115,135,11,5,0,11,3,1,0,25.66,42.83,65.29,68,26.08,12.226,19.153,2623.59,53,4,0,7,2,8,0,148.17,6.91,33,17,26,-7.47,3,3979.42,21.745,82.93,0,17,1299.24,28.93,266.38,1,0,1518.47,42.83,73.81,3,0,1161.71,25.41,41.5,-99.8,1.7934
United States,Nebraska,Oats,1995,spring,183.0,523.13,2.859,106,124,9,4,0,13,6,2,1,51.71,81.05,101.43,77,23.905,11.017,17.461,2319.575,58,23,0,11,4,7,5,220.05,38.61,43,18,47,-6.04,6,3636.99,19.874,260.57,0,16,993.51,81.05,147.41,8,0,1478.75,36.68,115.15,15,2,1164.73,40.55,41.5,-99.8,1.7934
United States,Nebraska,Oats,1996,spring,183.0,536.87,2.934,99,117,12,1,0,14,3,3,1,52.99,75.04,95.43,84,24.074,10.974,17.524,2309.22,38,3,0,11,2,4,0,77.04,2.83,21,12,39,-5.91,2,3633.21,19.854,177.17,0,12,1143.37,75.04,154.14,3,0,1435.39,27.9,205.56,0,0,1054.45,71.35,41.5,-99.8,2.5466
United States,Nebraska,Oats,1997,spring,183.0,442.88,2.42,102,128,14,4,1,10,3,2,0,28.16,44.57,51.61,81,24.875,11.508,18.192,2473.73,54,13,0,14,4,6,2,178.07,21.44,29,14,37,-9.01,1,3802.43,20.778,117.59,0,14,1175.64,39.61,157.19,10,0,1508.87,40.72,168.1,3,0,1117.92,44.57,41.5,-99.8,2.3314
United States,Nebraska,Oats,1998,spring,183.0,429.54,2.347,112,130,12,4,0,12,2,1,0,27.71,59.47,81.66,71,26.173,12.511,19.342,2629.615,63,16,1,11,5,8,2,220.28,33.96,46,10,33,-3.98,3,3925.04,21.448,107.06,0,10,1296.87,31.06,233.05,8,0,1431.8,59.47,89.43,8,0,1196.37,17.45,41.5,-99.8,2.0086
United States,Nebraska,Oats,1999,spring,183.0,470.45,2.571,107,133,9,4,0,13,4,1,0,27.1,42.08,69.31,76,24.684,11.665,18.175,2425.195,50,12,0,14,4,8,2,149.58,18.11,37,10,31,-3.78,2,3784.07,20.678,171.77,0,10,1156.8,29.39,190.49,10,0,1413.76,42.08,108.19,2,0,1213.51,20.1,41.5,-99.8,2.2238
United States,Nebraska,Oats,2000,spring,183.0,329.01,1.798,124,138,15,5,2,10,1,0,0,22.86,28.04,37.48,59,27.748,12.497,20.123,2782.04,83,34,1,17,10,10,4,363.14,65.55,60,10,30,-4.14,4,3925.5,21.451,108.33,1,10,1228.89,28.04,158.53,11,0,1515.84,24.19,62.15,22,0,1180.77,12.53,41.5,-99.8,1.5064
United States,Nebraska,Oats,2001,spring,183.0,495.63,2.708,116,132,12,7,0,10,5,4,0,42.29,51.68,73.1,67,26.638,12.751,19.694,2696.61,61,26,0,17,6,9,4,288.65,52.46,43,7,25,-5.59,2,3973.5,21.713,231.57,0,7,1235.83,51.68,136.19,17,0,1528.02,29.78,127.87,9,0,1209.65,29.79,41.5,-99.8,2.1879
United States,Nebraska,Oats,2002,spring,183.0,254.06,1.388,130,152,18,8,2,6,0,0,0,18.13,29.72,41.73,53,27.742,12.96,20.351,2825.84,80,45,5,20,13,8,4,424.58,105.56,52,8,34,-7.3,2,4055.41,22.161,81.52,1,8,1302.63,21.21,63.02,34,0,1585.59,12.87,109.52,10,0,1167.19,29.72,41.5,-99.8,1.5423
United States,Nebraska,Oats,2003,spring,183.0,375.5,2.052,120,133,11,11,0,9,2,1,0,27.08,37.41,55.74,63,26.462,12.256,19.359,2656.605,72,25,2,17,5,7,3,292.06,60.93,56,7,26,-9.08,1,3988.28,21.794,190.37,1,7,1214.2,37.41,138.66,14,0,1490.69,31.5,46.47,10,0,1283.39,14.6,41.5,-99.8,2.6183
United States,Nebraska,Oats,2004,spring,183.0,496.55,2.713,108,123,14,5,1,18,1,1,0,40.18,57.51,58.36,75,25.664,11.804,18.734,2522.85,49,13,0,11,3,5,1,148.78,19.34,33,5,25,-6.48,1,3981.77,21.758,136.1,2,5,1313.17,29.89,193.69,6,0,1448.76,32.18,166.76,5,0,1219.84,57.51,41.5,-99.8,2.439
United States,Nebraska,Oats,2005,spring,183.0,407.43,2.226,126,142,13,5,0,12,3,3,0,49.9,66.1,89.87,57,26.384,12.827,19.605,2680.765,64,19,4,20,7,8,2,236.66,45.56,50,9,28,-3.48,2,4000.02,21.858,140.78,0,9,1263.47,37.66,145.23,13,0,1533.15,66.1,121.42,6,0,1203.4,50.54,41.5,-99.8,2.6183
United States,Nebraska,Oats,2006,spring,183.0,340.38,1.86,130,144,23,6,1,8,3,2,0,32.35,42.15,43.4,53,27.642,13.127,20.385,2816.575,74,28,2,26,7,8,4,314.61,73.0,50,5,24,-2.81,2,4024.6,21.992,49.44,2,5,1352.58,15.83,141.71,22,0,1551.31,38.16,149.23,4,0,1120.71,42.15,41.5,-99.8,1.614
United States,Nebraska,Oats,2007,spring,183.0,610.72,3.337,109,125,9,3,0,15,5,4,1,59.64,89.82,114.68,74,25.173,12.539,18.856,2587.775,49,3,0,6,1,7,0,122.23,1.34,31,11,21,-9.26,3,3851.81,21.048,317.45,0,11,1219.65,89.82,156.0,1,0,1490.5,55.95,137.27,2,0,1141.66,26.54,41.5,-99.8,2.1879
United States,Nebraska,Oats,2008,spring,183.0,623.24,3.406,104,118,8,4,0,16,4,3,1,51.78,106.13,136.74,79,23.988,10.924,17.456,2315.105,30,4,0,9,2,4,0,74.14,8.28,19,19,37,-5.53,3,3986.07,21.782,310.14,0,19,1233.94,106.13,188.53,2,0,1555.48,28.24,124.57,2,0,1196.65,34.34,41.5,-99.8,2.5107
United States,Nebraska,Oats,2009,spring,183.0,527.51,2.883,97,115,8,5,0,18,1,0,0,21.36,33.7,60.72,86,23.335,10.963,17.149,2253.515,22,1,0,5,1,3,0,45.87,0.28,14,12,33,-8.98,1,3765.9,20.579,144.58,0,12,1222.67,24.51,244.79,1,0,1385.51,33.7,138.14,0,0,1157.72,32.39,41.5,-99.8,2.4748
United States,Nebraska,Oats,2010,spring,183.0,658.84,3.6,108,119,10,2,0,23,8,5,0,43.42,114.55,179.37,75,24.668,12.114,18.391,2450.69,41,0,0,6,0,4,0,76.2,0.0,28,6,28,-1.43,1,3998.07,21.847,153.78,0,6,1274.25,26.35,356.95,0,0,1496.25,114.55,148.11,0,0,1227.57,32.1,41.5,-99.8,2.439
United States,Nebraska,Oats,2011,spring,183.0,436.52,2.385,118,132,15,6,2,14,5,1,0,31.21,45.15,65.94,65,25.129,11.816,18.472,2480.935,56,15,0,21,4,7,1,191.26,22.92,42,9,40,-6.46,3,3797.93,20.754,167.76,0,9,1154.42,45.15,195.98,7,0,1452.37,38.72,72.78,8,0,1191.14,17.57,41.5,-99.8,2.2596
United States,Nebraska,Oats,2012,spring,183.0,222.14,1.214,148,155,31,8,2,4,2,1,0,29.95,48.63,68.38,35,29.277,14.094,21.685,3053.415,88,53,7,26,14,7,6,510.65,160.44,71,0,15,0.43,0,4171.36,22.794,152.5,0,0,1293.51,48.63,45.01,37,0,1608.94,12.15,24.63,16,0,1268.91,11.59,41.5,-99.8,2.0444
United States,Nebraska,Oats,2013,spring,183.0,465.02,2.541,117,128,10,4,0,16,3,3,0,29.78,45.94,63.26,66,25.917,12.361,19.139,2661.9,62,27,2,19,7,6,3,272.01,62.08,41,23,32,-9.83,5,3848.29,21.029,171.25,0,23,1198.23,45.94,133.03,11,0,1520.4,30.42,160.74,16,0,1129.66,34.06,41.5,-99.8,2.3314
United States,Nebraska,Oats,2014,spring,183.0,475.8,2.6,112,129,10,5,0,17,2,2,0,35.25,64.48,101.14,71,25.047,11.601,18.324,2463.97,45,7,0,9,3,6,1,113.45,11.93,30,11,35,-6.06,2,3921.12,21.427,73.48,0,11,1253.24,17.42,239.7,7,0,1481.13,64.48,162.62,0,0,1186.75,37.85,41.5,-99.8,2.8694
United States,Nebraska,Oats,2015,spring,183.0,491.99,2.688,104,121,9,4,0,12,3,2,0,41.09,43.55,56.47,79,25.813,12.765,19.289,2616.99,59,13,0,12,3,10,1,186.33,16.92,39,3,27,-2.36,1,3757.0,20.53,176.74,0,3,1142.96,38.99,181.91,6,0,1487.59,35.81,133.34,7,0,1126.45,43.55,41.5,-99.8,2.4031
United States,Nebraska,Oats,2016,spring,183.0,546.17,2.985,115,129,14,5,1,15,6,3,0,43.09,77.45,96.38,68,25.319,12.518,18.918,2561.12,51,6,0,8,1,9,0,130.81,2.35,36,5,29,-1.93,0,3937.62,21.517,285.51,0,5,1247.18,77.45,181.65,5,0,1563.53,30.84,79.01,1,0,1126.91,22.63,41.5,-99.8,2.152
United States,Nebraska,Oats,2017,spring,183.0,515.73,2.818,111,132,12,2,0,14,5,5,0,43.74,84.93,136.53,72,25.762,12.462,19.112,2591.545,54,14,0,13,3,5,1,188.97,29.62,36,3,28,-2.2,1,3934.8,21.502,149.68,0,3,1236.15,32.78,87.69,13,0,1536.96,14.51,278.36,1,0,1161.69,84.93,41.5,-99.8,1.7575
United States,Nebraska,Oats,2018,spring,183.0,581.61,3.178,111,120,11,3,0,21,5,2,0,32.55,79.21,89.81,72,24.478,12.05,18.264,2505.12,49,2,0,6,1,7,0,101.27,0.29,38,17,31,-13.36,2,3802.08,20.776,215.43,0,17,1202.91,79.21,251.18,2,0,1505.71,40.38,115.0,0,0,1093.46,28.63,41.5,-99.8,2.4748
United States,Nebraska,Oats,2019,spring,183.0,679.78,3.715,97,117,11,3,0,22,5,3,0,47.36,63.67,99.82,86,24.034,11.909,17.971,2403.73,31,2,0,8,2,3,0,56.58,1.53,22,8,35,-7.63,2,3782.96,20.672,229.85,0,8,1160.14,63.67,227.99,2,0,1524.35,49.15,221.94,0,0,1098.47,36.55,41.5,-99.8,2.2596
United States,Nebraska,Oats,2020,spring,183.0,337.22,1.843,131,142,19,7,2,9,4,1,0,25.43,49.85,60.99,52,25.524,11.993,18.758,2570.23,65,12,0,14,6,11,1,206.97,14.77,52,14,33,-7.82,3,4044.79,22.103,147.03,0,14,1271.31,49.85,155.05,2,0,1563.07,37.88,35.14,10,0,1210.41,14.46,41.5,-99.8,2.2596
United States,Nebraska,Oats,2021,spring,183.0,364.01,1.989,127,140,11,8,0,12,2,1,0,28.51,30.37,44.33,56,26.457,12.959,19.708,2716.37,66,17,1,13,4,8,2,238.78,30.04,51,15,31,-6.3,1,3907.92,21.355,123.9,0,15,1188.46,23.28,111.23,11,0,1535.9,29.54,128.88,6,0,1183.56,30.37,41.5,-99.8,2.0086
United States,Nebraska,Oats,2022,spring,183.0,319.51,1.746,136,151,21,6,2,9,3,1,0,32.97,43.45,71.79,47,27.916,13.108,20.512,2856.69,88,40,4,19,6,8,6,407.03,89.9,70,14,31,-6.78,3,4092.6,22.364,132.83,0,14,1292.92,43.45,143.01,21,0,1567.15,31.92,43.67,19,0,1232.53,20.85,41.5,-99.8,1.8292
United States,Nebraska,Oats,2023,spring,183.0,452.02,2.47,114,132,26,4,2,16,1,1,0,25.48,63.87,92.22,69,26.776,13.155,19.966,2753.765,63,18,4,11,7,10,3,243.84,66.36,47,12,26,-6.29,3,4041.49,22.085,173.09,0,12,1349.58,63.87,174.28,5,0,1474.52,33.74,104.65,13,0,1217.39,26.24,41.5,-99.8,1.901
United States,Nebraska,Oats,2024,spring,183.0,422.0,2.306,122,133,18,6,1,14,4,1,0,27.3,39.06,73.53,61,26.92,13.056,19.988,2750.335,72,20,0,16,9,8,2,227.22,27.67,55,7,25,-3.84,2,3973.77,21.715,195.54,0,7,1317.28,39.06,180.77,10,0,1474.45,34.28,45.69,10,0,1182.04,10.61,41.5,-99.8,2.4748
United States,Nebraska,Oats,2025,spring,183.0,565.07,3.088,108,127,19,3,1,20,6,3,0,34.2,62.83,77.49,75,26.316,13.002,19.659,2689.17,55,14,0,11,8,7,2,187.88,25.12,36,8,18,-5.64,1,3782.39,20.669,133.02,0,8,1238.76,37.08,302.47,5,0,1461.22,62.83,129.58,9,0,1082.41,34.44,41.5,-99.8,1.7934
United States,North Dakota,Oats,1990,spring,183.0,364.99,1.994,128,143,23,6,2,12,0,0,0,19.93,34.2,55.61,55,23.109,9.138,16.124,2105.36,36,0,0,4,0,3,0,58.01,0.0,20,25,46,-7.52,3,3797.12,20.749,77.36,0,25,1205.88,25.63,215.28,0,0,1462.4,34.2,72.35,0,0,1128.84,17.16,47.5,-100.5,1.8292
United States,North Dakota,Oats,1991,spring,183.0,372.59,2.036,121,133,14,7,1,7,0,0,0,19.29,30.36,38.96,62,23.481,10.209,16.845,2198.895,31,5,0,8,3,4,1,78.85,6.23,23,21,46,-5.21,5,3529.94,19.289,120.47,0,19,1056.82,27.88,137.05,3,0,1411.01,25.57,115.07,2,2,1062.11,30.36,47.5,-100.5,1.7934
United States,North Dakota,Oats,1992,spring,183.0,265.17,1.449,132,147,19,6,2,4,2,0,0,21.18,28.58,43.1,51,21.643,7.755,14.699,1839.365,21,1,0,4,1,2,0,34.56,1.92,17,23,48,-8.26,4,3555.2,19.427,75.85,0,21,1208.23,23.59,130.11,0,0,1327.36,28.58,59.21,1,2,1019.61,19.75,47.5,-100.5,2.439
United States,North Dakota,Oats,1993,spring,183.0,564.45,3.084,111,128,28,5,1,18,6,6,0,38.75,58.73,130.96,72,19.86,7.272,13.566,1593.75,3,0,0,2,0,0,0,2.7,0.0,1,21,56,-7.24,5,3386.5,18.505,116.46,0,20,1135.36,18.77,394.39,0,0,1212.03,58.73,53.6,0,1,1039.11,12.71,47.5,-100.5,2.5107
United States,North Dakota,Oats,1994,spring,183.0,331.56,1.812,120,135,15,7,1,6,1,1,0,34.88,43.6,54.21,63,22.465,9.085,15.775,2025.295,21,0,0,5,0,2,0,44.02,0.0,14,23,40,-6.71,2,3675.55,20.085,81.03,0,23,1277.45,28.77,148.33,0,0,1366.73,34.46,102.2,0,0,1031.37,43.6,47.5,-100.5,2.1879
United States,North Dakota,Oats,1995,spring,183.0,349.06,1.907,123,137,14,6,1,12,0,0,0,18.74,41.95,63.76,60,21.173,8.543,14.858,1880.295,24,3,0,4,2,4,0,58.45,2.44,16,27,61,-11.0,4,3572.94,19.524,124.0,0,24,1080.56,41.95,153.55,0,0,1397.85,30.91,71.51,3,3,1094.53,30.57,47.5,-100.5,1.7216
United States,North Dakota,Oats,1996,spring,183.0,316.9,1.732,114,139,17,5,1,5,0,0,0,16.53,28.75,38.44,69,21.355,8.246,14.801,1900.575,25,3,0,5,1,4,0,60.28,2.67,19,31,53,-12.66,6,3522.13,19.247,81.98,0,30,1056.7,19.73,151.03,0,0,1380.14,24.42,83.89,3,1,1085.29,28.75,47.5,-100.5,1.7934
United States,North Dakota,Oats,1997,spring,183.0,295.06,1.612,136,151,14,7,2,5,2,2,0,34.63,63.24,64.98,47,22.527,8.791,15.659,2090.395,28,2,0,5,2,6,0,60.86,0.36,19,22,50,-20.31,4,3787.18,20.695,98.08,0,22,1231.66,63.24,153.21,0,0,1451.5,51.06,43.77,2,0,1104.02,12.94,47.5,-100.5,1.5782
United States,North Dakota,Oats,1998,spring,183.0,355.26,1.941,121,141,15,4,2,11,1,0,0,23.73,51.5,55.87,62,23.529,10.304,16.917,2185.475,31,2,0,6,1,3,0,54.23,0.95,23,11,42,-4.79,3,3770.95,20.606,79.39,0,11,1274.76,17.81,171.46,0,0,1359.85,51.5,104.41,2,0,1136.34,28.1,47.5,-100.5,2.152
United States,North Dakota,Oats,1999,spring,183.0,494.02,2.7,112,131,22,3,1,11,6,5,0,46.24,72.05,100.96,71,21.014,8.428,14.721,1833.515,13,3,0,5,2,2,0,32.99,3.56,8,16,48,-9.6,2,3629.64,19.834,192.32,0,14,1175.12,59.99,139.12,3,0,1429.96,32.14,162.58,0,2,1024.56,72.05,47.5,-100.5,1.8292
United States,North Dakota,Oats,2000,spring,183.0,440.2,2.405,108,129,13,3,0,9,2,1,1,61.77,79.43,98.44,75,22.121,8.723,15.422,1973.9,24,3,0,6,2,3,0,41.36,3.45,17,22,46,-10.5,2,3586.22,19.597,124.94,0,21,1142.45,28.4,201.88,1,0,1388.73,79.43,113.38,2,1,1055.04,22.32,47.5,-100.5,2.2596
United States,North Dakota,Oats,2001,spring,183.0,347.27,1.898,121,138,22,4,2,10,0,0,0,17.47,40.02,66.94,62,23.129,9.697,16.413,2137.56,35,6,0,7,2,5,0,104.98,7.39,26,20,37,-7.39,4,3729.71,20.381,86.5,0,19,1215.38,15.56,232.25,0,0,1374.96,40.02,28.52,6,1,1139.37,7.21,47.5,-100.5,2.2238
United States,North Dakota,Oats,2002,spring,183.0,298.94,1.634,122,141,22,5,1,6,1,1,0,32.66,38.78,42.26,61,22.935,8.925,15.93,2096.72,45,10,2,9,4,7,1,149.08,28.5,31,35,58,-10.61,6,3638.74,19.884,72.34,0,33,1201.09,21.32,146.37,9,0,1394.58,38.78,80.23,1,2,1043.07,19.74,47.5,-100.5,1.5064
United States,North Dakota,Oats,2003,spring,183.0,374.97,2.049,123,142,16,6,1,10,2,2,0,33.84,35.29,60.97,60,23.025,9.744,16.384,2129.18,39,10,0,11,7,5,1,133.86,15.24,34,12,45,-7.39,2,3570.93,19.513,160.51,0,11,1109.05,30.94,137.79,2,0,1365.95,33.81,76.67,8,1,1095.93,35.29,47.5,-100.5,2.1162
United States,North Dakota,Oats,2004,spring,183.0,371.19,2.028,117,137,10,4,0,8,2,1,0,40.65,47.27,52.86,66,21.259,7.88,14.569,1787.91,17,1,0,5,1,1,0,33.95,0.96,8,26,49,-6.02,5,3570.74,19.512,125.04,0,26,1180.44,37.23,131.19,1,0,1410.29,47.27,114.96,0,0,980.01,23.2,47.5,-100.5,2.2955
United States,North Dakota,Oats,2005,spring,183.0,442.87,2.42,121,135,17,4,2,11,4,3,0,46.45,61.62,102.31,62,22.876,9.631,16.253,2089.245,30,2,0,4,1,4,0,62.39,1.54,18,16,40,-5.28,3,3649.82,19.944,111.22,0,16,1129.63,32.04,260.44,2,0,1432.64,61.62,71.21,0,0,1087.55,19.82,47.5,-100.5,2.1162
United States,North Dakota,Oats,2006,spring,183.0,284.61,1.555,135,149,21,5,3,10,1,1,0,26.48,27.78,39.24,48,24.435,10.443,17.439,2284.68,45,10,0,10,3,5,1,139.3,19.22,33,15,36,-6.31,5,3758.45,20.538,77.15,0,14,1204.65,23.65,97.97,9,0,1487.56,17.98,109.49,1,1,1066.24,27.78,47.5,-100.5,1.4706
United States,North Dakota,Oats,2007,spring,183.0,467.88,2.557,127,142,11,6,0,13,8,3,0,41.78,59.44,91.3,56,22.854,9.457,16.156,2146.215,30,6,1,6,3,4,1,92.29,18.32,25,16,41,-14.23,1,3677.03,20.093,231.98,0,16,1159.21,59.44,142.87,6,0,1468.6,41.72,93.03,0,0,1049.22,29.71,47.5,-100.5,2.1162
United States,North Dakota,Oats,2008,spring,183.0,397.81,2.174,120,140,14,5,1,13,2,1,0,48.1,54.36,75.62,63,21.937,8.585,15.261,1919.965,23,0,0,5,0,1,0,40.82,0.0,16,26,52,-5.02,5,3736.33,20.417,73.15,0,26,1206.69,20.51,206.38,0,0,1436.09,54.36,118.28,0,0,1093.55,22.53,47.5,-100.5,1.8292
United States,North Dakota,Oats,2009,spring,183.0,313.15,1.711,137,147,14,7,2,9,2,2,0,27.69,35.39,43.7,46,21.142,8.212,14.677,1826.635,9,1,0,3,1,1,0,18.28,0.69,8,24,56,-9.25,5,3688.19,20.154,91.34,0,24,1232.58,35.39,151.2,0,0,1399.52,29.4,70.61,1,0,1056.09,28.5,47.5,-100.5,2.439
United States,North Dakota,Oats,2010,spring,183.0,528.54,2.888,109,126,14,5,1,15,4,3,1,51.8,57.05,72.67,74,21.626,9.423,15.524,1942.89,17,3,0,3,1,3,0,41.25,4.25,11,16,44,-4.22,3,3590.71,19.621,163.45,0,15,1132.31,35.8,208.74,0,0,1405.81,39.91,156.35,3,1,1052.59,57.05,47.5,-100.5,2.1879
United States,North Dakota,Oats,2011,spring,183.0,513.23,2.805,103,121,14,3,1,14,6,1,0,29.08,54.41,64.96,80,20.93,8.794,14.862,1869.645,12,0,0,2,0,0,0,19.97,0.0,6,20,54,-7.17,3,3530.48,19.292,161.97,0,20,1041.49,36.49,232.6,0,0,1357.62,54.41,118.66,0,0,1131.37,35.29,47.5,-100.5,1.8651
United States,North Dakota,Oats,2012,spring,183.0,285.57,1.56,127,146,18,6,1,6,1,0,0,20.13,26.87,32.26,56,24.029,10.165,17.097,2230.91,38,5,0,8,1,5,0,116.54,10.14,28,12,41,-6.09,3,3632.15,19.848,117.6,0,11,1118.28,26.87,120.54,3,0,1427.05,24.43,47.43,2,1,1086.82,16.09,47.5,-100.5,2.2238
United States,North Dakota,Oats,2013,spring,183.0,482.0,2.634,119,135,14,7,1,14,6,3,0,43.98,68.52,88.92,64,21.185,8.815,15.0,1968.96,18,1,0,4,1,2,0,39.23,1.35,13,32,42,-9.53,3,3602.51,19.686,207.69,0,32,1120.05,68.52,157.13,0,0,1410.62,38.66,117.18,1,0,1071.84,47.76,47.5,-100.5,2.2238
United States,North Dakota,Oats,2014,spring,183.0,439.77,2.403,117,127,14,5,1,11,3,3,0,40.93,51.81,69.83,66,20.613,8.299,14.456,1810.885,7,0,0,2,0,0,0,10.1,0.0,4,28,58,-15.49,5,3482.32,19.029,114.91,0,27,1151.1,36.02,155.38,0,0,1317.44,51.81,169.48,0,1,1013.78,49.75,47.5,-100.5,2.6183
United States,North Dakota,Oats,2015,spring,183.0,337.74,1.846,126,139,13,9,0,9,1,0,0,20.19,33.57,52.55,57,23.0,9.734,16.367,2115.11,29,6,0,5,4,5,1,86.72,7.42,22,18,46,-5.96,3,3719.83,20.327,112.26,0,18,1180.26,33.57,154.53,0,0,1431.83,24.95,70.95,6,0,1107.74,29.42,47.5,-100.5,2.6542
United States,North Dakota,Oats,2016,spring,183.0,380.14,2.077,118,140,13,4,0,12,1,1,0,26.95,33.35,48.48,65,23.09,9.91,16.5,2145.515,25,2,0,5,1,2,0,67.4,0.89,17,16,40,-6.83,3,3728.83,20.376,138.03,0,16,1183.25,32.87,135.74,1,0,1498.77,23.82,106.37,1,0,1046.81,23.99,47.5,-100.5,2.3672
United States,North Dakota,Oats,2017,spring,183.0,284.33,1.554,134,149,23,7,1,7,4,2,0,31.26,33.21,48.65,49,23.434,9.658,16.546,2141.585,38,7,0,9,2,5,0,100.62,8.77,29,14,42,-6.41,4,3813.23,20.837,45.52,0,14,1255.88,15.22,99.68,6,0,1532.02,33.21,139.13,1,0,1025.33,26.89,47.5,-100.5,2.0803
United States,North Dakota,Oats,2018,spring,183.0,344.5,1.883,123,139,12,5,0,10,1,1,0,30.36,41.05,55.42,60,22.914,9.305,16.11,2169.95,31,5,0,6,3,4,1,85.42,10.73,22,23,48,-18.03,1,3730.5,20.385,71.95,0,21,1205.7,26.6,189.02,1,0,1501.88,38.37,83.53,4,2,1022.92,19.77,47.5,-100.5,2.9411
United States,North Dakota,Oats,2019,spring,183.0,542.94,2.967,112,130,10,5,0,16,4,3,0,38.76,46.25,82.54,71,21.384,9.302,15.343,1942.38,15,0,0,3,0,2,0,17.8,0.0,11,23,44,-6.03,5,3498.72,19.119,104.75,0,23,1100.23,27.04,160.78,0,0,1430.64,38.4,277.41,0,0,967.85,46.25,47.5,-100.5,3.0846
United States,North Dakota,Oats,2020,spring,183.0,244.74,1.337,136,153,21,7,2,6,1,1,0,39.41,54.78,63.51,47,22.503,9.24,15.872,2101.655,29,3,0,6,3,5,1,74.52,1.93,15,27,46,-11.27,2,3878.84,21.196,54.71,0,27,1250.92,19.75,125.76,0,0,1506.49,54.78,64.27,3,0,1121.43,15.84,47.5,-100.5,2.7976
United States,North Dakota,Oats,2021,spring,183.0,268.88,1.469,141,150,18,11,1,7,1,1,0,43.18,46.13,60.1,42,25.034,10.76,17.897,2410.225,56,15,0,13,5,8,1,205.29,30.35,48,20,43,-5.82,2,3658.48,19.992,69.29,0,20,1178.53,30.55,96.46,9,0,1468.74,20.69,103.13,6,0,1011.21,46.13,47.5,-100.5,1.7216
United States,North Dakota,Oats,2022,spring,183.0,382.93,2.093,118,137,16,3,1,12,4,1,0,30.17,47.36,54.1,65,21.964,9.388,15.676,2093.545,38,5,0,6,2,5,0,98.02,4.27,26,29,45,-15.89,3,3651.83,19.955,194.47,0,29,1081.16,47.36,135.36,3,0,1482.67,26.35,53.1,2,0,1088.0,10.11,47.5,-100.5,2.5824
United States,North Dakota,Oats,2023,spring,183.0,409.34,2.237,113,135,12,4,0,12,2,1,0,29.82,54.23,63.77,70,23.483,10.711,17.097,2273.17,31,3,0,4,1,5,0,67.75,1.7,19,20,36,-9.64,3,3554.5,19.423,117.42,0,20,1162.59,54.23,150.94,1,0,1384.69,46.28,140.98,2,0,1007.22,30.41,47.5,-100.5,2.7259
United States,North Dakota,Oats,2024,spring,183.0,383.58,2.096,121,142,15,3,1,13,4,1,0,25.79,35.52,45.29,62,23.465,10.315,16.89,2198.77,35,3,0,13,1,3,0,78.61,4.94,27,14,34,-4.66,3,3593.88,19.639,154.3,0,14,1159.18,35.52,146.1,2,0,1398.28,26.13,83.18,1,0,1036.42,31.05,47.5,-100.5,3.515
United States,North Dakota,Oats,2025,spring,183.0,425.68,2.326,118,136,11,6,0,11,2,1,1,64.71,91.25,131.18,65,23.351,10.414,16.882,2214.655,26,4,0,4,2,3,0,60.23,2.23,18,17,39,-7.53,4,3528.37,19.281,193.17,2,17,1179.5,91.25,132.86,1,0,1316.41,35.97,99.65,1,0,1032.46,32.77,47.5,-100.5,2.7618
United States,Oklahoma,Oats,1990,spring,183.0,561.08,3.066,117,125,21,5,2,16,8,3,1,51.12,79.17,101.52,66,29.007,17.083,23.045,3302.255,94,32,0,34,14,7,3,364.83,55.92,69,2,9,-0.99,1,3925.29,21.45,287.21,0,2,1193.27,79.17,90.09,11,0,1479.36,32.43,183.78,21,0,1252.66,67.41,35.5,-97.5,1.363
United States,Oklahoma,Oats,1991,spring,183.0,629.34,3.439,106,124,8,5,0,21,9,6,0,35.21,60.21,104.37,77,29.584,18.108,23.846,3448.89,88,31,0,23,8,7,3,351.99,50.54,62,0,2,4.4,0,3819.68,20.873,218.12,0,0,1207.99,44.26,155.51,19,0,1456.55,41.56,255.71,12,0,1155.14,60.21,35.5,-97.5,1.363
United States,Oklahoma,Oats,1992,spring,183.0,714.7,3.905,104,114,11,5,0,30,7,0,0,23.53,43.77,68.41,79,27.107,15.943,21.525,3024.12,57,0,0,12,0,9,0,104.95,0.0,34,0,5,0.01,0,3767.7,20.589,226.3,0,0,1184.87,37.81,278.06,0,0,1400.88,42.87,210.34,0,0,1181.95,43.77,35.5,-97.5,1.4347
United States,Oklahoma,Oats,1993,spring,183.0,681.52,3.724,123,129,17,5,1,24,7,4,1,91.27,128.28,146.22,60,27.774,16.643,22.209,3149.19,72,23,0,24,14,5,2,257.23,44.03,54,1,13,-0.39,0,3794.72,20.736,324.47,0,1,1117.82,128.28,146.7,9,0,1439.83,34.74,210.35,14,0,1237.07,60.69,35.5,-97.5,1.2554
United States,Oklahoma,Oats,1994,spring,183.0,494.24,2.701,118,134,9,9,0,16,6,3,0,43.89,64.25,92.86,65,30.081,16.969,23.525,3390.06,96,38,1,23,14,8,6,440.19,96.38,69,3,10,-2.78,1,4093.86,22.371,232.24,0,3,1271.95,64.25,128.96,21,0,1571.21,36.18,133.04,17,0,1250.7,40.7,35.5,-97.5,1.3271
United States,Oklahoma,Oats,1995,spring,183.0,779.54,4.26,109,124,21,5,1,24,13,12,0,40.96,79.04,143.53,74,28.217,16.515,22.366,3177.98,74,30,0,34,17,3,4,298.88,47.27,56,0,12,0.28,0,3786.38,20.691,300.14,0,0,1128.67,77.7,253.87,9,0,1482.65,79.04,225.53,21,0,1175.06,72.32,35.5,-97.5,1.3988
United States,Oklahoma,Oats,1996,spring,183.0,691.9,3.781,105,125,17,4,1,22,10,6,0,41.54,84.43,116.87,78,29.973,17.363,23.668,3416.455,92,31,6,26,12,10,5,416.22,107.09,56,2,12,-1.45,0,3900.42,21.314,126.91,8,2,1341.64,40.85,272.04,23,0,1446.98,84.43,292.95,0,0,1111.8,51.74,35.5,-97.5,1.2912
United States,Oklahoma,Oats,1997,spring,183.0,627.54,3.429,108,123,11,6,0,24,6,2,0,27.36,55.27,65.56,75,28.646,16.692,22.669,3238.02,90,29,0,17,5,8,3,317.6,32.61,57,5,10,-5.17,1,3917.63,21.408,255.35,0,5,1271.49,45.88,183.55,13,0,1459.58,47.36,188.64,16,0,1186.56,55.27,35.5,-97.5,1.5782
United States,Oklahoma,Oats,1998,spring,183.0,321.68,1.758,144,150,30,8,3,10,3,1,0,48.42,69.07,69.59,39,32.187,19.22,25.704,3788.76,123,79,20,89,26,6,7,803.64,275.48,100,0,11,1.26,0,4240.74,23.173,148.56,0,0,1364.15,69.07,70.73,45,0,1615.67,33.73,102.39,34,0,1260.92,40.87,35.5,-97.5,1.4706
United States,Oklahoma,Oats,1999,spring,183.0,622.01,3.399,107,133,22,4,2,22,8,4,1,60.98,105.43,112.5,76,29.547,17.476,23.511,3387.585,83,35,5,34,12,5,4,412.67,113.48,62,0,4,0.44,0,3984.51,21.773,272.1,0,0,1297.29,105.43,214.31,9,0,1413.2,54.6,135.6,26,0,1274.02,59.5,35.5,-97.5,1.5423
United States,Oklahoma,Oats,2000,spring,183.0,449.02,2.454,131,140,54,4,2,15,5,2,0,47.26,61.08,74.68,52,31.255,18.011,24.633,3592.84,107,63,17,51,20,6,5,647.21,231.22,84,0,7,0.2,0,4017.12,21.951,170.63,5,0,1282.75,61.08,252.03,14,0,1341.44,46.27,26.36,44,0,1392.93,25.04,35.5,-97.5,1.5782
United States,Oklahoma,Oats,2001,spring,183.0,476.08,2.602,126,141,13,8,0,15,6,4,0,44.29,74.9,95.4,57,30.687,18.554,24.62,3590.54,96,43,9,50,13,6,4,495.76,155.4,69,0,4,1.78,0,4138.69,22.616,207.66,0,0,1270.04,68.38,71.43,24,0,1616.4,18.39,196.99,19,0,1252.25,74.9,35.5,-97.5,1.363
United States,Oklahoma,Oats,2002,spring,183.0,541.3,2.958,121,135,14,5,1,18,8,3,0,39.89,48.06,76.33,62,29.952,17.688,23.82,3444.005,101,34,0,40,8,7,6,406.55,58.21,75,2,3,-0.37,1,3929.55,21.473,181.67,0,2,1121.78,45.54,177.08,12,0,1497.25,35.29,182.55,22,0,1310.52,48.06,35.5,-97.5,1.3271
United States,Oklahoma,Oats,2003,spring,183.0,439.76,2.403,126,136,27,8,2,16,4,1,0,31.93,67.94,77.41,57,30.746,17.569,24.157,3506.16,95,48,11,33,14,6,5,516.9,172.15,74,1,5,-2.39,0,4035.26,22.051,131.07,1,1,1322.68,32.26,146.42,24,0,1526.85,34.22,162.27,23,0,1185.73,67.94,35.5,-97.5,1.2912
United States,Oklahoma,Oats,2004,spring,183.0,508.98,2.781,122,132,13,6,0,16,5,3,0,47.72,87.35,102.01,61,29.419,17.24,23.329,3354.28,92,18,0,14,4,11,3,272.71,24.9,73,0,7,1.12,0,3935.23,21.504,83.46,1,0,1294.83,21.8,296.45,9,0,1351.3,87.35,129.07,8,0,1289.1,58.21,35.5,-97.5,1.3271
United States,Oklahoma,Oats,2005,spring,183.0,517.61,2.828,130,137,21,8,2,17,6,6,0,34.95,63.92,89.97,53,30.394,18.0,24.197,3513.065,114,30,1,25,7,8,5,435.89,55.55,83,0,4,3.08,0,4114.84,22.485,75.75,4,0,1257.03,31.38,213.35,16,0,1579.15,50.19,228.51,10,0,1278.66,63.92,35.5,-97.5,1.4706
United States,Oklahoma,Oats,2006,spring,183.0,427.13,2.334,129,141,21,7,2,13,6,6,0,31.19,59.91,76.98,54,32.201,18.719,25.46,3744.215,117,61,9,55,10,8,7,664.96,194.38,88,0,1,3.33,0,4306.41,23.532,156.82,8,0,1397.5,59.91,122.28,36,0,1624.21,41.03,148.03,17,0,1284.7,38.49,35.5,-97.5,1.076
United States,Oklahoma,Oats,2007,spring,183.0,989.77,5.409,102,115,15,5,1,32,15,14,2,68.24,136.46,143.97,81,26.897,17.358,22.127,3138.525,44,2,0,15,2,5,0,77.43,1.11,38,4,12,-2.44,1,3639.3,19.887,310.11,0,4,1093.57,102.17,464.58,0,0,1298.59,84.04,215.08,2,0,1247.14,136.46,35.5,-97.5,1.1119
United States,Oklahoma,Oats,2008,spring,183.0,635.09,3.47,119,135,17,6,1,19,9,6,1,54.31,81.27,89.85,64,28.907,17.057,22.982,3290.695,92,20,1,28,12,9,2,294.43,48.13,61,1,11,-0.45,0,4086.47,22.33,247.57,0,1,1404.71,81.27,203.37,13,0,1515.96,74.14,184.15,7,0,1165.8,65.76,35.5,-97.5,1.4347
United States,Oklahoma,Oats,2009,spring,183.0,615.41,3.363,108,126,9,4,0,18,7,4,0,38.28,60.69,86.66,75,29.278,17.06,23.169,3325.43,84,34,6,43,9,6,4,396.87,102.17,57,2,10,-4.02,1,3915.01,21.393,220.74,0,2,1188.74,56.86,163.2,27,0,1523.01,60.69,231.47,7,0,1203.26,53.77,35.5,-97.5,1.2195
United States,Oklahoma,Oats,2010,spring,183.0,578.57,3.162,122,130,17,6,1,18,6,3,1,63.24,91.88,97.01,61,30.47,18.877,24.674,3600.27,111,38,7,45,10,8,6,456.4,99.02,80,0,5,1.85,0,4082.17,22.307,191.47,0,0,1265.72,44.56,255.52,15,0,1481.79,91.88,131.58,23,0,1334.66,53.79,35.5,-97.5,1.1836
United States,Oklahoma,Oats,2011,spring,183.0,334.71,1.829,148,152,21,10,2,10,4,2,0,44.81,67.1,91.25,35,34.1,19.691,26.896,4006.905,129,95,58,100,60,5,5,1049.1,500.1,108,0,5,3.2,0,4272.61,23.348,179.12,4,0,1322.41,67.1,57.04,59,0,1644.53,21.58,98.55,32,0,1305.67,38.17,35.5,-97.5,1.4347
United States,Oklahoma,Oats,2012,spring,183.0,386.36,2.111,134,144,25,6,2,13,4,3,0,31.41,41.02,56.65,49,32.364,19.313,25.838,3813.385,123,62,23,57,33,10,4,726.51,264.26,102,0,0,5.87,0,4114.53,22.484,169.52,0,0,1295.38,41.02,73.43,38,0,1559.9,20.43,143.41,24,0,1259.25,39.81,35.5,-97.5,1.614
United States,Oklahoma,Oats,2013,spring,183.0,788.4,4.308,122,131,26,5,1,29,13,10,1,56.88,89.53,139.97,61,28.981,16.906,22.943,3288.585,91,26,0,26,8,9,5,346.7,45.85,70,4,16,-4.05,1,3956.14,21.618,348.13,0,4,1141.74,89.53,290.12,12,0,1515.91,63.16,150.15,14,0,1298.49,43.36,35.5,-97.5,1.363
United States,Oklahoma,Oats,2014,spring,183.0,469.77,2.567,134,140,12,7,0,14,6,5,0,42.6,61.44,84.44,49,30.42,17.688,24.054,3486.825,106,46,0,35,15,10,6,456.38,90.92,84,1,6,-0.86,0,4067.56,22.227,99.01,5,1,1369.49,25.71,292.87,18,0,1408.69,61.44,77.89,23,0,1289.38,41.54,35.5,-97.5,1.363
United States,Oklahoma,Oats,2015,spring,183.0,868.26,4.745,116,124,16,7,1,29,13,9,1,67.18,95.06,155.11,67,28.628,18.0,23.314,3351.48,87,8,0,13,4,10,2,234.94,9.87,72,0,1,2.48,0,3844.37,21.007,484.71,0,0,1087.7,95.06,290.65,1,0,1520.83,65.6,92.9,7,0,1235.84,32.54,35.5,-97.5,1.3988
United States,Oklahoma,Oats,2016,spring,183.0,559.02,3.055,111,124,11,7,0,21,5,2,0,44.7,75.07,93.29,72,29.555,18.572,24.063,3488.615,101,20,0,32,5,7,2,341.66,25.48,69,0,2,0.09,0,4045.17,22.105,235.49,0,0,1277.13,75.07,197.99,12,0,1525.1,39.93,125.54,8,0,1242.94,25.0,35.5,-97.5,1.5423
United States,Oklahoma,Oats,2017,spring,183.0,625.5,3.418,120,132,14,6,1,20,9,6,1,58.34,68.8,83.77,63,29.743,17.663,23.703,3422.605,99,32,2,27,12,13,4,369.56,57.94,76,0,3,3.62,0,4037.66,22.064,265.75,0,0,1318.31,60.7,96.49,28,0,1532.87,42.72,263.26,4,0,1186.48,68.8,35.5,-97.5,1.5064
United States,Oklahoma,Oats,2018,spring,183.0,647.07,3.536,127,138,14,6,1,22,8,4,1,69.91,82.8,94.85,56,30.025,18.348,24.187,3515.5,110,32,2,34,6,10,4,425.6,57.4,82,7,14,-4.3,3,4020.49,21.97,160.5,0,7,1394.52,39.05,219.48,20,0,1499.1,82.8,267.09,12,0,1126.87,70.79,35.5,-97.5,1.7216
United States,Oklahoma,Oats,2019,spring,183.0,827.56,4.522,112,122,20,3,1,27,14,9,0,46.87,86.14,149.25,71,28.811,18.376,23.594,3402.63,78,15,0,13,6,9,2,233.03,19.97,63,0,6,0.83,0,3973.36,21.712,448.95,0,0,1178.19,86.14,154.62,1,0,1574.31,31.89,223.99,14,0,1220.86,38.05,35.5,-97.5,1.7934
United States,Oklahoma,Oats,2020,spring,183.0,504.41,2.756,124,135,15,6,2,16,6,5,0,46.7,72.92,79.43,59,28.986,17.258,23.122,3317.575,94,24,1,37,4,6,5,337.09,26.85,68,3,11,-0.64,0,4066.66,22.222,150.7,0,3,1252.06,30.19,181.83,12,0,1553.77,61.98,171.88,12,0,1260.83,72.92,35.5,-97.5,1.614
United States,Oklahoma,Oats,2021,spring,183.0,578.16,3.159,121,137,25,4,1,17,11,5,0,48.01,101.87,157.79,62,29.071,17.728,23.4,3367.125,92,27,0,33,6,7,4,341.73,22.02,69,1,9,-0.63,0,3886.92,21.24,236.1,0,1,1113.18,41.01,255.3,9,0,1471.21,101.87,86.76,18,0,1302.53,23.75,35.5,-97.5,1.614
United States,Oklahoma,Oats,2022,spring,183.0,536.9,2.934,133,146,22,5,4,17,6,5,1,76.26,95.97,101.07,50,32.138,19.037,25.587,3767.475,125,68,18,49,29,9,5,723.49,231.16,102,0,6,1.57,0,4181.16,22.848,254.75,2,0,1299.15,89.86,193.2,39,0,1571.06,95.97,88.95,27,0,1310.95,35.92,35.5,-97.5,0.7173
United States,Oklahoma,Oats,2023,spring,183.0,590.46,3.227,117,128,21,5,2,19,6,5,0,46.7,98.88,153.31,66,30.88,18.366,24.623,3591.02,109,50,15,27,14,8,7,562.66,165.78,77,0,6,2.32,0,4075.82,22.272,206.61,0,0,1248.37,57.86,284.05,15,0,1510.44,98.88,99.8,35,0,1317.01,27.53,35.5,-97.5,2.152
United States,South Dakota,Oats,1990,spring,183.0,359.29,1.963,119,136,23,5,2,10,1,0,0,24.91,33.41,50.17,64,26.091,11.571,18.831,2563.455,66,17,2,17,3,9,2,247.43,36.52,44,22,28,-6.34,3,3879.8,21.201,125.61,0,22,1250.67,33.41,150.18,9,0,1455.81,32.7,83.5,8,0,1173.32,18.92,44.5,-100.0,2.0086
United States,South Dakota,Oats,1991,spring,183.0,467.24,2.553,125,139,17,9,1,15,4,3,0,43.85,61.88,113.73,58,25.971,12.502,19.236,2618.99,53,18,2,15,8,8,2,210.92,46.3,38,10,36,-4.76,2,3727.61,20.369,240.8,0,10,1117.12,58.27,149.12,9,0,1452.42,61.88,77.32,9,0,1158.07,26.58,44.5,-100.0,1.9727
United States,South Dakota,Oats,1992,spring,183.0,412.99,2.257,120,136,27,4,2,13,4,3,0,32.17,51.53,72.82,63,24.254,10.215,17.235,2266.04,26,4,0,4,1,3,0,65.58,5.38,20,11,27,-6.63,4,3523.77,19.256,36.62,2,11,1230.73,14.68,274.84,0,0,1209.71,51.53,101.53,2,0,1083.33,36.14,44.5,-100.0,2.3672
United States,South Dakota,Oats,1993,spring,183.0,472.55,2.582,101,121,11,2,0,9,1,1,0,33.15,36.91,53.78,82,22.699,9.798,16.248,2081.105,23,1,0,4,1,3,0,43.65,1.04,14,14,40,-5.2,5,3538.11,19.334,133.93,0,14,1164.89,22.38,261.31,0,0,1284.48,33.05,77.31,1,0,1088.74,36.91,44.5,-100.0,1.8651
United States,South Dakota,Oats,1994,spring,183.0,347.37,1.898,113,135,10,5,0,5,2,1,0,43.44,70.66,77.35,70,25.677,11.584,18.63,2523.945,57,8,0,7,2,8,0,148.65,9.14,38,17,30,-6.21,3,3804.06,20.787,79.55,0,17,1272.84,21.76,188.93,3,0,1430.61,70.66,78.89,5,0,1100.61,18.57,44.5,-100.0,2.0086
United States,South Dakota,Oats,1995,spring,183.0,481.9,2.633,110,132,10,5,0,17,2,0,0,21.1,45.9,63.47,73,23.309,10.67,16.989,2244.08,47,11,0,8,2,8,0,161.2,19.45,33,20,45,-7.83,5,3687.83,20.152,226.82,0,19,1075.37,44.48,168.36,4,0,1471.61,45.9,86.72,7,1,1140.85,23.1,44.5,-100.0,1.6499
United States,South Dakota,Oats,1996,spring,183.0,446.64,2.441,109,129,16,6,1,10,4,1,1,57.89,92.31,106.26,74,23.968,10.594,17.281,2272.065,53,7,0,11,2,8,0,148.88,6.87,37,21,48,-5.78,3,3678.19,20.099,159.26,0,21,1039.55,46.7,104.07,4,0,1496.44,19.09,183.31,3,0,1142.2,92.31,44.5,-100.0,2.152
United States,South Dakota,Oats,1997,spring,183.0,485.08,2.651,105,127,14,4,1,16,4,2,0,28.81,47.6,50.6,78,23.241,10.567,16.904,2265.715,33,2,0,6,2,6,0,71.41,0.35,13,17,37,-15.44,2,3745.07,20.465,168.44,0,17,1162.09,47.6,236.5,2,0,1466.74,46.17,80.14,0,0,1116.24,17.98,44.5,-100.0,1.9727
United States,South Dakota,Oats,1998,spring,183.0,360.13,1.968,117,143,11,7,0,11,2,1,0,26.47,44.75,52.93,66,26.009,12.498,19.253,2610.425,59,16,1,14,4,9,2,205.94,36.95,42,9,27,-4.11,3,3835.65,20.96,100.51,0,9,1268.4,33.14,191.09,6,0,1400.19,44.75,68.53,10,0,1167.06,24.5,44.5,-100.0,2.4031
United States,South Dakota,Oats,1999,spring,183.0,532.45,2.91,114,135,14,5,1,14,8,3,1,52.92,75.91,140.4,69,24.505,11.106,17.806,2370.04,44,16,2,9,3,7,3,184.44,39.45,32,9,32,-4.92,2,3723.13,20.345,193.43,0,9,1156.06,54.99,154.91,8,0,1418.64,42.0,184.11,8,0,1148.43,75.91,44.5,-100.0,2.2955
United States,South Dakota,Oats,2000,spring,183.0,313.58,1.714,117,143,15,5,2,5,3,1,0,33.59,36.6,45.17,66,26.446,11.758,19.102,2604.235,72,21,1,23,4,7,2,298.82,54.12,49,14,30,-6.15,4,3809.42,20.817,142.78,0,14,1192.74,36.6,116.85,9,0,1467.81,23.35,53.95,12,0,1148.87,24.39,44.5,-100.0,2.1879
United States,South Dakota,Oats,2001,spring,183.0,383.22,2.094,120,138,23,7,2,11,2,1,0,29.53,43.4,47.27,63,26.689,12.519,19.604,2690.835,73,33,7,22,8,6,6,363.19,104.42,55,9,27,-6.02,3,3858.75,21.086,171.5,0,9,1183.82,43.4,156.95,18,0,1451.28,25.72,54.77,15,0,1223.65,38.87,44.5,-100.0,2.152
United States,South Dakota,Oats,2002,spring,183.0,288.76,1.578,131,148,11,8,0,8,1,1,0,29.77,30.6,43.23,52,26.752,12.068,19.41,2663.215,73,34,7,19,7,9,5,378.77,106.84,48,16,45,-7.36,5,3820.57,20.877,54.36,0,16,1274.98,16.37,100.75,25,0,1452.3,28.71,133.65,9,0,1093.29,30.6,44.5,-100.0,1.614
United States,South Dakota,Oats,2003,spring,183.0,323.96,1.77,118,141,19,6,1,7,2,1,0,33.52,43.22,53.3,65,26.21,12.102,19.156,2610.575,71,24,5,27,4,7,5,307.34,70.38,53,9,27,-6.04,2,3777.1,20.64,146.15,0,9,1124.92,35.84,118.52,12,0,1444.63,43.22,59.29,12,0,1207.55,15.84,44.5,-100.0,2.439
United States,South Dakota,Oats,2004,spring,183.0,472.97,2.585,116,131,17,4,2,11,5,4,0,29.93,53.89,65.18,67,25.072,10.916,17.994,2389.095,50,10,0,13,3,7,1,145.91,16.0,28,9,36,-5.26,1,3848.67,21.031,105.22,0,9,1270.08,27.82,160.65,5,0,1466.11,47.98,207.1,5,0,1112.48,53.89,44.5,-100.0,2.9411
United States,South Dakota,Oats,2005,spring,183.0,381.34,2.084,125,140,15,6,1,11,3,2,0,25.68,51.25,73.72,58,26.66,12.667,19.664,2693.335,71,27,6,20,4,7,5,302.38,72.88,54,11,29,-3.28,2,3910.17,21.367,142.34,0,11,1185.44,40.56,152.11,15,0,1524.0,51.25,86.89,12,0,1200.73,14.64,44.5,-100.0,2.5824
United States,South Dakota,Oats,2006,spring,183.0,289.23,1.58,123,144,12,5,0,8,0,0,0,15.4,37.83,45.07,60,27.462,13.227,20.345,2808.065,80,34,5,22,9,8,3,382.57,111.21,54,4,23,-2.94,1,3838.42,20.975,55.51,2,4,1267.54,12.67,60.39,24,0,1506.83,10.77,173.33,8,0,1064.05,37.83,44.5,-100.0,2.0444
United States,South Dakota,Oats,2007,spring,183.0,474.04,2.59,120,131,16,7,1,14,6,2,0,37.46,52.78,77.41,63,25.92,12.287,19.104,2654.2,66,15,5,21,5,6,2,256.87,53.38,50,16,24,-11.55,1,3828.43,20.92,190.22,0,16,1253.38,52.78,144.26,10,0,1531.89,50.49,139.56,5,0,1043.16,40.34,44.5,-100.0,2.5824
United States,South Dakota,Oats,2008,spring,183.0,452.04,2.47,118,127,17,7,1,14,3,2,0,33.4,50.52,87.11,65,24.399,10.772,17.585,2334.795,52,7,0,9,3,7,1,125.29,12.58,38,20,37,-5.7,4,3836.82,20.966,121.0,0,20,1167.61,24.32,241.66,5,0,1495.47,50.52,89.38,2,0,1173.74,19.07,44.5,-100.0,2.6183
United States,South Dakota,Oats,2009,spring,183.0,351.36,1.92,121,137,18,4,1,9,0,0,0,19.69,34.1,48.21,62,23.904,10.503,17.203,2269.99,35,4,0,4,1,1,0,75.25,3.72,24,15,37,-7.6,2,3850.7,21.042,74.51,1,15,1296.41,14.19,171.4,1,0,1416.92,24.82,105.45,2,0,1137.37,34.1,44.5,-100.0,2.6183
United States,South Dakota,Oats,2010,spring,183.0,512.68,2.802,118,130,10,3,0,21,4,1,0,27.21,51.3,68.27,65,24.89,11.952,18.421,2458.65,43,13,2,7,4,7,1,160.5,25.21,32,6,33,-2.49,2,3798.23,20.755,176.44,0,6,1210.2,34.44,214.02,6,0,1457.46,51.3,122.22,7,0,1130.57,36.02,44.5,-100.0,2.5824
United States,South Dakota,Oats,2011,spring,183.0,543.68,2.971,111,125,13,4,0,15,5,4,1,59.9,109.72,125.77,72,24.006,11.161,17.583,2337.545,47,12,1,14,4,6,2,155.91,23.29,31,15,42,-9.23,3,3745.19,20.466,182.65,0,15,1079.61,39.93,277.1,8,0,1438.86,109.72,83.93,4,0,1226.72,19.5,44.5,-100.0,2.0086
United States,South Dakota,Oats,2012,spring,183.0,275.56,1.506,133,147,26,6,1,5,2,2,0,29.4,42.14,56.18,50,27.996,13.2,20.598,2855.08,84,36,7,39,12,8,4,401.9,102.23,66,2,24,-2.79,1,3959.48,21.637,166.14,1,2,1206.44,42.14,86.98,23,0,1532.6,18.55,22.44,12,0,1220.44,9.89,44.5,-100.0,2.439
United States,South Dakota,Oats,2013,spring,183.0,435.81,2.381,123,133,14,5,1,15,2,1,0,25.07,44.51,66.91,60,24.831,11.503,18.167,2510.17,52,13,0,15,6,6,1,193.08,30.25,41,26,36,-7.76,3,3678.74,20.102,198.45,0,26,1120.8,44.51,142.64,4,0,1457.23,32.03,94.72,9,0,1100.71,26.84,44.5,-100.0,2.7618
United States,South Dakota,Oats,2014,spring,183.0,412.03,2.252,120,136,17,5,1,14,2,0,0,23.16,49.56,52.34,63,24.086,11.041,17.564,2342.89,35,4,1,9,2,6,0,91.4,15.19,24,14,41,-10.45,3,3699.8,20.217,135.66,0,14,1222.0,49.56,141.95,4,0,1455.37,22.68,134.42,0,0,1022.43,25.44,44.5,-100.0,3.3356
United States,South Dakota,Oats,2015,spring,183.0,450.61,2.462,120,138,12,8,0,11,3,3,0,46.42,52.32,74.05,63,25.775,12.264,19.019,2570.14,54,14,1,11,3,7,1,198.81,25.64,41,10,29,-4.81,2,3744.64,20.463,163.66,0,10,1154.47,52.32,169.79,5,0,1481.63,33.91,117.16,9,0,1108.54,48.68,44.5,-100.0,3.1204
United States,South Dakota,Oats,2016,spring,183.0,410.18,2.241,124,138,14,6,1,10,4,3,0,35.73,51.81,69.43,59,26.168,12.244,19.206,2613.225,64,19,1,12,5,10,1,219.13,43.96,41,10,32,-3.96,2,4010.81,21.917,172.39,0,10,1256.48,51.81,116.97,14,0,1600.77,29.25,120.82,5,0,1153.56,33.67,44.5,-100.0,2.9411
United States,South Dakota,Oats,2017,spring,183.0,325.89,1.781,126,143,13,5,0,12,1,1,0,26.62,45.1,47.09,57,26.068,11.986,19.027,2572.345,65,17,3,32,4,4,2,241.14,56.17,48,7,32,-3.64,2,3919.68,21.419,80.42,0,7,1237.34,21.86,101.08,15,0,1606.25,40.74,144.39,2,0,1076.09,45.1,44.5,-100.0,2.5107
United States,South Dakota,Oats,2018,spring,183.0,362.18,1.979,116,133,12,4,0,8,2,1,0,25.32,42.2,46.6,67,25.496,12.268,18.882,2632.35,63,18,1,10,6,10,2,238.66,43.47,43,20,34,-10.86,2,3766.0,20.579,101.59,2,20,1245.77,26.04,149.77,8,0,1467.11,26.73,110.82,8,0,1053.12,42.2,44.5,-100.0,2.9411
United States,South Dakota,Oats,2019,spring,183.0,642.09,3.509,103,122,7,3,0,22,7,4,0,31.27,57.65,84.01,80,23.3,11.283,17.292,2293.43,29,1,0,8,1,3,0,48.98,1.78,19,12,38,-8.7,3,3551.77,19.409,235.43,0,12,1055.84,44.1,202.63,1,0,1487.48,46.24,204.03,0,0,1008.45,57.65,44.5,-100.0,2.9411
United States,South Dakota,Oats,2020,spring,183.0,320.46,1.751,128,144,19,7,2,8,1,1,0,28.53,39.69,45.99,55,25.362,11.936,18.649,2555.82,66,12,0,13,5,9,1,214.91,19.89,41,20,34,-8.45,3,3879.29,21.198,97.79,0,20,1218.56,29.86,164.04,5,0,1516.58,39.69,58.63,7,0,1144.15,13.52,44.5,-100.0,2.7618
United States,South Dakota,Oats,2021,spring,183.0,338.11,1.848,134,149,17,6,1,14,1,0,0,23.4,43.28,62.03,49,27.08,12.953,20.016,2772.275,77,28,3,13,8,10,4,339.78,68.7,61,13,34,-4.77,3,3802.52,20.779,81.4,0,13,1198.32,28.33,109.16,19,0,1488.04,31.87,147.55,9,0,1116.16,43.28,44.5,-100.0,2.4031
United States,South Dakota,Oats,2022,spring,183.0,410.39,2.243,129,136,12,7,0,11,3,3,0,36.03,52.89,66.6,54,25.868,12.036,18.952,2585.25,69,24,4,8,3,13,2,275.59,57.49,56,21,37,-6.31,4,3915.8,21.398,174.46,0,21,1201.47,52.89,163.78,12,0,1526.4,38.2,72.15,12,0,1187.93,30.06,44.5,-100.0,2.8694
United States,South Dakota,Oats,2023,spring,183.0,421.73,2.305,122,140,22,6,1,9,5,3,0,34.54,56.97,68.87,61,26.542,12.946,19.744,2731.18,69,18,4,15,6,8,3,246.95,62.24,51,15,28,-8.31,3,3831.86,20.939,93.22,0,15,1320.24,19.86,157.33,10,0,1447.78,49.0,171.18,8,0,1063.84,56.97,44.5,-100.0,2.6542
United States,South Dakota,Oats,2024,spring,183.0,407.92,2.229,118,135,8,6,0,12,5,1,0,34.4,50.63,61.78,65,26.273,12.769,19.521,2673.075,66,14,1,15,3,8,2,211.22,28.02,49,9,25,-4.66,2,3734.29,20.406,151.05,0,9,1218.5,38.06,159.92,5,0,1383.59,50.63,96.95,9,0,1132.2,39.99,44.5,-100.0,3.1563
United States,South Dakota,Oats,2025,spring,183.0,492.64,2.692,110,128,16,5,1,14,4,2,0,39.53,66.66,93.22,73,26.202,12.774,19.488,2668.59,61,20,0,9,3,11,1,247.94,48.21,37,9,30,-5.18,1,3664.87,20.027,177.82,2,9,1197.64,58.28,147.61,11,0,1369.28,23.65,167.21,7,0,1097.95,66.66,44.5,-100.0,3.0846
United States,Texas,Oats,1990,spring,183.0,475.81,2.6,118,133,31,7,1,12,5,3,0,41.72,67.19,81.36,65,32.163,19.393,25.778,3802.42,125,62,4,49,18,9,8,619.92,157.53,89,0,2,3.47,0,3990.14,21.804,217.23,4,0,1236.32,67.19,131.38,38,0,1512.12,46.33,127.2,20,0,1241.7,38.6,31.0,-99.0,1.4706
United States,Texas,Oats,1991,spring,183.0,556.07,3.039,96,113,9,4,0,16,3,3,0,29.91,48.2,81.41,87,31.497,19.121,25.309,3716.485,121,38,0,40,8,6,6,448.21,42.95,64,0,0,5.13,0,3914.8,21.392,188.41,1,0,1264.34,47.57,186.78,19,0,1494.48,48.2,180.88,18,0,1155.98,26.1,31.0,-99.0,1.4347
United States,Texas,Oats,1992,spring,183.0,470.79,2.573,111,124,15,6,1,16,1,0,0,24.42,48.29,100.75,72,29.759,18.186,23.972,3471.895,100,17,0,35,6,7,2,308.84,12.33,68,0,2,1.59,0,4036.64,22.058,220.39,0,0,1206.91,48.29,166.9,1,0,1518.6,29.15,83.5,16,0,1311.13,21.92,31.0,-99.0,1.5782
United States,Texas,Oats,1993,spring,183.0,393.01,2.148,137,144,64,5,1,13,4,2,0,27.02,51.26,70.52,46,31.792,18.581,25.187,3694.155,114,55,1,65,34,7,3,594.9,148.78,102,0,3,3.81,0,4174.7,22.813,171.71,0,0,1318.33,43.39,125.78,26,0,1548.81,36.38,95.52,29,0,1307.56,51.26,31.0,-99.0,1.901
United States,Texas,Oats,1994,spring,183.0,399.01,2.18,116,132,24,5,2,12,1,0,0,23.24,61.36,99.38,67,32.599,19.151,25.875,3820.115,126,67,11,63,18,7,8,667.16,182.99,89,0,2,1.47,0,4207.77,22.993,216.71,1,0,1299.7,61.36,69.03,39,0,1621.14,14.6,113.27,27,0,1286.93,20.28,31.0,-99.0,1.4347
United States,Texas,Oats,1995,spring,183.0,515.97,2.82,111,130,15,7,2,18,5,4,0,31.24,59.58,80.63,72,32.101,18.76,25.43,3738.715,133,48,6,47,11,9,8,578.11,118.46,85,0,0,5.12,0,4043.7,22.097,248.86,3,0,1289.57,59.58,137.83,21,0,1524.92,34.54,129.28,24,0,1229.21,29.69,31.0,-99.0,1.5064
United States,Texas,Oats,1996,spring,183.0,536.08,2.929,107,128,15,6,1,19,3,2,0,29.72,54.47,89.45,76,32.768,19.317,26.043,3850.795,140,67,7,74,20,9,5,670.35,161.48,87,0,4,0.67,0,4191.33,22.903,152.22,16,0,1451.53,30.37,134.4,42,0,1544.48,31.41,249.46,9,0,1195.32,54.47,31.0,-99.0,1.2195
United States,Texas,Oats,1997,spring,183.0,470.95,2.573,129,142,23,8,2,12,6,4,0,43.71,75.66,80.33,54,30.958,18.328,24.643,3594.7,115,61,0,44,19,6,7,531.22,93.85,95,2,5,-0.6,1,4087.41,22.336,226.15,0,2,1214.55,63.06,191.83,19,0,1554.02,75.66,52.97,42,0,1318.84,18.31,31.0,-99.0,1.8651
United States,Texas,Oats,1998,spring,183.0,328.49,1.795,134,149,28,6,3,10,4,2,0,26.49,44.21,72.78,49,33.844,19.881,26.862,4000.8,140,90,8,31,30,9,9,857.28,260.3,109,0,0,5.13,0,4352.64,23.785,49.51,17,0,1530.37,22.71,107.83,50,0,1612.98,44.21,171.15,23,0,1209.29,38.17,31.0,-99.0,1.901
United States,Texas,Oats,1999,spring,183.0,299.66,1.637,132,147,24,8,1,10,1,0,0,20.87,48.11,51.92,51,33.274,20.032,26.653,3962.485,140,66,8,61,19,11,7,708.48,168.63,111,0,3,3.71,0,4159.05,22.727,157.38,2,0,1308.7,48.11,123.03,19,0,1469.46,39.84,19.25,45,0,1380.89,3.85,31.0,-99.0,1.5782
United States,Texas,Oats,2000,spring,183.0,329.49,1.8,148,153,41,8,3,12,2,2,0,31.37,40.58,53.4,35,34.169,20.051,27.11,4046.15,145,95,19,86,47,10,4,901.68,297.19,126,0,2,4.05,0,4224.54,23.085,150.51,13,0,1378.76,40.58,125.31,39,0,1455.83,36.66,53.67,43,0,1389.95,27.81,31.0,-99.0,1.5423
United States,Texas,Oats,2001,spring,183.0,362.63,1.982,126,138,41,5,1,12,2,0,0,24.52,47.47,82.54,57,32.374,19.937,26.156,3871.53,119,60,9,72,35,7,5,638.0,179.61,88,0,0,7.11,0,4177.01,22.825,117.45,1,0,1261.57,45.08,65.79,39,0,1625.11,24.73,179.39,20,0,1290.33,47.47,31.0,-99.0,1.614
United States,Texas,Oats,2002,spring,183.0,469.05,2.563,135,146,20,7,4,12,7,5,0,48.61,104.55,200.17,48,32.147,19.773,25.96,3835.68,139,41,0,50,12,13,5,512.22,58.31,114,0,0,6.3,0,3989.91,21.803,80.5,9,0,1260.21,34.15,298.63,12,0,1398.78,104.55,89.92,20,0,1330.92,58.86,31.0,-99.0,1.5782
United States,Texas,Oats,2003,spring,183.0,377.42,2.062,123,135,21,6,1,9,5,3,0,31.67,72.54,97.18,60,32.649,19.535,26.092,3859.825,131,56,3,28,11,11,8,614.69,142.03,96,0,1,1.92,0,4035.7,22.053,53.56,13,0,1323.92,27.33,176.1,24,0,1498.93,72.54,147.76,19,0,1212.85,43.06,31.0,-99.0,1.614
United States,Texas,Oats,2004,spring,183.0,570.33,3.117,126,138,15,8,2,20,5,4,1,52.03,103.66,117.95,57,30.811,18.968,24.889,3639.775,117,22,0,25,6,10,4,388.9,39.44,88,0,2,2.92,0,3864.0,21.115,178.95,4,0,1201.98,48.39,271.72,11,0,1414.59,103.66,119.66,7,0,1247.43,55.48,31.0,-99.0,1.4347
United States,Texas,Oats,2005,spring,183.0,343.22,1.876,136,145,31,6,3,11,3,1,0,27.4,55.66,78.05,47,32.364,19.589,25.977,3838.73,127,67,5,42,30,6,4,645.14,140.87,99,0,1,3.76,0,4103.39,22.423,134.43,5,0,1324.1,45.94,83.83,34,0,1507.88,18.87,124.96,28,0,1271.41,55.66,31.0,-99.0,1.5423
United States,Texas,Oats,2006,spring,183.0,333.89,1.825,143,150,20,7,5,11,4,4,0,29.69,56.42,78.41,40,33.252,19.868,26.56,3945.49,140,67,1,68,14,8,11,696.72,165.5,117,0,0,8.81,0,4376.54,23.916,166.49,6,0,1467.8,56.42,88.48,34,0,1587.82,41.05,78.92,27,0,1320.92,22.73,31.0,-99.0,1.3271
United States,Texas,Oats,2007,spring,183.0,785.57,4.293,105,115,15,4,1,27,11,6,1,57.42,106.44,135.64,78,28.286,18.706,23.496,3387.35,66,0,0,13,0,7,0,87.27,0.0,54,1,4,-0.94,0,3694.77,20.19,264.92,0,1,1137.25,89.29,390.59,0,0,1283.35,106.44,130.06,0,0,1274.17,51.25,31.0,-99.0,1.4347
United States,Texas,Oats,2008,spring,183.0,323.5,1.768,132,143,22,5,2,10,2,2,0,33.45,68.57,74.7,51,32.927,19.345,26.136,3867.895,143,66,3,46,11,7,8,686.9,153.75,110,0,1,4.7,0,4298.16,23.487,164.82,8,0,1436.12,68.57,56.27,45,0,1598.88,14.84,102.41,13,0,1263.16,25.75,31.0,-99.0,1.7934
United States,Texas,Oats,2009,spring,183.0,475.14,2.596,131,142,16,7,1,14,7,5,0,35.19,84.61,98.83,52,32.358,19.647,26.003,3843.51,120,70,8,69,18,5,6,683.39,212.63,97,0,3,1.82,0,4002.1,21.869,179.05,1,0,1285.69,61.83,111.7,43,0,1492.04,27.99,184.39,26,0,1224.37,84.61,31.0,-99.0,1.6858
United States,Texas,Oats,2010,spring,183.0,451.94,2.47,133,145,14,7,1,13,4,3,1,85.75,128.98,147.21,50,31.957,19.908,25.932,3830.64,125,55,1,59,19,8,5,576.98,132.96,97,0,1,3.84,0,4054.64,22.157,97.71,0,0,1278.45,33.59,167.02,26,0,1446.0,48.26,187.21,29,0,1330.19,128.98,31.0,-99.0,1.8651
United States,Texas,Oats,2011,spring,183.0,134.58,0.735,162,166,34,10,4,2,1,1,0,27.4,37.11,37.22,21,36.193,20.912,28.553,4310.12,161,126,39,123,50,6,8,1202.44,479.41,145,0,1,4.3,0,4547.98,24.852,82.38,21,0,1439.87,37.11,26.27,59,0,1685.4,21.93,25.93,46,0,1422.71,8.62,31.0,-99.0,1.2554
United States,Texas,Oats,2012,spring,183.0,376.75,2.059,139,148,22,7,4,14,4,3,0,40.36,44.69,81.34,44,33.236,19.96,26.598,3952.44,138,70,11,62,20,7,9,733.82,200.41,112,0,0,8.47,0,4224.77,23.086,112.08,10,0,1376.13,41.35,114.69,33,0,1554.43,35.56,149.98,27,0,1294.21,44.69,31.0,-99.0,1.7575
United States,Texas,Oats,2013,spring,183.0,437.56,2.391,136,144,18,6,1,14,6,5,1,50.07,84.78,98.67,47,32.436,19.07,25.753,3797.755,135,61,5,63,14,5,8,659.93,145.8,105,0,8,2.91,0,4101.09,22.41,150.06,2,0,1278.43,38.03,142.41,32,0,1514.02,84.78,145.09,27,0,1308.64,71.49,31.0,-99.0,1.6499
United States,Texas,Oats,2014,spring,183.0,426.96,2.333,136,146,16,9,1,13,4,4,0,40.53,87.44,98.69,47,32.244,19.151,25.697,3787.635,141,55,1,50,17,10,6,601.4,110.18,111,0,3,0.93,0,4068.23,22.231,187.52,2,0,1352.55,87.44,127.79,22,0,1453.46,35.96,111.65,31,0,1262.22,51.05,31.0,-99.0,1.363
United States,Texas,Oats,2015,spring,183.0,443.6,2.424,122,134,22,6,3,11,4,4,0,32.45,78.59,130.56,61,32.358,20.334,26.346,3906.3,125,59,6,77,40,4,3,614.22,174.92,100,0,0,7.4,0,4029.42,22.019,326.76,0,0,1090.18,78.59,85.56,21,0,1601.62,32.25,31.28,38,0,1337.62,15.82,31.0,-99.0,1.7216
United States,Texas,Oats,2016,spring,183.0,638.36,3.488,119,129,15,8,3,23,10,6,0,44.99,78.41,120.85,64,30.928,19.566,25.247,3705.18,103,42,0,48,25,7,2,462.96,110.85,82,0,1,4.06,0,4052.76,22.146,305.37,0,0,1201.39,52.71,87.4,28,0,1599.35,51.77,245.59,14,0,1252.02,78.41,31.0,-99.0,1.7934
United States,Texas,Oats,2017,spring,183.0,455.46,2.489,123,143,13,7,0,17,4,3,0,42.28,61.0,68.31,60,32.347,19.474,25.91,3826.62,134,56,2,62,8,7,11,606.83,115.68,97,0,0,7.51,0,4064.7,22.211,165.52,1,0,1294.05,43.74,124.19,32,0,1544.44,40.62,165.75,23,0,1226.21,61.0,31.0,-99.0,1.614
United States,Texas,Oats,2018,spring,183.0,407.92,2.229,137,145,21,9,2,14,4,1,0,43.34,53.24,94.65,46,33.416,19.992,26.704,3971.77,133,85,12,47,17,6,9,787.88,251.68,108,0,3,2.21,0,4232.28,23.127,102.25,9,0,1445.9,53.24,66.79,51,0,1591.18,28.75,238.88,25,0,1195.2,45.18,31.0,-99.0,1.7934
United States,Texas,Oats,2019,spring,183.0,403.17,2.203,128,143,23,7,2,12,4,4,0,32.12,58.46,92.25,55,32.536,20.193,26.364,3909.69,129,77,8,105,33,4,3,688.51,181.88,97,0,3,2.46,0,4139.09,22.618,236.01,0,0,1231.58,58.46,124.26,19,0,1548.95,24.26,42.9,58,0,1358.56,17.83,31.0,-99.0,1.7934
United States,Texas,Oats,2020,spring,183.0,436.19,2.384,132,139,17,7,4,16,3,2,0,44.86,59.08,96.47,51,32.329,19.168,25.748,3796.965,124,64,11,72,22,6,6,661.8,190.99,96,0,3,2.6,0,4190.08,22.897,191.82,3,0,1377.46,38.85,70.13,31,0,1554.59,25.1,174.24,30,0,1258.03,59.08,31.0,-99.0,1.614
United States,Texas,Oats,2021,spring,183.0,512.02,2.798,119,132,21,5,2,17,4,1,0,42.28,69.35,86.93,64,31.379,19.373,25.376,3728.73,124,45,0,42,9,5,6,509.23,73.92,90,0,2,3.92,0,3857.25,21.078,240.54,1,0,1096.53,69.35,163.76,16,0,1437.29,33.63,107.72,28,0,1323.43,49.59,31.0,-99.0,1.614
United States,Texas,Oats,2022,spring,183.0,272.52,1.489,142,153,22,9,3,8,3,1,0,30.69,44.33,67.71,41,35.55,21.216,28.383,4279.115,161,109,26,54,43,9,8,1081.29,384.21,131,0,0,5.95,0,4377.14,23.919,81.08,23,0,1397.92,41.72,61.04,56,0,1658.86,24.74,130.4,30,0,1320.36,44.33,31.0,-99.0,1.9727
United States,Texas,Oats,2023,spring,183.0,297.84,1.628,130,141,42,6,1,10,1,0,0,22.82,38.34,57.53,53,35.357,21.2,28.278,4259.91,142,100,61,102,69,6,3,1145.55,537.54,111,0,0,6.32,0,4189.8,22.895,182.99,2,0,1254.2,30.57,41.89,52,0,1546.4,9.71,72.96,46,0,1389.2,38.34,31.0,-99.0,1.9368
United States,Texas,Oats,2024,spring,183.0,555.4,3.035,118,134,18,4,2,17,6,4,1,66.13,80.48,92.93,65,33.518,20.816,27.167,4056.575,148,76,10,40,29,8,7,738.62,205.62,104,0,0,7.23,0,4044.34,22.1,312.31,4,0,1171.9,59.11,171.93,35,0,1526.75,80.48,71.16,37,0,1345.69,39.3,31.0,-99.0,1.6499
United States,Texas,Oats,2025,spring,183.0,637.67,3.485,122,128,16,6,3,19,9,4,1,85.21,125.82,177.52,61,32.675,19.95,26.312,3900.17,142,56,1,48,11,10,7,598.1,78.92,105,0,2,2.19,0,4052.9,22.147,202.56,9,0,1291.89,41.19,344.81,17,0,1460.04,125.82,90.3,30,0,1300.97,25.37,31.0,-99.0,1.901
United States,Washington,Oats,1990,spring,183.0,266.08,1.454,122,142,21,6,4,4,1,0,0,21.5,28.64,39.38,61,19.453,6.545,12.999,1478.02,7,0,0,3,0,1,0,10.32,0.0,7,13,72,-3.08,2,3460.37,18.909,130.7,0,13,1021.68,24.78,78.66,0,0,1333.82,16.51,56.72,0,0,1104.87,28.64,47.4,-120.7,2.3672
United States,Washington,Oats,1991,spring,183.0,262.37,1.434,120,144,19,5,3,4,0,0,0,19.01,32.17,50.63,63,17.785,5.391,11.588,1270.9,0,0,0,0,0,0,0,0.0,0.0,0,27,78,-5.49,5,3488.81,19.065,145.61,0,25,1004.81,32.17,83.45,0,2,1354.38,30.87,33.31,0,0,1129.62,9.85,47.4,-120.7,2.3314
United States,Washington,Oats,1992,spring,183.0,280.72,1.534,125,142,16,8,2,6,1,1,0,29.56,39.0,41.16,58,19.407,6.625,13.016,1497.985,10,0,0,4,0,1,0,11.87,0.0,10,19,62,-4.17,5,3573.17,19.526,95.89,0,18,1149.28,27.73,111.93,0,0,1323.85,39.0,72.9,0,1,1100.04,24.25,47.4,-120.7,2.152
United States,Washington,Oats,1993,spring,183.0,292.42,1.598,99,127,17,5,2,1,0,0,0,10.87,20.42,36.88,84,17.671,5.602,11.636,1259.415,0,0,0,0,0,0,0,0.0,0.0,0,26,70,-4.6,4,3236.29,17.685,149.23,0,25,987.0,16.56,120.2,0,0,1123.78,14.16,22.99,0,1,1125.51,7.35,47.4,-120.7,2.439
United States,Washington,Oats,1994,spring,183.0,208.99,1.142,130,146,33,4,3,1,0,0,0,12.53,20.66,28.99,53,19.806,6.202,13.004,1490.325,6,0,0,5,0,1,0,16.21,0.0,6,20,73,-3.72,5,3503.9,19.147,111.55,0,20,1021.03,20.66,63.32,0,0,1379.36,12.83,34.12,0,0,1103.51,10.44,47.4,-120.7,2.0803
United States,Washington,Oats,1995,spring,183.0,252.61,1.38,119,142,17,8,2,3,0,0,0,12.28,21.45,34.89,64,17.68,5.669,11.674,1287.525,1,0,0,1,0,0,0,0.68,0.0,1,26,69,-4.96,2,3477.82,19.004,100.92,0,26,1143.93,21.45,79.34,0,0,1300.68,19.33,72.35,0,0,1033.21,15.4,47.4,-120.7,2.8694
United States,Washington,Oats,1996,spring,183.0,275.3,1.504,114,145,28,6,2,2,0,0,0,19.43,37.27,52.71,69,17.329,5.036,11.183,1194.335,8,0,0,3,0,1,0,8.76,0.0,8,32,94,-4.95,5,3496.53,19.107,165.03,0,31,981.43,37.27,47.62,0,0,1451.94,12.65,62.65,0,1,1063.16,18.85,47.4,-120.7,2.8694
United States,Washington,Oats,1997,spring,183.0,282.51,1.544,109,136,24,4,2,2,0,0,0,15.61,24.9,36.83,74,17.783,5.925,11.854,1332.475,2,0,0,2,0,0,0,1.67,0.0,2,27,70,-7.74,4,3710.68,20.277,118.47,0,27,1158.2,24.9,80.65,0,0,1431.03,12.92,83.39,0,0,1121.45,23.88,47.4,-120.7,2.8694
United States,Washington,Oats,1998,spring,183.0,208.04,1.137,124,153,27,4,3,2,0,0,0,11.05,31.39,48.2,59,19.627,7.074,13.35,1583.81,12,0,0,5,0,1,0,19.2,0.0,12,21,51,-5.24,3,3800.78,20.769,116.32,0,21,1118.97,31.39,70.64,0,0,1416.49,13.25,21.08,0,0,1265.32,4.66,47.4,-120.7,2.69
United States,Washington,Oats,1999,spring,183.0,172.3,0.942,119,154,17,5,3,0,0,0,0,7.78,11.78,24.21,64,16.972,4.669,10.82,1184.605,1,0,0,1,0,0,0,0.38,0.0,0,41,89,-5.56,6,3766.18,20.58,82.53,0,38,1148.5,11.78,50.96,0,1,1452.79,11.59,38.81,0,2,1164.89,8.17,47.4,-120.7,2.69
United States,Washington,Oats,2000,spring,183.0,205.88,1.125,127,152,45,5,2,2,0,0,0,10.67,21.13,29.08,56,17.933,5.271,11.602,1249.37,2,0,0,1,0,0,0,2.12,0.0,2,23,84,-6.13,5,3723.36,20.346,94.28,0,22,1118.63,13.92,52.12,0,0,1456.79,21.13,59.48,0,1,1147.94,18.31,47.4,-120.7,2.69
United States,Washington,Oats,2001,spring,183.0,182.38,0.997,138,155,32,6,3,1,0,0,0,12.95,20.01,26.73,45,18.595,5.257,11.926,1355.225,8,0,0,6,0,1,0,12.0,0.0,8,35,78,-6.04,5,3725.91,20.36,88.76,0,35,1163.04,19.78,59.21,0,0,1411.1,14.09,34.41,0,0,1151.77,20.01,47.4,-120.7,1.9727
United States,Washington,Oats,2002,spring,183.0,169.06,0.924,133,156,26,7,2,1,0,0,0,15.26,24.12,37.73,50,18.481,5.536,12.008,1360.22,8,0,0,3,0,2,0,12.07,0.0,8,34,77,-6.82,6,3792.94,20.726,103.22,0,34,1094.6,24.12,48.37,0,0,1507.01,15.27,17.47,0,0,1191.33,2.98,47.4,-120.7,2.3314
United States,Washington,Oats,2003,spring,183.0,122.49,0.669,142,167,45,6,2,1,0,0,0,12.08,18.01,21.43,41,19.662,6.38,13.021,1530.07,13,0,0,5,0,1,0,16.19,0.0,13,28,67,-5.72,5,3817.29,20.86,86.44,0,28,1011.52,18.01,15.14,0,0,1625.34,4.45,20.91,0,0,1180.43,6.35,47.4,-120.7,1.7934
United States,Washington,Oats,2004,spring,183.0,252.46,1.38,116,142,15,6,2,4,1,0,0,21.79,35.79,49.83,67,19.881,7.099,13.49,1560.505,12,0,0,6,0,1,0,23.27,0.0,12,8,64,-4.05,2,3707.83,20.261,83.71,0,8,1141.17,14.24,35.57,0,0,1521.54,8.89,133.18,0,0,1045.12,35.79,47.4,-120.7,3.1563
United States,Washington,Oats,2005,spring,183.0,242.33,1.324,131,152,25,7,1,4,2,1,0,25.83,41.42,51.43,52,19.096,6.017,12.557,1427.74,2,0,0,1,0,0,0,2.4,0.0,2,19,63,-4.62,2,3691.41,20.172,140.49,0,19,1074.89,41.42,50.79,0,0,1422.83,10.47,51.05,0,0,1193.69,33.78,47.4,-120.7,2.5824
United States,Washington,Oats,2006,spring,183.0,189.31,1.034,136,151,29,8,4,2,0,0,0,11.35,21.0,35.05,47,19.208,6.141,12.675,1471.7,11,0,0,4,0,1,0,14.86,0.0,11,29,69,-5.26,7,3808.24,20.81,101.06,0,29,1137.63,21.0,57.88,0,0,1484.55,20.54,30.37,0,0,1186.06,11.76,47.4,-120.7,3.0128
United States,Washington,Oats,2007,spring,183.0,153.37,0.838,142,160,38,4,2,2,0,0,0,12.86,18.49,18.9,41,18.516,5.575,12.045,1353.21,6,0,0,5,0,1,0,7.25,0.0,5,28,84,-6.74,5,3761.03,20.552,68.87,0,27,1206.27,18.49,51.24,0,0,1420.65,11.3,33.26,0,1,1134.11,16.5,47.4,-120.7,1.7934
United States,Washington,Oats,2008,spring,183.0,163.02,0.891,130,151,23,6,3,0,0,0,0,8.69,13.17,23.95,53,17.809,4.936,11.372,1297.355,8,0,0,3,0,2,0,18.79,0.0,7,35,85,-8.69,5,3666.46,20.035,71.48,0,33,1097.72,12.38,45.35,0,1,1473.59,13.17,46.19,0,1,1095.15,12.48,47.4,-120.7,2.8694
United States,Washington,Oats,2009,spring,183.0,164.89,0.901,142,156,19,9,3,0,0,0,0,9.83,22.15,29.24,41,19.506,6.097,12.802,1513.47,11,0,0,7,0,1,0,17.37,0.0,11,37,65,-6.01,6,3833.26,20.947,95.95,0,37,1202.28,22.15,27.83,0,0,1503.54,4.82,41.11,0,0,1127.44,18.94,47.4,-120.7,2.8694
United States,Washington,Oats,2010,spring,183.0,323.1,1.766,109,136,26,3,2,5,0,0,0,13.71,25.58,35.98,74,17.123,4.951,11.037,1197.205,4,0,0,2,0,0,0,1.0,0.0,4,31,88,-8.41,4,3501.88,19.136,160.53,0,31,1003.65,25.58,79.05,0,0,1446.5,22.19,83.52,0,0,1051.73,22.23,47.4,-120.7,3.0128
United States,Washington,Oats,2011,spring,183.0,243.76,1.332,126,150,53,2,1,3,1,0,0,22.99,43.57,50.1,57,16.995,4.529,10.762,1194.96,3,0,0,3,0,1,0,3.32,0.0,3,41,88,-6.3,5,3567.16,19.493,161.52,0,41,1014.65,43.57,58.28,0,0,1357.15,11.51,23.96,0,0,1195.36,12.9,47.4,-120.7,2.1162
United States,Washington,Oats,2012,spring,183.0,203.83,1.114,134,153,50,3,3,2,0,0,0,11.4,20.69,30.83,49,18.676,5.836,12.256,1400.185,8,0,0,3,0,1,0,8.67,0.0,7,30,73,-5.53,6,3650.15,19.946,99.59,0,30,1131.81,20.69,99.07,0,0,1299.5,16.23,5.17,0,0,1218.84,3.55,47.4,-120.7,2.9411
United States,Washington,Oats,2013,spring,183.0,322.21,1.761,115,141,18,6,2,6,1,0,0,23.01,51.02,56.66,68,19.149,6.673,12.911,1507.295,4,0,0,3,0,1,0,3.63,0.0,3,23,73,-5.51,3,3593.31,19.636,127.96,0,23,1099.38,26.56,37.78,0,0,1493.77,10.64,156.47,0,0,1000.16,51.02,47.4,-120.7,2.439
United States,Washington,Oats,2014,spring,183.0,229.56,1.254,127,149,22,6,4,4,0,0,0,18.56,38.49,40.37,56,19.594,6.82,13.207,1545.115,16,0,0,8,0,2,0,23.85,0.0,16,21,61,-3.24,5,3744.19,20.46,94.32,0,21,1178.0,19.32,53.45,0,0,1474.81,23.64,81.79,0,0,1091.38,38.49,47.4,-120.7,2.5107
United States,Washington,Oats,2015,spring,183.0,110.18,0.602,149,167,26,7,3,1,0,0,0,11.04,18.96,23.59,34,20.71,7.161,13.936,1673.77,20,0,0,6,0,3,0,37.8,0.0,20,25,55,-4.58,4,3853.55,21.058,61.74,0,24,1188.76,18.96,14.79,0,0,1593.79,5.78,33.65,0,1,1071.0,10.3,47.4,-120.7,1.9368
United States,Washington,Oats,2016,spring,183.0,158.09,0.864,134,164,23,7,1,2,0,0,0,14.27,16.59,20.86,49,19.557,6.753,13.155,1497.38,3,0,0,2,0,0,0,2.13,0.0,3,7,60,-1.95,3,3766.01,20.579,69.55,0,7,1202.75,16.59,59.67,0,0,1409.37,16.38,28.87,0,0,1153.89,11.25,47.4,-120.7,2.1879
United States,Washington,Oats,2017,spring,183.0,187.69,1.026,136,158,56,4,2,4,0,0,0,12.92,24.42,41.48,47,19.552,6.69,13.121,1552.195,15,0,0,5,0,3,0,21.04,0.0,15,30,69,-5.87,7,3803.53,20.784,140.23,0,30,1113.4,24.42,26.19,0,0,1580.17,12.22,21.27,0,0,1109.96,10.79,47.4,-120.7,1.5064
United States,Washington,Oats,2018,spring,183.0,172.86,0.945,146,158,61,5,2,2,0,0,0,16.22,26.31,45.63,37,19.469,6.715,13.092,1533.745,13,0,0,4,0,3,0,19.71,0.0,13,23,63,-4.63,4,3747.4,20.478,126.66,0,23,1134.62,26.31,27.1,0,0,1516.18,8.73,19.1,0,0,1096.6,3.95,47.4,-120.7,1.6499
United States,Colorado,Wheat,1990,winter,303.0,268.94,0.888,242,264,27,14,2,3,0,0,0,13.79,28.31,30.7,61,9.759,-4.82,2.469,679.09,3,0,0,3,0,1,0,2.83,0.0,3,233,277,-22.01,8,4902.85,16.181,72.72,0,68,1434.48,15.82,75.42,0,101,1215.1,28.31,120.8,0,64,2253.27,20.9,39.0,-105.5,2.2596
United States,Colorado,Wheat,1991,winter,303.0,302.6,0.999,221,257,24,12,4,2,0,0,0,12.12,16.59,33.48,82,9.402,-4.943,2.23,669.445,0,0,0,0,0,0,0,0.0,0.0,0,223,267,-27.08,4,4890.34,16.14,114.11,0,67,1415.3,15.82,48.03,0,101,1249.4,8.71,140.46,0,55,2225.64,16.59,39.0,-105.5,2.1319
United States,Colorado,Wheat,1992,winter,304.0,297.1,0.977,215,261,25,12,5,2,0,0,0,13.88,23.48,34.76,89,9.492,-4.718,2.387,654.365,0,0,0,0,0,0,0,0.0,0.0,0,212,280,-23.65,9,4848.17,15.948,100.04,0,66,1411.36,21.88,65.64,0,101,1274.88,23.48,131.42,0,45,2161.93,15.32,39.0,-105.5,2.0781
United States,Colorado,Wheat,1993,winter,303.0,271.16,0.895,217,263,17,14,2,0,0,0,0,8.42,16.81,26.03,86,8.485,-5.744,1.37,588.675,0,0,0,0,0,0,0,0.0,0.0,0,224,283,-20.54,6,4882.89,16.115,65.84,0,62,1386.83,11.42,70.14,0,101,1210.55,10.21,135.18,0,61,2285.51,16.81,39.0,-105.5,2.5219
United States,Colorado,Wheat,1994,winter,303.0,330.4,1.09,216,254,19,13,4,4,1,0,0,21.08,25.35,31.78,87,9.193,-5.349,1.922,687.81,1,0,0,1,0,0,0,0.09,0.0,1,214,279,-22.88,6,4883.28,16.116,105.95,0,73,1362.73,16.39,54.36,0,101,1254.57,7.7,170.09,0,40,2265.98,25.35,39.0,-105.5,2.0713
United States,Colorado,Wheat,1995,winter,303.0,473.87,1.564,190,226,21,12,1,5,1,0,0,23.69,40.21,46.06,113,8.41,-5.336,1.537,439.53,0,0,0,0,0,0,0,0.0,0.0,0,243,284,-20.35,6,4697.02,15.502,107.88,0,70,1354.18,11.7,78.76,0,101,1239.35,16.58,287.23,0,72,2103.49,40.21,39.0,-105.5,2.5824
United States,Colorado,Wheat,1996,winter,304.0,330.82,1.088,219,250,22,13,2,2,1,0,0,24.09,44.02,47.61,85,9.488,-4.944,2.272,638.335,0,0,0,0,0,0,0,0.0,0.0,0,228,271,-28.43,6,4892.6,16.094,90.48,0,74,1391.05,12.88,94.75,0,101,1154.58,12.8,145.59,0,53,2346.97,44.02,39.0,-105.5,2.2395
United States,Colorado,Wheat,1997,winter,303.0,357.0,1.178,198,247,18,7,2,2,0,0,0,16.43,29.52,40.9,105,8.72,-5.368,1.676,618.555,0,0,0,0,0,0,0,0.0,0.0,0,221,275,-28.76,6,4820.71,15.91,111.69,0,64,1346.12,11.3,73.04,0,101,1202.25,8.39,172.27,0,56,2272.34,29.52,39.0,-105.5,2.2058
United States,Colorado,Wheat,1998,winter,303.0,299.07,0.987,222,256,15,15,1,3,0,0,0,16.94,29.71,31.43,81,8.58,-5.737,1.422,626.03,1,0,0,1,0,0,0,0.09,0.0,1,230,276,-20.75,6,5036.39,16.622,124.88,0,64,1391.37,29.71,66.17,0,101,1277.56,17.81,108.02,0,65,2367.46,13.56,39.0,-105.5,2.6631
United States,Colorado,Wheat,1999,winter,303.0,356.61,1.177,222,258,29,11,4,6,0,0,0,19.81,51.36,67.11,81,9.678,-4.448,2.615,616.29,0,0,0,0,0,0,0,0.0,0.0,0,224,275,-20.55,7,4914.37,16.219,85.26,0,61,1400.33,12.56,55.39,0,101,1246.31,6.32,215.96,0,62,2267.73,51.36,39.0,-105.5,2.9456
United States,Colorado,Wheat,2000,winter,304.0,282.63,0.93,223,262,21,13,1,1,0,0,0,14.9,19.7,22.79,81,10.938,-4.131,3.404,755.685,0,0,0,0,0,0,0,0.0,0.0,0,225,274,-21.61,9,4889.42,16.084,69.19,0,68,1452.72,8.31,88.99,0,101,1170.27,13.52,124.45,0,56,2266.43,19.7,39.0,-105.5,2.0041
United States,Colorado,Wheat,2001,winter,303.0,290.04,0.957,233,264,27,14,3,2,0,0,0,15.91,39.28,49.41,70,9.5,-5.266,2.117,730.265,0,0,0,0,0,0,0,0.0,0.0,0,222,273,-20.23,7,4822.27,15.915,70.06,0,71,1417.17,12.64,78.97,0,101,1174.43,11.1,141.01,0,50,2230.67,39.28,39.0,-105.5,2.2731
United States,Colorado,Wheat,2002,winter,303.0,156.15,0.515,258,288,29,13,6,0,0,0,0,6.7,9.89,12.8,45,10.871,-4.59,3.14,818.565,1,0,0,1,0,0,0,0.39,0.0,1,220,261,-25.31,10,5092.44,16.807,51.17,0,63,1416.79,9.53,51.07,0,101,1273.52,5.14,53.91,0,56,2402.13,9.89,39.0,-105.5,1.5333
United States,Colorado,Wheat,2003,winter,303.0,319.71,1.055,217,257,41,9,3,4,0,0,0,18.46,43.5,51.36,86,9.463,-4.88,2.292,627.205,0,0,0,0,0,0,0,0.0,0.0,0,229,276,-22.67,5,4648.31,15.341,100.29,0,72,1364.32,21.61,101.61,0,101,1119.91,43.5,117.81,0,56,2164.08,14.29,39.0,-105.5,2.3605
United States,Colorado,Wheat,2004,winter,304.0,294.09,0.967,235,258,28,12,7,1,0,0,0,13.5,25.63,35.73,69,10.32,-4.578,2.871,721.025,0,0,0,0,0,0,0,0.0,0.0,0,212,281,-24.09,9,4878.14,16.047,59.67,0,60,1426.4,11.62,64.31,0,101,1239.44,8.05,170.11,0,51,2212.3,25.63,39.0,-105.5,1.8427
United States,Colorado,Wheat,2005,winter,303.0,286.15,0.944,225,260,17,9,5,2,0,0,0,12.24,18.51,23.58,78,9.568,-4.321,2.624,622.23,0,0,0,0,0,0,0,0.0,0.0,0,226,272,-22.91,7,4834.02,15.954,93.45,0,66,1344.45,11.85,70.63,0,101,1214.22,11.66,122.07,0,59,2275.35,18.51,39.0,-105.5,1.6409
United States,Colorado,Wheat,2006,winter,303.0,233.64,0.771,240,276,20,14,1,2,0,0,0,16.55,30.14,31.83,63,10.325,-4.71,2.807,812.72,0,0,0,0,0,0,0,0.0,0.0,0,218,260,-26.99,7,4964.84,16.386,104.34,0,66,1399.92,30.14,65.74,0,101,1194.76,9.11,63.56,0,51,2370.16,8.43,39.0,-105.5,1.4526
United States,Colorado,Wheat,2007,winter,303.0,345.38,1.14,222,256,16,11,2,6,0,0,0,16.57,24.07,31.61,81,9.149,-5.108,2.02,580.195,0,0,0,0,0,0,0,0.0,0.0,0,228,281,-25.94,9,4679.4,15.444,110.71,0,73,1314.74,20.73,78.78,0,101,1240.33,14.46,155.89,0,54,2124.33,24.07,39.0,-105.5,2.6362
United States,Colorado,Wheat,2008,winter,304.0,251.22,0.826,235,263,30,12,4,0,0,0,0,8.38,15.64,21.0,69,8.572,-6.549,1.012,639.295,0,0,0,0,0,0,0,0.0,0.0,0,233,277,-32.07,9,5083.8,16.723,77.55,0,66,1417.38,14.5,88.41,0,101,1275.16,9.74,85.26,0,66,2391.26,15.64,39.0,-105.5,2.1386
United States,Colorado,Wheat,2009,winter,303.0,325.45,1.074,220,263,27,11,3,3,0,0,0,19.63,30.37,41.33,83,9.562,-4.807,2.377,606.33,0,0,0,0,0,0,0,0.0,0.0,0,220,288,-25.1,3,4759.22,15.707,77.79,0,66,1375.92,20.7,54.67,0,101,1258.5,5.18,192.99,0,53,2124.8,30.37,39.0,-105.5,2.7304
United States,Colorado,Wheat,2010,winter,303.0,337.06,1.112,219,252,22,11,3,4,0,0,0,19.62,24.26,30.48,84,8.507,-5.932,1.288,600.7,0,0,0,0,0,0,0,0.0,0.0,0,238,270,-22.06,7,4889.87,16.138,118.65,0,76,1332.85,19.33,80.16,0,101,1236.68,8.3,138.25,0,61,2320.34,24.26,39.0,-105.5,2.9254
United States,Colorado,Wheat,2011,winter,303.0,270.85,0.894,224,257,23,14,1,2,0,0,0,15.01,19.96,25.67,79,9.436,-5.418,2.009,669.285,0,0,0,0,0,0,0,0.0,0.0,0,229,276,-29.62,6,4927.6,16.263,64.39,0,61,1461.47,7.93,86.43,0,101,1194.49,9.42,120.03,0,67,2271.64,19.96,39.0,-105.5,2.5623
United States,Colorado,Wheat,2012,winter,304.0,257.77,0.848,240,266,29,14,4,3,0,0,0,17.51,21.34,26.9,64,10.751,-4.416,3.167,837.96,3,0,0,3,0,1,0,1.67,0.0,3,217,268,-22.78,8,5179.58,17.038,107.34,0,68,1402.68,21.34,68.04,0,101,1306.41,9.41,82.39,0,48,2470.49,15.09,39.0,-105.5,2.105
United States,Colorado,Wheat,2013,winter,303.0,257.84,0.851,237,265,27,15,5,3,0,0,0,18.89,29.05,36.31,66,9.576,-5.329,2.123,696.205,2,0,0,2,0,0,0,0.14,0.0,1,229,271,-24.87,5,4810.48,15.876,64.0,0,66,1399.99,25.66,69.64,0,101,1207.87,9.08,124.2,0,62,2202.62,29.05,39.0,-105.5,1.7015
United States,Colorado,Wheat,2014,winter,303.0,388.92,1.284,203,254,19,9,2,5,1,1,0,30.71,54.22,83.37,100,8.559,-5.476,1.542,611.47,0,0,0,0,0,0,0,0.0,0.0,0,231,272,-27.2,5,4866.26,16.06,166.07,0,71,1353.87,54.22,95.56,0,101,1260.97,17.73,127.29,0,59,2251.42,22.49,39.0,-105.5,2.5623
United States,Colorado,Wheat,2015,winter,303.0,459.26,1.516,203,240,21,10,4,9,1,0,0,20.92,35.51,58.95,100,9.86,-4.139,2.86,655.42,0,0,0,0,0,0,0,0.0,0.0,0,221,267,-24.57,7,4631.97,15.287,113.27,0,60,1357.27,21.69,96.1,0,101,1173.05,10.16,249.89,0,60,2101.65,35.51,39.0,-105.5,2.495
United States,Colorado,Wheat,2016,winter,304.0,321.69,1.058,223,257,24,9,4,4,0,0,0,16.57,29.93,39.6,81,9.839,-4.369,2.735,791.545,1,0,0,1,0,0,0,0.0,0.0,1,211,262,-24.01,3,4805.72,15.808,78.63,0,50,1391.56,22.01,65.81,0,101,1255.94,14.47,177.25,0,60,2158.22,29.93,39.0,-105.5,3.2415
United States,Colorado,Wheat,2017,winter,303.0,272.4,0.899,227,262,36,8,6,2,0,0,0,17.81,25.43,36.07,76,10.703,-4.104,3.3,782.065,0,0,0,0,0,0,0,0.0,0.0,0,212,268,-26.79,8,4873.4,16.084,40.62,0,56,1439.48,4.17,89.84,0,101,1191.63,14.46,141.94,0,55,2242.29,25.43,39.0,-105.5,2.9052
United States,Colorado,Wheat,2018,winter,303.0,241.06,0.796,246,274,23,16,4,1,0,0,0,10.23,18.16,32.52,57,11.253,-3.565,3.844,797.46,2,0,0,2,0,0,0,0.88,0.0,2,213,261,-20.68,6,4923.93,16.251,93.98,0,69,1371.3,18.16,59.29,0,101,1255.6,8.09,87.79,0,43,2297.03,14.0,39.0,-105.5,2.4278
United States,Colorado,Wheat,2019,winter,303.0,365.43,1.206,216,249,16,16,1,4,0,0,0,14.02,25.72,36.62,87,8.413,-5.638,1.387,583.54,0,0,0,0,0,0,0,0.0,0.0,0,238,271,-22.68,6,4650.62,15.349,91.15,0,68,1349.34,13.73,128.46,0,101,1227.06,25.72,145.82,0,69,2074.22,20.47,39.0,-105.5,3.2953
United States,Colorado,Wheat,2020,winter,304.0,281.72,0.927,233,259,31,10,4,2,0,0,0,12.1,16.46,22.79,71,9.924,-5.08,2.422,770.285,0,0,0,0,0,0,0,0.0,0.0,0,223,266,-25.14,5,5103.98,16.789,94.44,0,70,1468.32,16.46,94.58,0,101,1246.54,14.22,92.7,0,52,2389.12,12.13,39.0,-105.5,1.8158
United States,Colorado,Wheat,2021,winter,303.0,309.3,1.021,226,260,44,9,3,1,0,0,0,10.78,20.51,29.87,77,10.125,-4.943,2.591,801.655,3,0,0,3,0,1,0,2.5,0.0,3,217,263,-22.13,9,4849.03,16.003,59.44,0,63,1463.71,17.07,94.02,0,101,1204.05,18.79,155.84,0,53,2181.27,20.51,39.0,-105.5,2.4883
United States,Colorado,Wheat,2022,winter,303.0,266.21,0.879,236,260,24,15,4,2,0,0,0,15.63,28.79,46.28,67,10.855,-4.164,3.345,783.91,0,0,0,0,0,0,0,0.0,0.0,0,227,260,-24.44,6,4934.29,16.285,53.94,0,64,1429.99,12.4,91.43,0,101,1233.67,11.96,120.84,0,62,2270.63,28.79,39.0,-105.5,1.6813
United States,Colorado,Wheat,2023,winter,303.0,338.53,1.117,225,254,22,13,4,3,1,1,0,34.14,52.95,62.94,78,8.869,-5.187,1.841,698.5,0,0,0,0,0,0,0,0.0,0.0,0,206,270,-20.74,4,4746.07,15.664,62.98,0,60,1416.16,11.75,71.9,0,101,1251.94,8.34,203.65,0,45,2077.97,52.95,39.0,-105.5,2.7573
United States,Colorado,Wheat,2024,winter,304.0,360.48,1.186,219,259,18,14,2,7,0,0,0,17.65,33.57,40.62,85,10.185,-4.069,3.058,782.56,0,0,0,0,0,0,0,0.0,0.0,0,222,269,-25.75,5,5013.26,16.491,97.77,0,59,1448.96,20.11,120.98,0,101,1242.95,33.57,141.73,0,62,2321.35,28.94,39.0,-105.5,2.3538
United States,Colorado,Wheat,2025,winter,303.0,302.22,0.997,233,255,25,11,6,3,0,0,0,19.57,30.91,37.14,70,11.04,-3.694,3.673,889.285,0,0,0,0,0,0,0,0.0,0.0,0,206,258,-27.42,7,4868.14,16.066,101.82,0,52,1429.38,19.1,60.52,0,101,1252.83,8.95,139.88,0,53,2185.93,30.91,39.0,-105.5,2.5555
United States,Illinois,Wheat,1990,winter,303.0,860.63,2.84,199,230,27,9,2,26,10,6,2,57.0,70.28,104.74,104,13.877,2.703,8.29,1767.62,2,0,0,1,0,0,0,0.19,0.0,0,135,178,-27.62,12,3858.94,12.736,170.49,0,32,1163.91,55.01,233.42,0,88,877.61,58.38,456.72,0,15,1817.42,70.28,40.0,-89.0,3.228
United States,Illinois,Wheat,1991,winter,303.0,836.39,2.76,204,225,16,11,3,26,10,6,0,41.53,75.67,107.81,99,14.511,3.511,9.011,2052.46,12,1,0,6,1,1,0,24.31,0.7,9,121,172,-24.97,11,3971.96,13.109,297.38,1,28,1135.38,75.67,247.11,0,87,837.27,64.78,291.9,0,6,1999.31,62.33,40.0,-89.0,2.152
United States,Illinois,Wheat,1992,winter,304.0,668.07,2.198,198,225,20,9,1,18,4,3,0,45.04,88.76,90.87,106,13.75,3.166,8.458,1727.98,10,0,0,4,0,1,0,14.92,0.0,6,131,185,-19.47,15,3718.54,12.232,328.46,0,32,1093.45,88.76,157.84,0,82,766.81,30.25,181.77,0,17,1858.28,28.88,40.0,-89.0,3.6316
United States,Illinois,Wheat,1993,winter,303.0,967.98,3.195,189,213,20,7,1,31,9,6,0,48.13,61.19,80.03,114,12.467,2.386,7.427,1641.695,2,0,0,2,0,0,0,0.28,0.0,2,137,185,-17.71,12,3527.47,11.642,312.31,0,30,968.96,59.78,254.7,0,95,801.85,55.9,400.97,0,12,1756.66,61.19,40.0,-89.0,2.959
United States,Illinois,Wheat,1994,winter,303.0,894.58,2.952,200,223,19,10,1,28,11,7,1,56.71,96.77,129.98,103,11.869,1.837,6.853,1522.52,2,0,0,2,0,0,0,1.17,0.0,2,133,196,-26.43,12,3898.01,12.865,389.06,0,31,976.31,59.67,107.42,0,90,812.2,24.67,398.1,0,12,2109.5,96.77,40.0,-89.0,3.7661
United States,Illinois,Wheat,1995,winter,303.0,908.73,2.999,191,212,15,9,1,27,11,4,1,50.19,94.67,107.11,112,14.195,3.298,8.746,1835.785,6,0,0,4,0,1,0,7.19,0.0,6,116,169,-19.76,10,3736.18,12.331,271.74,0,20,1080.35,52.6,187.87,0,87,905.05,52.69,449.12,0,9,1750.78,94.67,40.0,-89.0,3.2953
United States,Illinois,Wheat,1996,winter,304.0,710.2,2.336,205,225,26,9,2,22,5,3,0,31.53,59.69,91.06,99,13.069,1.395,7.232,1717.415,9,0,0,3,0,1,0,5.01,0.0,6,143,190,-26.89,13,3777.52,12.426,151.16,0,36,1146.35,27.04,139.06,0,90,844.86,32.29,419.98,0,17,1786.31,59.69,40.0,-89.0,2.5555
United States,Illinois,Wheat,1997,winter,303.0,643.06,2.122,209,222,14,8,1,15,3,1,0,47.47,50.76,72.85,94,13.304,2.009,7.657,1660.69,14,0,0,5,0,2,0,15.96,0.0,10,137,190,-26.02,17,3822.0,12.614,198.31,0,37,1078.53,44.42,215.48,0,85,810.87,50.76,229.27,0,15,1932.6,26.87,40.0,-89.0,4.1023
United States,Illinois,Wheat,1998,winter,303.0,992.8,3.277,192,203,19,7,2,35,12,3,0,30.24,51.26,79.11,111,14.467,4.379,9.423,1960.865,13,0,0,5,0,1,0,16.45,0.0,10,114,174,-17.47,13,3746.7,12.365,231.91,0,31,1135.43,51.26,249.57,0,78,734.02,35.27,511.32,0,5,1877.25,45.21,40.0,-89.0,3.228
United States,Illinois,Wheat,1999,winter,303.0,758.14,2.502,192,219,18,10,1,23,5,3,0,34.22,50.27,57.68,111,15.045,3.936,9.49,2027.385,11,0,0,5,0,1,0,12.27,0.0,7,111,164,-30.27,12,3934.79,12.986,192.69,0,14,1137.23,31.17,197.89,0,92,856.32,34.3,367.56,0,5,1941.24,50.27,40.0,-89.0,4.0351
United States,Illinois,Wheat,2000,winter,304.0,591.51,1.946,220,240,20,10,2,17,4,1,1,53.25,61.5,104.84,84,16.191,3.879,10.035,2078.935,17,0,0,5,0,2,0,29.33,0.0,12,110,163,-16.0,14,4006.9,13.181,154.09,0,23,1256.79,36.92,122.91,0,81,867.44,27.32,314.51,0,6,1882.67,61.5,40.0,-89.0,3.8333
United States,Illinois,Wheat,2001,winter,303.0,718.71,2.372,210,233,14,14,2,24,8,4,0,46.33,59.3,85.38,93,13.427,2.449,7.938,1922.555,17,1,0,5,1,3,0,28.38,0.18,12,143,166,-22.84,9,4014.55,13.249,243.92,1,35,1120.41,52.26,212.88,0,97,905.7,52.22,261.91,0,11,1988.44,59.3,40.0,-89.0,4.1023
United States,Illinois,Wheat,2002,winter,303.0,998.25,3.295,203,222,31,9,2,33,12,9,1,57.98,88.34,132.15,100,14.943,3.799,9.371,1871.73,12,0,0,5,0,2,0,8.21,0.0,8,114,176,-20.64,12,3953.76,13.049,282.6,0,15,1174.91,56.18,221.23,0,82,911.31,68.33,494.42,0,17,1867.54,88.34,40.0,-89.0,3.2953
United States,Illinois,Wheat,2003,winter,303.0,585.68,1.933,217,236,24,9,2,21,2,2,0,28.12,48.51,76.93,86,13.816,2.561,8.189,1814.36,11,0,0,4,0,1,0,13.18,0.0,8,129,179,-19.97,9,3959.83,13.069,143.3,0,30,1170.93,28.87,138.95,0,90,868.39,33.23,303.43,0,9,1920.51,48.51,40.0,-89.0,4.3713
United States,Illinois,Wheat,2004,winter,304.0,734.62,2.417,218,238,25,12,2,23,11,5,0,49.51,68.14,83.14,86,14.534,3.419,8.976,1965.28,2,0,0,1,0,0,0,1.58,0.0,1,120,164,-24.79,14,4073.15,13.399,246.89,0,24,1154.53,68.14,138.26,0,88,907.31,34.01,349.47,0,8,2011.31,45.58,40.0,-89.0,3.9678
United States,Illinois,Wheat,2005,winter,303.0,698.74,2.306,223,244,21,10,6,22,8,6,0,43.22,72.74,81.32,80,14.802,4.01,9.406,1991.21,15,1,0,10,1,1,0,33.89,0.74,13,110,168,-16.17,10,4098.35,13.526,320.88,0,17,1166.73,44.28,205.44,0,87,872.23,72.74,172.42,1,6,2059.39,24.24,40.0,-89.0,4.1023
United States,Illinois,Wheat,2006,winter,303.0,670.59,2.213,215,232,21,8,2,24,5,3,0,46.81,48.34,68.54,88,15.492,4.298,9.895,2093.78,25,1,0,13,1,2,0,52.23,0.03,21,116,163,-16.31,14,4034.65,13.316,247.96,1,22,1157.33,38.22,168.15,0,85,888.06,41.7,254.48,0,9,1989.26,48.34,40.0,-89.0,4.5058
United States,Illinois,Wheat,2007,winter,303.0,789.87,2.607,210,229,16,10,2,28,7,5,0,39.25,81.3,81.43,93,14.284,3.429,8.856,1999.745,10,0,0,4,0,2,0,11.76,0.0,9,125,161,-25.92,16,3864.22,12.753,267.7,0,33,1068.54,81.3,213.87,0,79,873.64,44.39,308.3,0,13,1922.04,57.13,40.0,-89.0,3.6988
United States,Illinois,Wheat,2008,winter,304.0,966.58,3.18,193,212,16,7,1,34,11,6,2,56.42,88.35,124.42,111,14.12,3.285,8.703,1955.405,19,1,0,5,1,3,0,38.14,0.64,15,128,178,-18.15,13,3916.71,12.884,229.6,1,28,1202.03,38.55,323.5,0,89,807.56,69.11,413.48,0,11,1907.12,88.35,40.0,-89.0,4.3041
United States,Illinois,Wheat,2009,winter,303.0,1073.24,3.542,200,223,13,12,0,36,15,9,2,89.45,136.1,156.83,103,13.233,2.727,7.98,1849.06,10,0,0,7,0,1,0,9.13,0.0,7,131,171,-23.36,10,3914.54,12.919,355.43,0,32,1108.77,136.1,214.05,0,88,936.49,35.34,503.76,0,11,1869.28,75.04,40.0,-89.0,3.7661
United States,Illinois,Wheat,2010,winter,303.0,1116.55,3.685,182,207,13,6,0,42,16,10,0,46.06,70.25,99.83,121,13.318,3.801,8.56,1918.325,6,0,0,2,0,0,0,2.78,0.0,1,109,168,-20.36,7,3868.15,12.766,434.1,0,20,1009.3,70.25,199.46,0,83,830.78,59.88,482.99,0,6,2028.07,66.98,40.0,-89.0,3.8333
United States,Illinois,Wheat,2011,winter,303.0,856.81,2.828,201,223,13,11,0,25,9,5,0,47.21,64.14,70.93,102,13.604,3.011,8.307,1912.835,7,0,0,3,0,1,0,8.49,0.0,5,124,173,-24.22,11,3799.31,12.539,242.17,0,26,1235.01,64.14,189.2,0,89,806.94,31.79,425.44,0,9,1757.36,44.53,40.0,-89.0,4.1023
United States,Illinois,Wheat,2012,winter,304.0,551.73,1.815,215,239,14,9,1,17,4,1,0,31.82,38.95,56.29,89,16.971,5.312,11.142,2288.825,31,7,2,17,3,4,2,102.77,24.38,25,99,146,-12.49,13,4240.63,13.949,207.32,3,19,1110.78,31.83,163.13,0,79,922.73,31.78,181.28,4,1,2207.12,38.95,40.0,-89.0,4.3041
United States,Illinois,Wheat,2013,winter,303.0,987.82,3.26,211,217,20,10,2,39,13,7,0,48.95,69.92,111.89,92,13.659,3.226,8.443,1764.74,5,0,0,2,0,0,0,4.05,0.0,5,138,184,-15.74,12,3819.57,12.606,284.63,0,27,1156.65,56.91,206.43,0,95,812.14,41.05,496.76,0,16,1850.78,69.92,40.0,-89.0,4.5058
United States,Illinois,Wheat,2014,winter,303.0,710.53,2.345,199,228,20,10,1,24,3,3,0,35.04,55.36,86.31,104,12.956,1.552,7.254,1911.815,11,3,0,4,3,2,1,26.49,1.78,7,141,182,-27.79,14,4043.35,13.344,181.66,3,33,1162.02,55.36,181.01,0,95,891.47,25.94,347.86,0,13,1989.86,41.84,40.0,-89.0,4.5058
United States,Illinois,Wheat,2015,winter,303.0,887.74,2.93,203,223,15,7,1,28,9,7,1,53.55,79.29,106.43,100,12.915,2.572,7.743,1817.135,3,0,0,2,0,0,0,3.76,0.0,2,132,177,-22.85,12,3878.2,12.799,316.71,0,33,1061.81,79.29,121.02,0,88,883.91,21.21,450.01,0,11,1932.48,56.87,40.0,-89.0,4.3713
United States,Illinois,Wheat,2016,winter,304.0,863.33,2.84,216,228,27,11,1,29,10,5,1,60.34,132.38,150.71,88,15.729,4.894,10.311,2163.99,18,0,0,7,0,3,0,26.26,0.0,8,100,158,-17.92,15,4087.3,13.445,248.99,0,18,1180.33,46.44,275.85,0,70,832.05,132.38,338.49,0,12,2074.92,33.57,40.0,-89.0,4.9766
United States,Illinois,Wheat,2017,winter,303.0,772.57,2.55,202,227,19,5,2,23,11,4,0,47.34,74.11,125.48,101,15.792,5.236,10.514,2237.185,9,0,0,3,0,1,0,6.96,0.0,5,102,145,-18.65,13,4008.71,13.23,241.35,0,21,1135.82,54.99,136.45,0,78,865.37,26.58,394.77,0,3,2007.52,74.11,40.0,-89.0,5.1111
United States,Illinois,Wheat,2018,winter,303.0,860.76,2.841,214,233,18,11,1,26,12,8,1,85.59,151.76,167.79,89,14.684,3.626,9.155,2101.865,23,0,0,7,0,3,0,54.98,0.0,17,135,178,-24.44,17,4015.52,13.253,226.16,0,28,1154.23,43.58,239.0,0,85,888.18,151.76,395.6,0,22,1973.11,89.83,40.0,-89.0,4.4386
United States,Illinois,Wheat,2019,winter,303.0,966.4,3.189,195,214,12,6,0,35,9,6,1,50.55,73.26,77.05,108,13.602,3.28,8.441,1879.745,11,0,0,5,0,2,0,21.32,0.0,9,134,175,-28.39,15,3778.5,12.47,275.23,0,33,1081.32,73.26,248.08,0,90,850.52,42.29,443.09,0,11,1846.66,49.98,40.0,-89.0,4.5058
United States,Illinois,Wheat,2020,winter,304.0,894.94,2.944,204,226,11,6,0,33,9,7,0,46.58,83.5,92.87,100,14.42,4.029,9.224,1889.07,14,0,0,5,0,2,0,14.99,0.0,13,126,183,-18.47,15,3835.38,12.616,255.19,0,34,1102.01,47.02,277.33,0,82,782.06,83.5,362.42,0,10,1951.31,54.27,40.0,-89.0,4.5731
United States,Illinois,Wheat,2021,winter,303.0,820.0,2.706,213,227,15,10,2,29,11,3,0,38.36,89.57,143.84,90,14.409,3.386,8.898,1937.535,6,0,0,2,0,0,0,6.78,0.0,2,121,173,-26.57,9,3997.65,13.194,200.24,0,24,1109.66,35.48,208.39,0,89,919.8,41.13,411.37,0,8,1968.19,89.57,40.0,-89.0,5.3128
United States,Illinois,Wheat,2022,winter,303.0,782.31,2.582,213,226,22,8,1,25,6,4,1,53.06,55.63,75.5,90,14.927,3.635,9.281,2047.5,14,0,0,4,0,2,0,15.04,0.0,13,124,170,-22.2,15,3916.53,12.926,315.87,0,27,1107.45,55.63,191.48,0,83,920.58,31.58,274.96,0,14,1888.5,47.82,40.0,-89.0,5.3128
United States,Illinois,Wheat,2023,winter,303.0,621.83,2.052,226,244,13,10,0,22,5,5,0,42.08,42.24,55.79,77,15.694,3.822,9.758,1982.985,22,0,0,5,0,5,0,31.06,0.0,14,117,178,-20.63,17,4072.33,13.44,168.45,0,25,1219.65,36.21,239.92,0,84,775.51,42.24,213.46,0,8,2077.17,41.34,40.0,-89.0,5.8508
United States,Illinois,Wheat,2024,winter,304.0,757.63,2.492,214,231,21,7,2,28,7,4,0,30.27,53.43,63.18,90,16.401,5.15,10.776,2259.755,22,0,0,5,0,3,0,31.38,0.0,17,104,154,-27.24,15,4075.63,13.407,198.92,0,19,1111.29,32.82,226.31,0,74,921.75,40.87,332.4,0,11,2042.59,53.43,40.0,-89.0,5.7836
United States,Illinois,Wheat,2025,winter,303.0,702.61,2.319,209,235,25,9,3,14,6,5,2,70.39,83.92,94.71,94,15.573,4.227,9.9,2198.19,19,0,0,8,0,2,0,45.64,0.0,16,100,152,-21.45,11,4087.16,13.489,223.64,0,15,1210.71,83.92,150.84,0,81,945.07,40.73,328.13,0,4,1931.38,50.16,40.0,-89.0,5.9181
United States,Iowa,Wheat,1990,winter,303.0,808.73,2.669,220,235,27,12,3,31,12,6,1,60.15,100.09,148.74,83,11.864,0.626,6.245,1460.065,5,0,0,5,0,1,0,2.98,0.0,0,158,201,-28.07,10,3989.7,13.167,176.9,0,43,1146.49,62.95,157.02,0,94,869.81,57.6,474.81,0,21,1973.4,100.09,42.0,-93.5,3.0263
United States,Iowa,Wheat,1991,winter,303.0,786.92,2.597,213,232,37,12,2,29,10,5,0,32.85,53.83,94.28,90,12.889,1.463,7.176,1776.955,8,0,0,5,0,2,0,13.31,0.0,7,136,194,-25.68,7,3947.68,13.029,142.03,0,34,1183.45,22.94,124.62,0,94,903.28,30.06,520.27,0,8,1860.95,53.83,42.0,-93.5,2.2865
United States,Iowa,Wheat,1992,winter,304.0,584.65,1.923,214,240,18,12,4,17,3,1,0,29.73,49.26,72.73,90,11.888,0.971,6.429,1477.5,7,0,0,4,0,1,0,10.13,0.0,2,155,202,-27.39,15,3777.08,12.425,253.4,0,47,1033.57,49.26,148.75,0,90,750.34,25.28,182.5,0,18,1993.17,47.84,42.0,-93.5,2.6228
United States,Iowa,Wheat,1993,winter,303.0,912.92,3.013,187,203,22,7,2,32,6,4,0,40.59,60.09,86.44,116,9.866,-0.17,4.848,1376.49,0,0,0,0,0,0,0,0.0,0.0,0,157,198,-27.1,6,3671.07,12.116,275.35,0,42,999.24,60.09,128.15,0,101,940.63,26.95,509.42,0,14,1731.2,51.89,42.0,-93.5,1.6813
United States,Iowa,Wheat,1994,winter,303.0,523.12,1.726,216,242,22,11,4,12,2,2,0,36.1,44.55,71.63,87,9.987,-0.451,4.768,1352.675,2,0,0,2,0,0,0,1.5,0.0,1,159,211,-31.86,12,4032.02,13.307,166.04,0,45,1028.42,37.4,75.18,0,97,923.44,14.04,281.9,0,17,2080.16,44.55,42.0,-93.5,3.1608
United States,Iowa,Wheat,1995,winter,303.0,708.69,2.339,206,229,29,7,4,21,5,3,0,40.69,53.06,64.39,97,12.046,1.428,6.737,1548.23,4,0,0,2,0,0,0,5.06,0.0,3,137,188,-21.24,9,3705.35,12.229,229.32,0,29,1038.44,47.27,77.35,0,91,928.0,16.92,402.02,0,17,1738.91,53.06,42.0,-93.5,2.3538
United States,Iowa,Wheat,1996,winter,304.0,648.04,2.132,224,241,21,10,5,20,4,3,0,37.73,64.74,79.86,80,10.757,-0.44,5.158,1409.125,11,0,0,4,0,1,0,8.13,0.0,7,162,204,-38.23,8,3712.19,12.211,168.57,0,41,1037.97,37.37,65.76,0,97,877.36,21.47,413.71,0,24,1796.86,64.74,42.0,-93.5,2.3538
United States,Iowa,Wheat,1997,winter,303.0,638.27,2.107,216,244,12,13,0,20,6,4,0,38.32,54.23,72.78,87,10.663,-0.251,5.206,1446.425,11,0,0,4,0,1,0,10.33,0.0,5,156,202,-25.38,9,4030.98,13.304,244.64,0,38,1079.59,42.18,104.59,0,97,885.79,20.75,289.04,0,21,2065.6,54.23,42.0,-93.5,2.8245
United States,Iowa,Wheat,1998,winter,303.0,813.76,2.686,199,223,14,9,1,27,6,5,0,44.62,50.39,111.82,104,12.785,2.543,7.664,1759.075,15,0,0,4,0,1,0,27.58,0.0,9,143,181,-21.97,7,3813.93,12.587,212.3,0,42,1067.24,45.2,119.29,0,93,877.65,23.23,482.17,0,8,1869.04,50.39,42.0,-93.5,2.959
United States,Iowa,Wheat,1999,winter,303.0,603.75,1.993,211,225,30,8,2,17,3,0,0,23.45,44.99,67.96,92,13.572,2.361,7.966,1789.32,13,0,0,3,0,1,0,20.58,0.0,10,129,177,-26.96,6,3906.95,12.894,148.61,0,22,1103.25,35.99,74.46,0,98,919.79,10.25,380.68,0,9,1883.91,44.99,42.0,-93.5,2.8918
United States,Iowa,Wheat,2000,winter,304.0,440.52,1.449,217,240,30,8,4,7,2,1,0,26.64,36.9,51.7,87,15.051,2.37,8.711,1870.635,17,2,0,4,1,3,0,42.25,1.0,6,123,184,-18.73,9,4080.94,13.424,142.46,0,23,1255.42,16.83,66.18,0,92,829.23,13.29,231.88,2,8,1996.29,36.9,42.0,-93.5,3.1608
United States,Iowa,Wheat,2001,winter,303.0,619.66,2.045,174,214,12,7,0,12,2,0,0,21.18,33.21,47.95,129,11.102,-0.342,5.38,1740.93,20,2,0,4,1,3,0,39.36,3.04,10,156,179,-28.89,4,3959.35,13.067,168.79,2,39,1050.33,20.38,131.19,0,101,977.49,16.19,319.68,0,16,1931.53,33.21,42.0,-93.5,3.6316
United States,Iowa,Wheat,2002,winter,303.0,552.87,1.825,199,231,20,9,1,10,3,3,0,34.73,67.72,70.61,104,13.993,2.409,8.201,1738.12,23,3,0,12,2,4,0,61.81,2.76,13,137,188,-18.33,10,4056.44,13.388,243.3,0,23,1079.18,67.72,72.71,0,97,873.93,10.41,236.86,3,17,2103.33,38.85,42.0,-93.5,3.5643
United States,Iowa,Wheat,2003,winter,303.0,592.08,1.954,215,242,16,12,4,16,4,3,0,46.86,55.37,97.35,88,11.862,0.459,6.16,1562.725,13,0,0,6,0,1,0,33.61,0.0,7,156,191,-21.64,7,3934.39,12.985,203.1,0,49,1080.77,32.19,45.71,0,96,895.08,10.08,343.27,0,11,1958.54,55.37,42.0,-93.5,4.1023
United States,Iowa,Wheat,2004,winter,304.0,666.78,2.193,227,245,19,13,3,22,7,6,1,55.9,83.82,105.36,77,12.714,1.479,7.096,1681.085,9,0,0,6,0,1,0,13.55,0.0,9,145,185,-22.79,9,4003.49,13.169,208.23,0,34,1133.14,76.89,94.6,0,98,848.77,22.26,363.95,0,13,2021.58,83.82,42.0,-93.5,3.6988
United States,Iowa,Wheat,2005,winter,303.0,531.43,1.754,228,243,31,13,2,14,6,2,0,42.38,69.23,78.94,75,13.823,2.554,8.189,1861.09,21,1,0,9,1,3,0,33.91,0.1,12,139,179,-23.64,8,3976.26,13.123,137.52,0,28,1104.17,25.84,65.61,0,98,881.38,21.94,328.3,1,13,1990.71,69.23,42.0,-93.5,3.3626
United States,Iowa,Wheat,2006,winter,303.0,397.89,1.313,234,251,25,13,2,8,3,0,0,23.48,46.85,52.2,69,14.464,2.996,8.73,1971.485,35,2,0,8,1,4,0,79.15,0.43,31,133,179,-21.57,8,3924.64,12.953,131.12,1,28,1100.12,30.73,61.8,0,95,872.67,10.81,204.97,1,10,1951.85,46.85,42.0,-93.5,4.4386
United States,Iowa,Wheat,2007,winter,303.0,740.29,2.443,230,238,15,15,3,23,9,7,1,53.26,83.55,100.17,73,12.463,1.507,6.985,1689.305,7,0,0,3,0,1,0,2.41,0.0,5,141,178,-21.26,13,4069.37,13.43,197.5,0,37,1078.07,63.23,147.44,0,91,937.77,31.92,395.35,0,13,2053.53,83.55,42.0,-93.5,3.228
United States,Iowa,Wheat,2008,winter,304.0,858.37,2.824,217,234,30,11,1,25,16,7,0,37.42,72.58,131.65,87,11.131,0.283,5.707,1541.695,2,0,0,1,0,0,0,0.53,0.0,1,155,195,-24.83,9,4009.73,13.19,231.43,0,33,1104.96,52.22,82.75,0,98,986.99,12.89,544.19,0,24,1917.78,72.58,42.0,-93.5,3.228
United States,Iowa,Wheat,2009,winter,303.0,724.79,2.392,209,226,14,11,1,23,6,3,1,53.49,72.95,82.18,94,11.185,0.102,5.643,1547.755,6,0,0,5,0,1,0,6.54,0.0,2,154,191,-32.13,8,3937.0,12.993,237.63,0,37,1051.91,37.84,118.07,0,95,981.56,42.69,369.09,0,22,1903.53,72.95,42.0,-93.5,3.0263
United States,Iowa,Wheat,2010,winter,303.0,860.59,2.84,204,227,20,7,3,28,8,5,0,44.63,72.93,98.19,99,11.185,0.586,5.885,1663.1,4,0,0,1,0,0,0,1.38,0.0,0,125,182,-35.47,8,4024.24,13.281,257.33,0,28,1017.69,60.25,130.86,0,91,980.35,27.15,472.4,0,6,2026.2,72.93,42.0,-93.5,3.0935
United States,Iowa,Wheat,2011,winter,303.0,624.07,2.06,229,245,16,13,5,25,6,3,0,34.69,58.99,83.45,74,11.291,0.615,5.953,1534.63,6,0,0,3,0,1,0,10.38,0.0,5,151,199,-24.96,11,3816.97,12.597,167.32,0,35,1152.29,46.74,77.68,0,96,832.85,11.1,379.07,0,20,1831.83,58.99,42.0,-93.5,3.0263
United States,Iowa,Wheat,2012,winter,304.0,484.16,1.593,239,253,20,14,6,17,4,1,0,32.47,57.95,75.92,65,15.513,3.729,9.621,2056.36,25,4,0,7,2,3,0,66.44,5.3,20,123,163,-17.09,6,4236.7,13.937,132.37,1,32,1163.82,30.28,95.75,0,88,901.07,17.73,256.04,3,3,2171.81,57.95,42.0,-93.5,3.3626
United States,Iowa,Wheat,2013,winter,303.0,715.51,2.361,215,235,27,7,4,26,8,3,0,43.82,79.56,114.81,88,12.145,0.926,6.535,1525.22,10,1,0,6,1,1,0,23.93,0.89,7,161,200,-21.51,15,3882.49,12.813,136.11,1,34,1167.12,36.45,115.14,0,99,878.24,29.12,464.26,0,28,1837.13,79.56,42.0,-93.5,3.4971
United States,Iowa,Wheat,2014,winter,303.0,681.62,2.25,224,244,30,13,3,22,8,6,0,40.53,68.27,118.82,79,11.315,-0.349,5.483,1685.1,13,2,0,8,2,1,0,33.69,4.62,10,156,199,-26.49,9,3933.5,12.982,148.52,2,37,1125.49,33.93,64.0,0,100,943.56,15.91,469.1,0,19,1864.45,68.27,42.0,-93.5,3.2953
United States,Iowa,Wheat,2015,winter,303.0,630.91,2.082,229,237,26,10,5,17,6,5,0,38.83,58.05,75.34,74,11.791,0.804,6.298,1622.255,4,0,0,1,0,0,0,3.49,0.0,1,141,187,-24.93,10,4020.68,13.27,195.46,0,35,1094.89,40.62,64.76,0,93,996.89,20.16,370.69,0,13,1928.9,58.05,42.0,-93.5,3.4971
United States,Iowa,Wheat,2016,winter,304.0,677.31,2.228,215,234,21,13,1,24,4,2,0,44.44,87.71,89.25,89,13.32,2.802,8.061,1841.97,12,0,0,2,0,0,0,12.4,0.0,6,130,175,-27.81,12,4162.38,13.692,220.78,0,26,1161.56,32.66,198.04,0,88,895.64,87.71,258.49,0,16,2105.18,30.16,42.0,-93.5,4.2368
United States,Iowa,Wheat,2017,winter,303.0,647.73,2.138,220,238,19,10,1,22,5,2,0,44.2,51.03,66.63,83,13.931,3.068,8.499,1906.65,15,0,0,5,0,2,0,22.31,0.0,10,115,171,-25.12,9,3892.99,12.848,221.55,0,23,1102.76,51.03,112.11,0,90,876.69,19.55,314.07,0,2,1913.54,37.14,42.0,-93.5,4.5731
United States,Iowa,Wheat,2018,winter,303.0,704.26,2.324,219,236,35,11,2,20,7,4,0,45.67,60.74,103.81,84,12.413,1.596,7.004,1851.79,29,2,0,6,2,4,0,69.54,1.06,21,167,188,-25.68,7,3996.18,13.189,195.19,0,40,1084.51,60.74,99.9,0,99,918.88,23.64,409.17,2,28,1992.79,57.0,42.0,-93.5,3.9006
United States,Kansas,Wheat,1990,winter,303.0,487.43,1.609,228,246,47,11,4,15,4,1,0,25.56,38.7,57.05,75,17.172,3.998,10.585,2200.735,35,13,4,11,6,3,2,151.72,44.43,20,121,169,-26.83,15,4461.06,14.723,94.99,0,30,1387.81,33.91,116.25,0,80,1071.18,37.21,276.19,13,11,2002.07,38.7,38.5,-98.0,2.69
United States,Kansas,Wheat,1991,winter,303.0,426.68,1.408,244,255,63,11,6,14,2,1,0,30.19,41.61,70.69,59,18.491,5.094,11.792,2570.68,45,18,1,15,9,5,2,188.26,38.78,34,110,162,-19.25,11,4530.75,14.953,120.87,9,21,1372.52,33.05,58.29,0,87,1066.85,36.6,247.52,9,2,2091.38,41.61,38.5,-98.0,2.2193
United States,Kansas,Wheat,1992,winter,304.0,564.23,1.856,218,242,39,9,3,20,5,2,0,30.33,72.78,99.54,86,17.44,4.724,11.082,2230.025,28,3,0,7,1,2,0,59.55,2.35,21,111,163,-18.17,13,4273.82,14.059,94.16,2,32,1319.67,27.27,128.57,0,70,1001.99,23.45,341.5,1,9,1952.16,72.78,38.5,-98.0,2.2865
United States,Kansas,Wheat,1993,winter,303.0,718.96,2.373,205,225,23,13,2,22,5,3,2,50.98,62.67,104.06,98,14.242,3.097,8.67,1870.115,20,0,0,6,0,3,0,32.82,0.0,13,129,179,-18.38,11,3977.87,13.128,184.87,0,28,1201.67,56.95,139.06,0,95,921.97,23.55,395.03,0,6,1854.23,62.67,38.5,-98.0,2.3538
United States,Kansas,Wheat,1994,winter,303.0,337.73,1.115,249,259,42,12,7,10,1,0,0,24.35,39.49,43.45,54,16.03,3.358,9.694,2089.885,38,13,0,11,3,5,1,142.72,20.99,28,134,180,-18.9,12,4485.35,14.803,118.17,0,35,1255.53,29.41,56.48,0,86,1046.75,20.15,163.08,13,13,2183.07,39.49,38.5,-98.0,2.5555
United States,Kansas,Wheat,1995,winter,303.0,672.2,2.218,217,236,23,13,4,22,6,4,0,45.98,59.7,109.53,86,16.524,4.304,10.414,2109.035,19,1,0,8,1,2,0,36.23,0.27,15,107,158,-14.05,11,4085.47,13.483,145.01,1,20,1234.19,29.9,70.53,0,79,1009.84,18.06,456.66,0,8,1841.44,59.7,38.5,-98.0,1.7485
United States,Kansas,Wheat,1996,winter,304.0,432.65,1.423,255,263,47,11,3,12,5,3,0,42.61,79.71,99.77,49,16.95,3.613,10.282,2252.44,45,17,0,15,6,6,3,185.99,36.57,34,124,183,-20.15,14,4501.63,14.808,83.6,4,23,1272.6,38.37,35.66,0,86,1073.17,11.73,313.39,13,15,2155.86,79.71,38.5,-98.0,1.9503
United States,Kansas,Wheat,1997,winter,303.0,519.36,1.714,240,258,67,10,3,15,6,2,1,53.64,69.78,79.55,63,15.83,3.309,9.569,2005.525,22,4,0,6,3,4,1,62.16,4.75,17,120,177,-17.08,12,4561.14,15.053,212.35,0,31,1235.44,69.78,49.62,0,81,1106.86,27.04,257.39,4,8,2218.84,51.48,38.5,-98.0,3.0935
United States,Kansas,Wheat,1998,winter,303.0,560.12,1.849,222,244,32,13,3,16,4,4,0,31.88,55.97,64.55,81,16.529,4.598,10.564,2223.875,48,13,2,15,7,7,1,177.27,36.35,36,122,174,-14.8,10,4445.99,14.673,195.19,1,29,1269.58,55.97,144.85,0,90,932.29,30.26,220.08,12,3,2244.12,39.86,38.5,-98.0,3.2953
United States,Kansas,Wheat,1999,winter,303.0,730.27,2.41,211,231,27,10,4,23,6,5,1,54.31,98.8,110.58,92,17.329,5.23,11.28,2323.155,31,8,1,11,5,4,1,101.02,16.9,22,103,148,-17.05,10,4320.6,14.259,263.75,8,11,1270.68,98.8,96.75,0,87,1035.2,49.5,369.77,0,5,2014.72,50.22,38.5,-98.0,3.1608
United States,Kansas,Wheat,2000,winter,304.0,572.09,1.882,227,246,44,9,4,18,6,4,0,38.63,61.91,71.39,77,18.229,4.982,11.606,2322.005,33,2,0,7,1,5,0,82.89,1.25,17,100,154,-13.14,10,4521.83,14.874,111.84,2,13,1358.17,26.0,149.25,0,80,1029.8,41.25,311.0,0,7,2133.86,61.91,38.5,-98.0,2.4883
United States,Kansas,Wheat,2001,winter,303.0,623.06,2.056,224,238,31,13,3,16,5,3,0,45.1,62.51,89.66,79,16.393,3.831,10.112,2291.72,47,12,2,19,4,6,2,184.34,32.84,43,139,167,-18.19,6,4495.03,14.835,162.72,12,38,1310.14,62.51,157.69,0,96,987.11,31.31,302.65,0,5,2197.78,54.37,38.5,-98.0,2.69
United States,Kansas,Wheat,2002,winter,303.0,451.83,1.491,236,255,47,10,5,12,3,3,0,49.96,71.16,87.5,67,18.232,4.708,11.47,2385.27,45,14,0,13,8,5,2,164.98,19.79,30,115,155,-15.12,12,4645.33,15.331,137.67,1,15,1365.44,71.16,61.61,0,90,1126.5,25.4,252.55,13,10,2153.39,41.44,38.5,-98.0,2.2193
United States,Kansas,Wheat,2003,winter,303.0,581.88,1.92,232,253,41,13,4,16,9,5,0,44.93,89.74,91.83,71,16.263,3.957,10.11,2082.755,25,8,0,9,7,4,1,89.85,11.1,21,123,173,-15.03,12,4406.17,14.542,196.47,7,30,1293.96,89.74,127.14,0,85,980.68,78.89,258.27,1,8,2131.53,38.72,38.5,-98.0,3.228
United States,Kansas,Wheat,2004,winter,304.0,547.75,1.802,234,250,31,15,4,18,5,4,0,39.58,55.54,87.07,70,16.995,4.387,10.691,2248.695,32,3,0,7,1,5,0,76.71,0.92,24,113,164,-17.86,13,4572.89,15.042,142.59,0,25,1304.9,53.1,121.1,0,83,1077.26,55.54,284.06,3,5,2190.73,51.6,38.5,-98.0,2.4883
United States,Kansas,Wheat,2005,winter,303.0,561.25,1.852,229,247,27,12,3,20,6,1,0,25.13,52.42,80.89,74,17.428,5.191,11.31,2345.925,36,7,0,12,4,6,1,122.77,12.14,29,106,164,-19.85,14,4499.19,14.849,165.08,1,20,1265.92,39.81,116.56,0,81,1054.18,31.8,279.61,6,5,2179.09,52.42,38.5,-98.0,2.69
United States,Kansas,Wheat,2006,winter,303.0,394.2,1.301,244,257,50,12,5,10,3,2,0,26.33,30.86,53.76,59,19.206,5.83,12.518,2644.775,60,14,0,12,3,10,1,213.18,23.04,45,94,157,-15.23,11,4757.89,15.703,104.66,1,21,1356.82,22.19,45.13,0,67,1111.12,29.62,244.41,13,6,2289.95,30.86,38.5,-98.0,2.152
United States,Kansas,Wheat,2007,winter,303.0,784.41,2.589,218,242,33,10,3,23,9,8,1,71.32,96.41,113.28,85,16.365,4.6,10.483,2187.04,8,1,0,3,1,2,0,19.17,0.44,6,110,156,-17.78,13,4335.85,14.31,105.26,1,28,1318.79,25.11,156.23,0,74,1081.27,36.69,522.92,0,8,1935.79,96.41,38.5,-98.0,2.2193
United States,Kansas,Wheat,2008,winter,304.0,602.92,1.983,227,247,36,10,2,22,5,4,0,30.13,47.93,68.66,77,16.284,3.917,10.101,2183.51,32,2,0,4,2,4,0,58.6,0.76,19,123,185,-13.98,9,4598.29,15.126,166.06,0,22,1353.93,33.42,109.46,0,92,1079.82,19.1,327.4,2,9,2164.54,46.92,38.5,-98.0,2.69
United States,Kansas,Wheat,2009,winter,303.0,614.63,2.028,239,254,51,9,4,22,7,6,0,38.36,66.42,83.27,64,16.426,4.01,10.218,2129.985,25,7,0,10,5,5,1,77.29,4.13,21,119,168,-16.24,15,4548.67,15.012,255.94,0,28,1263.36,66.42,26.07,0,80,1159.81,6.95,332.62,7,11,2125.5,46.93,38.5,-98.0,2.8245
United States,Kansas,Wheat,2010,winter,303.0,533.88,1.762,227,249,21,14,3,13,5,3,0,38.75,68.74,94.06,76,15.449,4.123,9.786,2120.875,26,6,0,14,2,2,0,91.94,7.87,21,115,170,-19.12,5,4260.79,14.062,186.32,0,21,1143.11,29.38,57.98,0,91,894.73,18.84,289.58,6,3,2222.95,68.74,38.5,-98.0,3.0263
United States,Kansas,Wheat,2011,winter,303.0,382.94,1.264,252,266,43,14,5,12,4,3,0,45.24,55.58,80.2,51,17.716,4.384,11.05,2440.09,56,21,3,10,5,7,3,237.64,60.17,44,124,158,-18.79,6,4571.26,15.087,139.92,2,27,1404.33,55.58,49.91,0,89,1026.87,9.97,193.11,19,8,2140.06,44.61,38.5,-98.0,2.3538
United States,Kansas,Wheat,2012,winter,304.0,437.02,1.438,253,264,30,16,5,13,7,3,0,31.09,50.6,58.58,51,19.435,6.076,12.755,2726.385,59,16,8,13,8,8,1,259.21,74.41,51,100,140,-13.79,12,4837.13,15.912,137.48,3,28,1383.22,35.33,106.43,0,72,1093.58,37.54,193.11,13,0,2360.33,50.6,38.5,-98.0,2.8245
United States,Kansas,Wheat,2013,winter,303.0,437.86,1.445,243,255,32,15,3,11,2,1,0,43.91,58.0,68.74,60,17.524,4.29,10.907,2233.915,39,17,2,10,6,6,3,187.2,41.64,30,123,174,-13.54,16,4570.26,15.083,87.52,5,18,1369.7,21.88,80.12,0,87,1078.08,16.25,270.22,12,18,2122.48,58.0,38.5,-98.0,2.5555
United States,Kansas,Wheat,2014,winter,303.0,471.27,1.555,245,257,31,14,5,16,3,1,1,55.01,61.12,102.81,58,16.387,3.507,9.947,2240.0,45,7,0,9,3,5,1,126.98,12.18,33,130,179,-20.28,10,4633.02,15.29,122.55,3,26,1378.81,21.07,32.94,0,93,1105.28,7.41,315.78,4,11,2148.93,61.12,38.5,-98.0,1.883
United States,Kansas,Wheat,2015,winter,303.0,564.41,1.863,231,247,30,12,5,20,6,2,0,29.78,50.1,79.51,72,17.067,4.76,10.914,2381.89,29,9,0,7,2,5,0,95.43,6.38,22,105,155,-14.5,11,4483.58,14.797,133.76,3,28,1332.88,28.64,52.52,0,75,1076.31,22.65,378.13,6,2,2074.39,50.1,38.5,-98.0,2.4883
United States,Kansas,Wheat,2016,winter,304.0,629.95,2.072,235,246,39,17,3,17,7,5,1,52.98,74.31,96.68,69,18.443,6.225,12.334,2630.035,45,11,0,23,6,3,1,141.8,13.92,32,93,142,-15.02,8,4684.05,15.408,159.22,7,16,1355.65,41.67,124.13,0,72,1098.9,74.31,346.6,4,5,2229.5,61.1,38.5,-98.0,3.8333
United States,Kansas,Wheat,2017,winter,303.0,594.63,1.962,228,239,33,12,5,17,8,5,0,48.62,64.46,92.81,75,18.057,5.783,11.92,2498.58,31,1,0,8,1,5,0,82.52,0.43,21,84,143,-17.25,12,4608.17,15.208,146.46,0,14,1362.02,33.4,48.26,0,70,1152.09,30.63,399.91,1,0,2094.06,64.46,38.5,-98.0,3.228
United States,Kansas,Wheat,2018,winter,303.0,420.69,1.388,253,260,60,9,5,11,7,2,0,38.06,60.73,69.19,50,18.164,4.892,11.528,2510.425,59,18,0,12,4,10,3,217.42,33.93,44,119,175,-19.45,15,4629.07,15.277,144.57,5,19,1299.56,60.73,46.38,0,86,1105.73,27.72,229.74,13,14,2223.78,31.99,38.5,-98.0,2.5555
United States,Kansas,Wheat,2019,winter,303.0,1001.04,3.304,218,230,23,12,3,33,16,11,0,47.36,114.85,160.39,85,14.796,3.633,9.214,1958.91,19,0,0,8,0,2,0,36.33,0.0,13,127,168,-18.19,12,4286.56,14.147,345.91,0,32,1190.43,114.85,127.75,0,89,998.4,41.68,527.38,0,6,2097.73,100.49,38.5,-98.0,3.4971
United States,Kansas,Wheat,2020,winter,304.0,496.14,1.632,227,243,30,12,3,13,5,2,0,26.62,43.97,64.16,77,16.615,4.735,10.675,2170.79,39,4,0,9,2,5,0,108.07,2.39,31,125,176,-12.92,22,4543.59,14.946,87.56,0,34,1336.99,23.77,156.47,0,79,1015.24,36.04,252.11,4,12,2191.36,43.97,38.5,-98.0,3.0263
United States,Kansas,Wheat,2021,winter,303.0,557.14,1.839,236,256,40,11,3,21,8,4,0,30.11,42.04,66.93,67,16.711,4.41,10.561,2187.67,30,14,0,13,6,5,3,125.38,26.91,26,115,167,-22.84,10,4446.06,14.673,135.34,5,26,1322.48,42.04,125.04,0,83,1046.18,32.64,296.76,9,6,2077.4,41.47,38.5,-98.0,3.4971
United States,Kansas,Wheat,2022,winter,303.0,561.54,1.853,244,253,34,13,4,18,8,5,0,48.24,93.58,95.73,59,18.531,5.378,11.955,2518.12,52,14,0,11,3,9,2,181.46,19.8,40,102,160,-16.09,13,4749.19,15.674,175.65,5,13,1364.94,67.23,55.83,0,83,1208.07,18.73,330.06,9,6,2176.18,93.58,38.5,-98.0,2.4883
United States,Kansas,Wheat,2023,winter,303.0,424.56,1.401,241,257,20,14,5,13,2,1,0,34.28,38.24,48.2,62,18.102,4.811,11.456,2415.945,48,12,0,10,4,7,2,159.45,23.48,32,127,165,-20.07,13,4742.7,15.652,104.84,9,30,1423.07,38.24,76.81,0,90,1084.24,14.84,242.91,3,7,2235.39,31.61,38.5,-98.0,2.3538
United States,Kansas,Wheat,2024,winter,304.0,509.2,1.675,232,250,31,16,1,16,3,1,0,26.83,40.09,57.94,72,19.064,5.95,12.507,2711.82,53,15,0,10,5,6,2,199.27,33.77,38,91,151,-22.53,13,4658.15,15.323,120.5,7,24,1347.37,24.75,128.22,0,62,1071.19,23.84,260.48,8,5,2239.59,40.09,38.5,-98.0,2.8918
United States,Kansas,Wheat,2025,winter,303.0,616.44,2.034,235,242,28,12,5,20,9,4,0,48.12,58.14,86.28,68,18.345,5.371,11.858,2604.325,51,3,0,13,2,6,0,121.81,2.11,38,95,141,-19.94,12,4703.65,15.524,207.01,3,17,1415.26,45.6,41.25,0,77,1121.44,12.51,368.18,0,1,2166.95,58.14,38.5,-98.0,3.4298
United States,Minnesota,Wheat,1990,spring,183.0,643.99,3.519,109,121,14,5,1,23,5,2,1,50.52,71.58,81.33,74,21.007,9.337,15.172,1936.295,2,0,0,1,0,0,0,4.75,0.0,2,23,45,-7.67,2,3402.76,18.594,151.73,0,23,1104.53,35.49,324.73,0,0,1276.95,71.58,167.53,0,0,1021.28,49.48,46.0,-94.0,3.2549
United States,Minnesota,Wheat,1991,spring,183.0,668.22,3.651,92,110,7,2,0,23,4,2,0,37.11,63.91,85.82,91,21.297,10.407,15.852,2023.02,10,0,0,6,0,2,0,11.91,0.0,5,17,44,-5.15,4,3373.14,18.432,244.96,0,16,1048.94,51.92,247.85,0,0,1287.23,32.5,175.41,0,1,1036.97,63.91,46.0,-94.0,2.0915
United States,Minnesota,Wheat,1992,spring,183.0,452.06,2.47,116,136,16,5,1,15,5,2,0,27.16,52.78,70.82,67,20.093,8.363,14.228,1744.09,2,0,0,1,0,0,0,3.34,0.0,1,19,49,-10.02,3,3243.93,17.726,105.91,0,19,1107.91,31.95,201.2,0,0,1209.56,52.78,144.95,0,0,926.46,36.24,46.0,-94.0,3.3558
United States,Minnesota,Wheat,1993,spring,183.0,641.71,3.507,98,114,9,3,0,19,4,2,0,34.18,53.59,70.98,85,19.189,8.513,13.851,1659.35,2,0,0,1,0,0,0,0.25,0.0,1,19,56,-6.48,4,3136.28,17.138,191.1,0,18,1048.52,53.59,270.34,0,0,1159.25,48.08,180.27,0,1,928.51,30.83,46.0,-94.0,2.0848
United States,Minnesota,Wheat,1994,spring,183.0,569.46,3.112,107,119,14,4,1,19,4,3,0,28.1,46.96,69.26,76,21.143,9.634,15.388,1946.745,2,0,0,1,0,0,0,2.15,0.0,0,23,41,-7.74,5,3419.26,18.684,151.79,0,23,1206.91,46.96,234.93,0,0,1277.56,42.38,182.74,0,0,934.79,41.18,46.0,-94.0,1.883
United States,Minnesota,Wheat,1995,spring,183.0,591.87,3.234,98,122,13,3,0,20,5,1,0,34.76,75.21,84.64,85,20.296,9.475,14.886,1891.615,7,0,0,5,0,1,0,9.31,0.0,5,24,53,-12.98,3,3310.28,18.089,138.65,0,23,1087.37,27.19,204.43,0,0,1278.82,49.75,248.79,0,1,944.09,75.21,46.0,-94.0,2.152
United States,Minnesota,Wheat,1996,spring,183.0,403.94,2.207,112,125,11,6,0,12,0,0,0,18.55,39.91,55.12,71,20.1,8.8,14.45,1828.455,4,0,0,2,0,0,0,4.91,0.0,2,29,48,-8.7,4,3475.37,18.991,127.37,0,29,1207.41,39.91,177.8,0,0,1231.71,24.47,98.77,0,0,1036.25,23.86,46.0,-94.0,2.8178
United States,Minnesota,Wheat,1997,spring,183.0,479.92,2.623,110,133,20,3,1,16,4,1,0,25.97,44.84,65.83,73,20.405,9.124,14.765,1866.225,3,0,0,1,0,0,0,3.21,0.0,0,23,53,-12.63,4,3470.37,18.964,62.56,0,23,1182.89,16.16,266.78,0,0,1315.4,44.84,150.58,0,0,972.08,32.09,46.0,-94.0,2.152
United States,Minnesota,Wheat,1998,spring,183.0,452.02,2.47,115,134,21,3,2,12,3,2,0,32.44,39.09,53.78,68,23.067,11.017,17.042,2216.465,12,0,0,2,0,0,0,16.83,0.0,6,10,32,-3.34,3,3681.79,20.119,121.81,0,10,1307.43,34.99,209.63,0,0,1283.18,38.01,120.58,0,0,1091.18,24.33,46.0,-94.0,2.7304
United States,Minnesota,Wheat,1999,spring,183.0,657.89,3.595,92,111,12,3,0,20,7,3,0,35.27,82.64,102.06,91,21.356,10.291,15.824,1989.51,11,0,0,4,0,2,0,14.15,0.0,3,9,38,-3.4,3,3354.02,18.328,219.42,0,9,1085.19,82.64,265.37,0,0,1325.96,35.23,173.1,0,0,942.87,34.38,46.0,-94.0,2.6766
United States,Minnesota,Wheat,2000,spring,183.0,406.53,2.221,112,123,9,2,0,10,2,0,0,23.58,40.78,55.96,71,22.023,9.449,15.736,2017.635,12,0,0,3,0,2,0,19.94,0.0,6,24,44,-5.3,1,3357.77,18.348,101.51,0,23,1137.7,23.1,219.75,0,0,1250.24,40.78,85.27,0,1,969.83,21.58,46.0,-94.0,3.2953
United States,Minnesota,Wheat,2001,spring,183.0,633.94,3.464,108,130,12,4,0,19,7,4,1,57.78,83.1,91.68,75,21.328,10.267,15.798,2008.535,13,0,0,6,0,1,0,20.39,0.0,6,15,36,-6.75,3,3383.44,18.489,299.07,0,15,995.27,83.1,223.77,0,0,1329.11,57.97,111.1,0,0,1059.06,24.72,46.0,-94.0,2.9523
United States,Minnesota,Wheat,2002,spring,183.0,674.2,3.684,102,124,12,2,0,21,7,5,0,48.31,66.11,110.07,81,21.086,9.656,15.371,1972.83,14,0,0,5,0,1,0,17.64,0.0,8,28,53,-9.12,5,3418.44,18.68,127.87,0,28,1133.76,32.64,295.49,0,0,1283.16,66.11,250.84,0,0,1001.52,49.06,46.0,-94.0,2.2865
United States,Minnesota,Wheat,2003,spring,183.0,529.84,2.895,118,132,12,6,0,17,6,4,0,34.72,65.73,89.98,65,21.607,9.7,15.654,2013.64,16,1,0,7,1,3,0,33.64,0.53,14,16,41,-7.62,2,3540.33,19.346,179.13,0,15,1164.36,47.42,242.5,0,0,1347.93,65.73,108.21,1,1,1028.04,64.02,46.0,-94.0,3.8871
United States,Minnesota,Wheat,2004,spring,183.0,506.93,2.77,110,131,17,3,2,14,4,3,0,33.06,39.97,63.85,73,21.155,8.969,15.062,1865.34,8,0,0,3,0,2,0,10.39,0.0,5,17,45,-5.29,3,3313.84,18.108,177.43,0,17,1050.72,39.97,175.39,0,0,1308.54,36.34,154.11,0,0,954.58,39.7,46.0,-94.0,3.6854
United States,Minnesota,Wheat,2005,spring,183.0,392.1,2.143,116,137,8,3,0,12,4,1,0,25.81,27.38,49.0,67,23.496,11.215,17.355,2284.105,27,5,0,9,2,4,0,95.41,6.06,22,16,36,-4.4,4,3361.92,18.371,115.06,0,16,1012.42,26.04,161.95,2,0,1321.52,27.38,115.09,3,0,1027.98,25.99,46.0,-94.0,2.7573
United States,Minnesota,Wheat,2006,spring,183.0,268.77,1.469,124,146,12,5,0,4,0,0,0,14.88,26.36,35.24,59,24.101,11.614,17.857,2363.475,38,8,1,14,4,4,1,117.52,22.4,25,8,35,-4.22,2,3572.9,19.524,87.46,0,8,1117.93,26.36,70.33,8,0,1475.38,14.36,110.98,0,0,979.59,24.38,46.0,-94.0,3.1877
United States,Minnesota,Wheat,2007,spring,183.0,404.82,2.212,118,138,15,6,1,11,2,1,0,35.15,54.12,76.32,65,23.616,10.958,17.287,2331.66,43,3,0,14,1,6,0,84.36,1.78,32,16,32,-11.32,1,3571.67,19.517,103.27,0,16,1178.07,27.67,102.41,2,0,1437.04,23.45,199.14,1,0,956.56,54.12,46.0,-94.0,3.2213
United States,Minnesota,Wheat,2008,spring,183.0,547.17,2.99,116,133,14,4,1,21,4,1,0,32.95,50.24,69.71,67,20.957,9.098,15.027,1896.14,7,0,0,3,0,1,0,7.77,0.0,6,18,54,-6.47,3,3439.11,18.793,180.55,0,18,1093.25,36.98,202.36,0,0,1319.99,50.24,164.26,0,0,1025.87,38.66,46.0,-94.0,3.7593
United States,Minnesota,Wheat,2009,spring,183.0,382.76,2.092,127,141,17,4,1,11,3,2,0,45.46,47.13,73.99,56,20.904,9.223,15.064,1882.44,3,0,0,3,0,1,0,4.03,0.0,2,17,47,-5.42,2,3509.28,19.176,66.92,0,17,1211.92,16.97,190.21,0,0,1272.76,46.43,125.63,0,0,1024.6,47.13,46.0,-94.0,3.5509
United States,Minnesota,Wheat,2010,spring,183.0,685.15,3.744,101,120,9,3,0,25,8,4,0,33.04,49.87,74.72,82,21.863,10.876,16.369,2084.365,8,0,0,2,0,0,0,5.41,0.0,2,6,37,-4.04,1,3385.67,18.501,114.08,0,6,1165.36,32.93,284.01,0,0,1233.82,32.78,287.06,0,0,986.49,49.87,46.0,-94.0,3.6786
United States,Minnesota,Wheat,2011,spring,183.0,585.2,3.198,108,125,14,2,1,22,4,1,0,26.54,56.37,63.59,75,20.677,9.882,15.279,1926.935,8,0,0,2,0,0,0,8.57,0.0,3,21,50,-3.91,4,3330.4,18.199,210.56,0,21,1023.62,56.37,247.08,0,0,1279.2,32.23,127.56,0,0,1027.58,31.18,46.0,-94.0,3.1003
United States,Minnesota,Wheat,2012,spring,183.0,621.86,3.398,118,130,10,7,0,23,10,5,0,37.55,73.61,129.9,65,22.764,10.807,16.786,2171.15,16,0,0,4,0,1,0,22.57,0.0,12,10,34,-4.71,3,3602.65,19.687,296.29,0,10,1098.58,73.61,255.74,0,0,1380.05,67.54,69.83,0,0,1124.02,16.05,46.0,-94.0,3.8333
United States,Minnesota,Wheat,2013,spring,183.0,501.35,2.74,117,135,19,4,1,17,3,1,0,48.32,71.18,78.93,66,21.075,9.786,15.43,2031.26,19,1,0,7,1,3,0,39.08,0.67,13,29,42,-8.1,4,3290.93,17.983,184.7,0,29,996.02,49.77,201.72,0,0,1257.42,71.18,114.93,1,0,1037.49,24.87,46.0,-94.0,3.8131
United States,Minnesota,Wheat,2014,spring,183.0,706.13,3.859,105,119,8,3,0,23,6,5,0,38.62,68.09,84.36,78,19.854,9.319,14.587,1824.54,0,0,0,0,0,0,0,0.0,0.0,0,20,53,-7.93,4,3320.26,18.143,268.66,0,20,1091.75,52.4,226.35,0,0,1274.33,44.48,211.12,0,0,954.18,47.62,46.0,-94.0,3.6854
United States,Minnesota,Wheat,2015,spring,183.0,560.21,3.061,113,126,10,1,0,20,4,3,0,42.39,57.66,60.63,70,22.055,10.298,16.176,2075.56,4,0,0,2,0,0,0,3.91,0.0,4,14,41,-4.92,3,3480.12,19.017,165.83,0,14,1126.99,41.82,213.29,0,0,1357.94,36.34,181.09,0,0,995.19,57.66,46.0,-94.0,4.0283
United States,Minnesota,Wheat,2016,spring,183.0,636.62,3.479,113,121,11,4,0,20,7,5,1,80.81,108.13,121.34,70,21.504,10.745,16.124,2102.235,6,0,0,3,0,1,0,10.92,0.0,2,17,33,-6.67,2,3377.23,18.455,119.27,0,17,1124.86,42.63,266.89,0,0,1300.65,108.13,250.46,0,0,951.72,61.39,46.0,-94.0,3.9678
United States,Minnesota,Wheat,2017,spring,183.0,607.41,3.319,110,124,10,4,0,24,7,1,0,35.76,44.41,71.79,73,20.983,9.998,15.491,1941.445,4,0,0,1,0,0,0,4.98,0.0,3,10,38,-4.93,3,3358.52,18.353,186.06,0,10,1042.01,39.95,166.12,0,0,1385.16,33.84,255.23,0,0,931.35,44.41,46.0,-94.0,4.4991
United States,Minnesota,Wheat,2018,spring,183.0,541.46,2.959,113,131,14,3,1,16,6,2,0,35.26,46.45,73.55,70,21.208,10.23,15.719,2119.565,7,0,0,2,0,0,0,5.33,0.0,4,25,38,-16.61,3,3456.02,18.885,84.12,0,23,1272.78,24.36,255.88,0,0,1290.01,46.45,201.46,0,2,893.23,39.18,46.0,-94.0,3.9678
United States,Minnesota,Wheat,2019,spring,183.0,669.48,3.658,99,119,7,1,0,26,7,2,0,28.19,44.07,70.28,84,20.299,9.836,15.068,1897.475,2,0,0,1,0,0,0,0.78,0.0,0,16,44,-4.88,2,3295.83,18.01,201.82,0,16,1023.87,43.55,214.95,0,0,1336.67,35.07,252.71,0,0,935.29,44.07,46.0,-94.0,3.8333
United States,Minnesota,Wheat,2020,spring,183.0,456.89,2.497,117,133,10,4,0,14,4,2,0,33.67,56.16,68.68,66,20.74,10.003,15.371,1987.565,7,0,0,3,0,1,0,6.29,0.0,4,23,47,-10.11,3,3596.72,19.654,85.67,0,23,1212.68,18.76,214.11,0,0,1422.53,42.87,157.11,0,0,961.51,56.16,46.0,-94.0,3.5643
United States,Minnesota,Wheat,2021,spring,183.0,431.52,2.358,130,140,17,6,1,13,5,3,0,30.36,52.56,74.12,53,23.357,11.363,17.36,2298.605,36,2,0,7,1,5,0,76.05,1.47,28,13,38,-5.88,4,3578.45,19.554,128.23,0,13,1103.74,50.96,95.89,2,0,1420.12,25.91,207.4,0,0,1054.59,52.56,46.0,-94.0,3.228
United States,Minnesota,Wheat,2022,spring,183.0,568.25,3.105,111,127,11,2,0,18,7,1,0,31.13,61.27,79.66,72,20.987,10.233,15.61,2033.375,9,0,0,2,0,0,0,13.87,0.0,5,25,43,-7.84,4,3339.71,18.25,238.96,0,25,973.17,61.27,166.1,0,0,1362.4,40.12,163.19,0,0,1004.14,37.2,46.0,-94.0,4.1023
United States,Minnesota,Wheat,2023,spring,183.0,411.91,2.251,120,140,11,4,0,14,3,1,0,26.98,49.76,80.66,63,22.699,10.972,16.835,2279.675,22,3,0,5,2,3,0,54.76,5.38,15,19,31,-14.05,2,3407.78,18.622,140.35,0,19,1158.48,43.05,108.24,0,0,1336.88,45.17,163.32,3,0,912.42,49.76,46.0,-94.0,4.1696
United States,Minnesota,Wheat,2024,spring,183.0,707.19,3.864,105,118,12,5,0,25,7,4,1,61.63,66.94,87.03,78,21.821,10.951,16.386,2103.98,1,0,0,1,0,0,0,0.65,0.0,1,11,34,-3.33,2,3400.71,18.583,263.4,0,11,1103.25,66.94,283.55,0,0,1283.07,53.26,160.24,0,0,1014.39,48.78,46.0,-94.0,4.6067
United States,Minnesota,Wheat,2025,spring,183.0,541.11,2.957,105,128,13,3,0,17,5,3,0,36.36,43.18,63.13,78,22.082,10.944,16.513,2145.995,11,0,0,2,0,0,0,8.35,0.0,5,14,41,-6.37,3,3261.61,17.823,149.16,0,14,1147.99,43.18,259.73,0,0,1206.54,42.88,132.22,0,0,907.08,21.14,46.0,-94.0,4.6403
United States,Montana,Wheat,1990,spring,183.0,282.34,1.543,117,143,27,4,1,5,0,0,0,19.62,33.88,44.03,66,20.928,6.794,13.861,1688.17,16,1,0,4,1,1,0,31.08,0.49,12,28,70,-8.4,6,3937.42,21.516,139.06,0,28,1186.2,33.88,71.48,1,0,1520.08,14.86,71.8,0,0,1231.14,32.65,47.0,-110.0,1.8898
United States,Montana,Wheat,1991,spring,183.0,384.66,2.102,90,120,11,4,0,7,0,0,0,14.83,39.25,54.55,93,20.23,6.767,13.499,1663.815,17,0,0,5,0,2,0,26.31,0.0,13,30,63,-6.35,3,3814.93,20.847,197.01,0,28,1106.41,39.25,125.74,0,0,1522.31,25.32,61.91,0,2,1186.21,17.02,47.0,-110.0,2.4547
United States,Montana,Wheat,1992,spring,183.0,339.0,1.852,121,135,14,7,1,5,2,1,0,31.36,59.51,74.25,62,20.218,6.379,13.298,1554.27,4,0,0,1,0,0,0,3.65,0.0,3,20,70,-5.65,4,3696.24,20.198,94.41,0,15,1221.9,18.07,186.93,0,0,1359.39,59.51,57.66,0,5,1114.95,18.39,47.0,-110.0,2.0243
United States,Montana,Wheat,1993,spring,183.0,520.97,2.847,79,118,6,0,0,15,0,0,0,19.66,39.04,60.83,104,17.651,4.905,11.278,1189.435,2,0,0,1,0,0,0,3.38,0.0,2,32,85,-4.05,8,3540.86,19.349,97.83,0,27,1244.82,18.45,287.17,0,0,1208.17,39.04,135.97,0,5,1087.87,34.57,47.0,-110.0,2.6362
United States,Montana,Wheat,1994,spring,183.0,239.45,1.308,128,150,28,6,2,5,0,0,0,12.57,34.84,43.4,55,21.664,7.375,14.519,1805.68,21,0,0,4,0,2,0,25.69,0.0,19,21,61,-7.09,3,3767.3,20.586,126.28,0,21,1155.85,34.84,86.13,0,0,1485.77,20.86,27.04,0,0,1125.68,6.2,47.0,-110.0,2.1319
United States,Montana,Wheat,1995,spring,183.0,438.3,2.395,96,117,10,4,0,9,3,1,0,29.05,46.85,62.06,87,18.848,5.513,12.18,1412.77,9,0,0,2,0,0,0,12.08,0.0,5,42,79,-8.53,7,3680.52,20.112,153.72,0,38,1141.71,36.58,209.28,0,0,1383.36,46.85,75.3,0,4,1155.45,17.47,47.0,-110.0,2.421
United States,Montana,Wheat,1996,spring,183.0,261.61,1.43,115,145,12,8,0,3,0,0,0,19.38,30.85,38.64,68,19.891,6.206,13.048,1549.19,17,0,0,5,0,2,0,27.6,0.0,13,36,80,-4.45,7,3712.46,20.287,134.06,0,31,981.01,30.85,58.14,0,0,1569.38,11.81,69.41,0,5,1162.07,30.78,47.0,-110.0,1.8494
United States,Montana,Wheat,1997,spring,183.0,449.56,2.457,89,126,13,3,0,11,1,0,0,21.95,46.68,82.55,94,19.256,6.176,12.716,1577.675,4,0,0,1,0,0,0,1.73,0.0,2,31,58,-17.7,4,3846.17,21.017,135.83,0,30,1183.98,46.68,233.81,0,0,1470.24,38.94,79.92,0,1,1191.95,17.39,47.0,-110.0,2.0915
United States,Montana,Wheat,1998,spring,183.0,353.31,1.931,107,129,17,3,2,8,0,0,0,17.41,35.31,60.22,76,21.313,7.795,14.554,1787.87,25,0,0,5,0,3,0,41.22,0.0,19,20,64,-4.95,3,3867.71,21.135,89.71,0,19,1298.82,20.44,186.27,0,1,1406.42,35.31,77.33,0,0,1162.47,28.52,47.0,-110.0,2.152
United States,Montana,Wheat,1999,spring,183.0,324.09,1.771,108,135,12,4,0,5,0,0,0,19.92,30.36,41.4,75,19.326,5.723,12.525,1478.25,18,0,0,3,0,1,0,28.89,0.0,14,35,83,-8.95,6,3728.7,20.375,116.3,0,32,1171.96,30.36,99.85,0,0,1471.61,20.85,107.94,0,3,1085.13,23.78,47.0,-110.0,1.9503
United States,Montana,Wheat,2000,spring,183.0,281.42,1.538,117,144,23,7,1,3,0,0,0,17.57,29.44,38.48,66,21.351,6.847,14.099,1731.155,28,4,0,8,2,3,0,68.14,1.69,23,29,68,-8.77,6,3813.88,20.841,107.02,0,23,1203.92,24.79,120.19,3,1,1486.37,29.44,54.21,1,5,1123.59,20.25,47.0,-110.0,1.8494
United States,Montana,Wheat,2001,spring,183.0,278.03,1.519,122,149,24,5,2,6,0,0,0,16.59,38.14,48.65,61,22.281,7.517,14.899,1884.155,32,1,0,6,1,4,0,60.23,1.1,27,28,59,-6.09,4,3992.44,21.817,58.54,0,28,1284.55,12.0,166.88,0,0,1471.23,38.14,52.61,1,0,1236.66,33.98,47.0,-110.0,1.54
United States,Montana,Wheat,2002,spring,183.0,344.03,1.88,117,136,11,5,0,9,1,0,0,24.47,33.62,44.88,66,20.126,5.781,12.954,1584.77,23,5,0,4,4,4,1,58.34,12.57,14,44,74,-14.88,9,3770.11,20.602,87.16,0,40,1179.62,23.34,136.21,5,0,1485.4,29.84,120.66,0,4,1105.09,33.62,47.0,-110.0,1.5535
United States,Montana,Wheat,2003,spring,183.0,277.36,1.516,123,138,18,7,3,5,0,0,0,13.37,26.32,40.87,60,21.531,7.622,14.577,1822.655,35,10,0,11,2,3,0,118.42,8.35,30,28,68,-5.71,7,3821.12,20.88,143.64,0,25,1173.0,26.32,82.29,6,0,1542.93,18.4,51.43,4,3,1105.19,20.13,47.0,-110.0,1.8427
United States,Montana,Wheat,2004,spring,183.0,343.56,1.877,107,132,12,4,0,5,1,0,0,20.25,41.63,59.5,76,19.553,6.257,12.905,1486.545,9,0,0,3,0,1,0,17.81,0.0,6,24,70,-6.18,7,3725.69,20.359,133.09,0,23,1176.5,41.63,133.62,0,0,1451.3,41.21,76.85,0,1,1097.89,17.3,47.0,-110.0,2.3202
United States,Montana,Wheat,2005,spring,183.0,343.47,1.877,110,134,10,5,0,5,0,0,0,17.62,36.91,51.15,73,20.272,6.392,13.332,1597.13,24,1,0,5,1,3,0,52.24,0.43,20,29,75,-8.18,6,3771.68,20.61,101.32,0,27,1179.09,32.58,158.69,1,0,1470.66,36.91,83.46,0,2,1121.93,16.43,47.0,-110.0,2.4748
United States,Montana,Wheat,2006,spring,183.0,371.93,2.032,121,144,17,5,1,8,2,2,0,30.11,43.87,63.07,62,21.77,7.654,14.712,1820.64,25,2,0,5,2,6,0,54.4,0.63,20,21,59,-4.81,5,3948.73,21.578,151.65,0,18,1237.42,41.87,127.33,2,0,1593.74,43.87,92.95,0,3,1117.57,29.99,47.0,-110.0,1.9772
United States,Montana,Wheat,2007,spring,183.0,374.87,2.048,108,132,12,5,0,8,2,1,0,26.9,47.98,74.93,75,21.666,7.248,14.457,1825.645,34,5,0,12,1,3,0,92.84,6.0,29,24,69,-11.96,4,3816.83,20.857,205.1,0,23,1152.05,47.98,102.74,5,0,1545.55,26.93,67.03,0,1,1119.23,10.53,47.0,-110.0,1.9906
United States,Montana,Wheat,2008,spring,183.0,373.02,2.038,123,138,13,7,0,9,4,1,0,31.72,76.96,112.84,60,19.33,5.782,12.556,1510.55,16,0,0,2,0,0,0,30.4,0.0,12,35,81,-10.86,5,3737.47,20.423,178.18,0,34,1073.29,76.96,107.13,0,1,1526.17,36.16,87.71,0,0,1138.01,22.78,47.0,-110.0,2.0243
United States,Montana,Wheat,2009,spring,183.0,361.81,1.977,102,132,10,5,0,7,0,0,0,18.53,27.15,35.97,81,19.811,6.12,12.965,1563.645,10,0,0,2,0,0,0,7.98,0.0,6,34,66,-8.54,5,3841.37,20.991,113.53,0,32,1209.42,22.97,156.64,0,1,1460.95,24.47,91.64,0,1,1171.0,27.15,47.0,-110.0,2.2395
United States,Montana,Wheat,2010,spring,183.0,510.79,2.791,91,113,9,3,0,12,2,1,0,28.26,45.39,63.6,92,18.32,5.553,11.937,1372.15,4,0,0,1,0,0,0,4.49,0.0,3,36,77,-6.37,6,3653.51,19.965,193.5,0,36,1131.1,37.43,171.87,0,0,1450.61,45.39,145.42,0,0,1071.8,38.75,47.0,-110.0,2.8044
United States,Montana,Wheat,2011,spring,183.0,431.85,2.36,114,137,14,6,1,13,3,1,0,26.59,46.31,83.3,69,19.118,6.047,12.583,1509.455,13,0,0,3,0,1,0,17.09,0.0,12,36,79,-9.32,1,3818.47,20.866,260.39,0,36,1042.04,42.19,131.67,0,0,1554.07,46.31,39.79,0,0,1222.36,12.08,47.0,-110.0,2.3672
United States,Montana,Wheat,2012,spring,183.0,270.55,1.478,128,145,24,4,2,7,1,0,0,20.6,34.71,38.5,55,21.867,7.316,14.591,1807.97,27,0,0,5,0,3,0,57.61,0.0,23,27,58,-7.26,8,3932.19,21.487,157.97,0,27,1188.03,34.71,91.88,0,0,1526.43,23.19,20.7,0,0,1217.73,6.0,47.0,-110.0,2.3403
United States,Montana,Wheat,2013,spring,183.0,424.05,2.317,114,131,14,6,1,12,3,1,0,29.91,52.76,103.34,69,20.729,7.306,14.018,1775.275,25,0,0,6,0,2,0,30.26,0.0,20,29,61,-10.91,5,3793.81,20.731,166.6,0,27,1141.01,50.08,152.36,0,0,1544.91,52.76,105.09,0,2,1107.89,24.0,47.0,-110.0,2.6228
United States,Montana,Wheat,2014,spring,183.0,409.63,2.238,104,129,9,5,0,5,3,1,1,75.33,111.55,120.4,79,19.827,6.728,13.278,1572.71,15,0,0,4,0,2,0,13.75,0.0,12,32,65,-7.12,7,3669.93,20.054,105.48,0,29,1174.41,14.62,107.43,0,0,1461.99,26.69,196.72,0,3,1033.53,111.55,47.0,-110.0,2.495
United States,Montana,Wheat,2015,spring,183.0,333.65,1.823,116,137,13,4,0,6,2,0,0,24.03,38.29,48.15,67,20.823,7.367,14.095,1713.795,20,0,0,5,0,1,0,29.76,0.0,17,28,59,-5.51,6,3738.38,20.428,151.01,0,28,1196.88,38.29,116.79,0,0,1441.55,30.81,65.85,0,0,1099.95,20.28,47.0,-110.0,2.3605
United States,Montana,Wheat,2016,spring,183.0,369.48,2.019,116,132,12,8,0,9,1,0,0,22.37,37.96,44.57,67,20.877,6.987,13.932,1665.575,14,0,0,3,0,1,0,24.03,0.0,11,18,63,-6.41,6,3823.7,20.895,153.19,0,16,1154.74,36.31,100.26,0,0,1588.04,37.96,116.03,0,2,1080.92,34.56,47.0,-110.0,2.8514
United States,Montana,Wheat,2017,spring,183.0,283.67,1.55,128,146,25,6,2,6,2,0,0,24.25,50.47,55.29,55,21.798,7.646,14.722,1818.135,38,1,0,10,1,5,0,80.55,0.49,36,24,66,-6.63,6,3937.88,21.518,129.39,0,20,1245.61,22.7,68.95,1,0,1600.21,33.36,85.33,0,4,1092.06,50.47,47.0,-110.0,1.836
United States,Montana,Wheat,2018,spring,183.0,443.42,2.423,100,124,14,3,2,11,1,1,0,26.46,47.47,76.57,83,19.904,7.06,13.482,1659.97,16,2,0,4,2,1,0,35.59,1.85,13,26,57,-15.45,4,3647.55,19.932,178.37,0,23,1174.21,41.15,167.6,0,0,1475.49,47.47,97.45,2,3,997.85,23.01,47.0,-110.0,2.5757
United States,Montana,Wheat,2019,spring,183.0,429.15,2.345,100,122,13,1,0,10,0,0,0,16.48,30.76,38.77,83,18.986,6.723,12.854,1529.49,8,0,0,3,0,1,0,11.09,0.0,5,31,64,-8.64,7,3569.67,19.506,150.34,0,27,1070.57,29.81,139.13,0,0,1451.33,22.59,139.68,0,4,1047.77,30.76,47.0,-110.0,2.8514
United States,Montana,Wheat,2020,spring,183.0,347.93,1.901,127,142,14,7,1,9,1,1,0,34.66,60.17,77.04,56,20.18,6.634,13.407,1662.205,13,0,0,2,0,0,0,15.74,0.0,12,28,62,-13.84,5,3828.82,20.923,128.11,0,26,1231.27,31.65,172.89,0,0,1486.5,60.17,46.93,0,2,1111.05,18.8,47.0,-110.0,2.8044
United States,Montana,Wheat,2021,spring,183.0,276.21,1.509,127,146,18,6,1,6,0,0,0,17.8,35.52,40.92,56,21.889,7.784,14.837,1902.33,38,3,0,7,2,6,0,79.06,0.63,32,31,63,-7.2,3,3666.02,20.033,130.32,0,31,1124.03,26.68,62.69,3,0,1527.04,10.64,83.2,0,0,1014.95,35.52,47.0,-110.0,1.493
United States,Montana,Wheat,2022,spring,183.0,330.28,1.805,115,132,12,4,0,7,1,0,0,21.43,24.76,47.43,68,20.858,7.494,14.176,1824.74,41,5,0,9,1,5,0,90.71,4.49,35,37,62,-15.75,6,3748.17,20.482,110.21,0,37,1132.44,21.14,136.67,1,0,1452.27,24.76,83.4,4,0,1163.46,23.35,47.0,-110.0,1.9032
United States,Montana,Wheat,2023,spring,183.0,478.82,2.617,103,124,12,5,0,13,1,1,1,51.49,70.05,89.97,80,20.879,8.088,14.483,1841.17,15,1,0,5,1,2,0,25.56,0.18,14,22,50,-12.42,4,3700.68,20.222,174.84,0,22,1176.69,32.2,186.68,1,0,1430.01,70.05,117.3,0,0,1093.98,40.88,47.0,-110.0,2.5017
United States,Montana,Wheat,2024,spring,183.0,398.67,2.179,117,138,15,5,1,10,4,2,1,54.08,80.62,93.51,66,21.231,7.9,14.566,1813.015,29,2,0,13,2,4,0,59.9,2.09,22,21,60,-7.83,3,3731.86,20.393,148.49,0,21,1162.92,53.98,100.37,2,0,1484.28,29.77,149.81,0,0,1084.66,80.62,47.0,-110.0,2.2933
United States,Montana,Wheat,2025,spring,183.0,350.57,1.916,108,133,9,3,0,8,1,0,0,20.93,29.64,36.77,75,21.693,8.211,14.952,1870.855,15,0,0,2,0,0,0,27.25,0.0,8,18,53,-7.31,4,3805.18,20.793,117.31,0,18,1225.71,29.64,165.5,0,0,1427.85,22.02,67.76,0,0,1151.62,13.38,47.0,-110.0,2.4816
United States,Nebraska,Wheat,1990,winter,303.0,359.62,1.187,240,258,37,10,6,9,1,1,0,28.35,38.9,44.85,63,14.35,1.429,7.889,1638.5,21,7,1,7,4,3,1,68.44,11.24,18,149,204,-28.12,11,4365.09,14.406,68.82,0,35,1255.9,29.19,67.91,0,95,1016.24,38.9,222.89,7,19,2092.95,27.53,41.5,-99.8,2.5555
United States,Nebraska,Wheat,1991,winter,303.0,448.79,1.481,232,248,23,12,5,11,3,1,0,27.72,44.05,68.09,71,15.017,2.07,8.543,1886.48,33,9,0,13,3,5,1,114.89,15.9,25,142,204,-23.77,12,4287.4,14.15,103.22,4,35,1261.89,25.14,31.78,0,95,1010.2,7.93,313.79,5,12,2015.31,44.05,41.5,-99.8,2.152
United States,Nebraska,Wheat,1992,winter,304.0,411.21,1.353,236,253,33,12,4,12,3,0,0,24.84,40.7,64.29,68,14.443,2.0,8.222,1658.655,12,0,0,2,0,0,0,19.61,0.0,9,150,194,-19.17,13,4293.89,14.125,132.72,0,45,1234.76,40.7,127.82,0,88,982.5,37.37,150.67,0,17,2076.63,25.01,41.5,-99.8,2.0175
United States,Nebraska,Wheat,1993,winter,303.0,470.89,1.554,228,248,23,11,5,12,2,2,0,28.08,48.65,81.86,75,12.063,0.249,6.156,1486.925,9,0,0,2,0,0,0,11.8,0.0,5,158,197,-22.62,8,4056.96,13.389,72.2,0,41,1114.59,29.78,73.99,0,100,980.8,18.09,324.7,0,17,1961.57,48.65,41.5,-99.8,2.3538
United States,Nebraska,Wheat,1994,winter,303.0,354.65,1.17,248,263,44,9,6,9,3,1,0,25.66,42.83,52.73,55,13.36,0.879,7.12,1633.545,21,1,0,5,1,4,0,52.01,2.18,12,166,197,-23.53,10,4436.05,14.64,107.33,0,48,1175.0,27.51,45.75,0,92,1028.86,14.08,201.57,1,26,2232.19,42.83,41.5,-99.8,2.2865
United States,Nebraska,Wheat,1995,winter,303.0,563.72,1.86,221,239,26,12,4,13,6,2,1,51.71,81.05,101.43,82,13.599,1.533,7.566,1522.145,14,0,0,3,0,2,0,22.85,0.0,13,140,201,-18.17,15,4003.72,13.214,130.21,0,34,1160.22,35.58,54.44,0,84,1020.29,13.68,379.07,0,22,1823.21,81.05,41.5,-99.8,2.7573
United States,Nebraska,Wheat,1996,winter,304.0,422.92,1.391,238,257,36,8,6,12,3,1,1,52.99,75.04,95.43,66,12.962,0.407,6.684,1536.86,24,1,0,6,1,3,0,41.73,1.37,16,150,209,-27.86,14,4303.21,14.155,139.05,1,37,1237.53,40.55,34.77,0,90,995.03,16.42,249.1,0,23,2070.65,75.04,41.5,-99.8,2.3538
United States,Nebraska,Wheat,1997,winter,303.0,385.61,1.273,237,258,30,11,6,8,3,3,0,32.16,71.35,79.18,66,12.724,0.351,6.538,1472.475,15,2,0,4,1,2,0,39.53,0.61,8,155,211,-22.7,13,4334.15,14.304,148.28,0,44,1143.1,71.35,31.92,0,90,1082.83,9.61,205.41,2,21,2108.22,39.61,41.5,-99.8,2.4883
United States,Nebraska,Wheat,1998,winter,303.0,504.47,1.665,230,251,22,13,4,14,5,2,0,34.48,59.47,81.66,73,13.757,1.993,7.875,1642.44,26,1,0,7,1,3,0,40.05,0.57,18,151,197,-18.99,10,4296.94,14.181,191.85,0,39,1196.81,53.62,40.39,0,97,943.6,9.23,272.23,1,15,2156.53,59.47,41.5,-99.8,3.0935
United States,Nebraska,Wheat,1999,winter,303.0,523.75,1.729,220,246,51,8,2,14,5,2,0,27.1,42.08,69.31,83,14.862,2.51,8.686,1736.89,18,6,0,6,4,2,1,70.64,11.64,16,133,192,-19.89,12,4221.32,13.932,145.16,6,21,1218.11,33.23,42.51,0,95,1009.78,11.07,336.08,0,17,1993.43,42.08,41.5,-99.8,3.228
United States,Nebraska,Wheat,2000,winter,304.0,281.73,0.927,248,269,39,11,5,9,1,0,0,22.86,28.04,36.5,56,16.155,2.673,9.414,1795.715,23,6,0,5,3,2,1,61.47,7.97,16,128,193,-12.64,15,4514.55,14.85,46.24,0,25,1340.56,20.1,47.68,0,88,984.69,14.52,187.81,6,15,2189.3,28.04,41.5,-99.8,2.421
United States,Nebraska,Wheat,2001,winter,303.0,482.84,1.594,233,254,32,14,4,11,5,5,0,42.29,51.68,73.1,70,13.406,0.795,7.101,1720.39,32,11,0,8,3,6,2,128.72,12.77,27,159,187,-17.61,6,4323.41,14.269,148.22,4,43,1204.28,41.49,60.68,0,100,982.53,15.2,273.94,7,16,2136.6,51.68,41.5,-99.8,2.4883
United States,Nebraska,Wheat,2002,winter,303.0,289.9,0.957,250,267,48,11,6,4,1,1,0,30.24,38.4,46.87,53,15.277,2.107,8.692,1842.525,32,17,0,10,10,5,1,145.9,26.01,23,142,192,-20.7,10,4548.34,15.011,133.34,2,27,1268.81,38.4,26.61,0,98,1012.34,11.59,129.95,15,17,2267.19,21.21,41.5,-99.8,2.2193
United States,Nebraska,Wheat,2003,winter,303.0,440.19,1.453,231,245,42,10,5,12,2,1,0,27.08,37.41,55.74,72,13.93,1.586,7.758,1621.245,16,3,0,6,2,1,0,39.44,0.56,10,143,197,-18.42,11,4287.13,14.149,98.51,2,41,1210.67,30.12,42.25,0,90,1014.49,12.69,299.43,1,12,2061.97,37.41,41.5,-99.8,3.0935
United States,Nebraska,Wheat,2004,winter,304.0,364.94,1.2,244,261,22,14,8,12,1,0,0,22.75,33.62,45.55,60,14.76,1.855,8.308,1772.525,23,3,0,3,1,3,0,47.41,3.2,20,138,191,-18.48,10,4474.07,14.717,72.21,0,35,1292.45,18.62,64.08,0,94,994.77,33.62,228.65,3,9,2186.85,32.18,41.5,-99.8,2.4883
United States,Nebraska,Wheat,2005,winter,303.0,497.36,1.641,241,257,36,9,4,16,4,3,0,49.9,66.1,89.87,62,14.713,2.596,8.655,1758.72,25,3,0,6,1,4,0,59.35,0.24,20,139,185,-18.63,12,4367.16,14.413,160.54,2,29,1223.84,57.51,52.6,0,94,1008.01,29.4,284.22,1,16,2135.31,66.1,41.5,-99.8,2.6228
United States,Nebraska,Wheat,2006,winter,303.0,253.71,0.837,259,274,34,16,5,7,1,0,0,20.63,38.16,38.93,44,16.283,3.17,9.727,2099.15,44,10,0,8,3,7,1,142.49,17.12,32,130,178,-22.85,16,4617.1,15.238,75.48,1,30,1300.08,27.27,52.53,0,88,1019.88,29.58,125.7,9,12,2297.14,38.16,41.5,-99.8,2.421
United States,Nebraska,Wheat,2007,winter,303.0,718.85,2.372,228,242,34,8,4,18,10,8,1,59.64,89.82,114.68,75,13.491,1.328,7.41,1632.625,10,0,0,2,0,0,0,11.78,0.0,6,144,189,-19.58,11,4343.36,14.335,122.36,0,41,1189.48,42.15,129.46,0,92,1022.26,40.27,467.03,0,11,2131.62,89.82,41.5,-99.8,2.8918
United States,Nebraska,Wheat,2008,winter,304.0,565.61,1.861,231,242,43,7,3,13,4,3,1,51.78,106.13,136.74,73,13.386,1.045,7.215,1568.635,13,0,0,5,0,1,0,18.15,0.0,8,152,204,-17.42,11,4524.61,14.884,128.39,0,26,1254.41,26.54,26.32,0,98,1090.76,10.68,410.9,0,28,2179.44,106.13,41.5,-99.8,2.959
United States,Nebraska,Wheat,2009,winter,303.0,578.71,1.91,217,237,35,11,3,17,4,2,0,38.26,64.26,75.01,86,12.967,0.906,6.936,1519.495,11,0,0,5,0,2,0,19.1,0.0,7,151,198,-21.28,9,4265.36,14.077,235.08,0,39,1201.69,64.26,48.92,0,92,1051.1,11.35,294.71,0,20,2012.57,33.7,41.5,-99.8,3.228
United States,Nebraska,Wheat,2010,winter,303.0,640.13,2.113,222,235,33,8,4,21,7,5,0,43.42,114.55,179.37,81,11.829,0.85,6.339,1405.335,7,0,0,2,0,0,0,9.07,0.0,5,156,205,-22.48,9,4133.05,13.64,171.97,0,44,1077.91,39.72,78.46,0,100,878.87,29.63,389.7,0,12,2176.27,114.55,41.5,-99.8,2.8918
United States,Nebraska,Wheat,2011,winter,303.0,424.06,1.4,228,252,43,14,5,11,4,0,0,23.8,45.15,65.14,75,13.104,0.731,6.918,1581.855,15,0,0,3,0,1,0,32.73,0.0,12,143,196,-22.12,7,4245.76,14.012,87.95,0,33,1309.14,30.97,57.96,0,93,985.11,11.63,278.15,0,17,1951.51,45.15,41.5,-99.8,3.0263
United States,Nebraska,Wheat,2012,winter,304.0,329.63,1.084,262,267,56,15,4,10,4,2,0,29.95,60.77,68.38,42,16.398,3.351,9.875,2069.765,33,14,1,9,8,3,2,148.71,37.26,29,125,171,-18.28,10,4672.66,15.371,105.6,2,38,1295.22,60.77,48.11,0,87,1088.58,15.21,175.92,12,0,2288.86,48.63,41.5,-99.8,2.7573
United States,Nebraska,Wheat,2013,winter,303.0,305.69,1.009,257,265,41,12,5,10,2,2,0,29.78,45.94,63.26,46,14.318,1.447,7.882,1668.68,24,9,0,5,4,3,1,96.99,15.93,19,157,202,-15.64,13,4455.23,14.704,13.86,7,29,1296.41,5.94,47.34,0,97,1028.81,12.12,244.49,2,31,2130.01,45.94,41.5,-99.8,2.3538
United States,Nebraska,Wheat,2014,winter,303.0,432.63,1.428,238,260,40,8,5,13,4,4,0,35.25,64.48,101.14,65,13.241,0.503,6.872,1633.305,21,7,1,8,7,3,1,69.29,15.78,13,156,206,-23.02,10,4384.99,14.472,126.67,7,38,1229.14,29.9,25.98,0,98,1027.79,6.09,279.98,0,20,2128.06,64.48,41.5,-99.8,3.2953
United States,Nebraska,Wheat,2015,winter,303.0,420.85,1.389,239,251,56,8,5,13,2,1,0,25.78,38.99,56.47,64,14.183,1.626,7.904,1759.305,13,1,0,4,1,2,0,25.02,0.49,12,125,192,-20.84,9,4426.56,14.609,77.24,0,34,1281.13,21.38,51.87,0,84,1118.12,20.83,291.74,1,7,2027.31,38.99,41.5,-99.8,2.5555
United States,Nebraska,Wheat,2016,winter,304.0,571.31,1.879,236,249,40,11,3,16,8,4,0,43.09,77.45,96.38,68,15.243,3.263,9.253,1940.355,26,7,0,5,3,4,1,95.95,5.49,21,124,183,-16.91,8,4451.01,14.641,152.43,5,27,1191.3,43.55,41.65,0,86,1006.67,17.67,377.23,2,11,2253.04,77.45,41.5,-99.8,3.6316
United States,Nebraska,Wheat,2017,winter,303.0,369.41,1.219,243,258,27,12,4,10,2,0,0,21.49,34.25,60.18,60,15.176,2.732,8.954,1914.705,21,3,0,8,2,2,0,47.98,5.87,14,113,174,-20.96,7,4358.76,14.385,101.9,0,22,1212.41,22.63,50.32,0,86,1028.27,12.4,217.19,3,5,2118.08,34.25,41.5,-99.8,3.0935
United States,Nebraska,Wheat,2018,winter,303.0,604.71,1.996,234,244,38,10,4,18,9,5,0,43.74,80.47,89.81,69,13.355,1.17,7.263,1674.55,25,3,0,5,1,3,0,67.12,0.94,20,159,194,-22.15,13,4319.2,14.255,180.01,1,37,1239.14,80.47,65.71,0,97,1003.24,12.85,358.99,2,25,2076.82,79.21,41.5,-99.8,3.2953
United States,Nebraska,Wheat,2019,winter,303.0,611.59,2.018,219,239,25,9,3,19,4,3,0,47.36,63.67,99.82,84,11.441,0.058,5.749,1406.77,14,0,0,5,0,2,0,30.55,0.0,11,152,211,-24.49,9,4155.64,13.715,170.4,0,41,1119.15,34.9,100.16,0,98,988.86,40.94,341.03,0,13,2047.63,63.67,41.5,-99.8,3.8333
United States,Nebraska,Wheat,2020,winter,304.0,422.67,1.39,231,257,21,15,3,12,3,0,0,21.54,49.85,60.99,73,13.258,1.504,7.381,1606.325,27,0,0,6,0,5,0,61.47,0.0,24,162,206,-17.8,12,4412.92,14.516,108.38,0,46,1243.04,28.05,92.53,0,99,960.8,22.83,221.76,0,17,2209.08,49.85,41.5,-99.8,2.7573
United States,Nebraska,Wheat,2021,winter,303.0,360.98,1.191,245,257,29,13,4,7,2,1,1,54.66,79.25,82.39,58,14.043,1.846,7.945,1729.9,24,6,1,7,4,4,1,81.37,15.27,22,153,199,-25.47,10,4366.34,14.41,53.98,1,36,1244.26,14.46,129.52,0,95,996.87,79.25,177.48,5,22,2125.21,23.28,41.5,-99.8,3.2953
United States,Nebraska,Wheat,2022,winter,303.0,303.89,1.003,261,275,79,9,4,8,4,2,0,32.97,43.45,71.79,42,15.663,2.407,9.035,1900.62,35,9,1,14,4,2,1,123.63,16.7,29,134,194,-19.04,15,4576.24,15.103,104.52,1,21,1231.66,30.01,15.99,0,92,1080.36,5.53,183.38,8,21,2264.22,43.45,41.5,-99.8,2.152
United States,Nebraska,Wheat,2023,winter,303.0,365.74,1.207,246,263,38,11,6,12,1,1,0,25.48,63.87,92.22,57,14.35,1.905,8.128,1834.07,24,5,0,8,3,4,1,78.91,10.52,20,158,190,-26.3,8,4602.72,15.19,43.62,5,37,1330.48,20.85,70.87,0,99,1035.09,20.54,251.25,0,22,2237.15,63.87,41.5,-99.8,2.8245
United States,Nebraska,Wheat,2024,winter,304.0,539.44,1.774,235,247,28,13,6,19,4,2,0,45.14,50.3,73.53,69,15.482,2.933,9.208,1916.625,26,8,1,6,4,4,2,86.9,20.49,19,126,181,-26.98,14,4532.66,14.91,157.67,4,30,1264.19,50.3,59.85,0,79,1045.86,17.13,321.92,4,17,2222.61,39.06,41.5,-99.8,3.4971
United States,Nebraska,Wheat,2025,winter,303.0,411.06,1.357,240,257,46,9,5,11,4,3,0,34.2,62.83,77.49,63,15.599,2.584,9.091,2012.645,34,5,0,6,3,4,1,95.54,10.44,28,128,175,-24.67,9,4501.84,14.858,58.39,2,22,1323.41,23.97,34.76,0,94,1050.4,8.94,317.91,3,12,2128.03,62.83,41.5,-99.8,3.1608
United States,North Dakota,Wheat,1990,spring,183.0,364.99,1.994,128,143,23,6,2,12,0,0,0,19.93,34.2,55.61,55,23.109,9.138,16.124,2105.36,36,0,0,4,0,3,0,58.01,0.0,20,25,46,-7.52,3,3797.12,20.749,77.36,0,25,1205.88,25.63,215.28,0,0,1462.4,34.2,72.35,0,0,1128.84,17.16,47.5,-100.5,2.374
United States,North Dakota,Wheat,1991,spring,183.0,372.59,2.036,121,133,14,7,1,7,0,0,0,19.29,30.36,38.96,62,23.481,10.209,16.845,2198.895,31,5,0,8,3,4,1,78.85,6.23,23,21,46,-5.21,5,3529.94,19.289,120.47,0,19,1056.82,27.88,137.05,3,0,1411.01,25.57,115.07,2,2,1062.11,30.36,47.5,-100.5,2.0848
United States,North Dakota,Wheat,1992,spring,183.0,265.17,1.449,132,147,19,6,2,4,2,0,0,21.18,28.58,43.1,51,21.643,7.755,14.699,1839.365,21,1,0,4,1,2,0,34.56,1.92,17,23,48,-8.26,4,3555.2,19.427,75.85,0,21,1208.23,23.59,130.11,0,0,1327.36,28.58,59.21,1,2,1019.61,19.75,47.5,-100.5,2.764
United States,North Dakota,Wheat,1993,spring,183.0,564.45,3.084,111,128,28,5,1,18,6,6,0,38.75,58.73,130.96,72,19.86,7.272,13.566,1593.75,3,0,0,2,0,0,0,2.7,0.0,1,21,56,-7.24,5,3386.5,18.505,116.46,0,20,1135.36,18.77,394.39,0,0,1212.03,58.73,53.6,0,1,1039.11,12.71,47.5,-100.5,2.0848
United States,North Dakota,Wheat,1994,spring,183.0,331.56,1.812,120,135,15,7,1,6,1,1,0,34.88,43.6,54.21,63,22.465,9.085,15.775,2025.295,21,0,0,5,0,2,0,44.02,0.0,14,23,40,-6.71,2,3675.55,20.085,81.03,0,23,1277.45,28.77,148.33,0,0,1366.73,34.46,102.2,0,0,1031.37,43.6,47.5,-100.5,2.1319
United States,North Dakota,Wheat,1995,spring,183.0,349.06,1.907,123,137,14,6,1,12,0,0,0,18.74,41.95,63.76,60,21.173,8.543,14.858,1880.295,24,3,0,4,2,4,0,58.45,2.44,16,27,61,-11.0,4,3572.94,19.524,124.0,0,24,1080.56,41.95,153.55,0,0,1397.85,30.91,71.51,3,3,1094.53,30.57,47.5,-100.5,1.8158
United States,North Dakota,Wheat,1996,spring,183.0,316.9,1.732,114,139,17,5,1,5,0,0,0,16.53,28.75,38.44,69,21.355,8.246,14.801,1900.575,25,3,0,5,1,4,0,60.28,2.67,19,31,53,-12.66,6,3522.13,19.247,81.98,0,30,1056.7,19.73,151.03,0,0,1380.14,24.42,83.89,3,1,1085.29,28.75,47.5,-100.5,2.1251
United States,North Dakota,Wheat,1997,spring,183.0,295.06,1.612,136,151,14,7,2,5,2,2,0,34.63,63.24,64.98,47,22.527,8.791,15.659,2090.395,28,2,0,5,2,6,0,60.86,0.36,19,22,50,-20.31,4,3787.18,20.695,98.08,0,22,1231.66,63.24,153.21,0,0,1451.5,51.06,43.77,2,0,1104.02,12.94,47.5,-100.5,1.6342
United States,North Dakota,Wheat,1998,spring,183.0,355.26,1.941,121,141,15,4,2,11,1,0,0,23.73,51.5,55.87,62,23.529,10.304,16.917,2185.475,31,2,0,6,1,3,0,54.23,0.95,23,11,42,-4.79,3,3770.95,20.606,79.39,0,11,1274.76,17.81,171.46,0,0,1359.85,51.5,104.41,2,0,1136.34,28.1,47.5,-100.5,2.152
United States,North Dakota,Wheat,1999,spring,183.0,494.02,2.7,112,131,22,3,1,11,6,5,0,46.24,72.05,100.96,71,21.014,8.428,14.721,1833.515,13,3,0,5,2,2,0,32.99,3.56,8,16,48,-9.6,2,3629.64,19.834,192.32,0,14,1175.12,59.99,139.12,3,0,1429.96,32.14,162.58,0,2,1024.56,72.05,47.5,-100.5,1.883
United States,North Dakota,Wheat,2000,spring,183.0,440.2,2.405,108,129,13,3,0,9,2,1,1,61.77,79.43,98.44,75,22.121,8.723,15.422,1973.9,24,3,0,6,2,3,0,41.36,3.45,17,22,46,-10.5,2,3586.22,19.597,124.94,0,21,1142.45,28.4,201.88,1,0,1388.73,79.43,113.38,2,1,1055.04,22.32,47.5,-100.5,2.2664
United States,North Dakota,Wheat,2001,spring,183.0,347.27,1.898,121,138,22,4,2,10,0,0,0,17.47,40.02,66.94,62,23.129,9.697,16.413,2137.56,35,6,0,7,2,5,0,104.98,7.39,26,20,37,-7.39,4,3729.71,20.381,86.5,0,19,1215.38,15.56,232.25,0,0,1374.96,40.02,28.52,6,1,1139.37,7.21,47.5,-100.5,2.1655
United States,North Dakota,Wheat,2002,spring,183.0,298.94,1.634,122,141,22,5,1,6,1,1,0,32.66,38.78,42.26,61,22.935,8.925,15.93,2096.72,45,10,2,9,4,7,1,149.08,28.5,31,35,58,-10.61,6,3638.74,19.884,72.34,0,33,1201.09,21.32,146.37,9,0,1394.58,38.78,80.23,1,2,1043.07,19.74,47.5,-100.5,1.836
United States,North Dakota,Wheat,2003,spring,183.0,374.97,2.049,123,142,16,6,1,10,2,2,0,33.84,35.29,60.97,60,23.025,9.744,16.384,2129.18,39,10,0,11,7,5,1,133.86,15.24,34,12,45,-7.39,2,3570.93,19.513,160.51,0,11,1109.05,30.94,137.79,2,0,1365.95,33.81,76.67,8,1,1095.93,35.29,47.5,-100.5,2.5085
United States,North Dakota,Wheat,2004,spring,183.0,371.19,2.028,117,137,10,4,0,8,2,1,0,40.65,47.27,52.86,66,21.259,7.88,14.569,1787.91,17,1,0,5,1,1,0,33.95,0.96,8,26,49,-6.02,5,3570.74,19.512,125.04,0,26,1180.44,37.23,131.19,1,0,1410.29,47.27,114.96,0,0,980.01,23.2,47.5,-100.5,2.6497
United States,North Dakota,Wheat,2005,spring,183.0,442.87,2.42,121,135,17,4,2,11,4,3,0,46.45,61.62,102.31,62,22.876,9.631,16.253,2089.245,30,2,0,4,1,4,0,62.39,1.54,18,16,40,-5.28,3,3649.82,19.944,111.22,0,16,1129.63,32.04,260.44,2,0,1432.64,61.62,71.21,0,0,1087.55,19.82,47.5,-100.5,2.3067
United States,North Dakota,Wheat,2006,spring,183.0,284.61,1.555,135,149,21,5,3,10,1,1,0,26.48,27.78,39.24,48,24.435,10.443,17.439,2284.68,45,10,0,10,3,5,1,139.3,19.22,33,15,36,-6.31,5,3758.45,20.538,77.15,0,14,1204.65,23.65,97.97,9,0,1487.56,17.98,109.49,1,1,1066.24,27.78,47.5,-100.5,2.0377
United States,North Dakota,Wheat,2007,spring,183.0,467.88,2.557,127,142,11,6,0,13,8,3,0,41.78,59.44,91.3,56,22.854,9.457,16.156,2146.215,30,6,1,6,3,4,1,92.29,18.32,25,16,41,-14.23,1,3677.03,20.093,231.98,0,16,1159.21,59.44,142.87,6,0,1468.6,41.72,93.03,0,0,1049.22,29.71,47.5,-100.5,2.3941
United States,North Dakota,Wheat,2008,spring,183.0,397.81,2.174,120,140,14,5,1,13,2,1,0,48.1,54.36,75.62,63,21.937,8.585,15.261,1919.965,23,0,0,5,0,1,0,40.82,0.0,16,26,52,-5.02,5,3736.33,20.417,73.15,0,26,1206.69,20.51,206.38,0,0,1436.09,54.36,118.28,0,0,1093.55,22.53,47.5,-100.5,2.4076
United States,North Dakota,Wheat,2009,spring,183.0,313.15,1.711,137,147,14,7,2,9,2,2,0,27.69,35.39,43.7,46,21.142,8.212,14.677,1826.635,9,1,0,3,1,1,0,18.28,0.69,8,24,56,-9.25,5,3688.19,20.154,91.34,0,24,1232.58,35.39,151.2,0,0,1399.52,29.4,70.61,1,0,1056.09,28.5,47.5,-100.5,3.0128
United States,North Dakota,Wheat,2010,spring,183.0,528.54,2.888,109,126,14,5,1,15,4,3,1,51.8,57.05,72.67,74,21.626,9.423,15.524,1942.89,17,3,0,3,1,3,0,41.25,4.25,11,16,44,-4.22,3,3590.71,19.621,163.45,0,15,1132.31,35.8,208.74,0,0,1405.81,39.91,156.35,3,1,1052.59,57.05,47.5,-100.5,2.8918
United States,North Dakota,Wheat,2011,spring,183.0,513.23,2.805,103,121,14,3,1,14,6,1,0,29.08,54.41,64.96,80,20.93,8.794,14.862,1869.645,12,0,0,2,0,0,0,19.97,0.0,6,20,54,-7.17,3,3530.48,19.292,161.97,0,20,1041.49,36.49,232.6,0,0,1357.62,54.41,118.66,0,0,1131.37,35.29,47.5,-100.5,2.0377
United States,North Dakota,Wheat,2012,spring,183.0,285.57,1.56,127,146,18,6,1,6,1,0,0,20.13,26.87,32.26,56,24.029,10.165,17.097,2230.91,38,5,0,8,1,5,0,116.54,10.14,28,12,41,-6.09,3,3632.15,19.848,117.6,0,11,1118.28,26.87,120.54,3,0,1427.05,24.43,47.43,2,1,1086.82,16.09,47.5,-100.5,2.9456
United States,North Dakota,Wheat,2013,spring,183.0,482.0,2.634,119,135,14,7,1,14,6,3,0,43.98,68.52,88.92,64,21.185,8.815,15.0,1968.96,18,1,0,4,1,2,0,39.23,1.35,13,32,42,-9.53,3,3602.51,19.686,207.69,0,32,1120.05,68.52,157.13,0,0,1410.62,38.66,117.18,1,0,1071.84,47.76,47.5,-100.5,3.0532
United States,North Dakota,Wheat,2014,spring,183.0,439.77,2.403,117,127,14,5,1,11,3,3,0,40.93,51.81,69.83,66,20.613,8.299,14.456,1810.885,7,0,0,2,0,0,0,10.1,0.0,4,28,58,-15.49,5,3482.32,19.029,114.91,0,27,1151.1,36.02,155.38,0,0,1317.44,51.81,169.48,0,1,1013.78,49.75,47.5,-100.5,3.1137
United States,North Dakota,Wheat,2015,spring,183.0,337.74,1.846,126,139,13,9,0,9,1,0,0,20.19,33.57,52.55,57,23.0,9.734,16.367,2115.11,29,6,0,5,4,5,1,86.72,7.42,22,18,46,-5.96,3,3719.83,20.327,112.26,0,18,1180.26,33.57,154.53,0,0,1431.83,24.95,70.95,6,0,1107.74,29.42,47.5,-100.5,3.1406
United States,North Dakota,Wheat,2016,spring,183.0,380.14,2.077,118,140,13,4,0,12,1,1,0,26.95,33.35,48.48,65,23.09,9.91,16.5,2145.515,25,2,0,5,1,2,0,67.4,0.89,17,16,40,-6.83,3,3728.83,20.376,138.03,0,16,1183.25,32.87,135.74,1,0,1498.77,23.82,106.37,1,0,1046.81,23.99,47.5,-100.5,3.0263
United States,North Dakota,Wheat,2017,spring,183.0,284.33,1.554,134,149,23,7,1,7,4,2,0,31.26,33.21,48.65,49,23.434,9.658,16.546,2141.585,38,7,0,9,2,5,0,100.62,8.77,29,14,42,-6.41,4,3813.23,20.837,45.52,0,14,1255.88,15.22,99.68,6,0,1532.02,33.21,139.13,1,0,1025.33,26.89,47.5,-100.5,2.5488
United States,North Dakota,Wheat,2018,spring,183.0,344.5,1.883,123,139,12,5,0,10,1,1,0,30.36,41.05,55.42,60,22.914,9.305,16.11,2169.95,31,5,0,6,3,4,1,85.42,10.73,22,23,48,-18.03,1,3730.5,20.385,71.95,0,21,1205.7,26.6,189.02,1,0,1501.88,38.37,83.53,4,2,1022.92,19.77,47.5,-100.5,3.2011
United States,North Dakota,Wheat,2019,spring,183.0,542.94,2.967,112,130,10,5,0,16,4,3,0,38.76,46.25,82.54,71,21.384,9.302,15.343,1942.38,15,0,0,3,0,2,0,17.8,0.0,11,23,44,-6.03,5,3498.72,19.119,104.75,0,23,1100.23,27.04,160.78,0,0,1430.64,38.4,277.41,0,0,967.85,46.25,47.5,-100.5,3.2549
United States,North Dakota,Wheat,2020,spring,183.0,244.74,1.337,136,153,21,7,2,6,1,1,0,39.41,54.78,63.51,47,22.503,9.24,15.872,2101.655,29,3,0,6,3,5,1,74.52,1.93,15,27,46,-11.27,2,3878.84,21.196,54.71,0,27,1250.92,19.75,125.76,0,0,1506.49,54.78,64.27,3,0,1121.43,15.84,47.5,-100.5,3.2011
United States,North Dakota,Wheat,2021,spring,183.0,268.88,1.469,141,150,18,11,1,7,1,1,0,43.18,46.13,60.1,42,25.034,10.76,17.897,2410.225,56,15,0,13,5,8,1,205.29,30.35,48,20,43,-5.82,2,3658.48,19.992,69.29,0,20,1178.53,30.55,96.46,9,0,1468.74,20.69,103.13,6,0,1011.21,46.13,47.5,-100.5,2.1655
United States,North Dakota,Wheat,2022,spring,183.0,382.93,2.093,118,137,16,3,1,12,4,1,0,30.17,47.36,54.1,65,21.964,9.388,15.676,2093.545,38,5,0,6,2,5,0,98.02,4.27,26,29,45,-15.89,3,3651.83,19.955,194.47,0,29,1081.16,47.36,135.36,3,0,1482.67,26.35,53.1,2,0,1088.0,10.11,47.5,-100.5,3.2886
United States,North Dakota,Wheat,2023,spring,183.0,409.34,2.237,113,135,12,4,0,12,2,1,0,29.82,54.23,63.77,70,23.483,10.711,17.097,2273.17,31,3,0,4,1,5,0,67.75,1.7,19,20,36,-9.64,3,3554.5,19.423,117.42,0,20,1162.59,54.23,150.94,1,0,1384.69,46.28,140.98,2,0,1007.22,30.41,47.5,-100.5,3.1675
United States,North Dakota,Wheat,2024,spring,183.0,383.58,2.096,121,142,15,3,1,13,4,1,0,25.79,35.52,45.29,62,23.465,10.315,16.89,2198.77,35,3,0,13,1,3,0,78.61,4.94,27,14,34,-4.66,3,3593.88,19.639,154.3,0,14,1159.18,35.52,146.1,2,0,1398.28,26.13,83.18,1,0,1036.42,31.05,47.5,-100.5,3.8266
United States,North Dakota,Wheat,2025,spring,183.0,425.68,2.326,118,136,11,6,0,11,2,1,1,64.71,91.25,131.18,65,23.351,10.414,16.882,2214.655,26,4,0,4,2,3,0,60.23,2.23,18,17,39,-7.53,4,3528.37,19.281,193.17,2,17,1179.5,91.25,132.86,1,0,1316.41,35.97,99.65,1,0,1032.46,32.77,47.5,-100.5,3.5509
United States,Oklahoma,Wheat,1990,winter,303.0,872.12,2.878,218,232,35,9,4,28,15,11,1,51.12,87.71,126.6,85,18.787,6.446,12.617,2593.705,33,5,0,17,2,3,0,93.87,1.69,24,82,140,-22.17,17,4752.02,15.683,216.54,1,20,1526.25,87.71,310.89,0,58,1158.29,78.17,344.69,4,4,2067.48,79.17,35.5,-97.5,2.152
United States,Oklahoma,Wheat,1991,winter,303.0,626.02,2.066,223,241,24,11,3,17,9,5,0,35.21,67.41,101.52,80,20.186,7.769,13.978,3007.0,48,10,0,16,6,4,1,151.95,14.28,35,78,130,-14.7,12,4758.6,15.705,206.87,9,12,1459.7,67.41,94.92,0,65,1195.79,25.65,324.23,1,1,2103.11,44.26,35.5,-97.5,1.8158
United States,Oklahoma,Wheat,1992,winter,304.0,990.2,3.257,190,214,29,9,1,38,11,7,0,47.19,82.32,92.55,114,18.498,7.362,12.93,2605.895,14,0,0,5,0,2,0,17.01,0.0,8,67,127,-12.26,13,4485.58,14.755,350.62,0,22,1297.07,61.28,228.22,0,43,1182.11,82.32,411.36,0,2,2006.4,39.23,35.5,-97.5,1.9167
United States,Oklahoma,Wheat,1993,winter,303.0,958.66,3.164,215,227,20,10,5,37,11,6,1,91.27,128.28,146.22,88,17.491,6.291,11.891,2420.575,21,0,0,5,0,3,0,23.57,0.0,15,95,148,-13.95,13,4252.8,14.036,287.03,0,20,1326.45,53.36,209.33,0,73,947.14,43.02,462.3,0,2,1979.21,128.28,35.5,-97.5,1.9503
United States,Oklahoma,Wheat,1994,winter,303.0,668.65,2.207,237,251,43,12,5,24,8,4,0,45.9,64.25,92.86,66,18.848,6.189,12.518,2576.605,36,8,1,11,7,4,1,115.06,25.97,28,97,148,-12.96,12,4848.18,16.001,232.78,0,20,1405.95,60.69,144.16,0,71,1188.52,50.89,291.71,8,6,2253.71,64.25,35.5,-97.5,1.8158
United States,Oklahoma,Wheat,1995,winter,303.0,937.75,3.095,203,224,15,9,3,29,15,13,0,48.22,79.56,143.53,100,19.297,7.299,13.298,2713.06,28,0,0,7,0,3,0,42.43,0.0,18,70,122,-10.55,12,4337.26,14.314,297.69,0,10,1271.0,79.56,135.75,0,59,1094.45,57.77,504.31,0,1,1971.81,79.04,35.5,-97.5,1.4123
United States,Oklahoma,Wheat,1996,winter,304.0,497.38,1.636,243,257,44,12,6,16,6,4,0,32.38,49.71,87.74,61,19.926,6.476,13.201,2856.4,53,24,0,18,6,4,5,253.95,56.6,38,85,150,-14.81,15,4946.45,16.271,187.06,6,13,1451.39,48.06,81.25,0,64,1196.96,47.86,229.07,18,8,2298.1,49.71,35.5,-97.5,1.2778
United States,Oklahoma,Wheat,1997,winter,303.0,779.51,2.573,211,233,24,11,2,29,8,4,0,35.87,69.9,77.42,92,18.415,6.389,12.402,2544.38,24,0,0,4,0,5,0,43.42,0.0,14,80,137,-12.85,14,4671.98,15.419,296.38,0,15,1338.49,45.51,120.87,0,60,1143.96,69.9,362.26,0,5,2189.53,45.88,35.5,-97.5,2.152
United States,Oklahoma,Wheat,1998,winter,303.0,760.31,2.509,224,241,16,16,4,23,10,9,0,49.13,87.45,106.36,79,19.265,7.497,13.381,2801.65,59,25,0,15,14,7,3,260.77,52.07,48,79,138,-11.68,14,4753.4,15.688,230.41,8,18,1340.95,55.27,313.89,0,61,1072.05,87.45,216.01,17,0,2340.4,69.07,35.5,-97.5,2.6228
United States,Oklahoma,Wheat,1999,winter,303.0,973.38,3.212,205,231,20,11,3,33,15,6,1,60.98,105.43,112.5,98,20.502,8.446,14.474,3059.18,40,11,5,12,9,5,1,162.93,41.28,27,57,110,-12.08,9,4587.17,15.139,356.44,11,2,1336.76,82.44,163.64,0,54,1201.22,49.76,453.3,0,1,2049.19,105.43,35.5,-97.5,2.3538
United States,Oklahoma,Wheat,2000,winter,304.0,770.0,2.533,215,237,24,9,5,24,8,5,0,47.26,61.08,84.22,89,21.122,8.0,14.561,3023.83,43,7,0,7,3,4,1,116.57,9.98,23,56,115,-8.96,12,4721.43,15.531,266.37,2,5,1491.32,59.5,111.83,0,51,1211.61,22.21,391.8,5,0,2018.5,61.08,35.5,-97.5,2.2865
United States,Oklahoma,Wheat,2001,winter,303.0,763.37,2.519,215,231,21,13,3,22,9,5,1,61.64,100.22,156.24,88,18.731,7.005,12.868,2770.175,55,16,4,19,7,6,2,217.99,52.62,45,101,144,-11.31,13,4638.94,15.31,317.32,16,28,1368.94,100.22,182.6,0,72,1074.12,37.78,263.45,0,1,2195.88,68.38,35.5,-97.5,2.2193
United States,Oklahoma,Wheat,2002,winter,303.0,645.86,2.132,222,241,20,11,3,19,9,6,0,39.89,74.9,95.4,81,19.808,7.421,13.614,2854.63,35,1,0,13,1,4,0,83.02,0.47,26,74,120,-13.56,13,4712.66,15.553,215.92,0,7,1413.61,74.9,146.69,0,61,1219.52,42.31,283.25,1,6,2079.53,45.54,35.5,-97.5,1.883
United States,Oklahoma,Wheat,2003,winter,303.0,642.29,2.12,223,241,37,13,4,23,8,1,0,30.47,38.57,74.3,80,19.16,6.628,12.894,2686.985,49,8,0,10,7,8,1,134.53,13.27,33,80,150,-12.06,14,4624.47,15.262,269.08,7,12,1321.87,38.57,104.4,0,65,1081.4,28.13,268.81,1,3,2221.2,34.22,35.5,-97.5,2.6228
United States,Oklahoma,Wheat,2004,winter,304.0,677.77,2.23,222,243,24,13,3,25,9,5,1,53.86,87.35,102.01,82,20.2,7.892,14.046,2949.955,39,2,0,8,1,3,0,81.77,0.65,32,66,117,-9.81,12,4561.6,15.005,150.78,0,12,1300.37,46.15,207.67,0,54,1156.29,84.83,319.32,2,0,2104.94,87.35,35.5,-97.5,2.3538
United States,Oklahoma,Wheat,2005,winter,303.0,625.87,2.066,221,239,26,10,4,19,5,5,1,50.75,66.85,89.97,82,20.185,8.213,14.199,2973.07,57,12,0,13,5,7,2,167.07,16.33,43,56,116,-13.34,9,4645.65,15.332,298.4,2,8,1322.95,66.85,116.47,0,47,1140.74,44.36,211.0,10,1,2181.96,46.02,35.5,-97.5,2.152
United States,Oklahoma,Wheat,2006,winter,303.0,414.29,1.367,256,268,46,14,7,14,5,5,0,34.95,59.91,76.98,47,22.281,8.824,15.553,3347.295,79,24,0,15,9,9,3,318.58,41.94,69,57,113,-13.24,8,5165.91,17.049,114.67,1,16,1554.22,50.46,69.67,0,37,1225.18,46.95,229.95,23,4,2386.51,59.91,35.5,-97.5,1.614
United States,Oklahoma,Wheat,2007,winter,303.0,1067.85,3.524,205,220,19,13,4,33,17,16,1,56.57,102.17,143.97,98,19.006,7.589,13.297,2813.345,20,0,0,5,0,3,0,40.17,0.0,14,75,127,-17.5,9,4452.18,14.694,158.15,0,16,1482.4,46.74,160.75,0,55,1176.94,37.63,748.95,0,4,1792.84,102.17,35.5,-97.5,1.883
United States,Oklahoma,Wheat,2008,winter,304.0,804.64,2.647,226,245,33,13,2,30,9,8,1,54.31,81.27,89.85,78,19.047,7.045,13.046,2732.01,37,0,0,11,0,4,0,62.52,0.0,20,94,137,-9.45,11,4974.6,16.364,196.85,0,16,1436.49,33.65,185.73,0,76,1190.14,50.04,422.06,0,2,2347.97,81.27,35.5,-97.5,2.4883
United States,Oklahoma,Wheat,2009,winter,303.0,525.78,1.735,231,248,29,9,4,17,2,2,0,38.28,56.86,86.66,72,19.96,7.149,13.554,2839.635,37,12,0,17,8,2,1,131.05,28.73,26,84,133,-12.49,16,4854.61,16.022,137.47,0,15,1485.83,25.9,70.83,0,65,1266.32,29.56,317.48,12,4,2102.46,56.86,35.5,-97.5,1.4795
United States,Oklahoma,Wheat,2010,winter,303.0,752.11,2.482,216,236,17,10,3,26,9,5,1,63.24,91.88,97.01,87,18.163,6.856,12.509,2663.635,44,5,0,19,3,3,1,114.4,3.1,30,86,132,-14.6,8,4445.46,14.671,276.0,0,13,1214.46,66.39,148.93,0,72,1025.53,26.1,327.18,5,1,2205.47,91.88,35.5,-97.5,2.0848
United States,Oklahoma,Wheat,2011,winter,303.0,451.43,1.49,252,265,39,13,7,13,6,3,0,48.37,67.1,91.25,51,21.399,7.849,14.624,3209.315,78,34,9,35,19,7,3,358.97,113.41,61,78,130,-14.81,11,5071.27,16.737,173.78,2,12,1534.66,53.79,57.87,0,66,1229.2,17.69,219.78,32,0,2307.41,67.1,35.5,-97.5,1.5468
United States,Oklahoma,Wheat,2012,winter,304.0,698.43,2.297,232,247,20,14,3,24,6,4,1,52.94,73.98,79.48,72,21.635,8.826,15.23,3231.05,64,13,6,9,8,10,2,217.59,56.29,53,57,121,-7.25,11,4886.35,16.074,254.67,5,13,1477.58,70.71,204.35,0,44,1154.0,70.14,239.41,8,0,2254.77,41.02,35.5,-97.5,2.421
United States,Oklahoma,Wheat,2013,winter,303.0,725.2,2.393,239,247,32,12,4,26,9,7,1,56.88,89.53,139.97,64,20.066,7.256,13.661,2828.965,44,10,4,11,7,6,2,176.24,35.83,34,80,137,-11.1,15,4773.84,15.755,119.47,7,8,1450.27,39.81,139.3,0,65,1213.17,35.95,466.43,3,7,2110.4,89.53,35.5,-97.5,2.0848
United States,Oklahoma,Wheat,2014,winter,303.0,512.51,1.691,240,244,40,12,3,17,6,3,0,35.6,61.44,84.44,63,19.2,6.59,12.895,2828.895,54,13,0,13,5,8,2,178.68,15.45,41,97,143,-13.36,14,4884.45,16.12,175.94,6,19,1401.61,35.96,63.75,0,74,1217.96,22.66,272.82,7,4,2264.88,61.44,35.5,-97.5,1.1433
United States,Oklahoma,Wheat,2015,winter,303.0,920.9,3.039,218,235,17,12,2,30,13,10,1,67.18,95.06,155.11,85,19.334,7.956,13.645,2930.835,46,4,0,9,2,8,0,101.55,5.77,39,71,115,-11.99,9,4549.34,15.014,188.42,4,15,1418.93,41.54,96.6,0,56,1061.66,16.01,635.88,0,0,2068.75,95.06,35.5,-97.5,1.7485
United States,Oklahoma,Wheat,2016,winter,304.0,718.37,2.363,219,238,22,15,2,25,7,6,0,44.7,80.51,93.29,85,20.501,8.634,14.568,3099.145,48,6,0,18,3,4,1,127.68,5.36,35,61,114,-10.94,9,4984.08,16.395,250.74,3,11,1450.79,80.51,159.18,0,49,1257.22,65.3,308.45,3,1,2276.07,75.07,35.5,-97.5,2.6228
United States,Oklahoma,Wheat,2017,winter,303.0,670.85,2.214,230,245,23,12,3,20,9,6,1,58.34,62.7,89.56,73,21.568,9.173,15.371,3308.995,52,9,0,12,3,7,2,148.02,8.67,43,51,98,-12.12,11,4934.69,16.286,171.65,1,9,1467.94,28.18,130.64,0,42,1216.84,44.37,368.56,8,0,2249.91,62.7,35.5,-97.5,2.2865
United States,Oklahoma,Wheat,2018,winter,303.0,633.79,2.092,247,256,39,10,7,23,8,5,1,51.9,82.8,94.85,56,20.229,7.88,14.054,3013.825,64,9,0,15,2,9,0,182.33,5.98,49,72,128,-14.74,14,4908.63,16.2,204.66,2,7,1429.86,68.8,102.3,0,58,1189.35,40.04,326.83,7,7,2289.42,82.8,35.5,-97.5,1.883
United States,Oklahoma,Wheat,2019,winter,303.0,1123.85,3.709,212,224,24,8,3,33,19,12,2,69.91,86.14,149.25,91,18.023,7.223,12.623,2596.82,21,1,0,5,1,3,0,34.14,1.2,18,82,138,-9.95,16,4364.62,14.405,321.96,1,21,1237.41,74.15,195.89,0,60,1047.13,53.06,606.0,0,1,2080.08,86.14,35.5,-97.5,2.69
United States,Oklahoma,Wheat,2020,winter,304.0,677.38,2.228,225,240,28,13,2,25,10,5,0,35.46,69.05,90.51,79,19.828,7.942,13.885,2851.03,56,2,0,12,2,6,0,138.39,0.28,49,68,142,-8.49,17,4792.67,15.765,213.27,2,18,1452.99,69.05,223.88,0,46,1099.97,57.71,240.23,0,4,2239.71,42.73,35.5,-97.5,2.69
United States,Oklahoma,Wheat,2021,winter,303.0,807.69,2.666,221,240,27,10,4,25,15,8,0,48.01,101.87,146.86,82,18.923,7.025,12.974,2704.635,29,3,0,12,1,4,0,75.76,1.07,23,70,139,-18.58,13,4563.91,15.062,210.93,0,12,1400.75,74.49,150.33,0,57,1153.46,48.06,446.43,3,1,2009.7,101.87,35.5,-97.5,2.6228
United States,Oklahoma,Wheat,2022,winter,303.0,618.16,2.04,242,255,36,11,5,22,7,6,0,44.54,89.86,101.07,61,21.708,8.392,15.05,3253.82,71,21,1,21,6,7,3,272.68,34.0,62,65,118,-9.96,10,5099.84,16.831,153.59,8,5,1534.46,39.3,115.12,0,60,1285.92,41.17,349.45,13,0,2279.46,89.86,35.5,-97.5,1.883
United States,Oklahoma,Wheat,2023,winter,303.0,647.19,2.136,220,235,35,9,2,21,5,3,0,36.84,57.86,73.72,83,20.522,8.094,14.308,3010.89,60,9,0,10,5,8,2,169.17,17.66,44,67,123,-15.23,16,4770.75,15.745,179.75,6,14,1470.51,42.93,130.28,0,52,1144.33,25.24,337.16,3,1,2155.91,57.86,35.5,-97.5,1.883
United States,Oklahoma,Wheat,2024,winter,304.0,668.61,2.199,226,241,20,11,3,21,7,4,0,36.38,53.56,82.6,78,21.69,9.182,15.436,3369.65,64,24,2,19,10,6,3,273.48,51.81,53,54,109,-16.46,12,4836.13,15.908,182.7,14,13,1459.37,53.56,174.29,0,39,1198.53,34.01,311.62,10,2,2178.23,44.46,35.5,-97.5,2.5555
United States,Oklahoma,Wheat,2025,winter,303.0,995.1,3.284,228,240,36,12,6,35,17,13,3,54.92,132.92,171.07,75,21.021,8.558,14.79,3206.63,59,5,0,15,4,6,1,154.64,9.66,47,60,106,-14.56,8,4841.73,15.979,269.62,5,8,1535.27,132.92,99.49,0,52,1180.73,25.64,625.99,0,0,2125.73,91.42,35.5,-97.5,2.5555
United States,South Dakota,Wheat,1990,spring,183.0,359.29,1.963,119,136,23,5,2,10,1,0,0,24.91,33.41,50.17,64,26.091,11.571,18.831,2563.455,66,17,2,17,3,9,2,247.43,36.52,44,22,28,-6.34,3,3879.8,21.201,125.61,0,22,1250.67,33.41,150.18,9,0,1455.81,32.7,83.5,8,0,1173.32,18.92,44.5,-100.0,2.2731
United States,South Dakota,Wheat,1991,spring,183.0,467.24,2.553,125,139,17,9,1,15,4,3,0,43.85,61.88,113.73,58,25.971,12.502,19.236,2618.99,53,18,2,15,8,8,2,210.92,46.3,38,10,36,-4.76,2,3727.61,20.369,240.8,0,10,1117.12,58.27,149.12,9,0,1452.42,61.88,77.32,9,0,1158.07,26.58,44.5,-100.0,2.0781
United States,South Dakota,Wheat,1992,spring,183.0,412.99,2.257,120,136,27,4,2,13,4,3,0,32.17,51.53,72.82,63,24.254,10.215,17.235,2266.04,26,4,0,4,1,3,0,65.58,5.38,20,11,27,-6.63,4,3523.77,19.256,36.62,2,11,1230.73,14.68,274.84,0,0,1209.71,51.53,101.53,2,0,1083.33,36.14,44.5,-100.0,2.152
United States,South Dakota,Wheat,1993,spring,183.0,472.55,2.582,101,121,11,2,0,9,1,1,0,33.15,36.91,53.78,82,22.699,9.798,16.248,2081.105,23,1,0,4,1,3,0,43.65,1.04,14,14,40,-5.2,5,3538.11,19.334,133.93,0,14,1164.89,22.38,261.31,0,0,1284.48,33.05,77.31,1,0,1088.74,36.91,44.5,-100.0,2.152
United States,South Dakota,Wheat,1994,spring,183.0,347.37,1.898,113,135,10,5,0,5,2,1,0,43.44,70.66,77.35,70,25.677,11.584,18.63,2523.945,57,8,0,7,2,8,0,148.65,9.14,38,17,30,-6.21,3,3804.06,20.787,79.55,0,17,1272.84,21.76,188.93,3,0,1430.61,70.66,78.89,5,0,1100.61,18.57,44.5,-100.0,1.9099
United States,South Dakota,Wheat,1995,spring,183.0,481.9,2.633,110,132,10,5,0,17,2,0,0,21.1,45.9,63.47,73,23.309,10.67,16.989,2244.08,47,11,0,8,2,8,0,161.2,19.45,33,20,45,-7.83,5,3687.83,20.152,226.82,0,19,1075.37,44.48,168.36,4,0,1471.61,45.9,86.72,7,1,1140.85,23.1,44.5,-100.0,2.2193
United States,South Dakota,Wheat,1996,spring,183.0,446.64,2.441,109,129,16,6,1,10,4,1,1,57.89,92.31,106.26,74,23.968,10.594,17.281,2272.065,53,7,0,11,2,8,0,148.88,6.87,37,21,48,-5.78,3,3678.19,20.099,159.26,0,21,1039.55,46.7,104.07,4,0,1496.44,19.09,183.31,3,0,1142.2,92.31,44.5,-100.0,2.4278
United States,South Dakota,Wheat,1997,spring,183.0,485.08,2.651,105,127,14,4,1,16,4,2,0,28.81,47.6,50.6,78,23.241,10.567,16.904,2265.715,33,2,0,6,2,6,0,71.41,0.35,13,17,37,-15.44,2,3745.07,20.465,168.44,0,17,1162.09,47.6,236.5,2,0,1466.74,46.17,80.14,0,0,1116.24,17.98,44.5,-100.0,1.9301
United States,South Dakota,Wheat,1998,spring,183.0,360.13,1.968,117,143,11,7,0,11,2,1,0,26.47,44.75,52.93,66,26.009,12.498,19.253,2610.425,59,16,1,14,4,9,2,205.94,36.95,42,9,27,-4.11,3,3835.65,20.96,100.51,0,9,1268.4,33.14,191.09,6,0,1400.19,44.75,68.53,10,0,1167.06,24.5,44.5,-100.0,2.4681
United States,South Dakota,Wheat,1999,spring,183.0,532.45,2.91,114,135,14,5,1,14,8,3,1,52.92,75.91,140.4,69,24.505,11.106,17.806,2370.04,44,16,2,9,3,7,3,184.44,39.45,32,9,32,-4.92,2,3723.13,20.345,193.43,0,9,1156.06,54.99,154.91,8,0,1418.64,42.0,184.11,8,0,1148.43,75.91,44.5,-100.0,2.6833
United States,South Dakota,Wheat,2000,spring,183.0,313.58,1.714,117,143,15,5,2,5,3,1,0,33.59,36.6,45.17,66,26.446,11.758,19.102,2604.235,72,21,1,23,4,7,2,298.82,54.12,49,14,30,-6.15,4,3809.42,20.817,142.78,0,14,1192.74,36.6,116.85,9,0,1467.81,23.35,53.95,12,0,1148.87,24.39,44.5,-100.0,2.6699
United States,South Dakota,Wheat,2001,spring,183.0,383.22,2.094,120,138,23,7,2,11,2,1,0,29.53,43.4,47.27,63,26.689,12.519,19.604,2690.835,73,33,7,22,8,6,6,363.19,104.42,55,9,27,-6.02,3,3858.75,21.086,171.5,0,9,1183.82,43.4,156.95,18,0,1451.28,25.72,54.77,15,0,1223.65,38.87,44.5,-100.0,2.5286
United States,South Dakota,Wheat,2002,spring,183.0,288.76,1.578,131,148,11,8,0,8,1,1,0,29.77,30.6,43.23,52,26.752,12.068,19.41,2663.215,73,34,7,19,7,9,5,378.77,106.84,48,16,45,-7.36,5,3820.57,20.877,54.36,0,16,1274.98,16.37,100.75,25,0,1452.3,28.71,133.65,9,0,1093.29,30.6,44.5,-100.0,1.7754
United States,South Dakota,Wheat,2003,spring,183.0,323.96,1.77,118,141,19,6,1,7,2,1,0,33.52,43.22,53.3,65,26.21,12.102,19.156,2610.575,71,24,5,27,4,7,5,307.34,70.38,53,9,27,-6.04,2,3777.1,20.64,146.15,0,9,1124.92,35.84,118.52,12,0,1444.63,43.22,59.29,12,0,1207.55,15.84,44.5,-100.0,2.8447
United States,South Dakota,Wheat,2004,spring,183.0,472.97,2.585,116,131,17,4,2,11,5,4,0,29.93,53.89,65.18,67,25.072,10.916,17.994,2389.095,50,10,0,13,3,7,1,145.91,16.0,28,9,36,-5.26,1,3848.67,21.031,105.22,0,9,1270.08,27.82,160.65,5,0,1466.11,47.98,207.1,5,0,1112.48,53.89,44.5,-100.0,3.0935
United States,South Dakota,Wheat,2005,spring,183.0,381.34,2.084,125,140,15,6,1,11,3,2,0,25.68,51.25,73.72,58,26.66,12.667,19.664,2693.335,71,27,6,20,4,7,5,302.38,72.88,54,11,29,-3.28,2,3910.17,21.367,142.34,0,11,1185.44,40.56,152.11,15,0,1524.0,51.25,86.89,12,0,1200.73,14.64,44.5,-100.0,2.8111
United States,South Dakota,Wheat,2006,spring,183.0,289.23,1.58,123,144,12,5,0,8,0,0,0,15.4,37.83,45.07,60,27.462,13.227,20.345,2808.065,80,34,5,22,9,8,3,382.57,111.21,54,4,23,-2.94,1,3838.42,20.975,55.51,2,4,1267.54,12.67,60.39,24,0,1506.83,10.77,173.33,8,0,1064.05,37.83,44.5,-100.0,2.1924
United States,South Dakota,Wheat,2007,spring,183.0,474.04,2.59,120,131,16,7,1,14,6,2,0,37.46,52.78,77.41,63,25.92,12.287,19.104,2654.2,66,15,5,21,5,6,2,256.87,53.38,50,16,24,-11.55,1,3828.43,20.92,190.22,0,16,1253.38,52.78,144.26,10,0,1531.89,50.49,139.56,5,0,1043.16,40.34,44.5,-100.0,2.8985
United States,South Dakota,Wheat,2008,spring,183.0,452.04,2.47,118,127,17,7,1,14,3,2,0,33.4,50.52,87.11,65,24.399,10.772,17.585,2334.795,52,7,0,9,3,7,1,125.29,12.58,38,20,37,-5.7,4,3836.82,20.966,121.0,0,20,1167.61,24.32,241.66,5,0,1495.47,50.52,89.38,2,0,1173.74,19.07,44.5,-100.0,3.3962
United States,South Dakota,Wheat,2009,spring,183.0,351.36,1.92,121,137,18,4,1,9,0,0,0,19.69,34.1,48.21,62,23.904,10.503,17.203,2269.99,35,4,0,4,1,1,0,75.25,3.72,24,15,37,-7.6,2,3850.7,21.042,74.51,1,15,1296.41,14.19,171.4,1,0,1416.92,24.82,105.45,2,0,1137.37,34.1,44.5,-100.0,2.8514
United States,South Dakota,Wheat,2010,spring,183.0,512.68,2.802,118,130,10,3,0,21,4,1,0,27.21,51.3,68.27,65,24.89,11.952,18.421,2458.65,43,13,2,7,4,7,1,160.5,25.21,32,6,33,-2.49,2,3798.23,20.755,176.44,0,6,1210.2,34.44,214.02,6,0,1457.46,51.3,122.22,7,0,1130.57,36.02,44.5,-100.0,3.0465
United States,South Dakota,Wheat,2011,spring,183.0,543.68,2.971,111,125,13,4,0,15,5,4,1,59.9,109.72,125.77,72,24.006,11.161,17.583,2337.545,47,12,1,14,4,6,2,155.91,23.29,31,15,42,-9.23,3,3745.19,20.466,182.65,0,15,1079.61,39.93,277.1,8,0,1438.86,109.72,83.93,4,0,1226.72,19.5,44.5,-100.0,2.5085
United States,South Dakota,Wheat,2012,spring,183.0,275.56,1.506,133,147,26,6,1,5,2,2,0,29.4,42.14,56.18,50,27.996,13.2,20.598,2855.08,84,36,7,39,12,8,4,401.9,102.23,66,2,24,-2.79,1,3959.48,21.637,166.14,1,2,1206.44,42.14,86.98,23,0,1532.6,18.55,22.44,12,0,1220.44,9.89,44.5,-100.0,3.0868
United States,South Dakota,Wheat,2013,spring,183.0,435.81,2.381,123,133,14,5,1,15,2,1,0,25.07,44.51,66.91,60,24.831,11.503,18.167,2510.17,52,13,0,15,6,6,1,193.08,30.25,41,26,36,-7.76,3,3678.74,20.102,198.45,0,26,1120.8,44.51,142.64,4,0,1457.23,32.03,94.72,9,0,1100.71,26.84,44.5,-100.0,2.838
United States,South Dakota,Wheat,2014,spring,183.0,412.03,2.252,120,136,17,5,1,14,2,0,0,23.16,49.56,52.34,63,24.086,11.041,17.564,2342.89,35,4,1,9,2,6,0,91.4,15.19,24,14,41,-10.45,3,3699.8,20.217,135.66,0,14,1222.0,49.56,141.95,4,0,1455.37,22.68,134.42,0,0,1022.43,25.44,44.5,-100.0,3.7324
United States,South Dakota,Wheat,2015,spring,183.0,450.61,2.462,120,138,12,8,0,11,3,3,0,46.42,52.32,74.05,63,25.775,12.264,19.019,2570.14,54,14,1,11,3,7,1,198.81,25.64,41,10,29,-4.81,2,3744.64,20.463,163.66,0,10,1154.47,52.32,169.79,5,0,1481.63,33.91,117.16,9,0,1108.54,48.68,44.5,-100.0,3.107
United States,South Dakota,Wheat,2016,spring,183.0,410.18,2.241,124,138,14,6,1,10,4,3,0,35.73,51.81,69.43,59,26.168,12.244,19.206,2613.225,64,19,1,12,5,10,1,219.13,43.96,41,10,32,-3.96,2,4010.81,21.917,172.39,0,10,1256.48,51.81,116.97,14,0,1600.77,29.25,120.82,5,0,1153.56,33.67,44.5,-100.0,3.4702
United States,South Dakota,Wheat,2017,spring,183.0,325.89,1.781,126,143,13,5,0,12,1,1,0,26.62,45.1,47.09,57,26.068,11.986,19.027,2572.345,65,17,3,32,4,4,2,241.14,56.17,48,7,32,-3.64,2,3919.68,21.419,80.42,0,7,1237.34,21.86,101.08,15,0,1606.25,40.74,144.39,2,0,1076.09,45.1,44.5,-100.0,2.3403
United States,South Dakota,Wheat,2018,spring,183.0,362.18,1.979,116,133,12,4,0,8,2,1,0,25.32,42.2,46.6,67,25.496,12.268,18.882,2632.35,63,18,1,10,6,10,2,238.66,43.47,43,20,34,-10.86,2,3766.0,20.579,101.59,2,20,1245.77,26.04,149.77,8,0,1467.11,26.73,110.82,8,0,1053.12,42.2,44.5,-100.0,2.9859
United States,South Dakota,Wheat,2019,spring,183.0,642.09,3.509,103,122,7,3,0,22,7,4,0,31.27,57.65,84.01,80,23.3,11.283,17.292,2293.43,29,1,0,8,1,3,0,48.98,1.78,19,12,38,-8.7,3,3551.77,19.409,235.43,0,12,1055.84,44.1,202.63,1,0,1487.48,46.24,204.03,0,0,1008.45,57.65,44.5,-100.0,3.2348
United States,South Dakota,Wheat,2020,spring,183.0,320.46,1.751,128,144,19,7,2,8,1,1,0,28.53,39.69,45.99,55,25.362,11.936,18.649,2555.82,66,12,0,13,5,9,1,214.91,19.89,41,20,34,-8.45,3,3879.29,21.198,97.79,0,20,1218.56,29.86,164.04,5,0,1516.58,39.69,58.63,7,0,1144.15,13.52,44.5,-100.0,3.4836
United States,South Dakota,Wheat,2021,spring,183.0,338.11,1.848,134,149,17,6,1,14,1,0,0,23.4,43.28,62.03,49,27.08,12.953,20.016,2772.275,77,28,3,13,8,10,4,339.78,68.7,61,13,34,-4.77,3,3802.52,20.779,81.4,0,13,1198.32,28.33,109.16,19,0,1488.04,31.87,147.55,9,0,1116.16,43.28,44.5,-100.0,2.2865
United States,South Dakota,Wheat,2022,spring,183.0,410.39,2.243,129,136,12,7,0,11,3,3,0,36.03,52.89,66.6,54,25.868,12.036,18.952,2585.25,69,24,4,8,3,13,2,275.59,57.49,56,21,37,-6.31,4,3915.8,21.398,174.46,0,21,1201.47,52.89,163.78,12,0,1526.4,38.2,72.15,12,0,1187.93,30.06,44.5,-100.0,3.3626
United States,South Dakota,Wheat,2023,spring,183.0,421.73,2.305,122,140,22,6,1,9,5,3,0,34.54,56.97,68.87,61,26.542,12.946,19.744,2731.18,69,18,4,15,6,8,3,246.95,62.24,51,15,28,-8.31,3,3831.86,20.939,93.22,0,15,1320.24,19.86,157.33,10,0,1447.78,49.0,171.18,8,0,1063.84,56.97,44.5,-100.0,3.0263
United States,South Dakota,Wheat,2024,spring,183.0,407.92,2.229,118,135,8,6,0,12,5,1,0,34.4,50.63,61.78,65,26.273,12.769,19.521,2673.075,66,14,1,15,3,8,2,211.22,28.02,49,9,25,-4.66,2,3734.29,20.406,151.05,0,9,1218.5,38.06,159.92,5,0,1383.59,50.63,96.95,9,0,1132.2,39.99,44.5,-100.0,3.8064
United States,South Dakota,Wheat,2025,spring,183.0,492.64,2.692,110,128,16,5,1,14,4,2,0,39.53,66.66,93.22,73,26.202,12.774,19.488,2668.59,61,20,0,9,3,11,1,247.94,48.21,37,9,30,-5.18,1,3664.87,20.027,177.82,2,9,1197.64,58.28,147.61,11,0,1369.28,23.65,167.21,7,0,1097.95,66.66,44.5,-100.0,3.3962
United States,Texas,Wheat,1990,winter,303.0,542.34,1.79,229,250,29,13,5,18,5,3,0,41.72,67.19,81.36,74,24.506,10.694,17.6,3907.305,86,41,4,43,18,7,5,431.19,110.86,70,29,87,-17.31,3,5094.45,16.813,99.33,10,4,1628.75,25.76,188.58,0,25,1298.41,37.71,254.43,31,0,2167.29,67.19,31.0,-99.0,2.0848
United States,Texas,Wheat,1991,winter,303.0,741.15,2.446,199,222,24,10,1,23,8,6,0,30.36,48.2,81.41,104,23.855,10.812,17.333,3786.35,80,8,0,19,3,7,1,197.18,7.49,42,26,89,-8.53,7,4954.22,16.351,258.85,4,4,1530.93,42.12,146.46,0,22,1261.97,33.64,335.84,4,0,2161.32,48.2,31.0,-99.0,2.0175
United States,Texas,Wheat,1992,winter,304.0,1176.37,3.87,184,202,23,11,3,35,13,10,2,74.86,179.98,224.87,120,21.969,10.505,16.237,3450.62,48,0,0,18,0,7,0,82.0,0.0,28,29,79,-6.39,8,4872.21,16.027,241.06,0,13,1467.46,63.22,563.15,0,16,1248.72,179.98,372.16,0,0,2156.03,48.29,31.0,-99.0,2.2865
United States,Texas,Wheat,1993,winter,303.0,741.1,2.446,206,224,21,11,3,20,7,4,0,46.32,79.65,93.48,97,23.092,9.931,16.512,3524.835,67,11,0,10,5,10,2,200.85,18.8,51,33,94,-5.26,9,4830.79,15.943,179.99,8,10,1555.64,79.65,249.79,0,23,1063.26,55.82,311.32,3,0,2211.89,43.39,31.0,-99.0,2.152
United States,Texas,Wheat,1994,winter,303.0,620.34,2.047,213,233,18,13,1,16,3,1,0,27.02,61.36,99.38,90,23.626,10.298,16.962,3681.7,80,16,5,22,9,8,2,301.44,55.79,59,38,94,-6.59,9,5041.49,16.639,203.68,2,9,1468.77,51.26,153.03,0,29,1272.72,35.05,263.63,14,0,2300.0,61.36,31.0,-99.0,1.7485
United States,Texas,Wheat,1995,winter,303.0,800.42,2.642,202,230,17,10,4,26,11,7,0,31.24,59.58,80.63,101,23.874,10.727,17.301,3750.08,83,12,0,17,3,10,2,210.08,8.62,60,19,72,-5.63,5,4790.85,15.811,276.32,5,1,1380.55,40.15,191.13,0,18,1228.61,50.42,332.97,7,0,2181.69,59.58,31.0,-99.0,1.8158
United States,Texas,Wheat,1996,winter,304.0,429.12,1.412,243,255,30,13,6,14,2,2,0,27.19,31.41,60.04,61,25.244,10.276,17.76,3971.96,108,42,2,22,12,12,3,464.48,86.16,75,39,90,-7.56,9,5417.28,17.82,134.35,7,2,1587.18,27.06,44.57,1,37,1385.67,19.6,250.2,34,0,2444.43,31.41,31.0,-99.0,1.7485
United States,Texas,Wheat,1997,winter,303.0,984.62,3.25,195,218,19,10,2,28,13,9,1,52.43,75.66,80.33,108,22.268,9.947,16.107,3470.23,49,0,0,10,0,6,0,73.51,0.0,29,38,85,-6.69,7,4794.72,15.824,269.69,0,5,1477.96,58.66,303.4,0,31,1190.66,62.14,411.53,0,2,2126.1,75.66,31.0,-99.0,1.9503
United States,Texas,Wheat,1998,winter,303.0,627.82,2.072,228,247,28,14,4,17,4,4,1,57.06,72.09,80.83,75,24.784,10.586,17.685,3866.525,94,57,3,24,16,6,7,540.66,148.69,82,26,94,-5.19,5,5356.97,17.68,178.59,18,7,1533.94,35.89,337.43,0,19,1273.69,72.09,111.8,39,0,2549.34,33.29,31.0,-99.0,2.3538
United States,Texas,Wheat,1999,winter,303.0,726.13,2.396,219,236,40,12,2,24,7,6,1,51.4,80.19,103.87,84,24.876,11.88,18.378,4092.825,84,21,0,17,9,10,2,293.19,25.72,63,21,70,-5.97,5,4934.48,16.285,378.96,11,0,1417.2,80.19,102.83,0,21,1378.7,41.66,244.34,10,0,2138.58,48.11,31.0,-99.0,2.421
United States,Texas,Wheat,2000,winter,304.0,507.24,1.669,243,253,22,14,6,17,4,1,0,31.37,40.58,53.4,61,26.396,11.869,19.132,4311.46,109,38,1,20,8,14,5,424.24,55.12,87,13,62,-5.19,4,5286.32,17.389,73.7,17,0,1675.77,27.67,152.34,0,13,1390.21,25.81,281.2,21,0,2220.34,40.58,31.0,-99.0,2.0175
United States,Texas,Wheat,2001,winter,303.0,755.71,2.494,197,221,12,11,0,20,9,4,1,51.38,97.01,134.11,106,22.677,10.476,16.577,3567.1,71,26,6,23,7,6,4,344.6,70.28,55,38,101,-5.81,9,4676.78,15.435,342.53,14,6,1329.22,97.01,219.26,0,32,1172.9,29.25,193.92,12,0,2174.66,45.08,31.0,-99.0,2.2865
United States,Texas,Wheat,2002,winter,303.0,599.86,1.98,227,247,26,12,6,17,5,2,1,66.55,92.36,101.14,76,24.372,10.966,17.669,3886.28,87,20,0,22,5,10,3,285.95,31.89,64,37,88,-5.84,9,5063.86,16.712,262.35,0,4,1521.05,92.36,128.31,0,32,1377.95,26.66,209.2,20,1,2164.86,65.08,31.0,-99.0,1.9503
United States,Texas,Wheat,2003,winter,303.0,634.51,2.094,227,240,27,11,4,19,5,4,0,31.67,72.54,97.18,76,23.897,10.669,17.283,3770.21,89,21,0,16,6,11,5,314.7,37.54,74,25,85,-5.61,6,4871.86,16.079,283.01,3,2,1385.7,58.86,152.01,0,23,1229.46,49.4,199.49,18,0,2256.7,72.54,31.0,-99.0,1.883
United States,Texas,Wheat,2004,winter,304.0,815.95,2.684,219,235,32,11,4,28,9,6,1,52.03,103.66,117.95,85,23.907,11.426,17.667,3871.81,58,7,0,22,6,6,1,152.13,15.0,45,24,70,-4.86,8,4653.13,15.306,200.05,1,3,1442.32,49.92,195.2,0,21,1201.94,58.12,420.7,6,0,2008.87,103.66,31.0,-99.0,2.0848
United States,Texas,Wheat,2005,winter,303.0,684.31,2.258,223,237,27,13,4,25,6,4,0,38.94,85.21,115.7,80,23.722,11.408,17.565,3845.96,71,22,0,27,16,6,2,263.96,34.15,63,18,67,-6.5,5,4938.86,16.3,345.43,1,2,1394.32,85.21,162.99,0,16,1223.67,30.46,175.89,21,0,2320.87,45.94,31.0,-99.0,2.152
United States,Texas,Wheat,2006,winter,303.0,436.51,1.441,246,261,38,14,6,15,6,4,0,29.69,56.42,78.41,57,26.206,11.913,19.06,4289.485,104,38,3,19,14,10,3,446.41,84.76,90,16,71,-7.65,3,5424.88,17.904,67.68,18,7,1643.08,15.75,104.58,0,8,1332.81,34.6,264.25,20,1,2448.99,56.42,31.0,-99.0,1.614
United States,Texas,Wheat,2007,winter,303.0,1022.91,3.376,210,223,37,6,4,35,15,11,2,57.42,106.44,133.32,93,22.992,10.686,16.839,3645.81,50,4,0,11,2,5,0,101.72,4.33,38,37,85,-6.46,11,4739.24,15.641,171.18,4,7,1585.49,43.56,219.11,0,29,1257.6,74.57,632.62,0,1,1896.15,106.44,31.0,-99.0,2.4883
United States,Texas,Wheat,2008,winter,304.0,438.49,1.442,240,257,34,8,6,11,5,5,0,38.18,68.57,74.7,64,24.801,11.041,17.921,3967.045,89,33,0,43,10,5,4,324.72,70.04,72,33,88,-4.97,9,5334.91,17.549,137.09,0,3,1528.68,51.25,95.06,0,30,1372.35,30.07,206.34,33,0,2433.88,68.57,31.0,-99.0,2.0175
United States,Texas,Wheat,2009,winter,303.0,461.27,1.522,252,261,27,11,7,15,4,4,1,59.57,83.11,94.73,51,25.312,10.984,18.148,4002.96,83,22,3,26,18,7,1,303.78,56.46,70,23,87,-5.54,7,5343.25,17.634,93.01,2,4,1666.41,34.64,127.01,0,19,1415.85,83.11,241.25,20,0,2260.99,61.83,31.0,-99.0,1.6813
United States,Texas,Wheat,2010,winter,303.0,823.36,2.717,228,241,15,14,3,31,11,8,1,53.88,84.61,107.26,75,21.94,9.762,15.851,3394.315,58,17,0,27,10,4,1,208.07,26.3,47,52,100,-7.16,9,4812.41,15.883,416.0,2,5,1345.63,84.61,237.9,0,46,1225.2,70.83,169.46,15,1,2241.58,33.59,31.0,-99.0,2.2193
United States,Texas,Wheat,2011,winter,303.0,384.05,1.267,261,272,50,14,6,7,4,4,1,85.75,128.98,147.21,42,26.039,11.066,18.552,4184.175,107,50,8,45,25,9,5,506.02,141.9,89,33,85,-9.76,6,5559.59,18.348,187.44,1,2,1684.59,128.98,91.11,0,31,1390.11,36.36,105.5,49,0,2484.89,37.11,31.0,-99.0,1.6813
United States,Texas,Wheat,2012,winter,304.0,646.32,2.126,242,251,19,15,7,21,7,6,1,73.43,89.87,90.1,62,25.406,11.721,18.563,4143.585,99,42,4,20,8,6,8,440.22,99.45,87,16,77,-6.21,5,5254.84,17.286,197.46,17,5,1642.71,89.87,285.36,0,11,1233.26,69.91,163.5,25,0,2378.87,41.35,31.0,-99.0,2.2193
United States,Texas,Wheat,2013,winter,303.0,460.63,1.52,250,262,22,17,4,16,6,5,0,40.36,68.17,72.63,53,25.026,10.81,17.918,3945.02,85,28,4,32,7,6,3,335.51,68.66,73,30,83,-5.9,6,5277.73,17.418,132.24,8,1,1588.87,44.69,142.8,0,27,1431.06,68.17,185.59,20,2,2257.8,38.03,31.0,-99.0,1.9503
United States,Texas,Wheat,2014,winter,303.0,598.99,1.977,236,252,44,12,4,18,8,7,0,44.17,87.44,98.69,67,23.385,9.848,16.616,3655.34,97,12,0,25,3,11,1,272.25,14.47,74,53,100,-7.62,14,5064.47,16.714,284.25,8,14,1438.08,71.49,44.66,0,39,1392.42,27.8,270.08,4,0,2233.97,87.44,31.0,-99.0,2.0175
United States,Texas,Wheat,2015,winter,303.0,783.62,2.586,210,224,26,12,5,23,10,6,0,33.5,78.59,130.56,93,23.014,11.206,17.11,3757.14,70,8,0,13,5,9,1,153.14,12.91,50,38,78,-6.52,7,4677.2,15.436,223.46,8,7,1519.59,51.05,161.0,0,31,1075.75,35.29,399.16,0,0,2081.86,78.59,31.0,-99.0,2.0175
United States,Texas,Wheat,2016,winter,304.0,883.8,2.907,233,244,45,12,3,26,12,9,2,71.12,140.35,142.2,71,24.407,11.769,18.088,3988.68,75,18,0,21,8,7,1,244.61,22.85,63,19,74,-4.22,5,5128.69,16.871,324.27,16,2,1526.95,140.35,182.99,0,17,1399.59,69.71,376.54,2,0,2202.15,55.4,31.0,-99.0,2.152
United States,Texas,Wheat,2017,winter,303.0,654.58,2.16,227,246,27,13,3,24,7,5,0,34.98,66.84,86.85,76,25.233,12.573,18.903,4256.415,86,14,1,25,4,8,2,260.1,23.36,65,12,46,-7.79,3,5076.72,16.755,230.87,2,3,1498.52,66.84,146.93,0,9,1323.41,45.13,276.78,12,0,2254.79,43.74,31.0,-99.0,1.9503
United States,Texas,Wheat,2018,winter,303.0,407.31,1.344,253,264,34,17,4,13,5,2,0,43.34,64.62,72.11,50,25.55,11.388,18.469,4141.15,115,45,1,40,10,8,6,472.0,97.31,97,28,79,-7.96,7,5266.67,17.382,114.33,10,2,1569.41,33.08,120.84,0,26,1265.94,64.62,172.14,35,0,2431.32,53.24,31.0,-99.0,2.152
United States,Texas,Wheat,2019,winter,303.0,1008.05,3.327,206,226,23,9,4,32,12,9,1,104.02,170.88,206.23,97,22.165,10.787,16.476,3521.05,54,5,0,13,2,7,0,111.34,5.58,30,28,91,-5.39,9,4673.05,15.423,546.64,2,7,1321.24,170.88,119.77,0,21,1211.09,32.24,341.64,3,0,2140.72,58.46,31.0,-99.0,2.2865
United States,Texas,Wheat,2020,winter,304.0,586.87,1.93,229,247,24,13,4,20,5,4,0,30.04,62.24,78.29,75,25.063,11.599,18.331,4065.265,91,43,0,36,29,5,2,400.22,58.28,72,15,76,-4.58,4,5059.33,16.643,99.84,34,5,1535.71,16.99,217.62,0,10,1189.24,47.22,269.41,9,0,2334.38,38.85,31.0,-99.0,2.0175
United States,Texas,Wheat,2021,winter,303.0,646.42,2.133,223,238,30,8,4,23,7,2,0,44.86,69.35,96.47,80,23.71,10.42,17.065,3753.35,66,12,0,22,4,6,1,183.52,12.99,52,29,79,-13.56,5,4853.14,16.017,186.62,4,3,1528.55,59.08,119.62,0,26,1305.66,47.0,340.18,8,0,2018.93,69.35,31.0,-99.0,2.4883
United States,Texas,Wheat,2022,winter,303.0,334.78,1.105,258,268,23,15,8,9,4,1,0,30.69,49.59,65.68,45,26.791,12.055,19.423,4420.38,118,59,9,33,22,11,6,621.96,184.35,99,32,75,-7.5,8,5506.89,18.175,162.72,11,0,1661.78,49.59,37.73,0,32,1402.62,13.45,134.33,48,0,2442.49,41.72,31.0,-99.0,2.0175
United States,Texas,Wheat,2023,winter,303.0,497.78,1.643,225,240,35,10,3,17,2,1,0,27.1,58.62,66.52,78,25.412,11.834,18.623,4180.035,102,33,12,43,22,7,2,446.9,132.67,76,22,66,-10.71,5,5028.06,16.594,194.24,9,1,1555.11,58.62,80.06,0,21,1278.86,17.07,223.48,24,0,2194.09,30.57,31.0,-99.0,2.4883
United States,Texas,Wheat,2024,winter,304.0,788.33,2.593,216,231,24,12,3,26,9,4,1,54.89,88.35,114.44,88,25.557,12.716,19.137,4347.44,104,37,6,19,10,8,5,425.79,92.29,73,14,63,-9.06,2,4999.24,16.445,226.23,18,1,1548.8,88.35,173.44,0,13,1313.32,33.23,388.66,19,0,2137.12,59.11,31.0,-99.0,2.0848
United States,Texas,Wheat,2025,winter,303.0,512.78,1.692,241,250,36,13,7,15,5,1,0,31.36,59.43,74.4,62,26.573,12.535,19.554,4480.61,128,39,1,37,9,10,4,469.98,63.39,103,28,60,-8.83,4,5238.1,17.287,98.11,17,0,1601.64,39.3,90.43,0,28,1367.09,34.14,324.24,22,0,2269.37,59.43,31.0,-99.0,2.4883
United States,Washington,Wheat,1990,winter,303.0,879.83,2.904,155,191,24,7,2,21,3,2,0,41.44,82.5,119.24,148,9.08,-0.571,4.255,708.755,0,0,0,0,0,0,0,0.0,0.0,0,162,256,-19.42,10,3400.17,11.222,268.33,0,42,974.46,44.12,413.15,0,98,656.74,82.5,198.35,0,22,1768.97,24.78,47.4,-120.7,4.0687
United States,Washington,Wheat,1991,winter,303.0,1009.41,3.331,138,183,15,5,3,30,3,2,0,37.96,79.14,112.25,165,7.948,-1.684,3.132,645.405,0,0,0,0,0,0,0,0.0,0.0,0,182,250,-30.73,16,3336.81,11.013,430.6,0,49,933.16,79.14,337.62,0,97,657.49,41.01,241.19,0,36,1746.16,32.17,47.4,-120.7,3.0868
United States,Washington,Wheat,1992,winter,304.0,710.2,2.336,175,208,32,8,4,17,2,1,0,29.56,39.0,69.36,129,10.348,0.407,5.378,1008.145,4,0,0,4,0,1,0,6.06,0.0,4,164,227,-13.65,15,3692.06,12.145,265.26,0,46,1022.73,34.27,280.26,0,93,654.21,34.32,164.68,0,25,2015.12,39.0,47.4,-120.7,3.3222
United States,Washington,Wheat,1993,winter,303.0,748.72,2.471,147,183,11,6,0,14,2,1,0,26.02,37.18,59.15,156,7.211,-2.213,2.499,695.295,0,0,0,0,0,0,0,0.0,0.0,0,180,250,-22.22,9,3266.94,10.782,262.71,0,46,887.48,37.18,254.28,0,99,688.6,33.36,231.73,0,35,1690.86,20.42,47.4,-120.7,4.2772
United States,Washington,Wheat,1994,winter,303.0,637.67,2.105,173,205,16,7,3,12,0,0,0,17.01,44.07,69.52,130,9.379,-0.668,4.356,818.12,0,0,0,0,0,0,0,0.0,0.0,0,168,252,-18.72,10,3429.74,11.319,189.22,0,45,1006.16,44.07,287.85,0,97,632.72,30.9,160.6,0,26,1790.86,20.66,47.4,-120.7,3.5441
United States,Washington,Wheat,1995,winter,303.0,951.49,3.14,153,195,28,7,1,26,6,1,0,44.73,56.63,101.66,150,7.95,-1.49,3.23,769.565,0,0,0,0,0,0,0,0.0,0.0,0,184,241,-19.23,11,3513.7,11.596,329.22,0,54,940.1,52.99,465.39,0,96,661.09,56.63,156.88,0,34,1912.51,21.45,47.4,-120.7,3.988
United States,Washington,Wheat,1996,winter,304.0,1149.42,3.781,122,169,18,4,2,27,7,4,0,44.24,89.63,119.12,182,7.417,-1.698,2.859,616.36,0,0,0,0,0,0,0,0.0,0.0,0,176,259,-27.84,15,3338.31,10.981,455.62,0,41,883.35,66.06,480.06,0,93,637.35,89.63,213.74,0,42,1817.61,37.27,47.4,-120.7,4.4722
United States,Washington,Wheat,1997,winter,303.0,1094.68,3.613,112,154,13,3,0,22,4,1,0,34.45,73.78,108.53,191,6.78,-2.07,2.355,617.235,0,0,0,0,0,0,0,0.0,0.0,0,184,255,-20.08,9,3491.01,11.521,374.4,0,52,885.2,32.24,531.54,0,95,646.83,73.78,188.74,0,37,1958.98,24.9,47.4,-120.7,4.3041
United States,Washington,Wheat,1998,winter,303.0,817.05,2.697,124,185,13,4,0,16,1,1,0,26.95,54.26,63.93,179,8.247,-0.549,3.849,714.11,0,0,0,0,0,0,0,0.0,0.0,0,176,240,-25.64,9,3458.44,11.414,278.19,0,47,916.02,54.26,350.68,0,99,630.93,33.88,188.18,0,30,1911.49,31.39,47.4,-120.7,4.1292
United States,Washington,Wheat,1999,winter,303.0,921.45,3.041,129,178,17,4,1,22,5,1,0,27.68,60.97,105.75,174,7.699,-1.273,3.213,647.435,2,0,0,1,0,0,0,1.04,0.0,2,192,250,-23.73,11,3543.87,11.696,287.74,0,44,993.71,43.02,494.94,0,100,582.9,60.97,138.77,0,48,1967.26,14.58,47.4,-120.7,3.645
United States,Washington,Wheat,2000,winter,304.0,762.98,2.51,147,188,17,5,2,15,1,0,0,21.79,38.96,68.73,157,8.397,-0.934,3.731,683.3,0,0,0,0,0,0,0,0.0,0.0,0,176,260,-15.05,11,3609.94,11.875,277.25,0,42,1013.02,38.96,341.18,0,101,634.39,35.59,144.55,0,33,1962.53,21.13,47.4,-120.7,4.5798
United States,Washington,Wheat,2001,winter,303.0,552.58,1.824,162,221,13,7,0,5,0,0,0,14.1,26.6,35.99,141,7.799,-2.049,2.875,619.37,0,0,0,0,0,0,0,0.0,0.0,0,196,262,-16.24,10,3554.85,11.732,163.95,0,51,960.54,18.31,218.86,0,100,665.77,26.6,169.77,0,45,1928.54,19.78,47.4,-120.7,3.7593
United States,Washington,Wheat,2002,winter,303.0,830.73,2.742,142,184,24,7,1,22,1,0,0,21.74,43.64,76.65,161,7.866,-1.49,3.188,692.97,1,0,0,1,0,0,0,1.59,0.0,1,185,247,-15.35,12,3411.51,11.259,291.29,0,42,917.51,37.86,389.87,0,99,585.46,43.64,149.57,0,44,1908.54,24.12,47.4,-120.7,3.6517
United States,Washington,Wheat,2003,winter,303.0,672.69,2.22,180,218,33,11,2,21,0,0,0,19.3,45.61,84.97,123,9.221,-0.265,4.478,763.895,0,0,0,0,0,0,0,0.0,0.0,0,179,248,-12.4,15,3564.49,11.764,102.14,0,50,1044.63,17.67,446.52,0,92,617.81,45.61,124.03,0,37,1902.05,18.01,47.4,-120.7,3.9947
United States,Washington,Wheat,2004,winter,304.0,731.94,2.408,154,195,16,4,2,15,2,1,0,27.7,50.57,71.4,150,9.31,-0.252,4.529,955.675,4,0,0,2,0,0,0,3.48,0.0,4,158,233,-24.05,6,3602.5,11.85,293.98,0,43,934.8,50.57,301.83,0,99,631.98,36.19,136.13,0,16,2035.72,19.62,47.4,-120.7,4.2435
United States,Washington,Wheat,2005,winter,303.0,694.48,2.292,167,213,13,5,0,18,3,2,0,31.86,55.04,75.25,136,9.82,-0.048,4.886,797.735,0,0,0,0,0,0,0,0.0,0.0,0,161,230,-19.6,9,3455.21,11.403,276.9,0,47,900.73,53.06,190.38,0,85,739.45,55.04,227.2,0,29,1815.03,41.42,47.4,-120.7,4.2099
United States,Washington,Wheat,2006,winter,303.0,896.84,2.96,158,199,14,10,1,26,6,2,0,27.8,61.19,94.64,145,7.911,-1.178,3.366,714.135,1,0,0,1,0,0,0,1.62,0.0,1,179,249,-19.94,12,3480.34,11.486,262.28,0,44,910.92,49.71,473.59,0,98,628.5,61.19,160.97,0,37,1940.92,21.0,47.4,-120.7,4.1763
United States,Washington,Wheat,2007,winter,303.0,885.63,2.923,161,202,23,4,1,22,6,3,1,73.46,119.55,166.22,142,8.507,-1.239,3.634,756.61,2,0,0,2,0,0,0,0.6,0.0,2,178,253,-20.32,11,3550.63,11.718,373.65,0,45,950.11,119.55,377.86,0,98,607.71,64.06,134.12,0,35,1992.81,21.77,47.4,-120.7,3.9476
United States,Washington,Wheat,2008,winter,304.0,713.39,2.347,161,200,27,7,2,14,2,2,0,47.65,84.66,98.44,143,7.265,-2.16,2.552,586.05,2,0,0,2,0,0,0,6.09,0.0,1,198,270,-17.36,11,3487.11,11.471,257.67,0,52,922.73,84.66,325.33,0,101,649.34,34.01,130.39,0,45,1915.04,13.17,47.4,-120.7,3.5509
United States,Washington,Wheat,2009,winter,303.0,694.54,2.292,186,213,19,8,3,11,5,3,0,40.49,76.59,114.45,117,8.295,-1.636,3.33,739.375,0,0,0,0,0,0,0,0.0,0.0,0,187,245,-20.74,12,3651.16,12.05,220.13,0,40,965.4,59.95,330.31,0,100,657.33,76.59,144.1,0,47,2028.43,24.67,47.4,-120.7,3.6719
United States,Washington,Wheat,2010,winter,303.0,756.49,2.497,149,193,15,7,1,10,0,0,0,18.7,26.72,53.08,154,7.807,-1.302,3.253,595.925,0,0,0,0,0,0,0,0.0,0.0,0,192,263,-18.03,10,3346.81,11.046,248.09,0,52,937.15,23.87,267.02,0,100,631.17,26.72,241.38,0,40,1778.49,25.58,47.4,-120.7,4.3646
United States,Washington,Wheat,2011,winter,303.0,916.11,3.023,129,176,12,2,0,20,3,1,0,26.4,50.32,85.2,174,7.053,-1.975,2.539,546.24,0,0,0,0,0,0,0,0.0,0.0,0,185,265,-20.89,10,3219.42,10.625,249.07,0,36,882.35,23.58,415.05,0,98,554.17,50.32,251.99,0,51,1782.9,43.57,47.4,-120.7,4.7681
United States,Washington,Wheat,2012,winter,304.0,817.21,2.688,158,200,16,4,3,18,4,0,0,22.83,53.88,71.77,146,8.004,-1.369,3.317,656.44,3,0,0,3,0,1,0,3.32,0.0,3,191,254,-13.51,9,3334.14,10.968,204.23,0,49,943.03,40.6,393.19,0,101,582.34,53.88,219.79,0,41,1808.77,32.64,47.4,-120.7,4.4789
United States,Washington,Wheat,2013,winter,303.0,737.3,2.433,154,201,31,7,2,16,1,0,0,23.65,44.64,71.1,149,8.797,-0.707,4.045,836.115,1,0,0,1,0,0,0,0.23,0.0,1,178,239,-17.81,6,3475.35,11.47,314.72,0,45,954.43,44.64,262.52,0,101,611.92,34.4,160.06,0,32,1909.0,26.56,47.4,-120.7,4.4991
United States,Washington,Wheat,2014,winter,303.0,795.23,2.625,166,200,18,8,3,22,3,1,0,29.83,51.02,86.6,137,8.559,-1.073,3.743,752.17,0,0,0,0,0,0,0,0.0,0.0,0,176,249,-21.48,9,3539.58,11.682,259.51,0,45,934.83,51.02,394.11,0,100,599.49,47.08,141.61,0,31,2005.26,19.32,47.4,-120.7,3.2415
United States,Washington,Wheat,2015,winter,303.0,668.21,2.205,188,221,26,9,3,16,4,1,0,26.07,41.98,77.92,115,10.946,1.04,5.993,1060.76,5,0,0,3,0,1,0,12.62,0.0,5,147,216,-17.26,14,3731.69,12.316,295.16,0,33,931.25,41.98,278.05,0,85,676.02,36.58,95.0,0,29,2124.42,18.96,47.4,-120.7,3.3827
United States,Washington,Wheat,2016,winter,304.0,920.77,3.029,155,197,11,5,0,28,5,3,0,41.86,72.06,115.38,149,9.301,-0.027,4.637,912.045,1,0,0,1,0,0,0,0.18,0.0,1,151,236,-16.55,10,3551.13,11.681,379.82,0,36,889.43,72.06,414.69,0,99,582.47,30.98,126.26,0,16,2079.23,16.59,47.4,-120.7,4.8084
United States,Washington,Wheat,2017,winter,303.0,913.61,3.015,137,184,14,5,1,24,2,1,0,27.62,52.25,71.2,166,7.082,-1.978,2.552,675.735,0,0,0,0,0,0,0,0.0,0.0,0,167,251,-21.26,10,3368.76,11.118,336.1,0,29,843.75,52.25,365.48,0,98,594.14,35.52,212.03,0,40,1930.87,24.42,47.4,-120.7,4.4789
United States,Washington,Wheat,2018,winter,303.0,821.74,2.712,159,195,16,7,1,15,4,1,0,42.92,57.67,83.28,144,8.472,-0.665,3.904,824.43,2,0,0,2,0,0,0,2.92,0.0,2,183,241,-17.44,11,3418.24,11.281,281.37,0,53,870.02,57.67,359.17,0,98,616.63,39.84,181.2,0,32,1931.59,26.31,47.4,-120.7,4.7614
United States,Washington,Wheat,2019,winter,303.0,626.82,2.069,187,215,16,11,2,11,1,1,0,28.1,43.11,68.73,116,8.641,-1.146,3.748,797.535,0,0,0,0,0,0,0,0.0,0.0,0,171,247,-18.5,9,3673.8,12.125,204.18,0,42,976.92,35.87,297.7,0,99,712.46,43.11,124.94,0,30,1984.42,19.77,47.4,-120.7,4.3511
United States,Washington,Wheat,2020,winter,304.0,780.64,2.568,153,194,18,4,2,17,4,1,0,26.27,54.49,72.05,151,8.516,-0.822,3.847,654.255,0,0,0,0,0,0,0,0.0,0.0,0,179,253,-14.48,13,3502.49,11.521,159.94,0,52,885.01,37.94,426.03,0,97,661.58,54.49,194.67,0,30,1955.9,18.78,47.4,-120.7,4.869
United States,Washington,Wheat,2021,winter,303.0,753.19,2.486,180,208,17,9,2,18,3,2,0,35.17,57.08,72.4,123,9.53,-0.146,4.692,979.615,8,4,0,6,4,1,1,35.63,7.43,8,177,234,-16.0,4,3739.78,12.343,297.78,0,46,899.81,51.36,373.69,0,101,638.85,57.08,81.72,4,30,2201.12,12.38,47.4,-120.7,2.6295
United States,Washington,Wheat,2022,winter,303.0,861.61,2.844,147,191,11,4,0,20,3,3,0,35.83,62.1,89.01,156,7.89,-1.324,3.283,617.64,1,0,0,1,0,0,0,1.63,0.0,1,182,253,-21.09,13,3245.95,10.713,315.94,0,43,868.64,55.68,326.15,0,98,652.04,62.1,219.52,0,41,1725.27,22.8,47.4,-120.7,4.2637
United States,Washington,Wheat,2023,winter,303.0,605.9,2.0,188,220,33,7,3,14,2,1,0,46.62,69.29,85.73,115,8.879,-0.797,4.041,1103.77,2,0,0,2,0,0,0,0.58,0.0,2,172,209,-26.48,9,3554.42,11.731,202.6,0,45,978.03,69.29,268.68,0,96,600.77,42.16,134.62,0,31,1975.62,19.79,47.4,-120.7,3.3962
United States,Washington,Wheat,2024,winter,304.0,682.47,2.245,172,208,19,9,1,20,0,0,0,17.34,47.77,86.34,132,8.735,-0.672,4.032,748.365,0,0,0,0,0,0,0,0.0,0.0,0,172,248,-28.06,10,3513.82,11.559,274.08,0,43,921.06,47.77,257.15,0,92,619.87,30.71,151.24,0,37,1972.89,27.19,47.4,-120.7,4.3108
United States,Washington,Wheat,2025,winter,303.0,657.49,2.17,181,212,21,10,2,21,1,0,0,21.2,41.5,62.76,122,7.99,-1.851,3.07,695.095,7,0,0,3,0,1,0,11.31,0.0,7,199,265,-19.01,11,3673.56,12.124,218.68,0,57,910.04,30.34,322.54,0,101,627.2,41.5,116.27,0,41,2136.32,22.22,47.4,-120.7,4.2099
