scenario,repeat,seed,requested_claim_level,holdout_r2,validation_r2,selected_rmse,baseline_rmse,metadata_rmse,module_b_delta_rmse,tail_threshold,n_tail,tail_rmse_delta,topk_overlap,topk_expected,topk_lift,target_sha256,prediction_sha256,metadata_prediction_sha256,baseline_prediction_sha256,ground_truth_permission,module_a_pass,module_b_pass,module_e_pass,policy_permit,abstention_reason,true_permission,false_permission,true_abstention,false_abstention,validation_only_permission,module_a_only_permission,module_a_b_permission,module_a_e_permission,module_a_b_e_permission,ungated_permission,correct_policy_decision
no_signal,0,4300,event_recovery,-0.025916516791371746,-0.07259887465979098,0.9326691374773461,0.9210108515806049,0.9221441362357071,0.01052500124163902,-0.5620675003882866,60,0.003948306381307276,4,2.5,1.6,a8db2c33edb176e98affa5ee5ea2635264ac6cf40af34f7cf79da88f4b6dbc6b,196d8d02a319a91241ffb9393aba5196395e159c62ce1561d74b8eebbfa5e3fe,3f9c81b1f06e35ca12c635375c974e00487bdf12017004070e9d2326225ae978,27d11492b4aef2772ad2090a6c797fe5f1b54b380c8bd7a0da2ed69a52913f23,False,False,False,False,False,module_a_pass;module_b_pass;module_e_pass,False,False,True,False,False,False,False,False,False,True,True
weak_signal,0,4301,event_recovery,-0.07470193113599044,0.1151763187321102,0.9985749923246511,0.9641874020624563,1.0085378713242175,-0.009962878999566382,-0.6403060767224891,59,-0.027179295254260882,4,2.4583333333333335,1.6271186440677965,4c24c90783161143c3520587bab79cd9819dd32baab7c72739f7bca36feadf06,d07ced96c6a1493cb344ed60d79d0955352e661fdd82e9e2fd3c8c93cc2d786d,cce36d47b9880054c5f1a0b670bcb43c864057d951946dd78e0ca1abe3245f00,6d5d7fff80786500c339613f0ea497075a501c440242c89cf65d2f810123b7ef,False,False,True,True,False,module_a_pass,False,False,True,False,True,False,False,False,False,True,True
moderate_signal,0,4302,event_recovery,0.3068164388232979,0.35250479577576743,1.00405062039329,1.2091168525652216,1.2237133208243958,-0.2196627004311058,-0.8261954288914302,45,-0.43077315722575027,6,1.875,3.2,769d20140b5872d83cab52534376602dbf8a94cccec6b3de1bd7509610612457,efe72a79bde222d4adc47fc9ab365c24419565a056c04b3891ac6b2045b0702c,719090adc59a8409a1179d42a0c8c75cd3bf7b2f6c369b7fef7417c22daede38,f663355321a4be98bf9b1b111f88612d31e7623caa7c6221e20f9de71fd60a95,True,True,True,True,True,permit,True,False,False,False,True,True,True,True,True,True,True
strong_signal,0,4303,event_recovery,0.7104280849795025,0.6417132389853755,0.9931946982320262,1.8529205689600179,1.8594365907417452,-0.866241892509719,-1.1085282893239548,77,-1.3178399413997897,10,3.2083333333333335,3.1168831168831166,3a8221d41e70fe6135739826b4c3d7172bfe8e8f31f8e71f19390bd3eee0ffde,c2c49863fe28f5da9fb2b69e540dafb92992a1bad4eae48d4fe83ab051b03149,e2706d8ef0bf33bb0396a766db479897348e01e5e48b86ae8d3b1a764faba700,cf5e6f4e6d058e4f8202f5353f65ebcdc26c7dd6ff3466e7a644fc3e5f5f3a29,True,True,True,True,True,permit,True,False,False,False,True,True,True,True,True,True,True
correlated_features,0,4304,event_recovery,0.21416242356387205,0.24234676977760627,1.0576555685289108,1.193244049471178,1.1950522088871665,-0.1373966403582556,-0.8692836963880433,62,-0.319269733585124,7,2.5833333333333335,2.7096774193548385,6a096cc5b1edd0ffabc758db2ab48ec493f14d1d11356ee4400a10bcd8a1c698,98f55d534dcebb6cdc5274eff210729904df0eaa6d4a08fd9b256d9836947f65,530833e99341216f9fce9fa79176d47d09078509233862659154c5972541f769,553049b00e9b2ac1d560f2e62b6760e7bee5097f28532c898bc6c719a6367e92,False,True,True,True,True,permit,False,True,False,False,True,True,True,True,True,True,False
omitted_confounder,0,4305,event_recovery,0.4701005615843603,0.478134215808785,0.9562854111021925,1.3146838566063022,1.3315704563311581,-0.37528504522896566,-0.7731231420055886,63,-0.6784830169270986,8,2.625,3.0476190476190474,cf3107c8352e70e4df2582ecb338e9254c792bd48a0d6036ff977f67e9458467,2bbeb28d6814e11044abcc2fbe0698de17394803c1382bacd49b28d87d3f029d,71f6b067bf6c02c3c2d9cdb9aab19d7cf1eb4fee19b97895fe8111fbc010ec77,d2e055a1fa15007c2b477f90293cd5e4a44508b7bcda929c6d85b8562a7c85fd,False,True,True,True,True,permit,False,True,False,False,True,True,True,True,True,True,False
temporal_drift,0,4306,event_recovery,0.16773839633123455,0.20689164246249858,1.5324249151080986,1.6798922882477945,1.6897048962604255,-0.1572799811523269,-0.8828575873280845,74,-0.2513003071525941,9,3.0833333333333335,2.918918918918919,49c9e7a8a5050634274f85423ed98b58e4976c6028229c442ce4da3cb3322e60,50daebd1ed8e9f2393c273027452a162d416687f29f52334237e4dec45632932,f830eeb6caf4330373c685dd565bedf2454d2fe42159d4ec268977fc718bc15c,5b00e883de2e482c8e0af183754b1a1f70a7de69be25be9ae4d0318bd176953f,False,True,True,True,True,permit,False,True,False,False,True,True,True,True,True,True,False
geographic_shift,0,4307,event_recovery,0.4917254366571061,0.3782993991871365,1.1038940840938285,1.5486579907151288,1.5728055139092267,-0.46891142981539824,-0.5949670408187919,56,-0.6025257637648345,6,2.3333333333333335,2.571428571428571,d4e67b29362da7d9d0f5c7c31b800434820381f0a9f9350019f6df1d362a1e41,1e5c2b2858863aa2a1030264739c70af91247489b2a6918b52d142398a190a3e,328b7003ccc691bf95e81d4403b7f9492d83fcdcd8e266de11d3f1c6a1e4a490,f09f6fc5777d88605506299f9e7783b0c541632b1c49701f293681843c00ea01,False,True,True,True,True,permit,False,True,False,False,True,True,True,True,True,True,False
leakage,0,4308,event_recovery,0.9930173130119642,0.9976917689501926,0.08474613961623513,1.0153467776664653,1.041861988238967,-0.9571158486227319,-0.6605439589653934,61,-1.2571129413945408,10,2.5416666666666665,3.934426229508197,18cc0bb159ebcf08006135d1a5248ccaa1ea719c58eb127258d0e37f174a1d8b,158097e87bd0f5243b927b4e93d162c6f95596f227696b1f7e992a807d06a98a,e9d513dce9e89f0ca0fa4e1f7ee6639aea15deb45d0e01c825343423ce10ca77,aaaaa39d41be845149c6f487142a0f9c39f82e826291aff206f78776392fb0fb,False,True,True,True,True,permit,False,True,False,False,True,True,True,True,True,True,False
train_only_detrending,0,4309,event_recovery,0.29382382723853206,0.18337864017270034,1.0484917300579963,1.2477342563405098,1.248449888377629,-0.1999581583196326,-0.8992423832067719,59,-0.3580913789568898,8,2.4583333333333335,3.254237288135593,508dd2debacec26c586fee5210a124851f9f37c680fd99c330b0da7b4dd04e8e,06f6a1abb2f6fb591ba10fe09d8184f76b14c150cbce2a52e55d824776e8e1b7,9ac67bcb3c964af1246917bb62b9b00f193a25b4365db5bffe23bfe9ecacbce7,bded0b4474a4555c8b381e642e286900954420cfc2625ab455698af8909166f2,True,True,True,True,True,permit,True,False,False,False,True,True,True,True,True,True,True
small_sample,0,4310,event_recovery,0.4160102790258605,0.3152886465164888,0.979953400384996,1.289216599667596,1.3449893229229024,-0.3650359225379064,-0.819729473641679,17,-0.4071902659709714,8,3.090909090909091,2.588235294117647,13445047e489164699e5a7f3ddb6472a875c4e9bdea19b74d2d0be3883ac5f3f,a008cdc04de39fc39b2b49fd5d8c3f46365a5ac89883b851b4e00031b148dabe,db9886678274059eef0f6a7456d22a365e446f21286790e38ce1e7b59a533a43,d258f3f40374dd15fad71774552d28724d144354d7f4b3854275a2c44c803b2c,True,True,True,True,True,permit,True,False,False,False,True,True,True,True,True,True,True
imbalanced_tail,0,4311,event_recovery,0.4011761731864335,0.5226028459192424,1.019347742113869,1.3189811317419515,1.354960455161897,-0.335612713048028,-0.8246680061309696,69,-0.6528693642786354,9,2.875,3.130434782608696,364f6a4d8c5bc89a0f9cb05311357b6f3e1fe7a1138df6cba7671153e8497a0a,9ac57f3be150b3496444b6d7c1ca281173c793c22ccab2a456f822963dc407a7,d8cf925afff9b6dad5525abb42617da25a23ed7c2554eff1f65466b0322cb1ff,bc94e1141b191ba7a79e22c86f5f8f620442091d7c9661bfc62ae2a9ac858ecb,True,True,True,True,True,permit,True,False,False,False,True,True,True,True,True,True,True
measurement_error,0,4312,event_recovery,0.04506377136279305,0.1310231173403068,1.2762974293477864,1.3129099404627054,1.3314889362991802,-0.05519150695139374,-0.9013146289705412,52,0.02617961201940666,3,2.1666666666666665,1.3846153846153848,feb91f01a5fe027e6b4b87a5412038c07c6bbbcb59785a0c38c920f2b368c071,01de1b7ba9b47452264dff0d932181bb3a78472c37faca9d1a587ba2a82a9767,872188a027382f348ae0f98f1369ef4059c0a40881413adbee043d23090682b9,eae79627e87259cea4ba744368ef1f1e56cbebb752c9ec3409cb85be36863936,False,False,True,False,False,module_a_pass;module_e_pass,False,False,True,False,True,False,False,False,False,True,True
spatial_resolution_mismatch,0,4313,event_recovery,0.044819602885388,0.02197790829603219,1.1441017686824357,1.1726597782550312,1.171206743857276,-0.02710497517484023,-0.8630259251095223,50,-0.07263591360485688,6,2.0833333333333335,2.88,b812a19358eb3e1857e1f619a894d198817444fb2cc4eccae593469051d6d5d7,f72a65753efff8a35b8155cc3eaed26626db157b60f2dd4b377b7b6c4385b0a8,6d3d75bd6538c868ee7ee7e080987bf856d949d36d8623592a25cefa2d03d310,6e100139ca765b689f739847b11262d51fed8aae061d767591f6b950d199256b,True,False,True,True,False,module_a_pass,False,False,False,True,False,False,False,False,False,True,False
no_signal,1,5300,event_recovery,-0.04174179690508062,-0.030350104453017224,0.9901950549659249,0.9703679466315341,1.0037863848426911,-0.013591329876766256,-0.591353673705327,60,0.032399846194709925,2,2.5,0.8,aa50b631346844bdb26c911b5dd08bf1aec7857b11e1f98162c2444cc16dd9a7,4bb69eef88e37fcd65546acbb3fcbcd231e0b398a014f12c846b87cb3cb07744,35329ec34aaaf7c339e6156e90fd0e40a46171f0b3b308cba053984423f7f715,9c11b297d1749869178acb3cb43d6709186b315d4b4ccb8561834525ddb3c628,False,False,True,False,False,module_a_pass;module_e_pass,False,False,True,False,False,False,False,False,False,True,True
weak_signal,1,5301,event_recovery,0.029952950179403026,-0.03503075765467023,0.9792506362541047,0.9958084460076064,1.0429958457464827,-0.06374520949237805,-0.7458863142779066,60,-0.050831549050458946,3,2.5,1.2,a89a1ec8774a8f43cd08a79b53ad4e05d6ff67454f1231a74a3d3b35a6cee733,f6b1f8cfaa36a297ca531a81f237c1f001a2038ea29e2d3f7d356cf8cf7a86c3,69e2ba53d9a7ca288fbb8975b287664c0609533a5fd44393b406b505dc1497bf,57b59124b566f9d13905abbb3f88486ac2a7ee965ec2ee9b1c54399f95e1e676,False,False,True,True,False,module_a_pass,False,False,True,False,False,False,False,False,False,True,True
moderate_signal,1,5302,event_recovery,0.2430980751200107,0.2826585957176182,0.9880774034367875,1.1556551504394956,1.1878769828799816,-0.19979957944319404,-0.7596903191927307,73,-0.3291642307614706,6,3.0416666666666665,1.9726027397260275,d7c3ee47e24cf935b83dffdbe502aff22f142dea4a29a75fd0e71eaff315aee2,30752c46b014cb67aa6e1b33c2662e204d63c254b0a5c521ff562786427018c6,474efec9a386d150541e25de1c26a44450edcd0eff1a3cfb6e692af71616f469,c586e4f596e50b1a24226ff5d86d781f001aeb3172b86cf2e1f60324653ab60c,True,True,True,True,True,permit,True,False,False,False,True,True,True,True,True,True,True
strong_signal,1,5303,event_recovery,0.6125376576765945,0.5631675690054869,0.9540340592522635,1.5336500599294407,1.5485214731165033,-0.5944874138642399,-0.9872902951464998,59,-1.0436725040409391,10,2.4583333333333335,4.067796610169491,08c5b940e2839e00063943b2a541232f9afb5cae9a0a6ae81d5cf389a86ac8a2,abcf8d82ec499ca38043f8fe0390491e799dd05cb460de99e7063a65ba6da0b8,13dd80d33adb402d2ca377581290e2874ab0b01865720139163b278b115f603d,0a47d19e513ba6fa917b1ce750a70eefec223eaef7db29db11f699eb3ef41767,True,True,True,True,True,permit,True,False,False,False,True,True,True,True,True,True,True
correlated_features,1,5304,event_recovery,0.2568139050382847,0.25056572284947676,1.0134314270259304,1.1761673299873943,1.1837604692147723,-0.17032904218884193,-0.8278858019264396,59,-0.2602014761540863,9,2.4583333333333335,3.661016949152542,9f7a8930cc2ff74e8b083415234d190a754e83e6a88b0bd3dcd2182c0b5f9367,acac1d127668d6637fb15752aa387df02545d2ef7d4c0f561d151d6bd0a8e65c,4d55c5d5f1dc2e57b1651d1545985dd0c63e2b06e78ffd46e51f36ffd2b5f997,584a889154a0fde22ba8267fd4ca55ab1608ee3468d48f9199ea173597b7a493,False,True,True,True,True,permit,False,True,False,False,True,True,True,True,True,True,False
omitted_confounder,1,5305,event_recovery,0.4573596703512338,0.4286009135144073,1.0455630603976136,1.4203638970454213,1.419495276346911,-0.3739322159492975,-0.8611858090474056,59,-0.6289723892817243,8,2.4583333333333335,3.254237288135593,81168f5b28e7c8e4ecb8a9d68186e07a632d1efee92e01279615592e92413420,fff15305dfed28a5ff502bfc0c59624518a79de5d2aebf5e0c4e197ff0d6896d,cdd564deba6f0647242e63cb6e71ace99870568239ad835866fc6d00f77d329a,f3a22c07810732080cf966cd3e2d6a0058fdbb7e1d9dd9dc446de601cf8ad6eb,False,True,True,True,True,permit,False,True,False,False,True,True,True,True,True,True,False
temporal_drift,1,5306,event_recovery,0.2610972805055778,0.2583962930020506,1.4198315808891229,1.6518050098449404,1.6563241379315299,-0.23649255704240701,-0.7503484524476027,77,-0.3617488812751224,8,3.2083333333333335,2.4935064935064934,242827b51fbabb879f1864975893f7d3f777424a68357df112996f0f9c204009,c784997a98f8d308d27b4eab91749454eca0339251e597d57c9b5921dc70c00a,9a124817eb83a113f025e1897278059cb68310fcb7d26fde740e48cbe6c36967,eee9023897175d460c00cf1cbd5edea3221c312b0d7f7760c3916fd11a49ff30,False,True,True,True,True,permit,False,True,False,False,True,True,True,True,True,True,False
geographic_shift,1,5307,event_recovery,0.3490456711546388,0.4086969927320687,1.187781380781508,1.4897109030078322,1.5406321770853089,-0.3528507963038008,-0.4763018543293846,83,-0.46748062348797936,9,3.4583333333333335,2.602409638554217,43cac6aad32692faee2ee5b581a8b8c45c79a08f146ab2d6aa9990ba44e08001,9dd20d24090792068c772aef899a2dc7a89f3681436a1008e627e6f8cc5b1840,cdcfe7f73c61d7b40cab734db476811522a90426e70685ad25b9407be83e8e1b,7567b4fb11871786104d83ff8948837d82f0de568eb37e41ef948624327d5e66,False,True,True,True,True,permit,False,True,False,False,True,True,True,True,True,True,False
leakage,1,5308,event_recovery,0.9949030728154409,0.9939692807024212,0.06905114841630175,0.9672746327372381,0.9777589774646968,-0.908707829048395,-0.6726539022090334,54,-1.301114722365291,10,2.25,4.444444444444445,ebc1c287ed2a473c49023f6e1a35919b54a3f33509a9480351e4c59ed880ef62,4266b7c73bb5b083c61655263bdce512f1db07eba0e55cca507c9681d6724882,4844c2858931965fb77510f50f010bbe5b1bea5cd2e92417256c7c61bfa93da5,4fdf94dc028de78c136aa8a78ddc7fb8c80d8a962621eb1ee0a786d2ae00b194,False,True,True,True,True,permit,False,True,False,False,True,True,True,True,True,True,False
train_only_detrending,1,5309,event_recovery,0.3240905871111537,0.29423840747844565,0.9249957979204851,1.133844632734839,1.1431614926601894,-0.21816569473970426,-0.8320138637681814,54,-0.35865652178281304,7,2.25,3.111111111111111,b4a32fef1a7093bfad64b2a093ba9d0df691880d43d6bf7114a52cd180ca46d0,34b000337cdbee3be9194b6aadd772c8087153eeb21652068c041c544f8b31cf,8dbfa102f03a6c6391bd8712772695efa84f616a1a1bc5ddadf9dcfa52c67ace,ec750bf437cbb6d6e57193fe9321c57b5d676dd3b2c24b07913770a15f0bbdd7,True,True,True,True,True,permit,True,False,False,False,True,True,True,True,True,True,True
small_sample,1,5310,event_recovery,0.41107035998874286,0.31080831209705706,0.9128855312641859,1.1895905722330837,1.2117247152902995,-0.29883918402611354,-0.720733574751175,10,-0.6578027804947724,7,1.8181818181818181,3.85,ad836d53890c1b6f6cf185ad424f768e5d2f7c05f9d56d4d63efe1e144f6180a,0f421469cb1c226d12d2a4646b44816355aa7a7514d25ea4fd00aac0443277fb,760061363885726657dc75bc51fef3e74637ab07e94597070a91ada7422fe0c0,1b1deb205c603f9626fda1c78f2da21c8c956be87e120ee2d25fbbd72d86314f,True,True,True,True,True,permit,True,False,False,False,True,True,True,True,True,True,True
imbalanced_tail,1,5311,event_recovery,0.5025236516862156,0.45054176456270245,1.0833114692929702,1.542361896886559,1.5582319186181803,-0.47492044932521016,-0.8543291093738427,70,-0.8920344271136031,10,2.9166666666666665,3.428571428571429,6fdc8cf6523266350f49d913d58171e51c8f5ef63d3a47bac862c2c4c273f43a,738861d13b276bc37580fbefa0adbed8b4ec01a97b073491769c9ade107d78ef,2b056917b17f89c254e4fb6029d3b1d6bbb73e634663b18198111e8298fd1236,603851be4044f90a15e82c6ff48fea86ea7fa98cea6cfd8d3c6db1f1da076aee,True,True,True,True,True,permit,True,False,False,False,True,True,True,True,True,True,True
measurement_error,1,5312,event_recovery,-0.010306894684959822,0.07936688173862338,1.1977721391471317,1.1922277988525112,1.2051583593484716,-0.007386220201339944,-0.7761466865571399,65,-0.15382627457645337,3,2.7083333333333335,1.1076923076923075,43dd69fcb4fa5bd499842f5dbc0256e4dee9f4f9bb9bad73746d3ee50785465f,52663c5ef5cf98d76e6c019ff2d9684177a2ae50b9ad0237d84432bdb2415cb1,8e776b95ab68e49bbd63f99f362327585275c53352da2630524b6d44acf1fb1c,b780c884e717a846602196417fd4016a94fc51edb9a3af01f98cf7956e2041c7,False,False,True,True,False,module_a_pass,False,False,True,False,True,False,False,False,False,True,True
spatial_resolution_mismatch,1,5313,event_recovery,0.07179637765720537,0.04286709279864065,1.1867019364846307,1.2317440419026902,1.2494627984544904,-0.06276086196985964,-0.8184423158545537,59,-0.10232945055883835,6,2.4583333333333335,2.4406779661016946,bd037851076476d0f8f963ffdb20eae82c2b03e8bee1f8ed398277b860179f24,9562e7ce50ab89203545c468361c0cbf2c67a0d6d03305e2f6102ff2afe0c278,f435d5ed2db2092ed9a40236a5ddc99fef0dae5c53e551d6db2fbd37df5c9a19,9aaec50000741158fcd4ffbd5a70875258646cbbebbf1897cf4a239445477aba,True,True,True,True,True,permit,True,False,False,False,False,True,True,True,True,True,True
no_signal,2,6300,event_recovery,-0.026432623319637916,-0.020864228947520047,1.001818933252061,0.9948549796978046,1.0351163648169888,-0.033297431564927704,-0.7190982650350951,48,-0.0029575835575892384,0,2.0,0.0,b264049be33642e6437e8ef0ae44ca49751ee8ca0175d845ff6a0802104eb82b,ad5fefafdc304ef55c7ffaf3ca23ae5862ddf20b121c74cdc4aeba4ff537d030,428229e848ee46d24de510f905254af875d9273336089af3a03012a7767ef7f1,34640c5d496c234dba73d9ff81d0823b0f3c162ac45cda0c60d16abfa37b476e,False,False,True,False,False,module_a_pass;module_e_pass,False,False,True,False,False,False,False,False,False,True,True
weak_signal,2,6301,event_recovery,-0.07271161267675685,0.06246753269125238,0.9384049378735507,0.9148789849118798,0.922614873228677,0.015790064644873758,-0.6118936189299526,69,0.03112594744859498,4,2.875,1.391304347826087,d18579e766ef37d3bd31802ad1eaa776500a08bd1d36606835a5f8e6797b9f0b,5674d7bad1141a8bc11fa60f0fba0d3fff7fffe7dc227597caac72955d4f536f,7efae76887e33671c9857a612468bd8b62516ca957fef91c105476119ebb1a77,a76add9d3d4a26ed333a6d8f9ff0fb5b1b7db5b925a9619e65bab4075814adeb,False,False,False,False,False,module_a_pass;module_b_pass;module_e_pass,False,False,True,False,True,False,False,False,False,True,True
moderate_signal,2,6302,event_recovery,0.33684885461528047,0.30055992772321716,0.9742293279290621,1.2066291533142064,1.2096389362867108,-0.23540960835764868,-0.8634794050992571,51,-0.5351308862976214,5,2.125,2.3529411764705883,1c8fb912d607a79f532270915d1acd9a0c98f16ffc847c8e6437eba3f1bd6f62,87713e05284701e56683434ba24e6a5bb5d79231b157ef2397849f2165150923,dd70f624c093d0dbe7eeb4b378549a32c062e81b277ebe874f1cf484ea896f9b,f01967209c168b61c0b3b5a232ff97604373f68a99b52548d03daba532673fe1,True,True,True,True,True,permit,True,False,False,False,True,True,True,True,True,True,True
strong_signal,2,6303,event_recovery,0.6247030500715665,0.6408284170510066,1.01612633151501,1.6586734742545723,1.655728306963689,-0.639601975448679,-1.231179983652394,57,-1.2857756660365955,10,2.375,4.2105263157894735,5316a6a0bb5254752a2d56a5c6ce44e7a4e611bbeeb0e8dd9d0518a1f0a6ddfc,9276930fc676a243c900d2bb20245fd238bf9547439ff7e9e263675e1e7fe8d1,00ee8fcd4d777d491a6d35c37f2e461a4b67beb19598ccc69348f1c7bf293c14,653b49e86861196c9ac7b7fca04e5a3ede41461aa22db7c224f70a1ab84a87e9,True,True,True,True,True,permit,True,False,False,False,True,True,True,True,True,True,True
correlated_features,2,6304,event_recovery,0.2887127021381356,0.2582696278811403,1.0435996825346154,1.238050713127295,1.2854337898856896,-0.24183410735107413,-0.8553130943661966,52,-0.400691981369099,7,2.1666666666666665,3.230769230769231,1a7504c7fcba1a942276c4ceec8a96525b598c39d96a1774a3bbdbb1210d2bec,cf05433b9fe56cf57fed24349dd23a0cd5f4f85c9620e044cf0d6791cfafc679,23d4083e847216d68bdec72425e58c696401df32a4fd6f503cbe7911802b89a4,262a98b5e56e1dbf1847eabd6a8dc2fcf6208ea0ade23cfdefcaffd4e16673a3,False,True,True,True,True,permit,False,True,False,False,True,True,True,True,True,True,False
omitted_confounder,2,6305,event_recovery,0.48507033940503275,0.3710363020789448,1.0215298418103596,1.423630879625902,1.440983288477851,-0.4194534466674915,-0.9415058594732988,63,-0.6600602862299818,9,2.625,3.4285714285714284,f4026a8795e80e3c4c44153ab8f932909d8bbdc9853800dbb4faa9611f5cc447,ba0d4bf2f7929a4caac4a351e0eb5885813df1dbb1dc3964df6c7e073ee0da08,4f71ae579ef3db0c6a87e2ecd8e0b6ca15ddfe4762ffb46506bfb69bd87f1ea7,a6ea993187f97ecbfaed8060a6e64411c28ba14ff23d6131e5b9d86ca7f4be47,False,True,True,True,True,permit,False,True,False,False,True,True,True,True,True,True,False
temporal_drift,2,6306,event_recovery,0.19553612730912195,0.3104091624583758,1.311407075571412,1.4623027987909374,1.4709472903052627,-0.15954021473385072,-0.8932093943392607,64,-0.3656510941861957,7,2.6666666666666665,2.625,e4f2e4fa60daf030863df10b3f2d6358bac5c8dbb06c83dab69e66f7c04fac54,27b1f49dcb8674e86d9c5bb421406a5a39fe45b76c9d49e5e4a1b9a660e99514,dd5d99446e5e43e9f542f969f1f3e4574e6a2bd106a81a3f277832ef5788cdbb,2e5b0b84528c3d8e5f82d78c05992c897b8762bbcd22d45f74a2e3e440055dee,False,True,True,True,True,permit,False,True,False,False,True,True,True,True,True,True,False
geographic_shift,2,6307,event_recovery,0.44368377863634534,0.3945140392764447,0.9888898485055997,1.32811165227683,1.3488573642242754,-0.3599675157186757,-0.6154876348891144,50,-0.5327048632620865,6,2.0833333333333335,2.88,9c6ad161fbf3439de240c553cf7118958acbf953cfdd524ed861bfb4fbf992a2,207be5f70bec9ddf17e8392f6b8f10870710f4f319fdf57ddbd487edc17be127,eda944c3a6da5d0d458170caadd0e1512ace498c5a79a99c0341dd164b8084e2,d43d1fa65e0377fc525c43e972218b22b6143a610d08f7d2732b37dcc76717b5,False,True,True,True,True,permit,False,True,False,False,True,True,True,True,True,True,False
leakage,2,6308,event_recovery,0.9932396486706176,0.9939121640594141,0.08407646556719654,1.0251341120805835,1.0299123620468824,-0.9458358964796859,-0.6330879462307983,63,-1.181084710361967,10,2.625,3.8095238095238093,7d2d18bdedb2f63adbb0e6690ea41db23f46b6a8b0acf8883d2dfaf6cc917ce2,30e089922aed59e950dee3896217fe492efa72df92a91712395153e4e78c956f,32109e2391843403a484d9637cb10dec4a1dbdd21c2480fa53bc2a1537e92b9b,e1b332cbdf5e5294149df390d0e48112d824bff523d94fbaf2d11f49c2b629b6,False,True,True,True,True,permit,False,True,False,False,True,True,True,True,True,True,False
train_only_detrending,2,6309,event_recovery,0.31690515171628064,0.40339200506333095,1.0794470234875657,1.307488574087216,1.3105272871827884,-0.23108026369522272,-0.8307106676002254,68,-0.4011113736937886,8,2.8333333333333335,2.8235294117647056,2f1b3614e071513235f6a01451e3075a9684351e08e3d60e257517abf517d056,f924ccf61926bc3a4af18d5b79f87d9672d4e1f039dbe52578db2a509568a2af,d662839194643a1629473db76e00fb68711c85869c933fc10c671372d7b87a53,1d5b9534c216646b70de80b8790a91dfc44ee9b30df234ab135932e42b9800a1,True,True,True,True,True,permit,True,False,False,False,True,True,True,True,True,True,True
small_sample,2,6310,event_recovery,0.34489004647145605,0.3198436797580564,1.0414855810997574,1.2870324591340465,1.2674871222401365,-0.22600154114037907,-0.5528067945891515,18,-0.4587044375242355,8,3.272727272727273,2.444444444444444,4426dedc48423e25d6fdc849ef55eb1e8445a0fea6bce74ae4689e3ff2009472,2ed9c1ae7ff99bb84f32a8bb12f9d82b028fbf9c38f68820c9fd85ba2019290c,2b182886e22106a36813f3d7ee8f7f5b37919db9cc450ab129291535b49d7d1d,4365384f77f2c7407364934349494800378bd4c54413794220b118f2ed6c6dba,True,True,True,True,True,permit,True,False,False,False,True,True,True,True,True,True,True
imbalanced_tail,2,6311,event_recovery,0.37837118031061123,0.4138713761001256,1.0214515287751156,1.2973183137442261,1.3235553258874035,-0.30210379711228796,-0.8017240189886583,63,-0.6184370171250293,7,2.625,2.6666666666666665,8c6796f9f2786369be472fb15b04122ea15dae9773f7922e2a6ad4b23f4796d2,cb8df92cdbd123765a29cd244fd54ce9224ad06b25736a6ef96921e0390d2a7c,64f076b8d14baf80acfddea821044a53acca759a12dfef3cf2c0cf0fbb15eb2c,3f81dbc1b0072254b8598b885adc75189cd0d71553e36b36f88a558726075d0a,True,True,True,True,True,permit,True,False,False,False,True,True,True,True,True,True,True
measurement_error,2,6312,event_recovery,0.025659456336927122,0.004381902004824467,1.1686549989895634,1.188254604690592,1.215031802232871,-0.04637680324330762,-0.7419613521019005,52,-0.038967476384726085,2,2.1666666666666665,0.9230769230769231,d64112be51a281515cdbd0210f6ae41e81b1af9c9628b5741ef72c23c40fcf3b,86d8fb6e727cec92d6b0ca8c98e7691cea7cf9442069bcbaa1d0edb063a4453c,7eb652cef9060a631a24852586c4632b12870688b4b8a5f74ae332c325b3f488,0a1af572438957fd85073cfa1fe874b0f4fea69d80d4f6d89ff412b45d11b4de,False,False,True,False,False,module_a_pass;module_e_pass,False,False,True,False,False,False,False,False,False,True,True
spatial_resolution_mismatch,2,6313,event_recovery,0.08183082197269897,0.031002544928252274,1.2142175388517453,1.2674577437766834,1.2915174632444633,-0.07729992439271793,-0.7525602858122963,57,-0.059644562115333644,3,2.375,1.263157894736842,cb5c8330411728b23f64e2268cdf716774bdf2c5694359217b07ebac17b629bd,4450c10760ad3223201345ecf040b6edeb722e261a2fe1618bd5ec2f0f9c5d42,7f3bc40db3b4be50a7feb5b96342f8266fae2a482f71012b9014017be2c47867,826710346d2da72fa4b40cfec10fdcb60e009447d94d951fe253e8d8f8fe1a57,True,True,True,True,True,permit,True,False,False,False,False,True,True,True,True,True,True
no_signal,3,7300,event_recovery,-0.05527068787325451,-0.06727503063356544,0.9508555900728431,0.9257491171349461,0.9443499499829654,0.006505640089877751,-0.6419733692743199,60,0.01596283564912615,2,2.5,0.8,15d4b71edb7412d79cc554fabbf9ffdc8e457b69e17fb7f6436fa924d8867a95,d210ff9813fc7cea4b2dae0c39a8bf5646e3d966a42fc8bdb8f47bf2077f5932,e15a0368fd46f2b5e222d9d832dc83c5913e9926a8fc5625a44a3bbed6279116,5b43233084888ca1e5a8b9a15cd592cb5fda3c693c3709fffa65b047224f1014,False,False,False,False,False,module_a_pass;module_b_pass;module_e_pass,False,False,True,False,False,False,False,False,False,True,True
weak_signal,3,7301,event_recovery,-0.004098227868424953,0.0008286482206627532,1.1175651609820874,1.1236122937410618,1.1415660621700412,-0.024000901187953838,-0.7241922227246756,56,-0.05978301638114125,2,2.3333333333333335,0.8571428571428571,13735d38115ab160d557521b53476ef9eda5e535350ce59df44e6df108e414da,0d36a2f2f71605f036a3e105b09207572e5d4911b41e43738818e15727781197,fb373b36d1bc1531a993da417b593fc793f1538949d735a977c6836e979a77ec,38d6522776b06990e9bdfa1c9b73dbddbdd8e04e83096ee425a5878b5ba9c3d6,False,False,True,False,False,module_a_pass;module_e_pass,False,False,True,False,False,False,False,False,False,True,True
moderate_signal,3,7302,event_recovery,0.3450693893961283,0.23126823681414033,0.9622949908904446,1.192652985038221,1.2005665498438596,-0.238271558953415,-0.7896210169529448,65,-0.4679428096382441,9,2.7083333333333335,3.323076923076923,ebdef03a2ff9323264c6fec0c8862f9d0fd554aa4c6303366bd154eaf3c2f551,48538f7322b2359c19df724e5e031d4080607709a6f0f282df9a64a295d81bcb,2ef94c7f82c5da92e032e06ac9bf237b28496baa247ef738848b7873be712661,3b43d80ab296ce96b8eaf385f57de5d0914ca75be7717f353eba002b2fe7b7dc,True,True,True,True,True,permit,True,False,False,False,True,True,True,True,True,True,True
strong_signal,3,7303,event_recovery,0.6374207661398317,0.6291803195821492,1.0262788696046459,1.7043761269805278,1.753003438418793,-0.726724568814147,-1.1171472926746264,57,-1.1928679340972863,9,2.375,3.789473684210526,038bd544ba7faf42fd3fea5a8cf53815f20e94dff9a93c1a0d48553b4970cb62,14d206f073759574f55c16fe656e2b9ab082113b1dcb812ddd87fe9e4e0de85c,f787e5156a3a6d3f98b7888e1af22c5f9028220191fadcdb8a6cc984b27998e7,68658eadcfa4326a320968f8eea251a3f691c4009b16a69585c6030aae35e1d8,True,True,True,True,True,permit,True,False,False,False,True,True,True,True,True,True,True
correlated_features,3,7304,event_recovery,0.350905307758003,0.26662990734877656,1.0445328644374647,1.2975593436370192,1.327307609206469,-0.2827747447690043,-0.8092891600113705,61,-0.6126781265691668,10,2.5416666666666665,3.934426229508197,dc50077035b60e14a9a200c200e13800bec1fc3e4c9922b44814acf40b64b954,48fab0f222f31171e7fb8f29b79cbb30b20b4509282523524e3bef731bd72431,01b90c48a7c32f51c241e2f2396f11df99b40ef23b9f3110b5650d484276933f,a45ccfa1c4183b93e6d21666e50a6c5fca2ac2a37b9459de9d2112e441ba6bb5,False,True,True,True,True,permit,False,True,False,False,True,True,True,True,True,True,False
omitted_confounder,3,7305,event_recovery,0.3660211889040761,0.3534347897696821,1.1338050538676765,1.4349306242823028,1.4382414071074134,-0.30443635323973695,-0.9449163040075284,59,-0.5631986899794543,6,2.4583333333333335,2.4406779661016946,3f0d0b6f8c799b84e5cb9c8789398bc788c3aa0ef0b1143a8118f930cf93c596,a0d84f7b484483e622dc15184bc665c9e3cad756f8dd3dc9b4228b4ca767e2db,82e580a0e5f8e05f6020b1cee7a4b0ee67c06d8f60ba8a0ea23eb462a9e6b3a8,55df319fb555bdf825b903ef975e88045d27a7e4105a24e402c6916a829fce21,False,True,True,True,True,permit,False,True,False,False,True,True,True,True,True,True,False
temporal_drift,3,7306,event_recovery,0.10378761101795919,0.16423977896006792,1.491200037896999,1.5803447693530144,1.6023626073628974,-0.11116256946589842,-0.7691504228724386,81,-0.1831989387801609,6,3.375,1.7777777777777777,4c55b131192ecef5c51c1ced8c00428cc4d5fd81f4dc7b1ffb3852ac3327b578,521df560a6a5debe195f1ab88b785223b47bac1d62318f49b40ad2b522f21ecd,32f97fadc6224995f7a9a8b96fc3b2392d87547160ce032ddd1e973ad8416cdc,56b43d5a5cd59e4a4a54fbc273d24970d70b0f87fb1fb0eb4408458e943ca125,False,True,True,True,True,permit,False,True,False,False,True,True,True,True,True,True,False
geographic_shift,3,7307,event_recovery,0.42663287883791523,0.3071166138693443,1.0440908067343946,1.3788858060234779,1.4088076892338557,-0.3647168824994611,-0.5076507760900641,63,-0.6173394974324422,8,2.625,3.0476190476190474,99df673a4f12485afadb976c5c4b22a919d1d7a87772c63e51cf678394f4cf78,f80afd6fc8fd7c327db62bcb6e5e82dc175607659fc0830e74b7e644bf095edf,1701debeee13cd0927ec3e0e9140fa28513ac4908602214e2e45f08302011617,f2a59517bb44906b31ce1cae02a69aa2084b1713f0002331f0576b6aefe9972d,False,True,True,True,True,permit,False,True,False,False,True,True,True,True,True,True,False
leakage,3,7308,event_recovery,0.9911417839073553,0.9885915775256912,0.10107644447359654,1.0860366734416107,1.0980460388148894,-0.9969695943412928,-0.6284679195028812,68,-1.3812092085808123,10,2.8333333333333335,3.5294117647058822,c023b6d79ac6ae7961d02fdc7b78fa980557aec8d26022a4646c94d314acc038,63869dd73f9a52971796450cbaeea078e41fdf66d323aa511f08890e5713fa6e,60e93d4dfc6454a1a6e6f0d13d0b878fd14858a9cbb33117df4c0e03a0d98cd5,d7a3e3c5f8e2fc12df558746d6bf16d839841ec8ee98c2ab8931b8ed45c0a9ad,False,True,True,True,True,permit,False,True,False,False,True,True,True,True,True,True,False
train_only_detrending,3,7309,event_recovery,0.3315179335267542,0.18197619547058275,1.0513411555745154,1.3053783540562278,1.3159149849930307,-0.26457382941851537,-0.7987751918281051,51,-0.27442236197517467,7,2.125,3.2941176470588234,7e5fa22da58516aacb8439a4e84cdc8f760557d145b809f5fe7fab0810377943,877a13e038a8be606d317f695d65e00882cf6e8d20b08f210596e6567bead1bd,c981cf2513a5c147c0dea1edf65b4739d19b49fc08e6c2bcb09646440153e630,52045291d6761b47fdac3a49867a18dfaa34e0de61606aa18578027d8701b5eb,True,True,True,True,True,permit,True,False,False,False,True,True,True,True,True,True,True
small_sample,3,7310,event_recovery,0.21938049653975944,0.34156303763319273,1.0226403316304176,1.220061675144752,1.2483726359812113,-0.22573230435079372,-0.9550957760863608,18,-0.37854230177092396,8,3.272727272727273,2.444444444444444,0415007d24d16894fe2b16cfd03731d45baffc946b6183f73b3e00667b0a99e2,249acecb82405578b94bcb038096e59a180674322b4fd21f0e603f01b1d11a7f,6d785f6dde40537153b245c4406694ba0810358500ddc5c5a77f2e7444a05d44,b46f9704a7417781fcdc60491d33cc0115af9362c018841dfcff39209e9d88d8,True,True,True,True,True,permit,True,False,False,False,True,True,True,True,True,True,True
imbalanced_tail,3,7311,event_recovery,0.32282854087329294,0.4830031610381068,1.0203472960703635,1.2421627993087125,1.2196000717362099,-0.19925277566584643,-0.8249192409636998,61,-0.32247399051912407,8,2.5416666666666665,3.1475409836065578,153af37ea8a621aac60ea897a37d4e9ecb6c47898e1ffdf0d5784772843b4cc7,ef56bd7ba066683fc02f1a0514a4b2546b5adc4412909bfc652dfef12a27f8fa,230761a8123b605c8972d6765a8b65678ec04fe97bea72fe6fdb4335efdd1dfc,8dc66bc0a9d6e37c01d154d25134eaed8ca809da03ecb2d11295c8fcbd9deac1,True,True,True,True,True,permit,True,False,False,False,True,True,True,True,True,True,True
measurement_error,3,7312,event_recovery,0.14674148953610178,-0.02643693181953255,1.103834406398006,1.1959990366967934,1.2018297255492192,-0.09799531915121329,-0.8653990553779423,44,-0.2852714657209372,7,1.8333333333333333,3.8181818181818183,527098e48a020f58ef8db6d13bed2f1fe9d1c5535c60ffc356c95c27b7e1ddcc,2140ee4af99713189e2809148e632551befc423359bc22f541348a575a7c70d6,085d302a0fb6bf849fc490e549b9e5dbf1033ddc8fba31f36e7d2cf247e001aa,051f77760d19c48f45172dadfe13ba7ceaf0bc75279f02687000c76c65930a88,False,True,True,True,True,permit,False,True,False,False,False,True,True,True,True,True,False
spatial_resolution_mismatch,3,7313,event_recovery,0.09135959631901125,0.10611264482989269,1.1703972348066627,1.2278293464199208,1.2287322949394337,-0.05833506013277101,-0.7565470475260716,60,-0.1595356520619473,3,2.5,1.2,d5faf5dfdaeb334387dbfbbe9c2d3b688920d1ec9f0854668b71f8e214f6e154,68853d6bacacea253e91fd00e51eaaaef0173cc8e08e257110180e76111d7458,f924911a21a9f0b905171caa9f290392ba269653cbc44f4a348103ed0646cc69,3ca8886cd2f8cfcc84fdda38bb4e713c27b053bc054376641617cc0303886222,True,True,True,True,True,permit,True,False,False,False,True,True,True,True,True,True,True
no_signal,4,8300,event_recovery,-0.044898771506016066,-0.02087727332867595,0.9812281165270539,0.9625480239532612,0.9853453399138244,-0.004117223386770563,-0.5185908285392948,74,0.050476532046054956,2,3.0833333333333335,0.6486486486486486,7a3fa5204daf7ed6f050a186f9c7d6a8e2e480162626d3181fd9aa59f20405de,2196420ba9c54b808f3727d3b45b40ec5ea9c37764a199c57c029be98da4981a,1651faecefbb8686ab8bd648f552b0f82a241f655962d1252b0e84c0762eb440,0843ff3ac08696c58f57cd5087358e351a942b5fc97c86c7d6b4f0eb7db64b54,False,False,True,False,False,module_a_pass;module_e_pass,False,False,True,False,False,False,False,False,False,True,True
weak_signal,4,8301,event_recovery,0.0019184272571941552,0.031148120782407918,1.0298933478848888,1.0312659499555792,1.043224328554706,-0.013330980669817194,-0.6486354580211154,62,-0.02481517004777678,4,2.5833333333333335,1.5483870967741935,bec68a590fa014276e11978ee6188fc96852434f3a5a12ad38a112fc73805eec,9f35e360acfddf0b84c99fbf4eab25cd5b67cdb84115cd6d2674426230ea839e,52a863db62c3e6705e2c5d2d7a41a940e28e8c1ca3a815e3de3164594b3a3638,69c620d3369ccf99f1b819082838cb34c2e41706736d81c4fa1ecd1d95fca544,False,False,True,True,False,module_a_pass,False,False,True,False,False,False,False,False,False,True,True
moderate_signal,4,8302,event_recovery,0.37811492430110094,0.3627015419601507,0.9090867334543168,1.1581009179305741,1.1978512567281228,-0.288764523273806,-0.7089551213395072,55,-0.42958314118006347,8,2.2916666666666665,3.490909090909091,cabfa546b392f156adbc88828ffcf6df5b10d9f20d3cb26504febd73779ff455,ea2366c8e095dc64a9f8c205f69a53e751ce7b060c16e87fa15f3b93c7c6027f,6513781c80aa683b9f6080e7cbd5429a997c84b4a63a7266d4ba857ef3b03787,95e4e579ec5ab30c652846739137c157a1bb6aed05993f9385b9dcf9bcf34a2c,True,True,True,True,True,permit,True,False,False,False,True,True,True,True,True,True,True
strong_signal,4,8303,event_recovery,0.6597864127522306,0.6186579164514789,1.059576422789159,1.8225914180689418,1.8604717689919203,-0.8008953462027613,-1.1751807298629082,60,-1.252143777089242,8,2.5,3.2,0757b29a2c7e80a8776f3d681e00eed6fcd9e3ad4007c19b0503ee0d8ee4e109,b16b8294f2d75fbe7f6c6db5a4f15de84cf48842d584f8f80ba151314bc998d7,ed6cd48eae20f092e89b163086e19ff617d46127590fde4a7315d041ac2a33f7,93a3413106c4f601ee977628bcb52c8dc0e800f1e47c538ae9eca171e0c1d6ab,True,True,True,True,True,permit,True,False,False,False,True,True,True,True,True,True,True
correlated_features,4,8304,event_recovery,0.20134841892055855,0.36166257041275507,1.0647539030208273,1.212822821912397,1.2297568488304897,-0.16500294580966246,-0.7762603016762286,68,-0.38819577838093444,7,2.8333333333333335,2.4705882352941173,88c7428615ea3a3f7113dddaa23e882074ef3c5365182a84ebe15aa069a41b21,443a8e603411c1b1d37510b989bedd98a6d649d7d49e10748079aaeafcbab274,edfe6f02d6ab61d4f3e3bb2856bcc27ad1252c1115dba09403f7a7c245336c2e,0ced21d5a8b8eed038c48f574d6ce8561178a5eeb7e8a648b96bbd9527dd76f3,False,True,True,True,True,permit,False,True,False,False,True,True,True,True,True,True,False
omitted_confounder,4,8305,event_recovery,0.41236161406232985,0.4189058981242767,0.9866220837413858,1.2873648331267533,1.3356826202413397,-0.34906053649995383,-0.793614972690543,60,-0.5846119502779437,8,2.5,3.2,789395483d6d6dd2aa7049e52390d5493730401f9fadb9226984beb300144074,1c90dc2ef80b2e7f0cb9fe92d442cc6f06bb576b5c95897430a48990a8743daf,73dda1a8d2a787f16b3f8cbd4b655a24242bf219fe7c3ba3ec50cabd065d9456,6bc181d28fb5f362b1cffe34f3d12d991af4632f0a4f4661eaacf7b002ae2341,False,True,True,True,True,permit,False,True,False,False,True,True,True,True,True,True,False
temporal_drift,4,8306,event_recovery,0.22982332441226738,0.31978572499345326,1.462873158698012,1.6682030664946625,1.6925578915330342,-0.22968473283502222,-0.8686369785628796,70,-0.4526910310874088,8,2.9166666666666665,2.742857142857143,16e3f8c90b0df6dacd6bbfb0c0e16a208260df6dee6a37fec3e8cf7f7b8adaf4,3eb75fb5475f22b06649210dabbf9e4de61786c9d5123a5dce2c6f0b8c1c9d6f,6e3b8f54a1e849c2ac43a645a46394f2f3c936537d307b38dda7a585688dbae1,6972eebdfa8064dcb49f665b3afc701f7bc7706900b6f27225182978bd105be7,False,True,True,True,True,permit,False,True,False,False,True,True,True,True,True,True,False
geographic_shift,4,8307,event_recovery,0.45147856826409016,0.44782714616349995,1.1081868077605568,1.5010666264516859,1.5179096248732786,-0.40972281711272185,-0.727572730011032,52,-0.480537182384948,8,2.1666666666666665,3.6923076923076925,39939ae78294c531d7b840340bc949a36297b925c378fdc75271f3c4a336ac9a,b48a7b658c1d54df7288923a522da029fb166a690492fd33c32170004121ffde,49dd462c23acf4a1b106f1c4e2daeb4138865c8f5272a4ced793c1444a164bd0,e279ac42e31a81c23a70245a262e48d87eeeed6f31ff8b9a47233b00967d3b73,False,True,True,True,True,permit,False,True,False,False,True,True,True,True,True,True,False
leakage,4,8308,event_recovery,0.9903563896592669,0.9823732235165052,0.09721846484539863,0.9920577199257322,1.0190243551805653,-0.9218058903351667,-0.6454483543066528,66,-1.2626455911013597,10,2.75,3.6363636363636362,37576cbe82ff7d4de27ffcf024daa3e4e763a2b29658a92c477edbc9dad28487,a1f88234f3f4ee5810cdc75977a677b836ce3ea636848f3d2e99cd4c3af5a3da,eba5234bfec830c2ba03dfeefb4051d0ea22ccdcf959701cd5cf0eca9059b1df,8756f6fdac64589fc9938e85f4ac26749439afeb8d90e39784f3b4e607ce8752,False,True,True,True,True,permit,False,True,False,False,True,True,True,True,True,True,False
train_only_detrending,4,8309,event_recovery,0.31465060698608605,0.19866347600985834,1.0363061635246023,1.2518377323601604,1.2692899336276022,-0.23298377010299998,-0.7068699976449958,67,-0.42533780171866065,8,2.7916666666666665,2.865671641791045,5ef3e96466100a42e4fc50ca337bf834c30d9dcb90d93ebc2d2c5c4ff4c73a45,9ef82568ac16d35e28428a0a2f3a3077dd2ba0c1951bb3b2088631c34145af54,8fc1c1cae33e790ef2ac10ca29cc64d554f8a923ff09e62d238f04b70cb4b021,19a5543e39d12215b7fef0bf368b512a40ad490fa846766520b282c8bba9c663,True,True,True,True,True,permit,True,False,False,False,True,True,True,True,True,True,True
small_sample,4,8310,event_recovery,0.18350337289821883,0.18579995892618772,1.067965877944497,1.193526186614048,1.204644395115553,-0.13667851717105606,-0.6340944483385788,11,-0.3447041065442171,4,2.0,2.0,588805884db523677708cbcab858d182c83404c43f51a5567da7208803a4126c,7c45c616ba29714862cea8c445585969bdd98fad1a1a06d1b2a3879e4471d21f,2fb6499dbad707ff45470662b0916910ec5314d7d73d102cae60fca6c142b0f0,a2da8c1bbe33dfc90f7008eb109ea679b0233d6043c717c519f844a6836f29fe,True,True,True,True,True,permit,True,False,False,False,True,True,True,True,True,True,True
imbalanced_tail,4,8311,event_recovery,0.5377035495326694,0.4615514534837126,1.0496065082397397,1.5489479620818971,1.5726614191691493,-0.5230549109294096,-0.8486053914347822,64,-1.0820104418604801,10,2.6666666666666665,3.75,1bb6e9ff82884a814ac1ba2e22edb7a17a850a3eb934bfe511b328681d86360d,28857db5ac939fda9690f5fa54b685be748e3e78985c5e22d272b63a53b2c1e7,92fd16e25252a803b7f39327df6f3519962096478ae07c2014761b272759c013,f3fef7241e96fa11e09da6d9ace854268737a64b190ce23c6deacb1907d27030,True,True,True,True,True,permit,True,False,False,False,True,True,True,True,True,True,True
measurement_error,4,8312,event_recovery,0.03899165011963435,0.09921780823313486,1.2346996168133333,1.2603362278896668,1.2837747221584568,-0.04907510534512349,-0.98573482338929,52,-0.1667264044670831,3,2.1666666666666665,1.3846153846153848,75d035b10e98d5f8a4d4a83d9f8ff3f56c9722216290a143afda2556adcdde32,c41206bbfc4532833885bd16cc1b91365f560e282ff711c2ee8f709df95744a0,4118ba0e5a5261b6c3771cc7a90574d65dff8b3766e32ab3c0859bad42bac5f3,2a726837df3a7ec1173347d38a8bfc3cf7434508a0209510b2207bf7e2ad25ef,False,False,True,True,False,module_a_pass,False,False,True,False,True,False,False,False,False,True,True
spatial_resolution_mismatch,4,8313,event_recovery,0.032926874656315386,-0.10041579352682661,1.1778671586729672,1.1977549170716324,1.1911645197792051,-0.013297361106237915,-0.9321822805649828,53,0.0055936814807406865,8,2.2083333333333335,3.622641509433962,e23921e32a5d38f32e9896f383e944ed1ef34eb81a566f08db268af4c31071a2,54d1a1fb0998679b7f8e252bf4983a32e8d46203dc5ffdbc290ce3e76de7723b,11df4a429726f6871eb38878ed551f3591abdb98610e6198ee6e2dc36f68f36f,16fe927d93e068e54851465cbd6a532fe6d24661c176861c02b7ac0d9bfda60a,True,False,True,False,False,module_a_pass;module_e_pass,False,False,False,True,False,False,False,False,False,True,False
no_signal,5,9300,event_recovery,-0.05679149199335809,-0.08090558756920241,1.0165995949021955,0.9975456158498344,1.0185842854168015,-0.0019846905146059246,-0.7362683790384812,44,0.01768054475542491,1,1.8333333333333333,0.5454545454545455,f28e50a9731a39fa1f96c1bd388ac51c7ad9f67bee6d537e4c7e11571f56e59c,81a47bcdaacd71302b83c4b8fdd29a41f23171aa178d371fab7cd421967a6b3d,731d62e21dd63d9bbff3f147be7d3f85a4fdcb1909f0e7b1f6ed9a5422102f5d,b9f6f65981749f7ce4aeec0daaedceeecce8117a2b5c3618a11e6a4c0b966521,False,False,True,False,False,module_a_pass;module_e_pass,False,False,True,False,False,False,False,False,False,True,True
weak_signal,5,9301,event_recovery,-0.008414475536015154,-0.0995007559829515,1.016269490710404,1.0142675181519551,1.0135732999977731,0.0026961907126308304,-0.626175389064653,67,-0.011761301361262078,5,2.7916666666666665,1.791044776119403,d0ca4a4c883dda33409341024cfc857d806e984c31bc74cf61212062b89d207b,2f2f9c65aa797c7195036dae00dd12229391af618a84d596b7d3c3f0e69d4704,358028f40684f1a4b359db60381147c1c6318fe0976c532d16678b046a4986ba,fa5d012027af9ba3df7b1020bf1e4dfeb6e71f13eb7420ac1cabe38bac1867a0,False,False,False,True,False,module_a_pass;module_b_pass,False,False,True,False,False,False,False,False,False,True,True
moderate_signal,5,9302,event_recovery,0.3039335183603894,0.35121158046620526,1.0182612891046898,1.2225482318589072,1.2387234843878026,-0.22046219528311273,-0.8342730837167899,54,-0.5239808001939175,8,2.25,3.5555555555555554,283b0221a1f84ccf5dbd7f3997cbc74e70954e0647c4b5b7e2cfd99d9505d703,3294a7c6c739af2fc2a298c57b0420bbc3fc1172259d0c250301153b9bef075f,9fe17347e07ffadc82afe7bd6ac7bd395231f77d0f5da8f164ca3f9781e9febe,d351eea4e73e0a03012db6fe4784c34723db3ade133456be50f33f677304cbc3,True,True,True,True,True,permit,True,False,False,False,True,True,True,True,True,True,True
strong_signal,5,9303,event_recovery,0.6490358961195649,0.6496117663118065,1.0481266351650984,1.770471808650082,1.8135815667411659,-0.7654549315760675,-1.104770855220209,65,-1.1305051216812836,10,2.7083333333333335,3.692307692307692,8b9ed2a98e5acc13bade0a4702f725dbc113af3f8c4e6d3af77c59bdf7d2cd2b,489341bb39405002c2f74000e15795a3a578c8b246b9627bffc73c7357155663,3244bceacfd6aad2579b5355bebe533501afea9f5985bc22462067fb606e9c0c,50cb7cb96aa440aa55429226bcc325517e8ea57be665da735dbc51f835c46c18,True,True,True,True,True,permit,True,False,False,False,True,True,True,True,True,True,True
correlated_features,5,9304,event_recovery,0.23338315179142666,0.26263098785442673,0.9696930602408573,1.1096887628617815,1.1314452951388296,-0.1617522348979723,-0.8275388450506225,57,-0.43344176315110516,7,2.375,2.9473684210526314,fe9bd406c57e8580e0ec91b705dd5e741bd84378a95d8f380377695bec56dbe5,29eff3e04d9a1bfc222f574a99cc1c12b8454769200556f093991712215886a4,79b87f5ed3fb2ad4b8bf45ebbbe1ec8371edc6c50b1352079c5027ac2fcaa3be,65a4979d7f15643e75f35fa97b53cf2d8b59dee8bfae3140f0ced0d93c45c1a8,False,True,True,True,True,permit,False,True,False,False,True,True,True,True,True,True,False
omitted_confounder,5,9305,event_recovery,0.4258563700558745,0.375500106563727,1.0022197321129989,1.3229197004171624,1.3768654313158089,-0.37464569920281,-0.8711816258202075,62,-0.6246884159012522,7,2.5833333333333335,2.7096774193548385,73f0ce8129edf1a767a5bcf2a105776d8eccc98fa63c22386750fae6379b2238,32ef1495251cf62f94f797331894a955a875cf88a3302d65ec8348db273519af,d424314acb14210637b94433454da25d9013c3d13fd431950b53147f770fe166,3e4d1779aaf6c3827ff6c6e9f1c627092d76fb5262c41424360cb41b2d0c80b3,False,True,True,True,True,permit,False,True,False,False,True,True,True,True,True,True,False
temporal_drift,5,9306,event_recovery,0.14272308687909874,0.22706360431182182,1.3616731877357282,1.4760608994167594,1.4739751205337945,-0.11230193279806633,-0.8062077624376882,87,-0.1712056136120781,6,3.625,1.6551724137931034,d0787d5ec220449a07c0ba932b6c3a5975e77a9bd2c772bbdfb868dc2581e844,22b73348fcc4d726ff2fee00cc8ba994a4ba3b505707d41d5cab0dfd55326e68,49d50c940f76796ebabd0610313691758831ec23f13b3b502fdf48372f82e78c,97e6e1224c0d01f1fa9a873bc8eabcbe145c804a89689bca94ffc366305104ef,False,True,True,True,True,permit,False,True,False,False,True,True,True,True,True,True,False
geographic_shift,5,9307,event_recovery,0.36836613825918874,0.43043795280377584,1.1706703559512008,1.4731918382601814,1.483871205378285,-0.31320084942708415,-0.6009347775852619,59,-0.546280426056585,5,2.4583333333333335,2.0338983050847457,54e25cdb6ae33e9af3c55101a87988e62da5b26f2caf742a91c2854baa4484fe,9cf3f217aebbcd7e4f6a12adc4456a70add92b58500d7218121346e265898f66,ebf9ce8f25adb4a972193bdda907a7a65b6ce26fdda2b42d754fdb4ecf90ef1c,40cc8ae30fe30a6304c91c459fdb501ebc0476e33d0d7cbcb22e09875b3937dd,False,True,True,True,True,permit,False,True,False,False,True,True,True,True,True,True,False
leakage,5,9308,event_recovery,0.9985324124947477,0.9867845273551548,0.03653672172956666,0.958635432156847,0.987935633701701,-0.9513989119721343,-0.6961676881389857,47,-1.2956607822582669,10,1.9583333333333333,5.1063829787234045,057a34f61dd2b2626c11e46e087d6a12f08dda5d69f5dfb474a6e85348989cac,00ac8462fce99b12fa0c5db12d0bac2cea46fa0ed1050d02a2dac9e2ac54ae28,dd2c1a370d983ebee3aa922632bd031ccab24dcfe29792c4b5b6bd9e372256b5,716a6ae0f169aca75f367c5883009da55052c31570c3cbd51cc4fecda97d2947,False,True,True,True,True,permit,False,True,False,False,True,True,True,True,True,True,False
train_only_detrending,5,9309,event_recovery,0.20534790371480716,0.27321651929806945,1.0388998147668729,1.1663326913946552,1.1925712789747922,-0.15367146420791933,-0.8975142581308093,56,-0.2905526130925993,5,2.3333333333333335,2.142857142857143,1a8e8d62cbeaed2f34ed70ceb644d997d02e269e45941876e2d846f439d9b061,086f6735e695b3036fa195a849541ca3e077b63c933bea296c833c471488a641,38f5bb047b9b57cd8bfca43bfa179b11d96caec7e19c228f5acce81fb3aad643,4df1fa25cae424468f47bc5d40994cc55b2fc45b5c0c6503022e7b1050401a1b,True,True,True,True,True,permit,True,False,False,False,True,True,True,True,True,True,True
small_sample,5,9310,event_recovery,0.38549322166090916,0.1690488009327712,1.1064784657704851,1.4135235144633695,1.446636849219017,-0.3401583834485318,-1.2157316205237647,11,-0.5248630995881982,5,2.0,2.5,afa15f18ebbcca778df0608b274601ef015ee9ba5578a9ef351302cc3e9f9854,6ed168f6ac26abd0a511bb0f90df43ea7bb920f2e1a922b0e7a7f7751baf98c9,ae0869fcf849fa4b580909b6e4c1b328d0b992e14b2d9c7c6bfb645d50ea5834,b7c05dd6c0a7d20bbb263ace870717a0bd9e72b09f69d365a02a87b00b3a25e6,True,True,True,True,True,permit,True,False,False,False,True,True,True,True,True,True,True
imbalanced_tail,5,9311,event_recovery,0.474571536521613,0.460092182812626,1.0583025601795994,1.4602177056632117,1.4992992744200189,-0.4409967142404194,-0.8546820679605727,70,-0.769700473484576,10,2.9166666666666665,3.428571428571429,07d46cba81e9c2256820c6fdc6d3cbd22b25737318d798e94acddc7536ebcab8,67e34369f0a90818b68353fbe9149e467b5e9187a4b46cb130d6003d482c32f3,28a4778572ad2cad472252670423d25398325cfda5bc6b70c9f427103f45d8de,09c7369752d65d0f9ea1949051b12df3ac372682de2379d9faadf33a51bbbe67,True,True,True,True,True,permit,True,False,False,False,True,True,True,True,True,True,True
measurement_error,5,9312,event_recovery,0.0756649544665503,0.10239938744049326,1.140361551824726,1.1865531261039715,1.1934711237367337,-0.0531095719120076,-0.8386875460152247,66,0.019147533507936076,3,2.75,1.0909090909090908,1479bcd0e8ae7056fe67c57d97b97f2b1273d0d1ea65f177d6e6689c8f7e76bb,df1e45f90ad9841c9ec4ae43a95e7702c3e6c4ef3b0d70bbdc20fc3417763ea8,ce4d86fdce975cecb61cf052880c6cef4547d8b876ee9529d95d235adb774683,2ab1b138fcb5ea3a7e12bd244fad0f147564c9cb52beb6bfc6553b24eefb716d,False,True,True,False,False,module_e_pass,False,False,True,False,True,True,True,False,False,True,True
spatial_resolution_mismatch,5,9313,event_recovery,0.05752735094374439,0.007336323589207883,1.1612576987417553,1.1967677429354187,1.1880138818392605,-0.02675618309750516,-0.8302983138082715,58,-0.10981701816169864,4,2.4166666666666665,1.6551724137931036,8674c08dc06ce446d5ae6bec2b5b349dd3833928b4003f2e1c089be791d8a760,1ed4be35e325f6bf26ab2679212acf4aa87ff56960121c397a7f7e87b00323c2,76b4245e57ea0cc3e9bc7a729981530507b669e37e7a84e9ac6b98af881bf250,f7af623b935908c9cd196d4b4adf683c3e350ea7b279b8cbcab6cf86e42bb2b9,True,True,True,True,True,permit,True,False,False,False,False,True,True,True,True,True,True
no_signal,6,10300,event_recovery,-0.0462982712914084,-0.03499711095451996,1.0320943054130747,1.0106598007743142,1.0060580745887213,0.026036230824353357,-0.6997041599451219,54,0.009594363649749749,2,2.25,0.8888888888888888,bcfa77ce9401d123ce410b710a02d087128f7c5a4857295adbeb1df74bde48c3,92e0155589609f186f8fb0c3b900fb0a8a16488fd3260a05687c9f89032a6b57,214378242a152d2f9a3fb35ae7158517c7ebecc6ff0d03e64908407ae41d01df,79cf0f8e897ecb4f425be7f682821cf09ba91503608039487cbda468fc77227a,False,False,False,False,False,module_a_pass;module_b_pass;module_e_pass,False,False,True,False,False,False,False,False,False,True,True
weak_signal,6,10301,event_recovery,0.01754010463203104,-0.003520889304744701,1.0152941919311298,1.024351327759641,1.015262823709591,3.1368221538707886e-05,-0.6476057350406026,59,-0.07544643627754155,4,2.4583333333333335,1.6271186440677965,7dfcb56bb0a3d3f4a008737a48bdea8c46d2a9f7ab8a062e0492c9b9dea55417,c8085c4ed46ffb7be4111b3cf99a96e73f70295b303c7dc3d128de9d10086808,13820695c3fabd618cda15c9069e5c2c4212aa36612c12aa31ec28aae5232ba0,ce5a8057011f10087b0b97e5e65f8e4fbab63e1f7edf93a7327d78c1bb1294a5,False,False,False,True,False,module_a_pass;module_b_pass,False,False,True,False,False,False,False,False,False,True,True
moderate_signal,6,10302,event_recovery,0.35479217562074905,0.3723714533915018,1.0076124615774156,1.2589964880720186,1.277852958151655,-0.2702404965742393,-0.761202784004989,52,-0.4295876209212879,9,2.1666666666666665,4.153846153846154,7cc3da42a0ee0a9a200a974e95c6abdc20580673cd4cf819b66a5ed3ed1d9b28,f9a31dfe38387a709842716b4e567e778958ac633fb42b445f506a531498cbb9,eee870ad269ca43dc199672cc4947c7941fb2dd18cb0297560d8cb741e31ad80,e77e7927620e73a7dd7d2aa8bc54568e20cf7d3a7072bf9a38f58c5d036c0f7c,True,True,True,True,True,permit,True,False,False,False,True,True,True,True,True,True,True
strong_signal,6,10303,event_recovery,0.6945941629074639,0.6066360161913322,0.9918955571957466,1.8023593740170492,1.8227014357473872,-0.8308058785516406,-1.0079282017168665,67,-1.351919833300934,10,2.7916666666666665,3.582089552238806,460ec588603c6c610b6dda13dce5969ccb5e00a19c63e735fb2d85ba3fef392c,fcf99c07742de6b22079e5edcbe79d94f1abae6824958fbf036539f2d815e64d,df9ac56a35e8da87cb7492e3f3c1af93c64ffe088670b8a24d03d0ecdcd61f31,69f3d4e69bca00164869d4b0ef9d513349ae8dd3b5d06462f4c0d79f25ed0116,True,True,True,True,True,permit,True,False,False,False,True,True,True,True,True,True,True
correlated_features,6,10304,event_recovery,0.24951607119301045,0.314932685952084,1.0370978969335185,1.201431912430834,1.2228893037009814,-0.18579140676746286,-0.8156528914586677,44,-0.28577699026516457,6,1.8333333333333333,3.272727272727273,6bac13774907f647a9b98bf9d274b6c64483b49c2b4ea9a29c49c94d96b3d440,2826030d6dd21cde82c107cad11be7824bf61fe82880a6af500c6c3e826b1baf,5471ba6670b648baa2a1670e1ca173ec61ee2eae1f03f0eaa26f6eaebe2ca35a,dea7abb3a02739970a179e6adc3c02c977d1b768ab2aaef190b2da0ef73e5745,False,True,True,True,True,permit,False,True,False,False,True,True,True,True,True,True,False
omitted_confounder,6,10305,event_recovery,0.4088715803631494,0.48322521954736153,0.9960806228661044,1.2956940839399695,1.3139887756450093,-0.31790815277890483,-0.8945592699246488,58,-0.5442072778940037,10,2.4166666666666665,4.137931034482759,e449a983157f10c5d2622c515bfeb1806f527f5c378a56e039324878ea7bbd99,225f139bfcdb24801f4ae115a3d8b0fcea1c4a0a1c819d0f84956b0a77d2c58a,dcb868b4a97f2a1a4bba582d5e8b17ce76ea96111a65b9e338cbddb6264e6297,6b94ef55480f2b722ebc71176917bdd74ac4afd63563785725c21a6a670b6d2a,False,True,True,True,True,permit,False,True,False,False,True,True,True,True,True,True,False
temporal_drift,6,10306,event_recovery,0.175604748976653,0.36704080611882584,1.51713194200831,1.678086951651338,1.6883482501622398,-0.17121630815392974,-0.7520888186016829,86,-0.2792736617785756,6,3.5833333333333335,1.6744186046511627,ee5fdeb35f1aa95f87c750731692a2685f77ba6be1b10663b38dde39ba11b699,011e4cda06f15ac489b6ebdbbe497db53265908ed4ea18b5e69af5c0acd157d6,ba71093080b4a9e5c9f0e3a3082f61eda962f366d6ac4cf920c410c762ecd15e,ebc4e4571744e988f926b23786a31488720d508bc34beb4c3f812edf3fb0c675,False,True,True,True,True,permit,False,True,False,False,True,True,True,True,True,True,False
geographic_shift,6,10307,event_recovery,0.4476505025132882,0.504337279470348,1.1002566157658578,1.483252764217172,1.5058067882633905,-0.4055501724975328,-0.42786452795880425,67,-0.368201167242711,9,2.7916666666666665,3.2238805970149254,ac446f00d4b5797437f21d42e87ecded81b69272289da97752dd9e5ea207e418,26218dda04bbca2eee7d10e204e2564a2a013c537b0eb1411ff7b5daf826e397,c178b3163683538704aa5d7e47894709f52228ca782fe77ec77aa503847523ef,a0d0fd8151bdc807fd365166080aa6bd5e53268981e9d259352cfa233c195bdc,False,True,True,True,True,permit,False,True,False,False,True,True,True,True,True,True,False
leakage,6,10308,event_recovery,0.9981972486596634,0.9968592169214568,0.0398867018502746,0.9395632421099839,0.9520041170469611,-0.9121174151966864,-0.769317855501558,50,-1.3644921047587668,10,2.0833333333333335,4.8,160015275e47a0901e02d79f9d191e8fcfed7ae034439024f667eb40f12e5fe1,504ed98e8b224acfce0f6d9a793978d6ae982a8d5987555375e01a0eb483720f,8cbc6edf3a75763d17421cdadb24c2749471e3fad2a9c1f89c4b92427f8b8b6f,6771489e71743efbd60e9cf37b4fcaf9872c8e7527eccaf85156026006bd9540,False,True,True,True,True,permit,False,True,False,False,True,True,True,True,True,True,False
train_only_detrending,6,10309,event_recovery,0.2794090093535717,0.2753370976173345,1.01032307447514,1.1904170214527188,1.2077569282242795,-0.19743385374913958,-0.8192730279822241,61,-0.318964550980922,8,2.5416666666666665,3.1475409836065578,b1ee0d788b3d1edfbe7d51a66ad3247020ebeb98b45cc48e4b25de485c20caaa,c485781f7cdc0a1b587ff1eb319ff869333bd2bb4f1f1e1cf124161597f309bb,e8d498f1dff0fa1de0d356a7c95b48f00c83bbb31e45b3c79d9af6271153fdcd,6cdac4b679270163f00215e53673e38b3326fd8fee49b80e3949dbacb5f267cd,True,True,True,True,True,permit,True,False,False,False,True,True,True,True,True,True,True
small_sample,6,10310,event_recovery,0.2059289352986814,0.28081182687756423,0.9407846814551796,1.074248125107091,1.101850794879808,-0.1610661134246284,-0.5363796124059679,21,-0.2494358585241534,6,3.8181818181818183,1.5714285714285714,efd14dc63dfcf6804254bcedb837d79ce2b7c28738861a4c4487f76e6fba4d8d,0817e3d14e56695a11d77d2ecd682c497602d9e34807033ab83a66c4ecc55c4d,ede6eaa27dee59ace2624627054ef9d420b1124d1f1287fc3b51ee88f48b9224,9d2179db18d54fbb4734637e41757640b6fcc42937577d0f498a77d5c6dbadd2,True,True,True,True,True,permit,True,False,False,False,True,True,True,True,True,True,True
imbalanced_tail,6,10311,event_recovery,0.46548455276212974,0.38379495425870014,1.1017781189415061,1.5072851748762097,1.52842819262556,-0.42665007368405394,-0.8977266818488118,64,-0.7826774771074279,10,2.6666666666666665,3.75,6672a96effb7d8d0bedbce2dae97e3ab4d645dc7f63569b187b1c89d7735ff4f,ebac03886bb5036bbe8c1ec1c3e909a5f3baf803fce57a90473a756ac8c584dc,0c89f2fc77126b41599b993b98360fe2aa2f717723b4352c146e6127e978dfbc,77ff5679a614a4c71b32a1f7f535daf8256dfd252186ac39d272740566e0b8ba,True,True,True,True,True,permit,True,False,False,False,True,True,True,True,True,True,True
measurement_error,6,10312,event_recovery,0.021204025518990588,0.1323654206947148,1.1287682176297,1.1433694296637067,1.1459512141587214,-0.017182996529021333,-0.7404037820786609,59,-0.1657119311170414,3,2.4583333333333335,1.2203389830508473,a49fd6b0bfc060e4b7313ece8be588c02bd71ba67aadb6f8c0f7d974abad4312,d532f3019cb471d08a99dbcb22715f8a3e9c80fbd20788c2b9e3fd37d5af9c4b,38d5a63e2a198529866fef5aa8d3070a78f04c702121b80ad2655a60f2aff9db,ecb10f7737a71eeebc034d62107652b7d1111d278d846c115b3f28e365cc2d80,False,False,True,True,False,module_a_pass,False,False,True,False,True,False,False,False,False,True,True
spatial_resolution_mismatch,6,10313,event_recovery,0.0482040582061255,-0.03703815348319517,1.1604921082426725,1.1895377838439039,1.2299263673322836,-0.0694342590896111,-0.8628481838035061,60,-0.06308946610152066,1,2.5,0.4,edb2e75af78915f51cc7f17c47f255057f20dc5a2c2fecc4e836563a245fde55,f3cd278180cd2e54e967f7f951be233645deaf71159753089fd758bc20ac44af,0ee66bd0c76c4e971e15ec6872c286b9e3170482ea3e2990ad48ba4f291aaf0c,38b9e247d86d8b7294db4f00ca7fc20104075a73e1b6edbf9d11112bdda6ee01,True,False,True,False,False,module_a_pass;module_e_pass,False,False,False,True,False,False,False,False,False,True,False
no_signal,7,11300,event_recovery,-0.06721006906779103,-0.039367691558136686,1.0236762427043657,0.9945535852946721,1.0125870152794294,0.011089227424936343,-0.670002210009741,66,0.04176585792201881,3,2.75,1.0909090909090908,44ee08c53989d9dd0348e900008187c3f91fd5af76f4cc392343156e3ca577b8,7a54a61738a51682f53ea5ca19d304063eb407ba9e616181f0ca7238baf88416,767de2bca1b0e66f8ba886801baa8c37efd1c503164895e3cd3fcb72cd990a84,dd67e4da9d4a53da7f5e546c019c806fd313a7248a14d550b9ed81f540949b5e,False,False,False,False,False,module_a_pass;module_b_pass;module_e_pass,False,False,True,False,False,False,False,False,False,True,True
weak_signal,7,11301,event_recovery,0.026909399071816886,-0.02751236004086155,1.035739796978793,1.0499885444415988,1.0610965413009694,-0.025356744322176494,-0.7303322418179703,62,-0.028699972728704948,3,2.5833333333333335,1.161290322580645,b1c2f3f607ad7c0b4e09cc84cabe17a254551ef4716a7bc0cbf25f2fb9059331,38e1edae4f0ef662930daa01c35136d9a68325ed2d18eee2a45c17a0f7fba72c,9bd9d6acbb4c20dde6283388b3a054acf65851c1e71bb7a99561a1e2c98e6585,0683ff6528f7fa11068487a8236c9fcb4b235c3d0aa7a81c0cd7abec2badbb11,False,False,True,True,False,module_a_pass,False,False,True,False,False,False,False,False,False,True,True
moderate_signal,7,11302,event_recovery,0.25884191748995133,0.3289066358184518,1.0194637888340132,1.1872129651831183,1.207671539477779,-0.18820775064376583,-0.661340635753581,69,-0.26515451391193867,9,2.875,3.130434782608696,1ec2b848c9643920dbbf3978945441ab6ca0ba93f2445fe6369d4ded96d5842c,a43b5e246492674e513f8292d38b739ba418f7d2fe796cf923f82ab2ee1b5da7,dc9cf82dc9287908ddb0f84d2611dfa6f4690ee4eef83e6e079cfe6c3b079e12,ea27585bb31f74a9ef98c9528b19430cd7a30cdeb7bd4d48451f76bfc0c953d7,True,True,True,True,True,permit,True,False,False,False,True,True,True,True,True,True,True
strong_signal,7,11303,event_recovery,0.6392839730452787,0.6387302860445816,1.0264606246727521,1.709090450522252,1.700583589469596,-0.6741229647968439,-1.230479944754949,59,-1.0862706095073222,9,2.4583333333333335,3.661016949152542,e3c452846a851fbfb64880e245814467d6d9582a886d19509387154d222ce573,1db795c63d6ef825dd0684864b589e6ac467152a667b8d2fc800b5fec4eab487,f72c6a8690be87f94774380b0e7e922767f1bed6c9bedc7fcf0a3e14f74bc8f4,b754dfbd9012afd4a3d24a813f1810a0ab0ef6caaafe7ddccf8a022c9ed42a35,True,True,True,True,True,permit,True,False,False,False,True,True,True,True,True,True,True
correlated_features,7,11304,event_recovery,0.30577458987369577,0.26396654094537375,1.0713417841030388,1.2864362513296494,1.296266772053097,-0.2249249879500581,-0.8854193883583106,59,-0.3741623173234079,8,2.4583333333333335,3.254237288135593,89792a0638e8f39f78adb7acb4c1870c88c2c592a00ac359e28e67ec5e052fc5,462a8f792740e443ab037fcb492382b6d3056d79298d7b565bbbdfc589680d98,49b9f29003002b568a63929a6d049836294a3184f8a24e7dda92a2774d0a103c,5615f5521b4a304475446921f9a385b14fe272f9dd5d29d7de104bceeb773c0c,False,True,True,True,True,permit,False,True,False,False,True,True,True,True,True,True,False
omitted_confounder,7,11305,event_recovery,0.4667229913451051,0.3098753185932942,1.0519146327097253,1.4404711743508045,1.4630427761412603,-0.41112814343153503,-0.7852955557526695,68,-0.6097773124310277,8,2.8333333333333335,2.8235294117647056,562f627842d59e36979cafb18e59b9a7ac4b12b548c5eab5f148edd5205f0743,275d25e4a1d1c133dd292a4acdaa55b6b7a6d8980e71ceb8330dfbde1e14c5ab,f701cc151ae31829baf8f26d34085d3997a84e4bdf180b3cc7d1b731be0f62db,3bdc566db1b50b8b618f025ea0701474324a103f1bb8ea43fbcde4faf6da9ea1,False,True,True,True,True,permit,False,True,False,False,True,True,True,True,True,True,False
temporal_drift,7,11306,event_recovery,0.11676330666596157,0.24511888668330517,1.4452321269451027,1.5379096123166571,1.5533993204591192,-0.10816719351401649,-0.9083525314725751,65,-0.2333891104329211,6,2.7083333333333335,2.215384615384615,bfd869eb42b2747c981f8832d7152faf3ca4e1af7cda6ba37e24fc3906dba0fc,abdf9ca8c0799ceab2f19cade294064653096ace4d2c678673f4c84e683f510e,44f5a6e0a472e79aa225e4013690aceb31c5b1f6b0d6a9f81726a1723356ddfc,115d2f4b074f38728483eae39617a8a4e526d8bdf3af445ca3d53c85c0806ff6,False,True,True,True,True,permit,False,True,False,False,True,True,True,True,True,True,False
geographic_shift,7,11307,event_recovery,0.49907229857220425,0.4927217818088173,1.0243292266349864,1.451950047168513,1.5009917529614045,-0.47666252632641815,-0.5450938663576396,59,-0.6106673338793549,7,2.4583333333333335,2.847457627118644,6ef1328d21e5e0442cb26561869d8af5c22c718091d6c10340775bc0f0515a6c,0451cfd6492dba651954d3e691bca3f50cd8f47c937416b7fda77e7b8685e6f4,755ad408453763e9250a2da7f97b7cda427daced4184631970080223f77e80e9,860cac2fff68ebb4d03f520945974f557e69a19ca905bceac433ffcccf26f843,False,True,True,True,True,permit,False,True,False,False,True,True,True,True,True,True,False
leakage,7,11308,event_recovery,0.9988947573523858,0.9966698025185105,0.032573613369824006,0.9830763247379498,0.9920537580998747,-0.9594801447300507,-0.6485417051390928,72,-1.2508749757708584,10,3.0,3.3333333333333335,bcfe914bbdb93c6e26082ad473bb8331e526f361e56ea212f40866f8a225cdaa,fb7f0b1d9e17628e52e95c6924bb82c06811fdcd910d1b907e88a2a1b8f3e169,434710e886c0fe9b853e62bc6fee72a6f14bf6d5db786084d00d1c1c0212ce94,3e701018c01add649fc4afeba233813ee841abcea9b44c60e722c61b9a53814c,False,True,True,True,True,permit,False,True,False,False,True,True,True,True,True,True,False
train_only_detrending,7,11309,event_recovery,0.33789659252169335,0.3282244486405632,1.0109920991833499,1.2598342068378614,1.3007502539446933,-0.2897581547613435,-0.8446015503976104,73,-0.5148232870190446,9,3.0416666666666665,2.9589041095890414,3db1c9cc8afa5fc9dd877f2d4054b1acedf9c622b0b0fe042b422683cae6a5ed,fe48301788a54ad8a0f202edf17315fb06ed6c71672f27ba85f43603d00d8c3f,a94800965e7926b7495f99c080472041adf703c13d1f055db34a0312add67ec4,02279cd3042111b655d9804b3ef887f5992398421135108cdf97e87009fd0670,True,True,True,True,True,permit,True,False,False,False,True,True,True,True,True,True,True
small_sample,7,11310,event_recovery,0.27849668268043337,0.41007202246304997,1.1170457544202224,1.3151271865040286,1.2593367948954444,-0.142291040475222,-0.7670976165814831,13,-0.45190832814867665,7,2.3636363636363638,2.9615384615384612,10910b3242bc3568756156ae3b3372550714c5d58dd570101d64eb78d418dcc4,53269a94259e9173ae0ebc81d081400afce73964226029d5d5a933af0caf0557,25e8d15c4f9284a669480d09f0e33ff05820b4ca0c08b98760f9897b7085846d,d295269109e803d24b5ba5bab60c230def2f654d07653abc459383e8fa87cfed,True,True,True,True,True,permit,True,False,False,False,True,True,True,True,True,True,True
imbalanced_tail,7,11311,event_recovery,0.540147710182844,0.47957436943927323,1.0340294224762185,1.5275338978035757,1.5551958401441193,-0.5211664176679007,-0.641876449620878,69,-1.0189501518115354,10,2.875,3.4782608695652173,f7df7af1eea8b0ce42689389cf9a2aeea99ae48ef43b213e9402c4f1ae7127f2,03153100393c6e7ab83ceec96ddd77b5898de12c35095ad0fc469b73c42fbdee,488b93a93071d8edb18522338db27f81f17b0df3e0db74dc5870051234c63cc5,9f6886a9de090f9fe90660dd2e5776a7f67851ac1f8019d13197d8bbf35314df,True,True,True,True,True,permit,True,False,False,False,True,True,True,True,True,True,True
measurement_error,7,11312,event_recovery,0.016970309695309105,0.053155706798761804,1.205930122399644,1.2195481996203805,1.222798337132411,-0.016868214732767006,-0.7725114719610605,60,-0.10018047810156183,7,2.5,2.8,73b50ff244d9a4b608b56c128f1aa0bb10216b1db8bedda511e260b87db49e89,898d188c4533a5e88a6f25686a97973d0ea7a6b09894aa61ad9e502a64341671,e3e2bfce31af4fc877b1b58a98c992a05bfb80c6adbac5c6c6a89490c718ef7c,bde63cea298ab1d5d3f2d72dd6e94aee31979fcdbc53b13104444d0e0b6be726,False,False,True,True,False,module_a_pass,False,False,True,False,True,False,False,False,False,True,True
spatial_resolution_mismatch,7,11313,event_recovery,0.022178942337903518,0.11989597281654363,1.139990821262264,1.156448279271789,1.1662369902529397,-0.026246168990675667,-0.8730976942390067,58,0.06462523839519108,3,2.4166666666666665,1.2413793103448276,f15811fcbaba49d0a56f8875ef489572d54a5ac451e2c00e732abe0f38b32205,72918e4fb4ebd2df30b2e27039d9d8eab2197e288f46dfb7b0dcf7f3c10f2df4,16fc16f64a27b7105219b71789b52f7970574f4b235d0cd57e686752f7be487f,583b54ca406d2334820214b0f386cf69b990c4aec9de729e1422e4098e4ce841,True,False,True,False,False,module_a_pass;module_e_pass,False,False,False,True,True,False,False,False,False,True,False
no_signal,8,12300,event_recovery,-0.05828317505639147,-0.06879946216796351,1.0603750794585232,1.0307736670767884,1.0525618206853957,0.00781325877312744,-0.6214396128837287,74,0.022133224934904883,2,3.0833333333333335,0.6486486486486486,a36ea3c3984e1865b673af91a46e1e20b5340aa79dffaa3423549907bd6f1b11,32c34b8210b9b122b1113a8b2929f57bdc4a83640200570c47453542740567cb,aa0f711a55ef1c9f9f4afa3aef50dbfb26764f0c02830ef970b630801f9d7e1e,a492ddd05583eb29046b2eb1d24b65941ff1b7c3250a0beb982b736c660558fb,False,False,False,False,False,module_a_pass;module_b_pass;module_e_pass,False,False,True,False,False,False,False,False,False,True,True
weak_signal,8,12301,event_recovery,0.04949134954500156,0.046074573200901026,1.0421994438182287,1.0760398996682912,1.085574106375798,-0.04337466255756928,-0.7515510856856722,51,0.0025847660486912893,2,2.125,0.9411764705882353,c6f9404f4c0fb0534210fb5d6760c7a5eba7f2af875275f90af13debb255577c,57495c89b6ac969ac5ddce76cf488a3ca6a0ef03dac554367b05b2c57e2ef788,8eaf2a1f60ea643a6cdfbbea5f307768f806f746686ac4d51f870738a80aeffa,c5062191b5f391cba634f212978e3cf635c162fe1affaa3194b87679fc4f96b5,False,False,True,False,False,module_a_pass;module_e_pass,False,False,True,False,False,False,False,False,False,True,True
moderate_signal,8,12302,event_recovery,0.34486370949830325,0.08448835974538615,0.9638910547014087,1.19180668053138,1.2092414777342615,-0.24535042303285282,-0.9912459903545305,53,-0.2876472423033076,5,2.2083333333333335,2.2641509433962264,ac0077f4bc34e97f09eb324f3c6bb51f1eb35a3a20556a1b2731e569321cb7e1,3ffcd2efdff0f5b0c0521c4178abb3b267629885332aabb8e9dd09ecdbf0f5e3,24ee8ce1559e5756032daf1c5394cc542a835b02a2d481b1450ce4cafbd9c8ee,b6f047452373afd2477dd078ed72ffd5d32d37196fdc5d89c6cc363ca00533c3,True,True,True,True,True,permit,True,False,False,False,True,True,True,True,True,True,True
strong_signal,8,12303,event_recovery,0.623292507749003,0.621220348788859,1.0325045326370863,1.6877046879175657,1.7124810227417744,-0.6799764901046881,-1.2509202706669578,53,-1.069341139560351,9,2.2083333333333335,4.0754716981132075,4a2b278d1398ec210a6dc9b9d8292852befe52064a89f343b6cdc410bac5d00f,a3b5aea4f8272addef39b6da3f2e406ce6d03274caeb2d89dbecbf8d284a6a36,c41ba2c564b9edd8e9bfeec94c58604db134c6c0671d4d1348f357d9330f4cf4,6c0428d25e658235395ccf499d7f77ed5e1e7fa5347a054a5b42e0627b22ad89,True,True,True,True,True,permit,True,False,False,False,True,True,True,True,True,True,True
correlated_features,8,12304,event_recovery,0.215965407774106,0.3195263124738753,0.9924796764226983,1.1216078397106046,1.1380973410285489,-0.14561766460585057,-0.7808266239476405,49,-0.41213275043052855,7,2.0416666666666665,3.428571428571429,3e918665d839f2c84f94c4e4cf96b1cfeb375abe8354153dae67cc2ca3faf079,dc1633a7f00592f98e23c78eb3bb2cfdcf9eab42c65e7a7ebfbd4704792a3add,0e7cb6a26bc74d0faf1429c959a159ea549cbee211b73be16e84aaf9bdaa275b,8da43d74f9a2de2f7757a800b7c7ee83743c462e2de7cc7979d218725f6235f3,False,True,True,True,True,permit,False,True,False,False,True,True,True,True,True,True,False
omitted_confounder,8,12305,event_recovery,0.4302159548278992,0.47706784973569083,0.994444977028832,1.3174320532640882,1.350036971217197,-0.35559199418836496,-0.9617911012982366,54,-0.6362112557018829,9,2.25,4.0,0803e6280eb6778e8ba92932c29c624751e7c3f891cd460218856aeee6285d53,60e538acdb486cb63a8a269f3962e83ffcd4eb0ed328540b6908df0b1efc386b,bc19367cb3c96d31a539b0ba70624634021e1769f60c1e6069940afafe95b1b7,39a0ac4bf1ddd1e8c24cf3d4c4090bb3430b39c9ff321dd67fb3efcf4f5f05e4,False,True,True,True,True,permit,False,True,False,False,True,True,True,True,True,True,False
temporal_drift,8,12306,event_recovery,0.17495604955260513,0.3626650240365943,1.4313099436360381,1.5761998505343136,1.5955917973032145,-0.1642818536671764,-0.7090340246805342,78,-0.19746533792757104,8,3.25,2.4615384615384617,9615d24dd253b2878392793d9f546807e2a45546d9140007dd8523c610223eae,7fb2c3e2aa7d0b27a086d74869576b8ac4734d5bd5e4163a0990d63515b814e3,c4c6b3833a9ab5e5b3b921d583baa176dfa549d14cfa7b0925d849e79a2bd036,58e1150388c97414396db155fcbc8acd48a682d451c7f4d7c8888566a55456cc,False,True,True,True,True,permit,False,True,False,False,True,True,True,True,True,True,False
geographic_shift,8,12307,event_recovery,0.3793337278802812,0.4090014167069219,1.1187560956257099,1.4206217751675685,1.4360354838060843,-0.3172793881803744,-0.6417002736255919,56,-0.4951940712189029,6,2.3333333333333335,2.571428571428571,58d462735ece0469a2f411f3dff7931729b287361d10bf72a9b4e7587b2ae85f,4392b374ec33476652b3874dd4e00f90b6363c5736143208beeef2da414b7755,153ed408bc8a380deaac720d25886b395a5563ec12ad36adb620f006ec35925d,f50cf6e8de8007c622151087920cd2f3a344f3a5d2e27fb5bc6a69df720e3994,False,True,True,True,True,permit,False,True,False,False,True,True,True,True,True,True,False
leakage,8,12308,event_recovery,0.9977724789172009,0.9981634080236904,0.04806005048378561,1.0217603282312298,1.0461506546785444,-0.9980906041947588,-0.6724222372713572,59,-1.228678267909649,10,2.4583333333333335,4.067796610169491,e5aa682e9dce770c14ec70ae3979933eb45617f6d2b23e1395c0e45750ec9de2,dcff7155772031a9a70c897c476589f1f9b8c340815cb23bb7e2e8f30ba10a53,56f91ed593a7596f71a3bb15aa00afe0697defd4518c78e4e4a2c74cd1619497,46152d48e0b87f98050466f5ef408e073fc0a800c4f5314cc49fd594b0b8918f,False,True,True,True,True,permit,False,True,False,False,True,True,True,True,True,True,False
train_only_detrending,8,12309,event_recovery,0.29378492142527746,0.3081936418858563,1.0298790487856926,1.2261941657946995,1.25127335860734,-0.22139430982164732,-0.8276883073567073,62,-0.40102689201711583,9,2.5833333333333335,3.4838709677419355,3f3f4ee33177198a47ea26031ec9b055ed9e5b8b365fd4c12e87384d32e3de81,01f9289ddd9595c882541b219105ffd76e293558986d41a7a7abbdcfb1cb8131,1803fb54cfca0252d51c65d50d58a6d706d7272de6b661d496cbd4f35e6abfe0,8ca83a6129c4c3317380bc6688f1e293dd31677d03c72c75285ec2b3231182e0,True,True,True,True,True,permit,True,False,False,False,True,True,True,True,True,True,True
small_sample,8,12310,event_recovery,0.2101274400826496,0.025980755035724834,1.1687541746323657,1.3387630366349947,1.3510100050193743,-0.18225583038700854,-0.7490719983069274,19,-0.29591452893640957,6,3.4545454545454546,1.736842105263158,cf172c3b85f5f744f6d07b26fcce062d6e04d13f0edcfbab9c50fdfb14bbdd69,06086e3c660e950970a648a7d530b3b49d9dc916d2ef1416933483673edc81dd,23cd4f8e5dc25e73bf09f792274c1ff15e7321e4f8cc8bc54518ef28ca629ee6,466b77b73e4d4a35dda7c8b9feb15d3e1b32775ed0d4a8aa968540b499acef2e,True,True,True,True,True,permit,True,False,False,False,False,True,True,True,True,True,True
imbalanced_tail,8,12311,event_recovery,0.3885355642499926,0.409160969124141,1.013534640612727,1.300926774420763,1.3069268199167416,-0.2933921793040146,-0.7381948291767602,68,-0.5954534292116749,8,2.8333333333333335,2.8235294117647056,1be4e08512e8ac8bec438c16193faf13b2203872bd22014209a02b8409bb6048,30adb3f95c84b3ea8a32bcbb3dddecd1d9ef5fefc54ec42e18dde4299c50a3f6,c461585623d4e4f6f9d0440168b595d8a7ca746f9b770acb25345690bdb5f5e3,5865730dd45828992f3951113c18922d405c1ef6f28a9ba2d559d0a5a62d9cd8,True,True,True,True,True,permit,True,False,False,False,True,True,True,True,True,True,True
measurement_error,8,12312,event_recovery,0.08626946838661365,0.07819224902076138,1.1131815627134838,1.1658605771241217,1.1770533452155443,-0.06387178250206049,-0.835216516785009,52,-0.06576857137954839,6,2.1666666666666665,2.7692307692307696,8b4ac7d090407fe78327b55e85be7ed6ab4739ed0645e962c04712ca69fe67f8,3b72ad6c9b542e2b310ea85bcb9849d75d1b18e53454321bb9b826fcb8c00966,c6898bac3743867ff75c9b5d5a8fbf92d2330168c95ebc77e381cc71789d64c7,d8d4e280f15218271fe7f96055d1ff78927d16c011dda503984ab1729058eabf,False,True,True,True,True,permit,False,True,False,False,True,True,True,True,True,True,False
spatial_resolution_mismatch,8,12313,event_recovery,0.00021608725035204834,-0.0017344145529838428,1.1240145929897407,1.1241390834924279,1.1484554782016307,-0.02444088521189003,-0.9075647831182175,55,-0.19194231319992494,2,2.2916666666666665,0.8727272727272728,545bb71a8160daea4a07331cba7f312c64d314d4bf982f3418d4d72a8a3fd888,cba5d1f518640653996c0852042ca5cf7c108c554108086fd8f47342d5f94705,979bb0b1ef21cf840d26a670f4c4527129fc4cf2e6de0c5e735e6c6de862a356,a2c1f0f1e144c26b2ea918c369aaf20e1bdbda54b92d574076b931ba219c2a3e,True,False,True,False,False,module_a_pass;module_e_pass,False,False,False,True,False,False,False,False,False,True,False
no_signal,9,13300,event_recovery,-0.01941520522664253,-0.015702416322848745,1.0010035469218057,0.9982423787059473,1.0190287700316645,-0.018025223109858768,-0.6867892718184954,54,-0.017161517906745694,2,2.25,0.8888888888888888,f8c49d1694486d08cacc5867f4b4414d1176f659fde7e1657b5328af89586fa7,3d0e9fbc47823d046911f28de3db85048406bbc90b978c1ed9bda9c19386f04a,d3671a152764a22fd96ab87a74c6f00bdfefea6c76c19327e85a1cbe8be18b4d,91596db3e703ff750a1dfa76189077b0a31fb58f7c31f6923d547d4dc40012dc,False,False,True,False,False,module_a_pass;module_e_pass,False,False,True,False,False,False,False,False,False,True,True
weak_signal,9,13301,event_recovery,-0.0028211405506821663,0.06981980466422844,0.9837123710056882,1.0028389000825133,1.021644011060302,-0.0379316400546138,-0.6626270170786082,72,-0.039684707288081045,3,3.0,1.0,b76dfc0f3bd2468c14aa07cd25c6b8078de2dabd2ed461315068097dac9ed91e,c4668d9d7ade8f48dda2c027c66405a891f4fcb5c3051957f8b3533a38cb6f2c,e6d530e17fadbacf26b01256773a0c7784d777095d4334a34f92fad024e66d9a,a22fa2b29b14116f5a23fa384df490e5fa3fa4d29a86cb01533acf7bbf76fe5a,False,False,True,False,False,module_a_pass;module_e_pass,False,False,True,False,True,False,False,False,False,True,True
moderate_signal,9,13302,event_recovery,0.262924301658789,0.3171764117128739,0.9923546259451587,1.156382713634287,1.1699199302826584,-0.17756530433749973,-0.9151765732432007,61,-0.3587338797340909,10,2.5416666666666665,3.934426229508197,34467b5924dbcb3f5771da7562482dd9cc59bd7324880e9fba7c45765a7c0022,748ef3d14dc229d5b7796c4152d953bec23816a7e8d617e57bece0804961c670,05c8c4ea4db2742ec08b392dd0501c319ef23573e435cb61b398c7a241f8dda2,40baa9883d7b3d9e148ffadb341c364bab22e0f9664d75d96ba21349a70ce450,True,True,True,True,True,permit,True,False,False,False,True,True,True,True,True,True,True
strong_signal,9,13303,event_recovery,0.7053735267368075,0.6947830617568376,0.8972360348837952,1.6544332578919625,1.6884081650036389,-0.7911721301198437,-1.119444940182249,69,-1.1187033128200063,9,2.875,3.130434782608696,b5758cb3fb0781db85f85d287623f90cbcf50a56ecd59e8449190b1988eceac3,86adc7c009bd3ff4ef22974d92ebb565707705ee1641e4db6dacbaa26c0f4d9d,99c2f47321349cceb9467bd68ad73d4fa91a933a85a663d01d3911caf1727280,354636d4fde574791f775937c72a95cfd7bba21a670fabb5f8d3aa88c1623b9d,True,True,True,True,True,permit,True,False,False,False,True,True,True,True,True,True,True
correlated_features,9,13304,event_recovery,0.23894331525663648,0.21980638518945195,1.062260658766122,1.2225405366105804,1.2435543605602062,-0.1812937017940841,-0.8149153401260381,61,-0.3802131018735535,7,2.5416666666666665,2.7540983606557377,dee889ef70ebd56d37505a6d251847a9a406cbf43eebfdcebf4178bbe02fd8f9,69e14e9da4ecafb7892e5e057cbc2dfb8eaab03585230847db31857e309fb1ec,7749a876ee8a030f987ad5dbc24e5dd5e9c9e3978fed16305195eafca517bd15,77c3c4e14056a569a573bab56b4e2476b3e678473b8617f005d887b4559a5a67,False,True,True,True,True,permit,False,True,False,False,True,True,True,True,True,True,False
omitted_confounder,9,13305,event_recovery,0.2937090964811644,0.3911892492743646,1.10895723732958,1.3282649555289454,1.370359678873278,-0.26140244154369796,-0.8640220529081752,71,-0.4258392809606575,6,2.9583333333333335,2.028169014084507,863c7f8eb31ea199e1b63f2441ebe04d6856e1a8cad323f209a846f8cf35f50d,65ecf173ce0092baa35c32545c16eb07366e4336401525360a9838d7257066ad,cce1f69a0f867f51ba924ac7ecbdae8680ea99f9b4739fcaa476847553f9964a,c984295a56daf4ec4ba62724099ecb9d0f378545dc0e74964d23f073fa938555,False,True,True,True,True,permit,False,True,False,False,True,True,True,True,True,True,False
temporal_drift,9,13306,event_recovery,0.22691605684770588,0.22764565736418463,1.3710004868120855,1.5603134069715965,1.5736606006909202,-0.20266011387883465,-0.8856244656557536,68,-0.36446148675080714,7,2.8333333333333335,2.4705882352941173,73c6b27fa34642d8028185927112c06fa0edd041bb1ee032b98e15e1001563fc,668bc1cf1ecaf2ed2132df907c7cbe739ac3436803efa09abd1dafabc135619e,96ea998d2f1e39f63368f493c599ee5d49f55d48671dc135b4e367bdc5feee19,7bcc705d5c326eaa28c347e95165265674ad536bd4c7827264eb925ba9be65ab,False,True,True,True,True,permit,False,True,False,False,True,True,True,True,True,True,False
geographic_shift,9,13307,event_recovery,0.44793225551766047,0.3708117136997051,1.0713915712253987,1.441974638936733,1.482791645613339,-0.41140007438794024,-0.5217203132019599,66,-0.589580091025963,9,2.75,3.272727272727273,ec70773675f61fbb879dbdad3841c6fd33e367655bab6253714f5e5d01f391d6,eec4e92bc81c93aa6cd48ebf0401ffee5219c9ac827d3e9a574c1bc396a53da7,a1632f66dc1c99b922ab8f6ac1a660a31199fbfade81b61751e0042d2d117145,c7d7bb2c8c5e8eef319cffb49c0c38892a1b832f373e09791d82d8df880e2009,False,True,True,True,True,permit,False,True,False,False,True,True,True,True,True,True,False
leakage,9,13308,event_recovery,0.9974460393606093,0.9923384242905375,0.047985983648642344,0.9568416368764606,0.9436277449704126,-0.8956417613217702,-0.6947794419006876,54,-1.1871624103263787,10,2.25,4.444444444444445,a51f47f96eca68ec7466852a41e6831a07e17734b249df9a3fbd04d981ee1831,fc6005c27c6573b41ac99a5c4731f78265fce5893735684fcacf1e93ae6fecd3,a6a09d72a10c0e95cff68c2b5446e3e567636537788849ce7a1ec4a5acb695f7,e1c57d9a30d4019142d5eb6dbfa740768befe5ff96a284b883ae95d2b6e47b06,False,True,True,True,True,permit,False,True,False,False,True,True,True,True,True,True,False
train_only_detrending,9,13309,event_recovery,0.28896661096905174,0.27056517118755175,0.984142149967705,1.1671293952567416,1.188542565475002,-0.20440041550729693,-0.7782158026792796,63,-0.49922320316508784,9,2.625,3.4285714285714284,01732f88b9a660c871c7ecb65796f24a7c9151aa01e602938274329f9c844f3d,e76faadbeace117cb48c058a1b4033304998e9a667a93febb1a5172e51876c15,8f22b33ddee529fae42855b24ce70a1d442b904c88280bdc4d4138e6f01c9fc6,cae66a56e99322b2e5047831225507b4a4ed185ced76608931a530f572447fd8,True,True,True,True,True,permit,True,False,False,False,True,True,True,True,True,True,True
small_sample,9,13310,event_recovery,0.382067134929033,0.12694809901753135,1.1028770156974868,1.4144773354198599,1.4418923017965517,-0.33901528609906495,-0.9321862042510211,15,-0.5637059816813939,9,2.727272727272727,3.3000000000000003,31741e2096bf701e5118b117ff639b8dc0bd84ecea2d85b16332e2bfda54f4fe,f5cc7b9aea03cb0dd2813ee134d170bae7901edbb8215885a5d0ae7074ca6ccb,df6fc043c6ec0a86305860cfd0bd20938f05e3d3e641e4e70129ad9f8ad2819f,f44718f144bf5e1340578adaf64add8abf3d344fc7b3fc8d8e6615e4b3aeac64,True,True,True,True,True,permit,True,False,False,False,True,True,True,True,True,True,True
imbalanced_tail,9,13311,event_recovery,0.40197735942920665,0.4917578044020109,1.094481557607994,1.415309259305658,1.4258109182438374,-0.3313293606358434,-0.8711505759378634,60,-0.6549010229108754,9,2.5,3.6,5842875056d464d69f04bc0a18e3aa318e7eadf04309485635914b48442c90a9,2dc172ebc3cc4a0aa493ca32c179d4557b289f997c8a0fa71765df6454ea381b,4a7b573eb10bdf04147a26ed8741287821ba0cc59ab720f7b1a594bb564aae3f,a4723c090e01d850b7a6d76676904c9b94a4b774c49020d6effbf90218e01e6d,True,True,True,True,True,permit,True,False,False,False,True,True,True,True,True,True,True
measurement_error,9,13312,event_recovery,0.14967480559651192,0.010218814171727653,1.2254809959561535,1.329539803253007,1.369445661710762,-0.14396466575460853,-0.8241303634593254,53,-0.2578208186602746,5,2.2083333333333335,2.2641509433962264,501ae7cc8a73285bfce392bde8c7884a00f2a8b7ce338902ebf2d63d1ac46035,08ec4f6c299a4e78f47803f9cdb534708afa76c03fead3c7ef4e00f4c197cc06,fb76c02357d7816fe2e8ad33566e6ea9960ca236f95f378f6a3558d8ec58290d,a905f3bc7f106e184ebc8f37ba906c4f142be877c26348c90a6ca5d4f9e35ca2,False,True,True,True,True,permit,False,True,False,False,False,True,True,True,True,True,False
spatial_resolution_mismatch,9,13313,event_recovery,0.03624700904979017,0.029619089644402408,1.1156877767788427,1.140304916622463,1.1583124058339138,-0.04262462905507114,-0.9005135940461588,51,-0.018468840012392906,3,2.125,1.411764705882353,947ae3deac0b315810b55f3a8357ff9c58d878dfdf947f6c89cc1010f2051fca,65fd59789c4ba980c5e6ff27bee55258929e0f8e4726e12a67dd96756e363761,79c3471499dee6c8b9efd6036e086031af8af9c6c66180b1c8658fb513ed6b0c,4131e5b22fee45221be6c798ad1108e73a4f2e988d5c1417d8df53fae60b933f,True,False,True,True,False,module_a_pass,False,False,False,True,False,False,False,False,False,True,False
no_signal,10,14300,event_recovery,-0.01622130081306894,-0.052742955219761356,1.0518441566226624,1.0440407744366242,1.0651296422496996,-0.013285485627037241,-0.7512842813727432,56,-0.03417848631495812,3,2.3333333333333335,1.2857142857142856,d5aac05b090d09b338715d26defbd49f4036f06024389d9ba023707b76904dd2,66108d1fc85551f33be78e3cf2f3975c80b91d9f0e3a7550132a6af123fe7d1a,a050a36a2ccaed848e78e0afa4bd76b4c91012f31a13963f0c80a88543e82a07,382b3f003644c555a110f890b20adfa01c7847483596a95f3d62f380725c7b86,False,False,True,True,False,module_a_pass,False,False,True,False,False,False,False,False,False,True,True
weak_signal,10,14301,event_recovery,-0.031176869413815922,0.06620762808383884,1.1299315722839318,1.118599788802717,1.1272853352320606,0.0026462370518711698,-0.7896632940330209,58,0.03051649843455717,4,2.4166666666666665,1.6551724137931036,edaa37ccbb138cd5c8b39db38b42c530eb00ea48504c574ab9e318831b3b6883,b3fc2bbdd49d6d5c689fbae41ef969a99a407c4f5d4b7c9d3db6b5c13e321f5b,b93958fb716100f28a2361173227f851cb1d80925d5d15eeb47666e196c1e735,2f3a66e52b4e6e66c6b1ba9b0efbc9ad3bccf00629c7445ba0fe87768070ff38,False,False,False,False,False,module_a_pass;module_b_pass;module_e_pass,False,False,True,False,True,False,False,False,False,True,True
moderate_signal,10,14302,event_recovery,0.30141543069460053,0.28402734570633814,0.9683786122324795,1.1589142343463985,1.195964956642836,-0.22758634441035663,-0.6554826276582096,65,-0.46469259096415216,7,2.7083333333333335,2.5846153846153843,c071749cf46584b649aaaec2f4ca20730f831819e952f1d82f9d60bd3197e175,11919515db6669d96666389d1afc75620a064b7281084ce472cea851c9efcf5c,78a7d37a21f1c9202ae5a8c8af9a253eb5538ff076595d8282839212b3ea7ced,f094bc5d3a2b5f5dfaf5cc53e461048b0ea2dab4aa6e9aa6bd55eabe1905d290,True,True,True,True,True,permit,True,False,False,False,True,True,True,True,True,True,True
strong_signal,10,14303,event_recovery,0.6158773414058613,0.6470974765917084,1.0275355670344857,1.6617038373943385,1.6631335723329883,-0.6355980052985026,-1.0806465573631572,63,-1.123904964972206,10,2.625,3.8095238095238093,ca42a59703c35de8a4cfbbeb616f617454e1b2b00402324ae207f8b771717447,500fdb37d44f0695b1c2ed8f67d3cceb8628a3ed0697f19603e3e280fe928a56,c16a5f30d8af3ce2a26fabd74728f3178dba0e20c1b9edbc631550a0c22662e8,e3b2ca1f3d35d8caecf504f5c02d9accb2f961bf0cabd94002578ec5acfc127c,True,True,True,True,True,permit,True,False,False,False,True,True,True,True,True,True,True
correlated_features,10,14304,event_recovery,0.24937624534827996,0.3311503613002299,1.0137117692249251,1.1731383093549896,1.1799369627795975,-0.16622519355467236,-0.8272901002297901,58,-0.3447111563115701,7,2.4166666666666665,2.896551724137931,31174dd1a8d2fa0f019eb3bdb2ef580190710b79a23f10e7640cf2c074c78471,e0c2c4ddcb140a08935e26f92dd9ef39c8b4139a3c9bff41ce70db7b083abef9,f675249fbc8fb4133f7fb997523a007b8ff3bd1b4b8da0214cacbcda81234a11,eb1a738f6f7a47c7f57f83cce758a258365743175fdd6c891b48085c032fdc4f,False,True,True,True,True,permit,False,True,False,False,True,True,True,True,True,True,False
omitted_confounder,10,14305,event_recovery,0.41742047699768403,0.35411102487946255,1.0185899582493179,1.335757294288632,1.325946724370692,-0.3073567661213741,-0.8849189763333712,67,-0.5613427989093076,7,2.7916666666666665,2.5074626865671643,17ced39c9df553aef5d8d67203f4c585266d7d49d725a7f4c0d36f199d0f5e92,275e2b2a35715a9964125695a6e70ce8d9ff2ebfa38416a4eb85596cd9ad5b95,8ea529da79d5625178f1137dd473c6fa27be417f3fc7c801d8bcc4e6c647effa,346a7e64b49ddee0bb11bc6cefce58ad67f927eaf64dbfae86d01002f78776f5,False,True,True,True,True,permit,False,True,False,False,True,True,True,True,True,True,False
temporal_drift,10,14306,event_recovery,0.25078902385148216,0.24200953498653188,1.492479743193139,1.7385325859483487,1.7677917670962138,-0.27531202390307485,-0.8790661130024642,91,-0.37469708362084475,8,3.7916666666666665,2.10989010989011,3ea3265182d14a36dbfc85f25f17170cf950030043abc34ad8a466b8c8da5b30,c2f28404800d29b553579800adababe7444ebb1c26e8873387511c7a6b30d8c1,a1da83f38f5301cf66a11272a8fef43735311a65f060f162e31003b204fd6e36,3a27a699c890e0bb1bf3bbc56a5f6d36faa5d9397c155206af71cca3646bd29f,False,True,True,True,True,permit,False,True,False,False,True,True,True,True,True,True,False
geographic_shift,10,14307,event_recovery,0.3840365442116186,0.45602600886384514,1.08047520791648,1.3787459890701224,1.4167501099834998,-0.3362749020670197,-0.5190023611689498,68,-0.46964070476927056,7,2.8333333333333335,2.4705882352941173,36d5960a1b78074ce3a833148637f14dc67efbe954683e3830df53ac826e72a0,89682ca91c8b18b553d5ab6e234c00509de2b500a25fbbd8e170e8f00d6ba300,aac69a8da7bf4b8066f85730edfda5767d05ab5d8bc947f349ca7b9bd8e68ce6,258bc0d37df145cb65af9699782fd4c545463901286332d7f2bee027edbb143f,False,True,True,True,True,permit,False,True,False,False,True,True,True,True,True,True,False
leakage,10,14308,event_recovery,0.9954282573025001,0.9961857527250002,0.062222541342665645,0.9226947822322258,0.959710024830784,-0.8974874834881184,-0.6651260509867787,55,-1.144756075314653,10,2.2916666666666665,4.363636363636364,a4fd3fb67eb5d1612ef7c07fba22bd2bc2874b8ac7530e2e1001498bec73fb45,eedb20d4ee355d9491db3f6d8fb19805c64751ece2797087e625061838187f81,b2bce2d5cc79589db48fe4f86b536686043001246c74e63aa6cb5bcf5f16830c,a63b4b9d68e51a83d8a7f9bd1285488de92a3d8fcc3574a1b62ab11300f407f9,False,True,True,True,True,permit,False,True,False,False,True,True,True,True,True,True,False
train_only_detrending,10,14309,event_recovery,0.17108884408516245,0.39506609131557513,1.0050678055095343,1.106656929204904,1.1270804868466082,-0.12201268133707388,-0.8197478376237269,45,-0.29738536216961564,5,1.875,2.6666666666666665,5383f4fd09bcaaecfebcb1c1ad99d2e482b0bdd16c4c0997c6604c6dbc0f6a44,e9c82fd6a8cad6fbbd6fe76edbf587cb933017ae37940667b323f427a043d851,0ad55d442029f7e78cdad591f0a6f7e2ea0f0baa0e9e7f1238b444455eaa79df,47488d844b5ff2dc9c64f5bc6d4a5802f8cd9e2b167c9ac95a1fb09a70eee14f,True,True,True,True,True,permit,True,False,False,False,True,True,True,True,True,True,True
small_sample,10,14310,event_recovery,0.3077336915814023,0.28067431138352117,1.0500957676360925,1.2647256530190534,1.2321876321123384,-0.18209186447624592,-0.9084263377739416,16,-0.4192123107132242,6,2.909090909090909,2.0625,dc0379a200efaf82eb4e8f3ccf78d596ca4297d22115f2b7411124b352517c64,564571f0e4e85ecbcd5b9c0865d74fcd6865789b5802410613154821c0e7ecf1,1dec656d9c222e649d96c17c6706ac7b84a9f2df0fba26ec966947d2f9a32bc3,6d16a1bb79886b9d8594316870a8559d4c722ea4fca06c5c7ba610fe7adb982d,True,True,True,True,True,permit,True,False,False,False,True,True,True,True,True,True,True
imbalanced_tail,10,14311,event_recovery,0.3866152878451202,0.2775730702243545,1.1567776949149038,1.4821092024536284,1.5393397642206084,-0.3825620693057046,-0.7607737295180282,74,-0.7005532653500579,8,3.0833333333333335,2.5945945945945943,2c89a3f896e240bab2987145ec2b7cc210ba746c54cda2d9b9cab1a0da79bb8e,b5d1caedc6419870b5908e129c960a704c35f93dfba2b1f855d458c2145ba3b8,092a582661e4ee72a2c8f008187b481c0f6ae13d8c1cb4eb47322b5017ca3665,e8a505362a791bdfee8b7aa1f6f3aa57406b59a79500fd0153b64b45c83d5665,True,True,True,True,True,permit,True,False,False,False,True,True,True,True,True,True,True
measurement_error,10,14312,event_recovery,0.09876989941460945,0.0898052164058778,1.2000649322947552,1.264517101423453,1.2930247971916893,-0.09295986489693409,-0.7775452039705638,60,-0.21886370598306581,7,2.5,2.8,4b9c47966baa17ee714bbfe9b0e0a5cebae4c84fc829f4362b0232c791fbcd51,bb9cf686b62a01e3d7ad180d9ef4f25286a65fa037cd134d0af898a4ecc18ed5,a38a9300ec3db0ca03746bfeacd34482af8020117b1b6d31e121fe3b6d4584be,d88b09c980e027a0b487c54b413f301a025a4f2ecf800526681eb0e107b838fb,False,True,True,True,True,permit,False,True,False,False,True,True,True,True,True,True,False
spatial_resolution_mismatch,10,14313,event_recovery,0.019779837451779025,0.10644445104359501,1.1169794298051476,1.1288701695822407,1.1412910462451933,-0.024311616440045647,-0.8464254862829822,44,-0.0053920907631366255,3,1.8333333333333333,1.6363636363636365,e1e472fdbcf02c3245afc2d6abcc602e435def9b07b7ac0beea31617da017ea6,a26732212aa9aee7c093b529b51bcd36b6df69468869f6bcdb4531b7af3ce34b,55e18285c092b28e3ccb06afb139022b3667ccc5dcd97c200104c23f8fb198e3,1fc904c9a928a106f8fe357920b7f7ac4dc95ba7b141391702eed60e562dea75,True,False,True,True,False,module_a_pass,False,False,False,True,True,False,False,False,False,True,False
no_signal,11,15300,event_recovery,-0.0026546717879158965,-0.07718781602635794,0.9470892445539499,0.9464553773979493,0.9583117530964128,-0.011222508542462872,-0.671244102335046,52,-0.0034937238648229396,6,2.1666666666666665,2.7692307692307696,761df173a0caefacb231ae68118cbf826cb483784a02259da9de9094af2798b9,6f4a9449243f390504aeb6423898867e1d3c43c5672ebbd590a48d0b8867e88c,0e2c95444497e4d82ddbae15fad2e95ca373bc94e2efe065966327487739774e,f747c2e778fa9c1083f0aa7a618cce8e105ac4edd0f3ec8ecf518876af9ed747,False,False,True,True,False,module_a_pass,False,False,True,False,False,False,False,False,False,True,True
weak_signal,11,15301,event_recovery,-0.021856254334649883,0.013080334615678257,0.940173815454309,0.9301551654641638,0.9462215062845372,-0.0060476908302281585,-0.7594464907222921,60,0.0007781951838250478,4,2.5,1.6,44a4e7c86ca0db4f2039588215c970c0cbb66a0e1f6bc71cd72b297a78726cda,68203f696b7c5c39c83337d011f402bd85be99fcf75566a5af22da6541337059,2e2aea78e1ccc61faeb53b8aa927f70f98f6287eb189f61ac1c502c6e41b2268,0ae4c743ab909e3ce89ed43d00dfb04cd5fe33439e7221fa2e64a97b55a9e664,False,False,True,False,False,module_a_pass;module_e_pass,False,False,True,False,False,False,False,False,False,True,True
moderate_signal,11,15302,event_recovery,0.3370469718944419,0.31695708408983825,0.9485191901304474,1.1773901478094237,1.1942793391993616,-0.2457601490689142,-0.9191585620216376,44,-0.43811931622540135,6,1.8333333333333333,3.272727272727273,9e4bd2a6801d9e995adcf106a1640bb2fb7656587908b220dc1911e94840b294,ef16e1063a14887e258bffbee2e1edbb417e67415f2cdc7552bffc3fc50cfd02,e1b61756f2b9149555ef5a4d011828b299a2a049dab23f7bbde02dd2df58d8ce,c03c3490a9bc308ef22dd69c031d60a10035836b050462ba20011d0e4df7986b,True,True,True,True,True,permit,True,False,False,False,True,True,True,True,True,True,True
strong_signal,11,15303,event_recovery,0.6536734645307437,0.6459514190042388,0.9934283881039584,1.6881933085099143,1.7072536430847989,-0.7138252549808405,-1.2357594672365604,58,-1.217131399358782,9,2.4166666666666665,3.724137931034483,6106933ec8da914efae86209c8568c9995ab166c1f114567909f3246af1363ff,2c70ba610b3550d0b36857104449cf4c293539f46e2838a2620711af041e7dfb,82e70128e68549a2403b5062d324af88d445e90e65f3f59d8f9351d8828a0c61,967d9657218e61f062f0ded9cf7aff0a3b5eaffa65dbe1581de6a0f1022fa9e9,True,True,True,True,True,permit,True,False,False,False,True,True,True,True,True,True,True
correlated_features,11,15304,event_recovery,0.3124775543121433,0.30938923066335644,1.0418226981671346,1.2653266073709961,1.273841287965632,-0.23201858979849743,-0.769851750300156,70,-0.38729955723054177,7,2.9166666666666665,2.4,ba4cc4231e359d0366761716c3dfe487f5a6a982d8ded66ccd50d84709776386,f9b41529ef458f2ca3b94153d2d9320e9a35678a86321416abbd58a0dbe02823,594f7723789f9ce000d5aba82032549761f1e087e696bd72206e383c7344a96d,1c4fb9a702de9166aa19d07f4e946d906bfe50007340ea509eafcf2800584ffb,False,True,True,True,True,permit,False,True,False,False,True,True,True,True,True,True,False
omitted_confounder,11,15305,event_recovery,0.35346907214502166,0.2884729310368941,1.0035465639384418,1.2481798953945056,1.2779587943850244,-0.2744122304465826,-0.9229046912428607,56,-0.5755831157915268,6,2.3333333333333335,2.571428571428571,76c81a0f612da6e949e902e7b77cabf0c5c23d223a72f94c1beccb16be216383,2e510d50a12b749df6f81c45933ecc10f911c7c3d47047afc4ab7e0319baa893,7022b772af870002dd6459c84630771f15263b830028ce4cf76221daf63b0810,d54d11124812ef1bd1179b805c006784a28ab72881f1e379a1cdd196e917a932,False,True,True,True,True,permit,False,True,False,False,True,True,True,True,True,True,False
temporal_drift,11,15306,event_recovery,0.20148822207002148,0.26368474292852384,1.4568081099439225,1.6306969768100097,1.665322278648921,-0.2085141687049985,-0.7619062557389763,81,-0.2577689863714383,6,3.375,1.7777777777777777,baffd9428bfeb1b4ae77e6dc24866681bde5c4554db5d4b324d829e0f71e060b,675af0169761e73a45c9bb677a855f4b9c1d5cebfd18df520b689e1fc8eaeff1,a50e95dce694c3f9f790772533dfaf3d2776252b73132ec8ccf0ca5ad063b8e5,ea5a5743d4572207d3c565f282b40a9273d9d3596bd2004746e30331bd19f4f9,False,True,True,True,True,permit,False,True,False,False,True,True,True,True,True,True,False
geographic_shift,11,15307,event_recovery,0.3529663382036119,0.4148418173202574,1.0992429569857949,1.3701222997186562,1.3490729956079799,-0.249830038622185,-0.6848246978818203,52,-0.5534615979544226,9,2.1666666666666665,4.153846153846154,410b2e69a095dbaeda0a68f83e4d13984074cfb37e47e63503aae046fbec3275,f707434817177b613266373122de6a46082c2df6f407d2363b7f4a591df54ccc,c626b71323156beb53a438c8008afff0744dab50851dd8c7cdd35175fd15299c,8cc43b5d3586ef8e252e7ac28df58e6bd3262b1cbaa92876d3a9755cb8361b5e,False,True,True,True,True,permit,False,True,False,False,True,True,True,True,True,True,False
leakage,11,15308,event_recovery,0.9909695960232483,0.9909777996918978,0.09885416614050589,1.0403255306736308,1.0363146493776996,-0.9374604832371937,-0.7082150268150891,54,-1.3566588338692376,10,2.25,4.444444444444445,f6ab45444f3db08e208280affc54ebf2e83ef8f7c755556709af5a43759551f1,c8752e90cb34ad54ebebde341f87ec9eb4df02b2e2c25a4d42352a3f381cf29b,5b9cc571fab439672808a9c6ec85edc5cec89af60e6c646544d581586bcdaa7a,956de1346ce047c2bb9b89a27076ce667c23c8c9b20f9e784e28d851ac939977,False,True,True,True,True,permit,False,True,False,False,True,True,True,True,True,True,False
train_only_detrending,11,15309,event_recovery,0.3494683258895519,0.3709753348900391,1.0035971502352363,1.2443128309956284,1.2512671228409848,-0.24766997260574852,-0.7163129478692574,58,-0.46733240870300063,6,2.4166666666666665,2.4827586206896552,f66a937bc3d0368da27e54cb25281865ae2b7507044f574f2e7d00153b847ebe,9ed23bfe6fadcca2d3a7b09e8c1840dbdda8226d00f45b2b67e0491a45c1f254,b06510ceb6b844a3430c7ec74fafa1476b6b88b253e7921ac668a86df1f7762e,5b6855535bee1694227cf1276c74df8dbd1cba8024b778941c897e26ced8fc1b,True,True,True,True,True,permit,True,False,False,False,True,True,True,True,True,True,True
small_sample,11,15310,event_recovery,0.41479934825284925,0.013221065145867406,0.9417550064104627,1.2313716879478684,1.249549802122815,-0.30779479571235235,-0.7641596814210586,15,-0.4598339446808344,6,2.727272727272727,2.2,95c1ec8eba8db326168ba7904dbb6892361c3db7aaf8d7e3ba9c15ed0d95ad95,aabdf0ed5f5705a130d23649e7d22ec5600c82198462e94c0402a90f3288a912,09a3f2251be0ac1e83108687dc98e278f949936db6d51e5fb37ab802efe97fb7,18c087430d99f2c3ea14c6909f40c8976579dd7a1401f5c3cc6f33cbf1e6b9a9,True,True,True,True,True,permit,True,False,False,False,False,True,True,True,True,True,True
imbalanced_tail,11,15311,event_recovery,0.28446881478374797,0.5320020880781171,1.0097927258979966,1.2046146275024676,1.2232859062601715,-0.2134931803621749,-0.8344668638852968,49,-0.3948052098976276,6,2.0416666666666665,2.938775510204082,6f936adc26b12dcbfd157aed2ec7d66eb2b45c1b96b08fc53744551f7ce3db49,5dc5f7ed049dc5eb067f770d636723cc265ed1fe98aaefe2496552afa2229f03,3e58d8fddc6a9964f3157abd96cad9fc5eeb0103479d5edfeb639d1a526a2531,68314e3d249b28e56dbd4d26d7beedd78d74855b31d2b7ad63dbc5e784ba5239,True,True,True,True,True,permit,True,False,False,False,True,True,True,True,True,True,True
measurement_error,11,15312,event_recovery,0.14111199242933903,0.18328987304326094,1.1245901006686416,1.2141724508087632,1.2316156412789363,-0.10702554061029468,-0.8757265226185462,52,-0.16845777746078383,4,2.1666666666666665,1.8461538461538463,f4a752b8df7e52ce0f95a29e54d4c073558720e3964eefc4601d8acc3491ee28,d555589cd230d232518879e0a6401751c676592a3918dbe69da9d9bb7e7ad60e,710abd4a36a23505252d770150d9258210ca3436374130253af7b55cbd16d912,a4305bd83722935904bcd1357ccafeeb152df5de8ee822c5d9cc5ce470167ab8,False,True,True,True,True,permit,False,True,False,False,True,True,True,True,True,True,False
spatial_resolution_mismatch,11,15313,event_recovery,0.048609555219804035,0.05725395777028586,1.2358485360741003,1.269420838168122,1.2754633906874595,-0.03961485461335923,-0.8067058456938994,66,-0.12936416783796845,7,2.75,2.5454545454545454,cb4dc03830a68930aab0239c704ff4b98c7af98313309d4d226d8f4c525d61e6,479341549935c23f4d6eb1d6a9f9d4aea779691160879e2d60340bb09a93248d,cb82e6b7ffa09e5b253222a61a0bb22df5689cd20f4be12f5779ab4bfa8cc4e6,40c65e728ffaf1871f2a7bff51e85b4e319adc9f204bd6ccd48045425950a2e4,True,False,True,True,False,module_a_pass,False,False,False,True,True,False,False,False,False,True,False
no_signal,12,16300,event_recovery,-0.030487149947200143,-0.07594291930617114,1.0682166426527568,1.0603339295253473,1.0643492447304117,0.0038673979223451393,-0.651089655212082,55,0.015937747556385995,0,2.2916666666666665,0.0,3ac57f5fce4a71374832f30591e5c994514582a81953378f4c064d1065ea36d4,61427079d81753327b93692a5eed86b3072c0951da7b68dad9796b69ced1d0c2,d363f52eba422108ad921bb5ea82189360c821d0f4c80cb6d348468b98408191,45a3a8a800733f2e2fbfb0128cc4484fe50b23cafc3af982dcd13aed2a9af0b0,False,False,False,False,False,module_a_pass;module_b_pass;module_e_pass,False,False,True,False,False,False,False,False,False,True,True
weak_signal,12,16301,event_recovery,0.07382520665064551,0.025246213285344488,1.0671653020452776,1.110728013509662,1.1185999778807085,-0.05143467583543093,-0.7140045041202666,66,-0.09208082020702246,5,2.75,1.8181818181818181,561f0fc3c8f0c3672004a7d67f3a9c0fbfd4500c0c06a779aee7fcc5ef0f32f5,c7ac0fa7acf9e3cf66c2376f8b0c5e39c029e04093cc086445096072276ec2c7,c797a9b1dfa6bcb25be52c6daa6a44bedc067f07efcf6c87390b6550f6397df3,2ebd03a6edf6c80cc0c363864ba1039b7023e0156b8df7c4794d83228415712e,False,True,True,True,True,permit,False,True,False,False,False,True,True,True,True,True,False
moderate_signal,12,16302,event_recovery,0.27183782857390293,0.36693154582143805,0.9949070110020564,1.1708554265532605,1.2036944267272176,-0.20878741572516124,-0.6700405461525161,72,-0.4123764245133228,7,3.0,2.3333333333333335,43b665c4be6e5dbed96c04fa736ba059bdbf08d1981e4a093f72ebcfdb8aaabe,ba0007291e42df8dd2b4807edf5a37021977d0b81416778ca89bdd43367ed29b,b1203b0dd9f53f917906c89596c90e4ef1ffdd6dfc88852866a69d6fcb4da281,3512669e0f6e1aabc3df61b00eb96c368f080717023d53cae856d41b7455175c,True,True,True,True,True,permit,True,False,False,False,True,True,True,True,True,True,True
strong_signal,12,16303,event_recovery,0.6395084056105083,0.6257194279133491,1.0371716779536642,1.73208606198679,1.7897443423078498,-0.7525726643541857,-1.2164643911511193,57,-1.166591797047593,10,2.375,4.2105263157894735,7bf5427a33b65f30764bdc034940a7f813c943b8f46aa6497267ec194e75c2c8,96c6094895dd3d11cb897ee39ec1d416e23b1af3a9e9f4b1abeaec92c7c424d7,fdd3cfdccfda84bb7dece86a7b2e0d95b9a2fd438a157366a420d755f7ec6d64,bedd93f7f9da80eae26cc25fcd474d0e1f54312c73923d76b7c3cfda10e9d11a,True,True,True,True,True,permit,True,False,False,False,True,True,True,True,True,True,True
correlated_features,12,16304,event_recovery,0.17031344055351405,0.28679927609937717,1.088076257522937,1.1953128347783348,1.2397152222195944,-0.15163896469665739,-0.7954886007727462,63,-0.3369332051025469,7,2.625,2.6666666666666665,b5fb87feb546fcfa8701fe7c5fa83bc02c62e44061763d745483a2b38926550f,43a445ad4abf8e8548e05ca130663b1158153982c891e29a8d085b637de936c4,674960c4d174a99b0c5046b3d584a1a7c45a17df49f86dad2bb8c1b7381bc8e3,2f5ec384a38454e7f3d6fef3acd66c446c8cbf6e623eba2ce90e74920a19bfb1,False,True,True,True,True,permit,False,True,False,False,True,True,True,True,True,True,False
omitted_confounder,12,16305,event_recovery,0.40605376148814665,0.36319826929855814,1.0436076843884878,1.3543847791439212,1.3613918429354361,-0.3177841585469483,-0.986900589265828,52,-0.5882240619045747,6,2.1666666666666665,2.7692307692307696,8e85d1faeff7ba3c321d8c3ced5d3461db305c7b7a8fe3bcce8fd12e9be5284e,7bae609c8738c149f550a3713f8d13e0506bcf116fdd04af02cbd13974d3b9f5,4d87d742d7db665456cc53e6de947a39235b1795d8d9181ab1737f5b8bdd6d33,5da315dd394bcac249c64fb2ff9ae8ad6a84e1122a029db4b3281342e81f1c83,False,True,True,True,True,permit,False,True,False,False,True,True,True,True,True,True,False
temporal_drift,12,16306,event_recovery,0.19304287883478588,0.33793149694604985,1.4968187983384245,1.6671252534920358,1.671964524932868,-0.1751457265944436,-0.8497332887591512,75,-0.2597838523437006,9,3.125,2.88,40356e57fc7e8e5b6a4cb6a07a981965fb72fd37c0469797fda732742eaa0ff2,1755e2096d166774765c3b924dcd68e7c3727313006efc1567301b1654532fc0,a7e5ee7002914aa49990980dfb8cd16cf30d07273efe02cfa2e48ac4e596a500,81a3bf1d6693cc5dbfc78a0c4d50608c206e7432d4422bfa04229c34813b4fa7,False,True,True,True,True,permit,False,True,False,False,True,True,True,True,True,True,False
geographic_shift,12,16307,event_recovery,0.4666808554867852,0.3553593478443987,1.03519416649147,1.417560667616969,1.440503397561445,-0.4053092310699751,-0.6614919556573233,59,-0.5642204606529144,7,2.4583333333333335,2.847457627118644,5fbd7d519e6118bb2a396c14aebe2654aadd20d63651c313543ce2f7d29a175b,42d86237dbcefd077d74d46d3f55108ee0f7cd12a94cf5565432d5874a721848,68278f2d96a8fe34fdb2372afab0a397cec4e788378407eb375304ad6604c3e2,560cd60eae4a98166a85f107cc5b6b2d093dda5e2af9c650d2164dbdbd06f6f4,False,True,True,True,True,permit,False,True,False,False,True,True,True,True,True,True,False
leakage,12,16308,event_recovery,0.9976941720220531,0.9889418524221492,0.04850088844949001,1.0100348359260753,1.017426286697129,-0.9689253982476391,-0.635679061178577,70,-1.2411900060574415,10,2.9166666666666665,3.428571428571429,424ea67d62075e12257dccc730efe184bc9ea4b86192cdc5055cb34c919ec42a,925bb8436760b4daeb63f7aab34f2e5f459347921c0a94b0a35a8983176e6852,1bfed4954e1561887f5ee8e69c87223d8430b13c32dcd1cd82c3a8889fe4c6af,a0da70701aebf3295a50fd34881aadaf3f6621f5f52a8b74927e156c3153a3a7,False,True,True,True,True,permit,False,True,False,False,True,True,True,True,True,True,False
train_only_detrending,12,16309,event_recovery,0.29261785088591474,0.2109472672527255,1.0230975233544313,1.216828129735164,1.2199604356186937,-0.19686291226426245,-0.9000652382676387,52,-0.31676573850966516,7,2.1666666666666665,3.230769230769231,df67e4f9b7440a9b5d2fa3f37254981abc349093358dd4cb5d003bd128c60591,510a2a4005f9e79d9bb58763b7e59999a5d28f80c051fa238594a547fa0cfc8c,b02a1f829ab58f16446b885e68887ff9ae802f2422f6d8f06b250f1507ec549e,53de3eb21d6fadf9ce4de3cb2f564c503ad68264ab06f63f6d88bad4ddb1e43d,True,True,True,True,True,permit,True,False,False,False,True,True,True,True,True,True,True
small_sample,12,16310,event_recovery,0.29098535430133454,0.32384968424377447,1.034488501148413,1.2290301996261406,1.2701051501158012,-0.2356166489673881,-0.9428783308161015,12,-0.48301725249793304,6,2.1818181818181817,2.75,c6ddd1427add4db835fe11477b1c2a39e24c49769f9a1c277648051ec90b30b5,9a7246cb0cabec9047f06d5d04116e842f69a6321bbe2a12c628c82fb67df0ad,a65c3d31a992382c26169940b721a0c30eae3245f2bd17393f7994a5606d2226,c37f138be395832ec9be090a1effeca77af8ca8f83b0abe56035f1e1662221e3,True,True,True,True,True,permit,True,False,False,False,True,True,True,True,True,True,True
imbalanced_tail,12,16311,event_recovery,0.5062526444053097,0.5653757671651986,1.0011751185239812,1.4254395906374013,1.4490515502858223,-0.4478764317618411,-0.7329344410887254,63,-0.8603126536349961,10,2.625,3.8095238095238093,1b86951fe35caae691fbb083ac409b9edc75896232f7468021a8757ab09502f2,0c78d3b113da3a5b57f5732e11190dce7eda39a609352103c9db2841073691d2,25db73cb1a371ff946293a4ba9fdbcd7a0dd5678d50b8bb685bc25e726d5dc74,e1c7db6370291e44340709d15d297c48063077b672434f5203d078606a3e0627,True,True,True,True,True,permit,True,False,False,False,True,True,True,True,True,True,True
measurement_error,12,16312,event_recovery,-0.015074886633266837,0.1275062198643726,1.2056197788492171,1.200031796729651,1.225014607953138,-0.019394829103920985,-0.7741886407927193,52,-0.06072284882805512,2,2.1666666666666665,0.9230769230769231,f2f398c938046136c94b750386a555921234be1007b0c3f4fbccb985e90b107d,24de13c43423abfac9cd482d1e1bb15dbf3a176bfbe730151392e88010181f59,345b76ceb1f8e53a868c08aa2a2b5c798e66256c8c2e1a0cfea97073e6451f35,d6544d44a96d5c79183c2b06bd99bc20a9619b7c30d2c95872955dd9738de5b5,False,False,True,False,False,module_a_pass;module_e_pass,False,False,True,False,True,False,False,False,False,True,True
spatial_resolution_mismatch,12,16313,event_recovery,0.04914353484655032,0.099124369982592,1.1842458858797027,1.224411593011616,1.2442230964236962,-0.05997721054399352,-0.9139994293851176,60,-0.08262999554247896,5,2.5,2.0,6ab70bd28be1029b9a36e0e0b7aa19f4c63aa48eecce70d4573469c2047fe546,aa27554dd91f4e7cdd4b294909bd2b9956f37c2dcb8baca7e26f8660f1239691,3923852da456b73b2ad818434d934210deb1244788a3cdec429a2a1ea9065a67,2dfc55f4891f7313f17ac6b0c49228af20d51dc33e12066d36466da718bd8f52,True,False,True,True,False,module_a_pass,False,False,False,True,True,False,False,False,False,True,False
no_signal,13,17300,event_recovery,-0.028647075239491393,-0.023131740413315116,0.9607147134682424,0.9481099251810644,0.9569259211893364,0.00378879227890605,-0.653115714770107,72,0.008157336325805842,6,3.0,2.0,4c62bb520400aa02e9e7332241ee11ec80feeac748c4365408813ca07859d444,a1c4f921c6d8c740015ef5e4afa25346327008b9e9f8a854438edf0de6bb225f,5a558d39ffc84f62a2d526dc2cd3f049679fb0e6cc50e2a55c845a6c23215bc1,3cd4df2db687a13b1e064a98b056b11f968eac5e2d9f31b10a85a16409276ebf,False,False,False,False,False,module_a_pass;module_b_pass;module_e_pass,False,False,True,False,False,False,False,False,False,True,True
weak_signal,13,17301,event_recovery,-0.010119566535990776,-0.007094110429150202,1.1174102541728252,1.112095359955737,1.1074186200145792,0.009991634158245999,-0.6841710218082366,72,0.04105684233943219,2,3.0,0.6666666666666666,0638b30bb4a0b94c2659f3bbd8bdb184d8c72cd7d77c3ac54320b2e7904eff37,06af4cb41ae2ce9e7b0284fef0e179abbdcee7572d3a00fa2fa4e4eaf620b7ea,16556ae5067c6c89876b6931f7c44a901a301f1d5273ae513a457be6f593fd40,62f7c6f4ae7ee5c53d8c8aace6d44514c37c798e72d8348b6608ffdb60f93750,False,False,False,False,False,module_a_pass;module_b_pass;module_e_pass,False,False,True,False,False,False,False,False,False,True,True
moderate_signal,13,17302,event_recovery,0.2196718878205255,0.33883754047628656,1.018899947554219,1.1536212603704294,1.1699875102599735,-0.1510875627057544,-0.8800000093043752,62,-0.33178658127995386,8,2.5833333333333335,3.096774193548387,79d4da3ea43f60ef4646f5a845f4386ae9a6e9d3c38e6604576e619b78566772,330f96e9e6b1d157b360544f1917e7a30042a94abb6088df9a785f1b1a46488a,eb79961bcbafe2ae1a8deba5eced54921cdb833f8a923f546c336147c9863092,beb2f8ebd4cf96340537cf80dfa9ed8dee3bfe8092cadfda61f9f2315962f5ac,True,True,True,True,True,permit,True,False,False,False,True,True,True,True,True,True,True
strong_signal,13,17303,event_recovery,0.6282579781119624,0.644088947749192,1.0067372894058506,1.6513108954616735,1.7124269516597668,-0.7056896622539162,-1.059140538181995,70,-1.0467688291897064,10,2.9166666666666665,3.428571428571429,2bdb0b7779e3b04a7bcf187785560f65984c5824c14d8c75ca76ddf0332d96ea,f2a00e4f1bd193efc891f0e17121577060525405cf63750b83c493a13bc07837,a93ccdb244f1ce6f6fb3ddcfd868ee12c872564bec756f3b8715da58a9511a1d,14d02b7ccc38ce9bf1fa751b3ac106291d24e6afae268a17f770ebbaa4863a67,True,True,True,True,True,permit,True,False,False,False,True,True,True,True,True,True,True
correlated_features,13,17304,event_recovery,0.3599010997708313,0.2702365231084288,0.9539836669669034,1.1999559692183666,1.2465959850086732,-0.2926123180417698,-0.7720549116837504,71,-0.4738683521894944,9,2.9583333333333335,3.0422535211267605,18be95cb826c3e0323b649299c5ec760136fdbfc230588d3a514f6f580a0e381,7edcf80d3f03075762dc69a5413b6b01331209fcf331dd0f49876f1df29c7026,cb2086270345984184bd0455a2b36b1bdb0e7b9e8811b248ed20a6035d2549e9,9bb59c7a7f3bd738d67308fa0b123e243149844c1b3cb5c9e88383d62334a313,False,True,True,True,True,permit,False,True,False,False,True,True,True,True,True,True,False
omitted_confounder,13,17305,event_recovery,0.4622287360218197,0.44998976002660807,0.9947362434189037,1.3564694485798159,1.3691016560964724,-0.37436541267756873,-0.8665538234370537,61,-0.5819615295823064,8,2.5416666666666665,3.1475409836065578,3d0e4c61932afdf5d43f38d48b548b1e996cb331301562e9847cec5728d4db22,513c84dc9b401df19083b71f0fce3b8925e8402df2a3373174df15373f81e2e8,c53de83702185f91cc30a1cc58477c111ad7188426abe08ac3a6c2b588de7dfb,1b80e28350ff578de8d114a4bc09f01c79356bca731f48508913e053c40d1687,False,True,True,True,True,permit,False,True,False,False,True,True,True,True,True,True,False
temporal_drift,13,17306,event_recovery,0.24919786160651125,0.2371413977737813,1.3671574922673064,1.5778179229704536,1.602721321901298,-0.23556382963399147,-0.8803655344210479,73,-0.24780477498685194,7,3.0416666666666665,2.301369863013699,33db41b9b18bcd9976070c708cbec310c7d144be928fee9367112e8b3c47e227,6812b48fec5b426d7b73a79e2f299ea0c2779d23db2ec378eead1868d015805c,232a4d61c80086beac6585f0a13dd4a4f70cd87599943c106e62c7be00d619cd,873baa0de07a6223aadd21e466d2dbbe63d13103f7f22b063b57d1dbf4c13dc0,False,True,True,True,True,permit,False,True,False,False,True,True,True,True,True,True,False
geographic_shift,13,17307,event_recovery,0.4346697862685249,0.5066477534456717,1.1022422180512839,1.4661947807318847,1.5090580796284403,-0.40681586157715643,-0.5161658455191074,66,-0.47605483970311613,7,2.75,2.5454545454545454,805eca4805b526e13a86de63f950e194a32673a3807d1b818077e8e1c9442c63,71a66b47a29d811615b8600b03bb042733ba490d0742ae4e13edea3f788d3bc5,060b72e68e982e00f6c7eff4b040e0635fba29d3f05b31210ec8347a0e2946e3,d6ab73d992e60cf83b35536072ada71b40dc1f13f8cf4d5e824aed2f282c1664,False,True,True,True,True,permit,False,True,False,False,True,True,True,True,True,True,False
leakage,13,17308,event_recovery,0.9980297393348432,0.9948940691755462,0.04579528553479333,1.035450431881277,1.0531231016945002,-1.0073278161597068,-0.5687893644046527,73,-1.3055351621198799,10,3.0416666666666665,3.2876712328767126,3aab61ae46db7d92d8c31b2e4507ec57b542cef18d3204fd7ec7b9a0220c7b1c,cc4b0c10c381b16e38ea1a3b2c4a2695125aba4c629c68ef37a2d2dcd4cec9a7,d5c01eefa82e06c6647e06551a4920cc5a46d10fbc221fca48a004a84839de24,714bf664baa471d17050368cb491841bf118fcbafdf9b45385dfd51aae722c1e,False,True,True,True,True,permit,False,True,False,False,True,True,True,True,True,True,False
train_only_detrending,13,17309,event_recovery,0.2917427308941183,0.36309552874882167,0.9427917738052743,1.1211298264985352,1.1488581616697455,-0.20606638786447118,-0.8282587789972546,60,-0.3244264008090654,6,2.5,2.4,3923fcbee5609819a4fe60d0ad7ae0895f1b887894f2d7fd54fe3e94b67bcee5,b3dfb340745ad2e233c838971df41cd1f0f0c9c6a090afe6969dcf9feec98797,6970bdfc56d832901af7af95868fba2497c890feb60b357c1986a4a13f5047d6,8a9466c323c6fefd6a94e46babddf8da7a160f1d845956ac332f1b407c7e627e,True,True,True,True,True,permit,True,False,False,False,True,True,True,True,True,True,True
small_sample,13,17310,event_recovery,0.4035174372059094,0.2975454140118742,0.9399944354054842,1.2459286655380355,1.2754798757895207,-0.3354854403840365,-0.7414600127076534,13,-0.32955665142658397,8,2.3636363636363638,3.3846153846153846,e5b80f5022a8974de0d61d55ca02691632373bbbc0839754057460b7975e0274,8112f86df62a34f66f11571b4ee22b3fc497d413d06b1dc5a8793c1df607f628,b892b8097535a7d6823cac5fb63e22a2401e5d8af84aa31c38aaccb301b5740b,0ee27f151cb36f00401c21d5fcd7b8bf1b3206b00a0ec5c4e9b6fd4d026a9259,True,True,True,True,True,permit,True,False,False,False,True,True,True,True,True,True,True
imbalanced_tail,13,17311,event_recovery,0.5390018179944343,0.430842952958264,1.048895385088821,1.5652236315662218,1.6055296713694784,-0.5566342862806575,-0.7962759140937895,73,-0.9126953993314579,10,3.0416666666666665,3.2876712328767126,3820d078b5bc7d7aeae961c72de341f25c75cc8a1eeb8f8b1905b78a7e21dba4,7b6b8534e15bc9c3317faac2f00f87bce81198f31766fb0cd23819b6cfe70164,1bb7d1a113580b72087dcc88af3515d5420d993621e80905bb008ad8e23def9d,d22db0d025f0bae50da233c4bc3949dd372767687605c45cfa6d10ff27d86bf9,True,True,True,True,True,permit,True,False,False,False,True,True,True,True,True,True,True
measurement_error,13,17312,event_recovery,0.11055939149575644,0.04843961572635502,1.3252865649736707,1.414900419184981,1.4253762727184105,-0.1000897077447398,-0.7993712793404595,74,-0.12972487346638095,4,3.0833333333333335,1.2972972972972971,65e6ada475d002fbea2946fd822f4c8975f5aed0e6d2bb977215c81a4ca63dcc,c91989d1fdb3a532576548ae884d03daaf262acb0e804eb8ac16972184a0480e,eefc712217248e717cc24c50f9ed3901b94370b1e6d84e97b6c50e99a2de3b04,755f2cbbd3fdfcde3d52e44bc458e185973408ddd5f3f07758755c553c09bcfb,False,True,True,True,True,permit,False,True,False,False,False,True,True,True,True,True,False
spatial_resolution_mismatch,13,17313,event_recovery,0.11239191472354293,0.10931446532706857,1.1026512628326577,1.171166929992646,1.2028374434422846,-0.10018618060962692,-0.8628446319100844,58,-0.1575582499020609,6,2.4166666666666665,2.4827586206896552,05656e89c051fcca3e05f4850379c205264671bada3f686bb692901a5ea54dec,b5b9264968f0effb8f01d8d72369104b5c9e48b2798d3f84bc9ae3f36df9c0d0,53df61f9ffd982e9f6d6788714fc5f7c56df7f1c115cbf2f98990847fac5c5bd,4b5aa98e908a4e8efa286f0cc3cb2b086c0b0df23629c8462502e5e47bab7758,True,True,True,True,True,permit,True,False,False,False,True,True,True,True,True,True,True
no_signal,14,18300,event_recovery,-0.020154279629067684,-0.11009151069302825,1.011612480234381,1.0077950701273775,1.0356177896391097,-0.02400530940472856,-0.6506252091085424,48,-0.0135051230014267,2,2.0,1.0,68074167e7be4fc8d65b37f07659dd96a4823bf72a7ea265879126a2c2f60449,65765c070b3749a28a6ab22b3c32d2d9e4898c51ce8b527c0b527b2df91e055b,3c462e9a0bfe4add6e8d92ba7106004a4c8d1dd27d219cf6f0d8bd08438364eb,066835879aa48ea8895a7e94d8485a8b19f111012217eb1459e9356996d7fc4c,False,False,True,False,False,module_a_pass;module_e_pass,False,False,True,False,False,False,False,False,False,True,True
weak_signal,14,18301,event_recovery,0.0377633213003975,0.047284515308800734,1.048238664395395,1.0747585094523706,1.0912780031796054,-0.04303933878421051,-0.6483371592583211,71,-0.018361214028879136,5,2.9583333333333335,1.6901408450704225,b37fb9a10e4a2b0ff98468071fa1de6cc965e16c7eb74bba75538e6f79a3d836,8257868eccacc0e3ce0c711c757f6f30e225fd3c9f2e16dc1a8f292bc3ec01fb,b64ec0cf6065e84c60f14868bcd22fc999cc5368e21ad694faf13590022328e6,bf649c856c90fbb52b4d2143c0b81c655e0959a4bb44620c0456363afbf7d416,False,False,True,True,False,module_a_pass,False,False,True,False,False,False,False,False,False,True,True
moderate_signal,14,18302,event_recovery,0.14150643352565617,0.24480307835160586,1.121724328289803,1.217877656632431,1.213887369867401,-0.09216304157759803,-0.8981755773259135,51,-0.14242728897413293,3,2.125,1.411764705882353,b9cef981d6b024212c97a99a80e09a8a11e81dd68c5becd63c7e51f99da26da4,16e0045dec080ceb01898094a6cfa60d71b0b1377e0340fd507f3b87b6e047d7,567b8b7fcd662d1b9ee25492b536d98e7239dca59c38bc06a148320e40a004ce,6b0e10489ba503c83fb582f80aa14550c1b5bdf76f517234edd790016034e457,True,True,True,True,True,permit,True,False,False,False,True,True,True,True,True,True,True
strong_signal,14,18303,event_recovery,0.60426240307259,0.5817550982440478,1.0767029744851855,1.7117168537271963,1.7317902451285083,-0.6550872706433228,-1.169853690919434,60,-1.0347345044258225,8,2.5,3.2,522daa4027efd7599ae5a713c6d4d558a998580ffe65225840577f0944a85bd3,ea7c81f630e74da8f55844c4343ef7bd57b27b2bd609ce6dd1fef7ef6c679ca2,6b1bbef578a0be0557dfefb158ab22ffe331467faa11d527f1139d8380df14ff,598dd1b54567db9c08d52aa4b00e00f8b1310d6b463f891223c661300cc24b4d,True,True,True,True,True,permit,True,False,False,False,True,True,True,True,True,True,True
correlated_features,14,18304,event_recovery,0.2588635617607893,0.36732411917183805,0.9915418319388207,1.151885331776468,1.1626114001016332,-0.1710695681628125,-0.8333286645981084,68,-0.2730917716962069,8,2.8333333333333335,2.8235294117647056,2209267089e5734aa0f902682dc946ba5cc3d415307872d0d5822e472c5eebb1,104def9d0ec243f627e5bbcfd9f034d5609267701fbbca3bd4ff9d23abc0c4c6,aeaca0bf2b40934a7424d1632541f81f72b889087587dd1d7553466a584e1d90,8477ccf62a6fb8e027e14e26c31307408eb06b8d54239d90b1e854164911a27c,False,True,True,True,True,permit,False,True,False,False,True,True,True,True,True,True,False
omitted_confounder,14,18305,event_recovery,0.5065955551701817,0.45632582340725836,0.9303769338057272,1.324584162715112,1.3746441892890144,-0.44426725548328727,-0.9865641907940981,60,-0.6481944055960813,9,2.5,3.6,73fe25770b2fb83b23d660a383e34fbd22dc307f102f534a3b81060d60c6fbab,2b2525bb454fb0f39414755ceb68005d52d3021d5cee24664266d3dc73da717d,475e1bfb9890ec80ccc2b3dab0ed2461e9e24c0163737bce02ca9efe67a98590,76e3cabdae89960554c6528e1c08ae6f3c305116d9f1a94856c1d90bf5a01114,False,True,True,True,True,permit,False,True,False,False,True,True,True,True,True,True,False
temporal_drift,14,18306,event_recovery,0.19904335859819078,0.26823958253375413,1.400477774452685,1.5715676888040528,1.5727330133292718,-0.17225523887658678,-0.7489829477400513,77,-0.2039649652083526,5,3.2083333333333335,1.5584415584415583,2003cc1a236ae612bb486ed420b6c93cc829f5b91331965d4e368d3e4fd51443,46d29cfd4e8088639dd626f3baba658af5fcfcaf659981208f499294d754d644,89150f5f219bdb3d97a9dabe14f948dc27579974c1ccc0eee14f7bbe13c7ca50,f04332dbe4e88f11f16f3fdcc962f065239373da12d5d1289b926f8c7ce0ce2d,False,True,True,True,True,permit,False,True,False,False,True,True,True,True,True,True,False
geographic_shift,14,18307,event_recovery,0.3618704337878148,0.4092486252612403,1.1524014072918065,1.444670826584646,1.456085605670187,-0.30368419837838045,-0.6470827700353138,60,-0.5797905107675567,5,2.5,2.0,59bb439abf28114d57420fdacf6d8355d1ddfc4097dcc7147b34a059507e8ef8,3ba7d611fb41dc6515c83585d612b61821d43bb8f87d6e65b86d1f6261437c20,6f301931322b681bc3db574f9d3090c699f0490fb258affb84c800363698d821,40a04c55c6e771f4a1140b2501c4c7d884d057a5d0a5b0030b8d1dc288973872,False,True,True,True,True,permit,False,True,False,False,True,True,True,True,True,True,False
leakage,14,18308,event_recovery,0.9915800785675385,0.9935469356282541,0.09443436356028305,1.0303041544238256,1.0421075847340675,-0.9476732211737845,-0.7225395639731476,51,-1.3442570221486299,10,2.125,4.705882352941177,1b2444108c76da9fc4b51dca54facdeae97e00ed352cdc50354f7768472d30bd,a0049dac9b45db5efba98c2dd02a85b895540a0160b8ce5500effddb6dae1915,210f24d4ab2fbbb7383fc455b80ac6902e67755744e9d090da5aec911cdadf5b,1359ff642fac214d2c0b474e62edd1db9b124183a5870713cecac55794f0166a,False,True,True,True,True,permit,False,True,False,False,True,True,True,True,True,True,False
train_only_detrending,14,18309,event_recovery,0.28148406089209155,0.33285794321142614,1.0761074897054315,1.270841081407795,1.2833293616315467,-0.2072218719261152,-0.8324887409301898,59,-0.32215928003233896,7,2.4583333333333335,2.847457627118644,1a68a4599f25aa9391aec8d95c481fca4c59d3e2fd692d672959dcc7f93dcb7b,7d20e2f29140bfb06d3fcd65f85962c3ad8155e35e4ea2738969f76a127e94b3,bd0f0ab292b0f1f5d18f7aca979090449189f8289fd2463106b197ba2aed7fb6,302fda83eda314c7ab101b790797bf781725250d5575d753d8a161eb38dc36d9,True,True,True,True,True,permit,True,False,False,False,True,True,True,True,True,True,True
small_sample,14,18310,event_recovery,0.25271300915811934,0.09249727314031253,1.1196112208930398,1.3030056763060633,1.326936175689645,-0.20732495479660518,-1.0284973401435162,16,-0.22405815774545657,7,2.909090909090909,2.40625,d61913a7c9bd2c695f38afc04d1ba1cb71d0ad1801c86ad7b33f802ae42c2680,6db3cccf824315f5be81f01b0342434d1b2466ab273844f5e58ba2a908eba9f8,de7ef7a4f2fdd35a13dee3deb7a33a1b9838a79c652f30a666be9306c60dd23d,cf98bc3cf00802124642d7424e49db12f47c2fcbf5de7a5c074c5fa6b4b73d24,True,True,True,True,True,permit,True,False,False,False,True,True,True,True,True,True,True
imbalanced_tail,14,18311,event_recovery,0.44939550046977084,0.28542650105344636,1.0955865664260718,1.477018888956816,1.4978727933316376,-0.4022862269055658,-0.834098875591913,54,-0.9494960098655749,9,2.25,4.0,6b337d54f45e6a2a619f68eb332cab108d5d3dfe71e3917c7a529c37f9478183,18efe062f7bd597befb4ee55fbd216a00d70d98d8dccc15219aa9f30ed9afc05,11f959cda23e684b248f6a9439758e7d4b60bc903cac7c8a1bbfe09d9d0a76cc,4955747d3ce4d95c8499bf520a8f053161480a498927607f7d6ac00337f702a2,True,True,True,True,True,permit,True,False,False,False,True,True,True,True,True,True,True
measurement_error,14,18312,event_recovery,0.06077973589101582,0.13453816639559502,1.1728828930503004,1.2121814054125657,1.2249385847759147,-0.052055691725614306,-0.8333136431111354,61,-0.13570121536701674,5,2.5416666666666665,1.9672131147540985,542d42279d87096c507c3bfb6f047da45482498ec0ab046bbc8e8e7676e7cf5f,40d6b4a1efafee4aa0fedabe68692c9ba3a6f23adeda1b85573bb4725dc7f19a,c5cdb50f545d23556bfd8bb25a67c9ccd11d1d073ec9a919821df0ea285d57b3,32342c64576fef677fb1cfa5b2b86b235c77a43a19d01b3040fcc86a204d42cd,False,True,True,True,True,permit,False,True,False,False,True,True,True,True,True,True,False
spatial_resolution_mismatch,14,18313,event_recovery,0.05048872770706159,0.03320988769386812,1.1376910438512704,1.1679793760676658,1.1881604358852311,-0.050469392033960725,-0.9006628957926478,58,-0.0832646926832663,5,2.4166666666666665,2.0689655172413794,74a2f1bb9507c48ad7c18316bdd1e54400e3cdb32ad9e05e602ffa36b546e46e,e2ed24aea948d03051975696d45119f729ad20ffbdc564bb1dc2dc9f481dcb5b,ed8ce90c44d7f8d42d9d62812fc5fe3524c3ca3fa73b8043736f548d3d000fce,3b9a0a69c09b2c90da23c5ddb9eef7313d7ad098ef9479eab59f212b42c3bef0,True,True,True,True,True,permit,True,False,False,False,False,True,True,True,True,True,True
no_signal,15,19300,event_recovery,-0.03755681589342541,-0.05703278460575478,1.039135541592514,1.0213953514832566,1.026630101564933,0.012505440027581027,-0.7937651705972479,56,0.008980932609668146,1,2.3333333333333335,0.42857142857142855,854f02b003b4fc566b6023e22fb7c3b1f45a1b6edc769506faf8f902e9abebbb,dabd352e14a05f21bc904f9e43d47612ba36dbb817678bf03217d163c3ef7f91,5cdace581c996c591a833253cddf8b87d5619b25291c2dc9ccea265c0365a510,a887577a567bb635eed2e5ef3c40ea9d2835ecc267b3f08631131fc017dd696a,False,False,False,False,False,module_a_pass;module_b_pass;module_e_pass,False,False,True,False,False,False,False,False,False,True,True
weak_signal,15,19301,event_recovery,-0.005594041042315201,0.05817723916163531,1.0046078940502237,1.0019387539402687,1.0291934442287893,-0.024585550178565674,-0.6967098985262891,53,0.026791883221851664,2,2.2083333333333335,0.9056603773584905,2dc1fcab0ea1243af7f9e4313cf2503930aa281a3e8305fdb0fc824b63dd49bf,6aa5397a49f8176a1d69774734b5054a69a30dc62b50cdcd4494b58c7bd20ba6,bbe367cb9d399ceb52dfaf1bf0b56f4798cb9c699949d38c15663522e3181dd0,ec4ec8f8fff057e4355dcea9a11530dd35aeef8243323cc31f2c79db85774a50,False,False,True,False,False,module_a_pass;module_e_pass,False,False,True,False,True,False,False,False,False,True,True
moderate_signal,15,19302,event_recovery,0.2841626979564891,0.3201969396017741,0.9476285242641371,1.1300339466787959,1.1597125171422105,-0.21208399287807334,-0.7723497442233043,72,-0.3913493160080723,8,3.0,2.6666666666666665,8d27493b95cb52bbc58dfa5a0be0f943a6d3c147a546a0d159999c2cef692f5e,37369bd92a537e39ebf5b2101c366fd399be9f3a67b24fd88a3a9caa40c41b4c,e61b67c7b0eff3a3fae4a0620c24e62de5649c8846f7a4422335f35b58dad8c2,7489c7e89bee5f5d759a9010c0e807aff1343d860b7624c282b5d4a891f15564,True,True,True,True,True,permit,True,False,False,False,True,True,True,True,True,True,True
strong_signal,15,19303,event_recovery,0.6232060513347256,0.5583612703307489,1.0214084575535816,1.6643612703911619,1.6675126071075677,-0.6461041495539861,-1.2953790845139974,61,-1.1698777961443008,10,2.5416666666666665,3.934426229508197,6329207614672c03acf7d4f91247055988742571b3cf12599c9772c7662bf928,8c046047ab2605ea0c832de14093c0344c44beb62d97f6d0ee4ea1a899d9fe38,02619aa89a16deb55a7cac904ca2e91bc7fb109ceee93fe19a5e9f3e4d11ab5b,9f2fe4172cfaf3193a0aa94d0349a8a36012d9b84aa747e8927bc02729ce1fe2,True,True,True,True,True,permit,True,False,False,False,True,True,True,True,True,True,True
correlated_features,15,19304,event_recovery,0.31177556035961806,0.2298590548890408,1.0129984080900505,1.2211240977784918,1.2330349796146682,-0.22003657152461775,-0.7442961852627346,71,-0.4006211509979365,8,2.9583333333333335,2.704225352112676,8c92128e04945e0f798abff95376804645db643fc40865750736a5e76e3a717f,8c7e2060bfaa42003b1d7eb84b212130ed05504e8f6b51c3f43b9a29e48ae7cf,4e7f75828ad56004f530e0ca57d207c9546643bfd588007177a45f0acf2731f5,c85f93c3fc42ea535715580baf75248221d4d93ea2209f8f9ad862cde7aebaec,False,True,True,True,True,permit,False,True,False,False,True,True,True,True,True,True,False
omitted_confounder,15,19305,event_recovery,0.42015349015501324,0.30385554725764174,0.9524981539377988,1.2513803193907704,1.2800079368025272,-0.3275097828647284,-0.7414519810248952,65,-0.6001359674690674,9,2.7083333333333335,3.323076923076923,94f6a522cb7e7700f9f5c7a5075b5bdeea942b78134070262b50b55704f7f5f7,d4a5dbc058c6ae64abbfde3e57c9e00a5ecab85bed1e0672bbb7d618bceb7fea,6bc737490a396b36e5e041b3869144de284fea6a77e72e555e78c25c1be3c41c,d3ad784e94f973537fa5632904793b59f67e6ab3d4a93fdea293b5f06aeb8230,False,True,True,True,True,permit,False,True,False,False,True,True,True,True,True,True,False
temporal_drift,15,19306,event_recovery,0.14557080928300647,0.30508465010198316,1.475537696706857,1.60531104917895,1.6246383879071247,-0.1491006912002677,-1.010855726142778,53,-0.18175213820149505,6,2.2083333333333335,2.7169811320754715,4a8cd40f39b3200691f3cc3a9e234f0b74a4b3c120581cf33cdff9151186391e,c8268c148067a02bb98cb839e2f528eabc7c15c6cabfcaeb8bec2d784fdec3e5,b6061476f892d14d8734fe1edfeef8c012c1b515c037395970637e8b3697a0f4,82c7221919a0861ccf2de1d574a325dab720398df0891281ff3f550f36a7039a,False,True,True,True,True,permit,False,True,False,False,True,True,True,True,True,True,False
geographic_shift,15,19307,event_recovery,0.4426380444999275,0.3875514440376685,1.1147745010242016,1.4943682903084374,1.5027833408371174,-0.3880088398129158,-0.4849815118697886,64,-0.5850261432447379,8,2.6666666666666665,3.0,cdbe7f8ea73063cfbbaf808ac3fc55f07b66f2293e56095c7f970f804b25f99f,a154bb530207cd7412382c6abfb44cdeb8c5f7e0eacfb9e60bb488af2f7ae86e,b3042023adc34eed031beb439ade2c53ce50f73c2f1250cf5898e6c734b1322f,d452bfdb1fa4cdb7b3bca7f376d16455da4be1360875c4f1e6d8a170ac7207f0,False,True,True,True,True,permit,False,True,False,False,True,True,True,True,True,True,False
leakage,15,19308,event_recovery,0.9975690500684692,0.9986861038605865,0.04811838535256493,0.9964439384647223,1.0264779927725836,-0.9783596074200186,-0.7137142149557996,46,-1.2378750292753162,10,1.9166666666666667,5.217391304347826,dd7c015de2e97f137aaba4bde19927388580b47d35719e9d9896bb98c9afc13f,2d1fe05ed4ac63377102771edaa39f5871efac9d9b5a228f5d33b2d694d6c237,457a858db26ce50974a2ffdb06efa3204241b7b23c5ca9d99149b2d656ca09d5,e9bf361931c942dd1f748b316785c95466e3b95c0f7e19961d55495decbf63f6,False,True,True,True,True,permit,False,True,False,False,True,True,True,True,True,True,False
train_only_detrending,15,19309,event_recovery,0.351237809098228,0.13376803906384305,1.0037350863410779,1.2462515551212676,1.2797736791057406,-0.2760385927646627,-0.7684688929036771,59,-0.4387294340437531,10,2.4583333333333335,4.067796610169491,7257bbc0290f1a36fb61b6a0757c4df5d87614d78b30fe0f8e9727b61817a8a7,5f3de3fa8ac264bac5a41084d423d6559b5faad7c210350f491ff87f4f1713c7,b537328d2ae204a2083bb5df06e3837ffde6c146155a50ac2ed366afe437716a,9f8252f14764b1a514da7f264a0c4ac72608891e26c767b6a7bd95a414464904,True,True,True,True,True,permit,True,False,False,False,True,True,True,True,True,True,True
small_sample,15,19310,event_recovery,0.17788993313904844,0.2800460688768365,1.0238453148870226,1.129459866256394,1.180854720241893,-0.1570094053548705,-0.8840378028769109,11,-0.1666051730502638,4,2.0,2.0,5361315da1b9728f82ea6ed18c9357647a507c9da5452dcb2a482669543e7470,b5084c5bc4ac56bd129603540130185f665373176da0562292deea78f97721ef,10d75da38a03a33a50af8828bb59d71418a753ec693a765c5d09c5dbfd6ddd34,1721378b628bb571e54791ba9f73775c3420246f68f5796d3d9206d011cba0df,True,True,True,True,True,permit,True,False,False,False,True,True,True,True,True,True,True
imbalanced_tail,15,19311,event_recovery,0.5273679647526531,0.4490758966418774,1.037476465566817,1.5195128987692212,1.5363138722249547,-0.4988374066581378,-0.660267290842056,74,-0.8931283927344149,10,3.0833333333333335,3.243243243243243,e9fb72d13afae33fb16f016566415f7f5823034ca92d7632bafff83fc6540dcf,c75eeca5452e8a2636f9dfb4f41a27a3f079eddff22d99fe0d5e9a8976132682,9682c6b28829006bf9e629a8269c90e74b3e0d2ccdb34b540ee2d1f496d9a4b5,fb8d09aec983e4e85cf20b25b5c6dacaa8e23560be795a0172242fc9e22459d1,True,True,True,True,True,permit,True,False,False,False,True,True,True,True,True,True,True
measurement_error,15,19312,event_recovery,0.1274481762626477,0.14833964277762823,1.1576071135264008,1.2396008253566941,1.2525265449043337,-0.0949194313779329,-0.7676024855490132,73,-0.07999556510837258,5,3.0416666666666665,1.6438356164383563,ce2538610026b461d3c6d9798cb67ae0e30368b9f8cd9454ed949eb99341a823,185bb3650f4598d7d995cfe2392f06945229d2f19c51759bbd98dd1205a10ccc,a1197033b1d487c72e6345c922618d34c71e9ef93e4400e3d258cfd0f2643a0c,aa336515d192b6cd2526fbda0f4a622668a2542cff8cb2f966f131f3b88f0a0c,False,True,True,True,True,permit,False,True,False,False,True,True,True,True,True,True,False
spatial_resolution_mismatch,15,19313,event_recovery,0.027759133754144627,0.07363480513019549,1.1441752646926158,1.1687089705982092,1.1965179976480667,-0.05234273295545089,-0.7225210537486196,44,-0.0012239539648191133,3,1.8333333333333333,1.6363636363636365,c9cd5351826ea1398c7e0fb5cd7b1ec14c45a6db1ebcce6f4f875a7a6baae94a,077b5285193d6364fafdb617d5041f9b6f0bdb725b8d8573b64d4671f8203807,79865f1416e3a25cf0f2d79a2ae870b535e0193fbe32c906f50324c9bda9f27a,2183107d0724bb4a2ba53743a5f7497b07b5ed69cb947b249a907a5d7bd5674b,True,False,True,True,False,module_a_pass,False,False,False,True,True,False,False,False,False,True,False
no_signal,16,20300,event_recovery,-0.04242770055529976,-0.04515239077362376,0.9594694985927052,0.9419522233570897,0.941030662297662,0.01843883629504328,-0.6869600403747346,62,0.0368800694376743,2,2.5833333333333335,0.7741935483870968,169a4fdc47e7daf8e30da6773e2848829be029858c15a1c55663857b726252ef,ea7e11c03602fb26d04f9d62a8c2563c6c7d14d15c36ac7e7bbb0c768f82dadc,c880852a9481f64e1057865fad36afcb8184ad5d8b1ec0b01ace9fc32079496f,2a47b5691a180192013d93d4fc39a50a7ec7a3b727339910f2f3431dd28a5d2f,False,False,False,False,False,module_a_pass;module_b_pass;module_e_pass,False,False,True,False,False,False,False,False,False,True,True
weak_signal,16,20301,event_recovery,0.011975073298719163,0.03494379057665564,1.112961215790729,1.1243252961131018,1.1241948033656073,-0.011233587574878356,-0.7191866744102227,59,-0.03289293016148376,2,2.4583333333333335,0.8135593220338982,ed4fdaa98bebc2d287a97795d701ef2a34aecd0f406388b7bf9379713a8a78c3,b11ed14337f785f922ccc131658aea6a88f853212f590b50cc7fd21ef84d0e50,bbb7be12f107779e09797f8cfedded2d3bcae5c7969bb4b11a00a0d456e44dfc,4a3828cb5ac60be49876e105d8f1dcfb55be085f2276e5aac6fc7bfca9a5a613,False,False,True,False,False,module_a_pass;module_e_pass,False,False,True,False,False,False,False,False,False,True,True
moderate_signal,16,20302,event_recovery,0.32237121876648744,0.3093884230491304,1.0318788296814023,1.254456965751983,1.2914576463645484,-0.2595788166831461,-0.8315090375896855,69,-0.40876118358847013,8,2.875,2.782608695652174,619d81541ee7bc2089e7db7e3cbb723fcc7162f76e6882f2b31f03c532fda0c8,03ebbc67ca4dcc7e10ba9ae84e46f2bfc825db6e3d5d6d13c2c668a519e28b23,1cff6a26443fbadb717bf651e835aa8010ff8f72a225e77caa5ebb0b1eaa568b,ade7d820eeab90e77e769f2cd6c15262b051650a544c5e55e20dea7080419212,True,True,True,True,True,permit,True,False,False,False,True,True,True,True,True,True,True
strong_signal,16,20303,event_recovery,0.6423661366584317,0.6213692259953034,1.0523693906798757,1.7863096993562015,1.8090235978678035,-0.7566542071879279,-1.2519530374153334,44,-1.0988819690075462,9,1.8333333333333333,4.909090909090909,01967c989ba0615424bfff75d4c70b6dcf62ff83d3b9e477fb296f598752a8bf,23330ad917d3364e421548b65bf5dcb40bf0ca7596d789aaa0bdaee9f902f4a3,4c2107bcfaeb59ceb786376728cfb903f3aa8c2b8affd472cadd2882f8424087,c3b68424056ba63cc535928fee3fbe9652eb8959d8e0e506b020b380a5d9c4da,True,True,True,True,True,permit,True,False,False,False,True,True,True,True,True,True,True
correlated_features,16,20304,event_recovery,0.252651021274124,0.3003137364628339,1.0727627278757885,1.2633268801891975,1.2773654192420252,-0.20460269136623666,-0.869176678047739,51,-0.2833521039418547,6,2.125,2.823529411764706,f4066655d34de3344fa111f6b86623977415e7ab456beb586785c117574eb1e8,ca58166614bb89939d88474fef0413c0f9a6ed1a568ea20f705ef8f87c7c64fb,e9cb542e52800caf3deb3c4eed8ab65e44da7045e9079857ed47ecc6ad3adb3a,698f1c69a2a36c1a0dae6427553ee13fd699a24c143bb2095d70b18cafeb52d9,False,True,True,True,True,permit,False,True,False,False,True,True,True,True,True,True,False
omitted_confounder,16,20305,event_recovery,0.4500725273738233,0.4939152245612288,0.9636795782352265,1.2995741635437206,1.306782419124574,-0.3431028408893475,-0.9504907058211274,61,-0.5262169099092902,9,2.5416666666666665,3.5409836065573774,e08080dfe57588085d2d9af75b947634b14ffcecd6e7b7c935db65066a1b89a8,9c94bca29845c3c5f2dacbe72dc163224d34cac3646865d0957c647a821c4f04,eb6c4916988dc12676af326bd94d872b93c11ad1fe3e47af87c30181f1c63055,de67c0d4eeb94dc0eb942c83cce0b95fdecc4c08e144f1974e27519098267e63,False,True,True,True,True,permit,False,True,False,False,True,True,True,True,True,True,False
temporal_drift,16,20306,event_recovery,0.11191632800733853,0.30151010044977145,1.5177835392472945,1.610610301353636,1.6417727093818493,-0.1239891701345548,-0.7957275876763095,75,-0.190350292336942,7,3.125,2.24,8ea69f1c1ccaefa7f47aeafd0e39398955c64c5cebb81bb7a07b6aca1ea18007,58f627d0bde4f5a314dbb4b7cfab4884d305a00bc2a1f52f57b3050d18df1275,27fe6f55e2c2163e893fc5bd81f517896362b4562a644d48defb420c361130f2,ae164300db78d7d3fb948ecf4125672f74dc4f8a42d33e174e2e127acfb845b6,False,True,True,True,True,permit,False,True,False,False,True,True,True,True,True,True,False
geographic_shift,16,20307,event_recovery,0.4102755638878677,0.4587012033493788,1.0944464709615749,1.4257502733608052,1.4642859529817955,-0.36983948202022066,-0.5672792171099876,62,-0.5525106207790822,7,2.5833333333333335,2.7096774193548385,077f9296455a917b0e7e72350edaa4228ea31836d5add1eb69ee9afe21987136,f4a5cecf978802a220e332fb92b4948195af5f0756e3a116d5ad8f2d26b7fb41,f9fe63ee75417a9e67358c7924cda411e6872a75f9f3511051fb22480c094aa4,109a1c023800df4a1c4710b44b0fbb545a1d7fc6a26f8e20e029b145ed6f190e,False,True,True,True,True,permit,False,True,False,False,True,True,True,True,True,True,False
leakage,16,20308,event_recovery,0.9807220956946051,0.9870860412212648,0.142540448583773,1.0270434727384918,1.024656177575959,-0.882115728992186,-0.729285159765492,52,-1.2738196973853528,10,2.1666666666666665,4.615384615384616,b1dc8e214969d8c1ec3b9b2f1fadd786d133f06b7ad951f581e05d1cb27d431b,fa8b29b1e1489fb2087e71f88cfd30f8c964ad1a6e369f310db8d1e525efc832,649b67ba61ef9887ee6814626671fd2cf0418657307aa56b569ce71bd8c639f3,ae90fb58ae69189e3691ed280e52c7b55ace88fbc2ccf743332c1a945ffdc045,False,True,True,True,True,permit,False,True,False,False,True,True,True,True,True,True,False
train_only_detrending,16,20309,event_recovery,0.28343258426573725,0.23521625670148916,0.9287037309388385,1.0995682770775548,1.1177517365860075,-0.18904800564716895,-0.8639875610597298,53,-0.4079226082904206,7,2.2083333333333335,3.1698113207547167,afd0959bd34cd2de8914f9ac0dcf23ff5a6deb0c540f9a28ed971b4efd02ad76,1f39fa82f788449bef13237501e9130c5caa37b85b28a3ffe83b142c701f8beb,5702d4cb6e721bb111b5974678300026d1657e567c6a07dda1f97211129a1ac6,292bffc01d153daad8111904d9ebf0a548bd244e1d26a51ba26c93dcb8db3fda,True,True,True,True,True,permit,True,False,False,False,True,True,True,True,True,True,True
small_sample,16,20310,event_recovery,0.36817445902337254,0.15025272191877204,1.006932688652438,1.2754930477032715,1.3019225055450396,-0.29498981689260173,-0.7045635873696033,12,-0.5039388288201769,5,2.1818181818181817,2.291666666666667,e3362824d0a06bb44c62c31475ba8e2f6ab611cba3b39481a259b79b58ad1dc3,f3109eb55a4dfde9cf17154e5401a122365d71019371fc96d18dfe3bc97fc375,ea0be8c4f4bdc1b0aa22336e89bd7a535a1f423d0e2f5b92cedf8cc81aecf9eb,f5cc0569a68890b1fd33292a68f918db4b3e9b9cb317ce3af4e861829a0eeae4,True,True,True,True,True,permit,True,False,False,False,True,True,True,True,True,True,True
imbalanced_tail,16,20311,event_recovery,0.5061943869096397,0.41815136156154953,1.0417503703463613,1.482562239973391,1.4982522869307044,-0.45650191658434314,-0.9847401596309997,53,-0.9436581459140332,10,2.2083333333333335,4.528301886792453,45fe1320b73b0955a5182b6fc444d64615915ed231a8678343741c0a359ab431,fc81a2a97aa8c316c2fe2fd75829771a6c70196f2c74e0cdd3d8e7e94509aef8,dae73dc2f4dd2aad0373a2bf6e1d809a1941d20be7711e5d89edb29d9885336e,b429436bccd922a4b095fa83cb49aee23f80a38330bbeb387b2cecd32efa1250,True,True,True,True,True,permit,True,False,False,False,True,True,True,True,True,True,True
measurement_error,16,20312,event_recovery,0.10470685271872082,-0.0033858545391518557,1.17158084554544,1.239563232448219,1.250661035179082,-0.07908018963364194,-0.7820435463149837,59,-0.09492365427616045,5,2.4583333333333335,2.0338983050847457,7068bc28d5c032460f5f7404cc7500aa45a34b266e978c5386216ed24e85bd5e,f54590e3d1ee3176d4f4c8352f1ff934431008053b97acd104379a3ac8b6dd19,43b18612a8007070cf556caa05e3d24d6d763deaa8eeeb739ba14f3e98f0a73f,402857ba1008a08f217f0885aad5ee3e3b7a513d1923be3bec57027f16516eaf,False,True,True,True,True,permit,False,True,False,False,False,True,True,True,True,True,False
spatial_resolution_mismatch,16,20313,event_recovery,0.00827581735975036,0.0627901375912786,1.1927053894762953,1.2139751145694688,1.2166426825847607,-0.023937293108465374,-0.8462172578776302,49,0.024812289429423595,3,2.0416666666666665,1.469387755102041,f6895df5a051666b843d6501037f8c75c716b7962a7183e00fe6d2fc48d3b614,bd8a3d71eb40c0217c80e974263510f17ef4a265a80f72356613d8afc76ab402,cde57aa754bd598385b770ad241810a4a8e89c3464643ca8606a383c5c33fd31,a9729ba815bd7cf8f5c6d4af808f51705661ca9ce611cb961330fd6e1be754a5,True,False,True,False,False,module_a_pass;module_e_pass,False,False,False,True,True,False,False,False,False,True,False
no_signal,17,21300,event_recovery,-0.03318786710965882,-0.07157158396983698,1.01186402763704,0.9988512756656968,1.0295030131723995,-0.017638985535359364,-0.6213879221746894,68,0.027387136242216448,4,2.8333333333333335,1.4117647058823528,bcfa7e3b2336e754f8259a8962bab95909d99df34c093bc761dac033f839f560,ee8db6149c51622b1f10945d96b43cd0715436c9862251e719f7639fdbbdcd93,54e600b1487203fa8c0828c89de32c565d80b7d068fa73ad3bd6e4670b7b080e,0fea684923359d0af9b2882e7421d6a7b7efefb6b72f4153179b289c6a241711,False,False,True,False,False,module_a_pass;module_e_pass,False,False,True,False,False,False,False,False,False,True,True
weak_signal,17,21301,event_recovery,0.05890553694327416,-0.04455523584037069,0.9728122781702264,1.0046314801403868,1.0383868307389437,-0.06557455256871725,-0.7505414342675479,54,-0.03436678480519939,2,2.25,0.8888888888888888,1617663bf42c930b4fd84ce709eb87651b4a89aea318a36e39bdc869e02072a5,7973d1fe1785707feca0a037d481fdfdd4198d682dce30f19b9554bac26f2f01,be7bf22635702f8c347a5da427272d038a7b32c64471ad1c665a863b0e92c870,ff39774e0601bb459e10c4df920a0d26cb2e6f6bfbc2e719aff13b102857f67a,False,True,True,False,False,module_e_pass,False,False,True,False,False,True,True,False,False,True,True
moderate_signal,17,21302,event_recovery,0.39847953784507184,0.2697422592723332,0.9427910501691898,1.2162599859085514,1.247616880069949,-0.3048258299007591,-0.7950992634384668,62,-0.4456404634012012,7,2.5833333333333335,2.7096774193548385,ba695f1a7b987d47baa9774f1c0b4fead99b6699c02ba6aa2a7e179950f28633,766e997434b3f0e7a4af058226e57e5f0f314fc96b6700141d04e327d8f81163,f5800d374629fc6d544110b5f0ee66b0aeaf7536bd8633dc7e36b184c63a8b2f,9ebadd0760de628e9f347d015be7cd50166bca8335ec217fff7e7706683683a7,True,True,True,True,True,permit,True,False,False,False,True,True,True,True,True,True,True
strong_signal,17,21303,event_recovery,0.5497719117878337,0.7047683348044524,1.1142514467466793,1.6609066542694622,1.666197953140446,-0.5519465063937667,-1.3096676292571297,52,-1.2668745191386392,10,2.1666666666666665,4.615384615384616,b84161811fce7ff1cae07fcc692b8dc010990d4bcb746c50a9ec8e3ed8142cbb,3e7042fb682e65e3aafa9e3d56f353f1845b1d3bcb86e0632ff74abf1884eb3d,be1fd45bbe512759f4c684af9b0f0b7fdfd38230c044566d3868ba95894f4f4c,58d776788c1617ce0891d80d574ba1be16df5fe91c9721167292a26a8cd1c069,True,True,True,True,True,permit,True,False,False,False,True,True,True,True,True,True,True
correlated_features,17,21304,event_recovery,0.3382992382217527,0.2101483341326701,1.1118968206108346,1.3670111334635253,1.3776357265267636,-0.26573890591592897,-0.8521093612785694,61,-0.46792788856284595,8,2.5416666666666665,3.1475409836065578,ca237fea7dda41e286f3046dea5afc218abe8e3e2d8060aa85bf2b7819d05090,c281ee151fe4b81788770ea166effa4b5882c5d67bb97ec429c2f5fb307f2954,f85305102d262c810bf46c6410f7ac3309c3f377813e1d66814980da4761267a,3a58a32f6fe1768666967d7b0316a26049a4463b5ef08188dbdeb4e27184cb15,False,True,True,True,True,permit,False,True,False,False,True,True,True,True,True,True,False
omitted_confounder,17,21305,event_recovery,0.36735666715043047,0.32442627483943876,1.0371632795245778,1.3041212142158494,1.3500955746702004,-0.3129322951456226,-0.8939166251067721,62,-0.4224517741529976,9,2.5833333333333335,3.4838709677419355,0379fdf1b510b6a183bc892b62ac10b7c3b8b5b4283c5cf6bd66cb934f00a42d,4f3599eec4ceec2aead971b993637de358ea95ea99dbc395753fb0c71ce5f2f2,81d4852e2b351711326a1ecbe2a5e69492f43d62fc15487e975b3c31ac398f55,ed52ac7f3bd250482110f005863b1dfc57f57b60032e51884c6538896d69ff30,False,True,True,True,True,permit,False,True,False,False,True,True,True,True,True,True,False
temporal_drift,17,21306,event_recovery,0.16708350404367356,0.19452491357113366,1.4178981697249755,1.5537449688486824,1.5391630081857692,-0.12126483846079372,-0.9061053419120078,68,-0.11475156616412874,6,2.8333333333333335,2.1176470588235294,f196bfa338506b13a71485dfa45132f4cb9bac5e4880091c5826052c5af24c98,9fe1d63536bc4077e7b7a2714878b3c3460f3488d8546e7cf6a5646beab8ee11,c096c7f8e45486543d9fe020dbc03824d9f0915b21984ee2fc63323eb274459b,6da32bcbd6af7f62906ad6990cc950c076b351b750bd5fe4b952baab2cffeff1,False,True,True,True,True,permit,False,True,False,False,True,True,True,True,True,True,False
geographic_shift,17,21307,event_recovery,0.4517926614950549,0.37716331428663774,1.0645186087814635,1.4426876178875319,1.496171723682017,-0.43165311490055336,-0.5233151090435965,52,-0.558736318391313,5,2.1666666666666665,2.307692307692308,54b33f747790cdde59e1bca580c334bf672d03c2d6b8474501a9e34b85b95d79,1de4436f8500b1a08675770617ddd4b15e22a7d27aec5eed368c9fed824db519,0e926e019289b015be773c1f5d89fe0281edaad6709dde69ab96bc0289baf8f3,e4c2ec743224a1b804f9b676148784b3426fb430b41c1526b6bcf96f6b377fd7,False,True,True,True,True,permit,False,True,False,False,True,True,True,True,True,True,False
leakage,17,21308,event_recovery,0.9886089030235855,0.9915122555771858,0.10177550513105449,0.9541548490486582,0.9741044956397904,-0.8723289905087359,-0.6533660217713364,53,-1.2248176653763285,10,2.2083333333333335,4.528301886792453,0022f890b8f158c1b9e8ead3b43c585178e1aaa88885c4ff050631a7b0a8fc8c,c9347d7ea05b0e9b37e254544d39c45f3e953a74c4d5036034ca0d0ab7c7eac1,48551fa9f55ed42fa5b9d0c96a267fa9e4d9fd1b73d8b08f30d63913125c23b8,87df71d0787a44ddad605ce91741978de062adecfeb9dafe12b9d774fd213ff9,False,True,True,True,True,permit,False,True,False,False,True,True,True,True,True,True,False
train_only_detrending,17,21309,event_recovery,0.25518070306227425,0.3413802339622539,1.0181861493487334,1.1810227305471115,1.2109125811662218,-0.1927264318174884,-0.8099694320200821,54,-0.28326688116470566,7,2.25,3.111111111111111,e1eb0b96502b04d6432082157d8f7887800addc320e77e1817ba7d1b9690fbbf,a877f58628e1006c20f110b301ebc323674e7a4d253835e81edc3ebbfe4db8f5,df6c5f30e6ad1e2ccca5b1b319a439e04ea13edec4eb62d3aab00c6f28f0b4c3,e4b54b7329e87f7dd97e4d89780560ee2ded94bba140c7237248f796b61f8b85,True,True,True,True,True,permit,True,False,False,False,True,True,True,True,True,True,True
small_sample,17,21310,event_recovery,0.23200238657603556,0.32923893539847116,1.1708523820996506,1.3481196785066123,1.44893179582468,-0.2780794137250293,-1.0284257291037133,12,-0.31677638573741285,5,2.1818181818181817,2.291666666666667,f7228a2f1bb032436f74c32ae4560d0ac41b3ff06ed04eb420217b0e65d6a6e5,f66a2b1a3b836403d6cb19ceb2847893b81e9894aa0269587e5b5b50604d5c2a,c993469e90fa67d6e8991696d5a9931f33e03410c4967b7c794e4e8069ca4ba2,c92bb2fe9ca215bd3601f19f7e3495f9844ffc3e2cee4dada8a128c8968ac7e6,True,True,True,True,True,permit,True,False,False,False,True,True,True,True,True,True,True
imbalanced_tail,17,21311,event_recovery,0.4442420660135974,0.43116307080424354,0.996317677848602,1.3372716780695628,1.3559653545450359,-0.3596476766964338,-0.9091080157390519,64,-0.5126999781850612,9,2.6666666666666665,3.375,df3cd6f294457fa7bbd5b10dd8bccf9502a1fbd756fcfee01a4ce6f27a3ade1d,8df7d3a3af342aee230953b34e554728417b14fa072fa0aaa3c8d1fa7f95871d,cdc53c371459f94d89fad5c7a4d51e7095a968b8d70a6be47182c269c9fe7d74,f4d0cd7fbfaf6bbea35db6fddb83aa0d3af07059fed9ad94629333bdb8ccb538,True,True,True,True,True,permit,True,False,False,False,True,True,True,True,True,True,True
measurement_error,17,21312,event_recovery,0.16806063226760337,0.03614965505527612,1.1236440203917222,1.233146019619987,1.2507871911980977,-0.1271431708063755,-0.8183612506914065,74,-0.15593881268213972,7,3.0833333333333335,2.27027027027027,7c0f4c52f862b3d89ce96a7d27a57d9ee39aab9de5b831bc3ab1c1014709cf22,20f51cfc8ae84c114848f13b0497aea47073746ef5bc8caf17c59d9683e5e188,d2465c7f77d59b89fc16688584611393316e386af14b891deca9c0017f8fb7c7,cd605138765f55ae4ae932837ee6154a2068a48a43b515ffc30b8ec5f5d22a34,False,True,True,True,True,permit,False,True,False,False,False,True,True,True,True,True,False
spatial_resolution_mismatch,17,21313,event_recovery,0.14629184179114874,0.028091021240065683,1.1931735576238338,1.2929393164113896,1.3008759988735077,-0.10770244124967387,-0.8348222425923675,58,-0.11710241974595603,4,2.4166666666666665,1.6551724137931036,a9994241f83abfbe394c1e8e720c0e149f8b8480d62c90e724396a309de70eb0,2f5e0ca4ce61f09d77f498ab573a6e29ccb93bee17fe2855408f909a5cbf66c2,9db86c22d197bc393893af1cbc69376213bbf761a976bfccc02e208fd8532d85,d56659fb2f233b0dd04b79c5e445b9864044ee1df48ac7e5be1f338cd1f33de4,True,True,True,True,True,permit,True,False,False,False,False,True,True,True,True,True,True
no_signal,18,22300,event_recovery,-0.07648128620677941,-0.13569082200934357,1.0154873827248558,0.9787564435083255,0.9994668963945437,0.016020486330312167,-0.6867728950377293,60,0.015942452009304553,3,2.5,1.2,8c5a8c10b92386694a29a9b48e5f3e73c1dede908b973b77c8c21a294f0a6516,d4a539932f5c9cb2e3ed16428c528cc0e0b556d5fd6ea236bf3fa0dd7031b9c8,3ec3313158ebd81c25a331707671758283df59b608ccf3bf6755ff6908502944,29cfcf7cbc016935ffed9ada4b1a097b3e8a5da9093a035e9bd16c1656ea3ef0,False,False,False,False,False,module_a_pass;module_b_pass;module_e_pass,False,False,True,False,False,False,False,False,False,True,True
weak_signal,18,22301,event_recovery,-0.01249640721237455,0.005935527655467787,0.9338322781617808,0.9288831352851952,0.9508062077786139,-0.016973929616833083,-0.649728677445884,54,0.015997151466357273,2,2.25,0.8888888888888888,2fd78427674aa8118459945d199fd7762983ea4ac57c6e1cc7f10758706173dd,36dac464cbc8a8d93dfe0a3b2f5dff03f077d1638087b6aa58bd1d27b2d1c837,5456a0b900775c99b7d8b5b202d4fcddf4feafa7c881d7ec521dfe65b9a15e77,b81e5bb0268f645ca65454d0ff95bc7f2597f1350e0b6694e9731fcb5e2088f8,False,False,True,False,False,module_a_pass;module_e_pass,False,False,True,False,False,False,False,False,False,True,True
moderate_signal,18,22302,event_recovery,0.24776522450466643,0.27797626814942433,1.0773210621234046,1.2427641958648008,1.2670775928379685,-0.1897565307145639,-0.8230238814776567,69,-0.3681465640815049,7,2.875,2.4347826086956523,d6f369fa9c0d9e5f73d6cfb39634f952d79ca549b07ff7d30649f4999851baf1,8368bf4c279ac45e53e31bda52faec4bd87ae1383ebb026300be715de1ad3c8f,d1e287c6553a2f0579ce0f6e323e591544ad4f12f7795d983ee89a5c497aaacd,5f0d4ec0f29415ab470b1a4d75c45de4016d106cc63eeeb52878dec694a24e7f,True,True,True,True,True,permit,True,False,False,False,True,True,True,True,True,True,True
strong_signal,18,22303,event_recovery,0.6284208557573856,0.5776348299439349,1.0198851731858025,1.6801787786353617,1.7074910379926085,-0.687605864806806,-1.1326827661774503,66,-1.196018708851318,10,2.75,3.6363636363636362,8f3d469c64292bb1c5982a6df6b0daa8fb282c3d0ecc36de73845f65b6098bd5,12ec6e19e4bb222c73308e3341b47f1ccd934f650c828104e2555bf74df19abb,3eb28a70e7fc91db211a3b25aa2dbc1f967d266e823d62f4819cdd0faca6c513,b2832af33f116556cdf8434b1efbd3fdf2f636314efeff7149d0c049dbe63878,True,True,True,True,True,permit,True,False,False,False,True,True,True,True,True,True,True
correlated_features,18,22304,event_recovery,0.2216810797954034,0.31301511662090975,1.1367854161209634,1.299863545344405,1.2869596440659545,-0.15017422794499113,-0.8008336786917952,80,-0.30986295570726274,7,3.3333333333333335,2.1,9ae84d9dfac8fbba95bb965c1d80ecb6c562a5c4b39d0e8ac3edd41d15af9422,120e047724293c6299210f13d90c8b2c0d7916a7706b86a0403b58ab46358bd3,dd08f7e437317f7612964acc991a8236de9de988b4025e73e61cb9e8a90e3f14,40022195e96be980db0fa1e551ed2ebcfeb717cfda6a2adcf207051590d47921,False,True,True,True,True,permit,False,True,False,False,True,True,True,True,True,True,False
omitted_confounder,18,22305,event_recovery,0.28232010038723865,0.40104614543648465,1.0892445697243631,1.2907781096526865,1.3018171125630882,-0.21257254283872506,-0.7966336950324846,73,-0.4308200894882599,9,3.0416666666666665,2.9589041095890414,c9e8df9ed36f917d2c0518267537f150165eebb87b0017bed2eb8159dc5b81be,60f09b0672915620fe9c1902350ec57871c660517fdc2f95a1285d808b042aea,5c4956dc53e3ad561b1a7613c5e38cd71b23800dd2b6dcac386eb7979f959577,936eda3181b03c547428a4dcd7162cc84797dd6d2c1f43d2b8b290f01368a5cf,False,True,True,True,True,permit,False,True,False,False,True,True,True,True,True,True,False
temporal_drift,18,22306,event_recovery,0.17857970672302725,0.29119878449609393,1.5002662363426178,1.6588810247787187,1.6739349764245623,-0.17366874008194455,-0.842492455958714,66,-0.22854710281592472,6,2.75,2.1818181818181817,bc72aaf2c706b9ea9eec5d7d5e02831f4d0cd313bd73aada133de724ceb4b49e,6a259010153a7fa7170cba94234aeee8db5b480ad869437ee5e80a3dd0d2fc30,693272394ea4d20244e4373f22a4bd98851661cdff44f07deea93552e6cd6acf,be2fe4b56787cf53400bb1cd9b930f99d655dc83cdead1d331dda17b60ab213d,False,True,True,True,True,permit,False,True,False,False,True,True,True,True,True,True,False
geographic_shift,18,22307,event_recovery,0.42562491785265066,0.4049366692300177,0.9942624168092853,1.312012224613901,1.3231876293528602,-0.3289252125435749,-0.5364903181692094,61,-0.5345263548882684,9,2.5416666666666665,3.5409836065573774,281c67798c740484eb302de81af7dea4ad68e6a3337913012e3932c599147fe9,121017e7d3b0d4cc50c6f14848eeff0834614a0864d1f47654903024e8e5dbd7,86fd987616c70a63c0c22327170c66215d6d49a321d1fc3b7f13945f495a33be,70ea2d7bb1c98d6810e21c61355a971ece867620694f5910b4968fdb83c04849,False,True,True,True,True,permit,False,True,False,False,True,True,True,True,True,True,False
leakage,18,22308,event_recovery,0.9916148051642408,0.989686660186008,0.09181038555387144,1.0027234761629629,1.0071621589625241,-0.9153517734086527,-0.6128491703624412,68,-1.1608083141399421,10,2.8333333333333335,3.5294117647058822,fee6180552e555c2b18a5bf2e0032fba9c15ce03b37d03aef18551f15767744f,c7fafbda7dc09a3b1a77f0e4a3653a78b09bf2813370c6d8d7fd4d81b38142ff,5fc66feefd36ff2f23eb996fe48a8fb87b13e0b8daa2e930102b29573ad3749f,4d71cb8dd84cacbaffe63589a5b4b9d1809ded2a31d99a21c547268e6214feed,False,True,True,True,True,permit,False,True,False,False,True,True,True,True,True,True,False
train_only_detrending,18,22309,event_recovery,0.31563584088828167,0.3211013608767337,1.032948615218184,1.2492657869081842,1.2839402030602525,-0.25099158784206854,-0.8680022193798745,58,-0.3315271715356105,9,2.4166666666666665,3.724137931034483,f0b875ad9615aa21a70d323a22068daaf9771c30d26f726026f871b8da91326c,4d757725235aaa8ad7c050f0c21893e23eba34947c754b1ec1ac136cf3b8114c,03ab59ebca7265810789221d3a46e0ba2c644befca267d6c64c1cc68f0500f04,d8753827aea92557467a08cb0492631e1991018e468ecaaafc247cddd4b529e9,True,True,True,True,True,permit,True,False,False,False,True,True,True,True,True,True,True
small_sample,18,22310,event_recovery,0.3153345597872784,-0.046578092393809056,1.1253099987202915,1.3763211738254697,1.3940023666820298,-0.26869236796173834,-0.9615640735326321,16,-0.2477948065083131,6,2.909090909090909,2.0625,dcc8c876c53c82a015000bcb48dd6fa6f4cc1a5fea72930d989c27f58c858be6,8fbaf83a56b11d612cde4632c7eab3caa1d18d4bbe6c528a0bd353f1d432cfad,984ef05a4a9a8becd062d4d680b3872a7f58aba8f52ecf27355bc4a025903bbb,6845cf17c1c3437de2cb15d607212a860981fcbc8ce1ea00f044ba27c9250aee,True,True,True,True,True,permit,True,False,False,False,False,True,True,True,True,True,True
imbalanced_tail,18,22311,event_recovery,0.3746128398566343,0.37710271603126844,1.0214535222932541,1.2924726855975468,1.3111666559107829,-0.2897131336175287,-0.9021978295527686,51,-0.5528244605772543,9,2.125,4.235294117647059,b81a4f54f495a4f12246c2652fa0ab22b01fed499140e697353f6a3ee50af81a,745eb7388474d40432845775db6502a2ec0c1028865bf1b55da594a1983cd432,f6ffa46416d1df16aebf875b4590db3880399770dcafefb093065763e067c7d3,18fdc7dfda840cd5c0bc52fe0201082015067947cfaad7c3f51192d99ae188ce,True,True,True,True,True,permit,True,False,False,False,True,True,True,True,True,True,True
measurement_error,18,22312,event_recovery,-0.01184019825124416,0.04085274916493542,1.2375759292823807,1.2326656059339594,1.2687956201167756,-0.03121969083439491,-0.924394425561625,59,-0.15811813910926364,8,2.4583333333333335,3.254237288135593,f6b82a9f2c3d592ed73cc8ef1bf93c14e11793f6496942c58f61bfb3dad64feb,6be7138aa61efdf2fedf6362ff6bde7d85e3d2a614ae45b5e4d32585eda3367a,685296b7a529419fb2b801401bd0f7c5ff240a5633ddc22a6e4eb33c87726659,151e949f7eecbe9cd4d076ca523dde5399b3f28c34361178fd70e1d2bdf5f0b0,False,False,True,True,False,module_a_pass,False,False,True,False,False,False,False,False,False,True,True
spatial_resolution_mismatch,18,22313,event_recovery,0.0398280528071,0.06776181854040819,1.1837328369964752,1.2097310433347848,1.2174558752760714,-0.03372303827959611,-0.7265502571608613,66,-0.1128565049095478,6,2.75,2.1818181818181817,7f9a004614fdc8610c24406ce29f3fe9d1248b51226cf5c506f28a18a8d64cfb,5fb2d2a9c16ca8bb78495aec69708ffc112f0da8794f260e266acc41db49e23a,62184b0bf34d41b2705eb7fb62a231940ff8a2c6a8c8514764a0759c001cf35d,2068f6a891fa4c91ca7ca5a7d9bff3de6f78b5db46d17682fd8fd92eb26808c6,True,False,True,True,False,module_a_pass,False,False,False,True,True,False,False,False,False,True,False
no_signal,19,23300,event_recovery,-0.048240828974015715,0.012072334210083135,1.0172214828415451,1.0236829933242395,1.0388679477993004,-0.02164646495775524,-0.7514305551312324,38,-0.05767960863532817,1,1.5833333333333333,0.6315789473684211,8fb528191a3ee727db64e03337a3ac62b089b2adc68eca1fcaeae545745b9715,95656c68be60bf69664808de100e5d8f97753b05dc3b1f63e8af2f4484db921b,ab3b91de0b8e845d424c480957f38c342de296f4b68aa77f59f56304b0441d65,e61fb7f3c2d5bd4119272a0074aaf42cacd3c73d5f520efc22d6edf6ef09be9e,False,False,True,False,False,module_a_pass;module_e_pass,False,False,True,False,False,False,False,False,False,True,True
weak_signal,19,23301,event_recovery,0.05044079853063488,-0.027750877316667477,0.9470222006144396,0.9719362985923533,1.0053854919301775,-0.05836329131573781,-0.7375844981404877,55,-0.10557522860693425,6,2.2916666666666665,2.618181818181818,58ceae6d49f3dd5a61ac2a9178f0840eeb901f187e11c83012ea9891a46d8745,f44035c30b051ca8d3d87228eeef2325ebeb694e85e42a0357d726db87074426,3ef265e743ec817bdc38d879ae2fdfe177ca5d4739a28472e4f1a3b71ad930e5,a664ef045b1ce12c232781ee20d7be7322718202f9a8688c0b2228a92df961a9,False,True,True,True,True,permit,False,True,False,False,False,True,True,True,True,True,False
moderate_signal,19,23302,event_recovery,0.26456654688194636,0.2713073850426503,1.0434408856116255,1.2222733499207123,1.2390005508876978,-0.19555966527607227,-0.6867383287487869,75,-0.34845747827322415,10,3.125,3.2,04541363f01671ba97b67eb6d7f9fa22f570c34f2b69a7d842e8809cf93532e7,eee051c64b56302d731605062473efea97a57388e475f31f90e379576548fa5e,75f0b76378fdfce5a30498dfc1645e8ef5da954c4acda8f44e95a5648dc3a3a7,f153432d8ab6363d052146845505f45a1e56cc54a517fb31f36cd8c9aa556233,True,True,True,True,True,permit,True,False,False,False,True,True,True,True,True,True,True
strong_signal,19,23303,event_recovery,0.6957463183445958,0.6865575638835947,1.0072957401786855,1.8261664044491568,1.8284384642605005,-0.821142724081815,-1.138286421469354,58,-1.3936509720205148,10,2.4166666666666665,4.137931034482759,22f04238c3fa3b7d970ad2da45a175a3c2ec938f81be5fe57f127fb0f3959c1e,0ddfb602708a007a5685579dc336748f9827e8a916a25cfc0329d075c070ea26,48286f27e924073b8584a3674b0addf2a94b60c63bf7a8247f6adf7f35b7c763,b575dd18e99eda5d4fe8ee5599c0d618802e107af92a308f7053645dd1234f20,True,True,True,True,True,permit,True,False,False,False,True,True,True,True,True,True,True
correlated_features,19,23304,event_recovery,0.2567370692131161,0.2926536005015796,1.0695407412825608,1.2413818710092663,1.2559552058996517,-0.18641446461709088,-0.8704781833257637,59,-0.29951761043630154,7,2.4583333333333335,2.847457627118644,6f3e1aa0b634729c86f5e4be497db8ad0440ec0906b8123de687d63b6d29d66c,4d74f065df844a2c66f7b1b0c617c0d2b091303a7a3e2af71f7accae462e8d8c,712a8aac76ffdb949379e35ef307a6df991ebacdda16f9da853b47e9d2df6a90,51de38f7c8371535a1b3dac651bf73d979f7535b14ff677ce49ce8fdc91a312b,False,True,True,True,True,permit,False,True,False,False,True,True,True,True,True,True,False
omitted_confounder,19,23305,event_recovery,0.4131655516489289,0.45786102467486367,1.0291110307824138,1.3435482520546622,1.377719953706528,-0.3486089229241143,-0.799764462944003,59,-0.6267420090711433,9,2.4583333333333335,3.661016949152542,f3c440cfe1c75e0c379696480905a1ec06443d44bac75a8fea9f87625f3e6166,5195b6fbfbccd06fa6f1554237b041122d159c11de1843c27c1afef21643af73,465540c485e3a03f49716a0a7b2c3ee90d067e0ef70e2c05fe39b46a1ce0f76d,d0b4c1887f0ca9e4fb05d06d7e36a3df008701db74ee325c2be4c6b89d35b6ed,False,True,True,True,True,permit,False,True,False,False,True,True,True,True,True,True,False
temporal_drift,19,23306,event_recovery,0.044083184520720575,0.21046294136945343,1.4505120110352696,1.4854577567749412,1.5102547215590025,-0.05974271052373292,-0.685079238331166,62,-0.10989879590386709,4,2.5833333333333335,1.5483870967741935,0ba9efe563e22d6da683dfd35ec6b998782afcb53933ef2d78b5a886b0a601ca,fe62e112e018b6f61673f72c759c42b20f0b667c963088f02d29de134ccdba07,63ab79f2800c347d2688e52cd65eb54ce3bad298cafb3123b98749ba3505cfc8,b43a9c2f791881df731296751932897fa26b63ce64d190008120adb7663e68cc,False,False,True,True,False,module_a_pass,False,False,True,False,True,False,False,False,False,True,True
geographic_shift,19,23307,event_recovery,0.47692826668713784,0.4060229781291551,1.1268341579209247,1.5584325544403421,1.5971416890631773,-0.47030753114225265,-0.6487108895568543,67,-0.6395881476698191,8,2.7916666666666665,2.865671641791045,a4f867ac755c7e2463ccefcf14a1384923abf4a5ce78811b7f841322bf03e2f0,79c9f6ae7c653bd53c3ca88366bae67781a7e0ac0c96d0b5e122f6e12587dcbb,6cd477dd5178c53e21e3424edb8c9877e476943246abdedd57c808ed669b2340,bc5488b0b2a2ddde29dd1c1b0084a669ddecdedd61d1a6e5245ba4ba7894c282,False,True,True,True,True,permit,False,True,False,False,True,True,True,True,True,True,False
leakage,19,23308,event_recovery,0.9928948626185814,0.9961459682606916,0.08576708440672098,1.0209854854993605,1.0320159104408686,-0.9462488260341476,-0.6712888688327446,70,-1.280080142258946,10,2.9166666666666665,3.428571428571429,66c28dcb9feefb77b40747a3e42c0380c01c6137a53f0c4d583e7ba1dc9614d3,25c7d8e6a98a9ac72a8e4ac4bd9efb573fae7c3ab42e8119a39a0176fd245e09,9d1a538aa68b713ac2e1b1b02e0562c8414ab4cc934a181975931aad48d8a7d7,c9c96a593452d0322292c0dded48348ab3544ab51992d8428fa41dbabb9e791b,False,True,True,True,True,permit,False,True,False,False,True,True,True,True,True,True,False
train_only_detrending,19,23309,event_recovery,0.29299453112219254,0.3484549945437496,0.9919202651292586,1.183213072634443,1.2111844461078185,-0.21926418097855993,-0.9081327821730278,53,-0.5525414837761977,6,2.2083333333333335,2.7169811320754715,4f7c7422b815faf33000a409abba8fa8ba2c9254003b67a321239f2c5b84aca0,0cb2a04fc6fe907a13708713a4ee1ae82f79612fdcdbdead6ae3487d77336a7f,2cfa8fa53b4efcd48534660b30fea652bb486ee460b14c71719b386098e63594,f1a4f2ab01bc5a4edf926a7379f9bf8271189b6f90e604319c3ec1de7414aec1,True,True,True,True,True,permit,True,False,False,False,True,True,True,True,True,True,True
small_sample,19,23310,event_recovery,0.4246998633029121,0.508595416979368,0.8242693520788479,1.0893377610111497,1.0451169143469115,-0.22084756226806357,-0.7809831032728004,14,-0.5991806216801472,5,2.5454545454545454,1.9642857142857144,875d75d452b66e2ee9af64448bde3cd1ce15651c6b9ba4bb5139870a907062e3,653aee7bc16c14c4ed6bffc608b6185858b3d49182d710274b2085b4f6dbd462,a422c782de41087c905e21f3236bf7167ab9cec43d477362e0ec0ae49057d53e,b53d7327bb5750931bf282924c2993572e6360c7cc90ac6581257fac82a686e5,True,True,True,True,True,permit,True,False,False,False,True,True,True,True,True,True,True
imbalanced_tail,19,23311,event_recovery,0.5246390532987792,0.5130405879662829,0.9974164705201217,1.4474840037185353,1.4683843724786256,-0.4709679019585039,-0.8653470981759144,67,-0.9508623125307263,10,2.7916666666666665,3.582089552238806,b550fd19b231ef4182537eb6236489c04d881165259a3e606563b2ebc44a8b0e,d7f47b7ff08cbe1f53996ffecb2d6a607c9f63c2ed62410601f76b4cc69a797e,2dc804cb7fd57edfccb82c239d639dc1ce97dc1c4c2a82c31ec7094221e64a7f,6ef771757e33763ae9b86da19b0f16fb2d3ee2318559a95b5fa77012bc742f0e,True,True,True,True,True,permit,True,False,False,False,True,True,True,True,True,True,True
measurement_error,19,23312,event_recovery,0.1450402177588217,0.15809310900045592,1.1196075709743902,1.2115674596584673,1.2193581041778714,-0.09975053320348115,-0.7522605019505946,69,-0.1711932434521839,6,2.875,2.0869565217391304,798152d962530467c0e44f6a5051c393727fd380658f291fd379c2fb00d4f57d,e81749196959cc6ac4d4e683bdc16a4cbfb90c28b73982b535f6ba78e93e8872,07afc4c8d32c0008f052286535d4aeff12f8b33c1c37853e1030362409ce4aab,b57832ec876c47a430319b842567610fb0551fbafca8c75a6b1a942b1cb9bff8,False,True,True,True,True,permit,False,True,False,False,True,True,True,True,True,True,False
spatial_resolution_mismatch,19,23313,event_recovery,0.13166468408218257,0.050457624255014766,1.1514270054274531,1.2388014839306116,1.2759110718212845,-0.12448406639383136,-0.8957011841265983,59,-0.12970450177287396,6,2.4583333333333335,2.4406779661016946,0adecf683074ab2ca75d2d47f799456ef41932c289071cef6dc79890f77c05ee,45ee581b06ee43eeb1a91cf1a1ecab8efd7a0bdca9207bb02f8bbfbca2ed30fb,5ce3e94890f1def7b237974771e881d73c1649ef385ab9a8a5686ae1679030a6,9ce6e0837bd49a6f5af937b0184f7b2bbea429f68fa9d99eab94885fc3d15469,True,True,True,True,True,permit,True,False,False,False,True,True,True,True,True,True,True
no_signal,20,24300,event_recovery,0.0017408244658498884,-0.054287384462800015,1.0407424634957994,1.0451500046532387,1.0588965683471645,-0.01815410485136515,-0.6848582849632779,58,-0.035447707936785644,3,2.4166666666666665,1.2413793103448276,deb406c82d85277bf94a138ee0ddba32a5536c48529f7dc63f512db9b77a9b7c,c1165c6b5683178eb19aab77ebd247a4c0e6b233c6e00805f0cae9169372629c,a4cc9f5dbcecb2f3760599293c86f7711b084d050c98be07e60dd6337ae6d72b,2d9abd47f558bb32981bd9157a8a8e2449e0c52b75fc6e48f382a9cf2a5dc16f,False,False,True,True,False,module_a_pass,False,False,True,False,False,False,False,False,False,True,True
weak_signal,20,24301,event_recovery,0.025370649835930736,0.020028867829204988,0.9920356103801728,1.0064841789050796,1.0271973505687053,-0.035161740188532464,-0.6489828396207113,62,-0.06630029132777948,4,2.5833333333333335,1.5483870967741935,207078f9ac1c78c5bbe95fdbca9dd4a970193eb8bcff29926a88854b68844753,0a31297c4b7f47201af2c227481ba5fb8ba83653b015997b00d47c1c25b9eec7,b28adfcc038482f7ecc3951f42d40040b5fc3d2c9b99c95c45239d40918661db,752e60d60302aabc0829da90165af18d5c03e67f15cb0c3097adab45223b8fe0,False,False,True,True,False,module_a_pass,False,False,True,False,False,False,False,False,False,True,True
moderate_signal,20,24302,event_recovery,0.2536467876845291,0.15213764338894542,1.0160958789023402,1.1782487600806495,1.2079823698570171,-0.1918864909546769,-0.8632636501854802,61,-0.33297834384098746,8,2.5416666666666665,3.1475409836065578,ede866f7a75afaf56873e536c07803409d70ea4a7171235cf251e2582b168011,0f7367f82fe467ddee09e7de69bc37794269e188d6a1893339e8fd0430dda06c,cc5ef413a09b0016dd92c9eac6638c7b5975f4e6615a0182c9ab40d274a16bcd,09fcd2f558e122dcfb9d4b82dc14f5c620def745ad2285b172eba3bf89540c62,True,True,True,True,True,permit,True,False,False,False,True,True,True,True,True,True,True
strong_signal,20,24303,event_recovery,0.6100184109746871,0.6693476874359332,1.0462593454725364,1.6824502747904684,1.6673761943200571,-0.6211168488475207,-1.3516681261520902,48,-1.260422992608487,9,2.0,4.5,d0a60456f8ac1c9e23f51aaa7c958733773584e771be5cf31705114c951ddf4f,7c799b5c3e3a717d87dae198b01356bcab80b8c7d528925b773eebba0d023ef7,10a8c509140c10014b07b9b3590d757cac144d2e9f2d160eb23a2b93d9ed7e7d,84c114bc5d1656bf512fbbd859c805634c21a64000047be720ccf26a99415335,True,True,True,True,True,permit,True,False,False,False,True,True,True,True,True,True,True
correlated_features,20,24304,event_recovery,0.33609559397899624,0.31679914505996176,1.034685693626584,1.2748752486331982,1.3171955901692027,-0.2825098965426187,-0.7865861388486195,56,-0.4742390864051089,8,2.3333333333333335,3.4285714285714284,a0b03b905e5e67b7ef7d909fde0fde7b30d5811edf1396872424c192a2d69e03,ea4b8c9254f2f43785dd8fee76f19c1cde7f0404fec9ef5e77b7408694d5a5ac,9aed8fc201909b313471140517c5f8784b79f5d48f305926bcaab7fed3f0853c,743c1ad1b997a63967f8fe458673638daecd3279d05212a5ef3f896967da676d,False,True,True,True,True,permit,False,True,False,False,True,True,True,True,True,True,False
omitted_confounder,20,24305,event_recovery,0.487854398270945,0.37886143243757264,0.9925087034507192,1.4012396971325598,1.4337339629391506,-0.4412252594884314,-0.8536026119500472,77,-0.8120135507820017,9,3.2083333333333335,2.8051948051948052,f05e278a6d15c636dfd95cf02683dac17b9d349ebc4fc3105d039f85332adffe,4334d495cefa83460668723343ff80ef1679b13127e5296e7ea67ce22f536337,b0db171cb63f05d3a85fe16dfa27c5dd016ed6adc6e14175ceb880fc17f45da2,2ee57c74a33bade0723b4f5763228df01d47d40b41b3ccb70428afc7a5ed44d8,False,True,True,True,True,permit,False,True,False,False,True,True,True,True,True,True,False
temporal_drift,20,24306,event_recovery,0.19269110655063448,0.2974830150382275,1.510642338159774,1.6880586241137865,1.6931833873531232,-0.18254104919334924,-0.7712545168720438,79,-0.4515654855217561,10,3.2916666666666665,3.037974683544304,e2852ca24110d4631e975a5d1cff51dce7342e4f17a138ca04956325660c0647,82651423117cc2a991f73e9867894b3a4557e57c5d6d25c9590eb89ac7290b4c,e65fdc755198f45963d97aa61335805b019b6cb2c6373adea2b1d9f4fa250e74,aca289863fea752468444fae571a22a7ce1d12b4a6b8a4e0fa699ad5e425d719,False,True,True,True,True,permit,False,True,False,False,True,True,True,True,True,True,False
geographic_shift,20,24307,event_recovery,0.3950480120675339,0.4735557485175049,1.1425894478185505,1.4690270026778005,1.4866445358805007,-0.3440550880619502,-0.5651457824642718,60,-0.4322446570002825,6,2.5,2.4,10c3aa74c9d3b4e4f45f9452445c051b5f1366b2c91eee6d2d516588164f8268,49845cd0ab035d23652750c170304d2cab81e3600415b79c400fb5ab5a70e3b6,0641b40dd9e61c8767ed0cdd50506e146bfc2bb138b33281d480ad86659537c4,74fa7ef587799865183fa53dd14e5abbdf56497fb140186db413ca1033ea5f2a,False,True,True,True,True,permit,False,True,False,False,True,True,True,True,True,True,False
leakage,20,24308,event_recovery,0.9959147138038699,0.9915921039312379,0.0666688718761254,1.0439070214971966,1.0693007400848737,-1.0026318682087483,-0.6551991152106205,62,-1.3347823205646718,10,2.5833333333333335,3.8709677419354835,d71a7f1e9dd95f7c8acbfe2253a848611d6a01f86e9a04adca6e336657c04a52,a4e1579f165c39b509e676f0f15c4e99510b9ca62a5d3dccc91f0cff582d070c,e69df5dc35ca800c1c6a7731adb4cd037dec0b053adf10da3237184b56ab41de,e867ef55f982414626b343265a3702b3615b92c19bf57dbddbcf2b5ce4c3ae95,False,True,True,True,True,permit,False,True,False,False,True,True,True,True,True,True,False
train_only_detrending,20,24309,event_recovery,0.24783335703444653,0.27210561470399786,1.024625042387625,1.1958463187134356,1.2279898242200344,-0.20336478183240936,-0.804441162410889,65,-0.37276476903442823,6,2.7083333333333335,2.215384615384615,b9e49a28dd67fac61b5429f815d46f8546e46c84104de36b8c583204682178f5,3841f9134ebbf308a9cb41729e21b094e2c4426aa94ca4aa96473086db0f4727,baeb5e0ddc9ce482ff9ed2d845f070d441a6ceea3b6d49b0b06eec03bd413a49,5f23c556616efe1b3283077213d6675564bd1ba0e4bd613c58db4c50a6dc54ea,True,True,True,True,True,permit,True,False,False,False,True,True,True,True,True,True,True
small_sample,20,24310,event_recovery,0.25561250510337696,0.20479724809016753,1.095141660474077,1.269405597914891,1.3111337515717996,-0.21599209109772266,-0.8612016375120284,15,-0.33393898337865413,7,2.727272727272727,2.566666666666667,47ae0aeffecba327842880ed45ef2e5cd66a83826e4e361d4490907a2227b9e3,e66ebf897e7f6688735bfc93230ebfccd206d6c05b86a9aba2f6ff362ea70c8a,395cf73db6c3d36de113fc99cc1f539d2970a0f576aa66daa087363832b3efb3,b841db7fa80ba324f363986235f9df579b0a9b3938c68ba3bcf94d14680e494d,True,True,True,True,True,permit,True,False,False,False,True,True,True,True,True,True,True
imbalanced_tail,20,24311,event_recovery,0.5105771755536379,0.41070714562677435,1.1043610937693924,1.5785898700453362,1.586932497619983,-0.4825714038505906,-0.9094181942550897,59,-0.9878632984317828,10,2.4583333333333335,4.067796610169491,14a05b82007de5ca28cd8d23e369a7570ee29d3fdfab4f3b635bd14ee6972c19,3cf9d8e6f4396c20b26eee26d4f2d5d8811f7293f35f752d34bab013ce80c7cd,32c3c4a5757827fad163b5def3fe6c36fc4453fc1ab81a15bec9625310425fa2,321b374c975f0e837d2d1555bb5e4dbc70eee2051018b1a467778bbc59df0bf0,True,True,True,True,True,permit,True,False,False,False,True,True,True,True,True,True,True
measurement_error,20,24312,event_recovery,0.05526982343876752,0.06972977359636223,1.165161484641158,1.1988385951932659,1.2098141247860663,-0.04465264014490833,-0.827683651822245,69,-0.10051395042903333,4,2.875,1.391304347826087,02f119154e961e8005c3cb16f19afb86bd0a12897c9156749a25fc724326448e,1f01270f27769a1d513e0383a471b5732b6959e9b03db84190deff034e2623c9,64d923a17febae64b4d1a4c86c65130d0936f4d5402ab58fef53b20ee399e976,b1f30c8351fd5858f1fa65d4bc7cd6983e58514fdbe6125e8da6a885d441dece,False,True,True,True,True,permit,False,True,False,False,True,True,True,True,True,True,False
spatial_resolution_mismatch,20,24313,event_recovery,0.009639199186494585,0.05118369365613007,1.2409211412689387,1.2494080471200744,1.2746991496977251,-0.03377800842878642,-0.7665385492652074,66,-0.030347311753115225,4,2.75,1.4545454545454546,1c936f980d9861153a3e03d00cb865c14aad21764836f2e5d9a66dd7442668b2,dfabcf3975cf385f79d2a4668dcddd0e83cf7f2e5cb9143ee5dd0d2c566d6070,94a1f73baae189bad0959c7cb6fe09fd4dc0460deb75fac459745d7fce2409fa,817fa0555e3550652088ac047cf71c1ae74b563e0db922f7447dce90f63a9a76,True,False,True,True,False,module_a_pass,False,False,False,True,True,False,False,False,False,True,False
no_signal,21,25300,event_recovery,-0.06042892058899274,-0.0304408772333149,1.0240158784581317,1.0012875928761051,1.0176974877848455,0.006318390673286212,-0.6193524423813987,70,0.027668157737182453,2,2.9166666666666665,0.6857142857142857,26ad2e98178148c052736441858e6c4fb96279c3d088f13bcbe671dd003afe8f,ebfc41b3b8973b31ec5b8ade038d98e13c94528b7a8ae2c29dcae9ab7c9a85e2,153d931edf90c9f1e4322a499f7f3c1da8e44cec115655dc9e95552a5d0feb5a,704ece3b64c96da48f9a7d3fa24eb161e6e14ec48990cc98cf890976b340ce8a,False,False,False,False,False,module_a_pass;module_b_pass;module_e_pass,False,False,True,False,False,False,False,False,False,True,True
weak_signal,21,25301,event_recovery,-0.00392276185364282,0.044825152369206256,1.0378128293577438,1.036658111390352,1.054578027760184,-0.016765198402440173,-0.6486728949140231,63,0.024404584818665143,2,2.625,0.7619047619047619,068d5a2fd9e7983caf38802a8a06b6b792c5482cb5925c82b62fa50b2b6aaa4f,3c82dc270be0086609b990f4c72993653a37051b986f4ab232efa66570c40214,c628b98ca15378672ddd2e1fcdfa262c06574bbbbce1f817a2b0a538438ce331,5a6c8060e82e7c00df0a3c667d99535a79bb08f46274110c53a97c37165b6a7c,False,False,True,False,False,module_a_pass;module_e_pass,False,False,True,False,False,False,False,False,False,True,True
moderate_signal,21,25302,event_recovery,0.190255795148788,0.33287113120539924,1.0623252844907565,1.180695922813999,1.1867711452046439,-0.12444586071388741,-0.9374559630986136,54,-0.3337766670705573,7,2.25,3.111111111111111,a0d6a377926e9de5d028ab6af32cbe310c4466c8d1d4ba320272305dbba0a234,f72b57a7988f5da79c463b03e2db2e1d3648a6a50c1dbc76d09ff24580708991,79ec0525f6605165e63f8ef00b3accb331c289293d920cbc32f7f57e4e5b9722,0959a4faadb2922a6f0b0ad7b50229c34bf4993b8e694e62c936b632e167c229,True,True,True,True,True,permit,True,False,False,False,True,True,True,True,True,True,True
strong_signal,21,25303,event_recovery,0.6701885266774541,0.6295819574006647,1.028055314968516,1.7910766444427213,1.8099965935657523,-0.7819412785972362,-1.1127490671287554,62,-1.2561344296749617,10,2.5833333333333335,3.8709677419354835,7b95136dbe636565309eac1424b74f887efaf467fcc7c8c1ed7fb0ee0e8ff651,5377ae517cb9cde34131cfbb90674dc0cf05e2c79d43b314c0baaab4fded7355,383188811f85d4b47f19747f5f492a6bbd4dc7481d5d1732390e7c2d8533fe5b,fc8d6140d8faafcd7f76deb79d1d21e5fd0006d3f446870694928bd5472555e7,True,True,True,True,True,permit,True,False,False,False,True,True,True,True,True,True,True
correlated_features,21,25304,event_recovery,0.2900435282282873,0.2874422675572835,1.0255630514632545,1.226116339478542,1.2478700849206439,-0.22230703345738934,-0.7596679467335026,64,-0.4419362049633382,9,2.6666666666666665,3.375,bce78d7a4db5740d369de0b8ea2fbfeecec5f4be575023e842417169b671b166,a7f07f69927b5baec063df7da154553170cda510ecfa4df024cb8e3d1e87e4a5,2a7bd331dc0141cb9e8cd6297061c9a770bc81e91de0f60878f784ca5e8ea9a6,220804835b7e9dc7667abc8fd22f437e43006d388d7fad1cda18e7ac0e66c2b5,False,True,True,True,True,permit,False,True,False,False,True,True,True,True,True,True,False
omitted_confounder,21,25305,event_recovery,0.4345962724122092,0.5022081015063247,1.0270323259275655,1.3661408158779698,1.3706635207989841,-0.3436311948714186,-0.869431228385642,67,-0.5963935485629606,10,2.7916666666666665,3.582089552238806,af2409346a4dc2be96cf05df06a66df6e30cedadf5667bffa8e39ff2548aa938,a53115997dc81eaad421feeeaddf9d77d448eddc26ba1210ef1b5b71c61e81b3,2ef5ebe6fb1f1d2201954baea6ad27c7d77c5b8e05586e3e8de5aebdc583ace4,2365b32adce2a357ff37a164865e2ddc93a39dc3d18e7deac7bbacd98265fa69,False,True,True,True,True,permit,False,True,False,False,True,True,True,True,True,True,False
temporal_drift,21,25306,event_recovery,0.19449028942136237,0.24184358465319455,1.3399363999101106,1.4942719226211776,1.5133597978405153,-0.17342339793040473,-0.7582580131078513,63,-0.16455657966091697,6,2.625,2.2857142857142856,77a9dbe036eadb3ca1b8224e8a06c75be36e362d89007b7998a0de2061bea0da,41367eb52f5c887892a4d3cc589b33aaaf2bccce2c2527416485b79b26fa1116,25425507bba7f75d9aeafc24c2daabd20320ea6e9822005e94a33225a0b97686,7dd470d9a773ad77dff3a3d94c253cf62b50b4a55e83c4fa38eb500253a6e06a,False,True,True,True,True,permit,False,True,False,False,True,True,True,True,True,True,False
geographic_shift,21,25307,event_recovery,0.38156812648155014,0.3500340970636854,1.0920815528497598,1.391746722503369,1.4067084197170157,-0.3146268668672558,-0.5595355772206411,54,-0.3285038421605575,5,2.25,2.2222222222222223,c02f3bc31e3388cf1b068000f97c9f1f1c5cde1818baadf3d2bf8c5b37c2bca3,876d494b5d3ea6d2c682e834df2b284bc6d5b7bf9bf5973e73cc4224b7103798,6a835b88399b6e528acb2d2e66266f87b9bd80ba1990f7fa3c218debf0903f8f,2cf0e1a5d40865916eaedf0808e17b61cb6ea6ab8189bba51e6ba027c0f0e0b3,False,True,True,True,True,permit,False,True,False,False,True,True,True,True,True,True,False
leakage,21,25308,event_recovery,0.999192554225596,0.9987572580734575,0.027460536551848436,0.9692177779625527,0.9923200279796962,-0.9648594914278478,-0.6391047433787882,68,-1.2727629561018392,10,2.8333333333333335,3.5294117647058822,2c016583f208025f8a880a869665a2a0ee73fa129394ac47ce1a24d6d28686e9,88f5e1c3423841b0f7d7b87ecec7dbc5c77a1467dcca6e5d879ec95da5622bc8,433ad3a8ed389cae35c08955aa03a2185a8d1cd83174efed94217df6c42b7109,08a79f91c518d1dbe6c235db99714b0897207940578415fa64b9362928b52ff6,False,True,True,True,True,permit,False,True,False,False,True,True,True,True,True,True,False
train_only_detrending,21,25309,event_recovery,0.2549554293171804,0.35290011380313957,1.0383177540255437,1.2042857397325806,1.2102365717104895,-0.17191881768494577,-0.7607754374263811,65,-0.42196349770808195,5,2.7083333333333335,1.846153846153846,c9f4faa70005ea1b6ad932a97a3a39ea4c39f7a25a690649cdfe394a75e584ac,2cc9366bbb472e1ffe2e8b8b8391cebde9b8eacf83d8e2bdc236d729a062ce6f,2ac99453cb2813c66e26303c376c47ad84a974ab1bc4975f972a5af715d31441,6c12983f0577d0e97e8182e1e20aa0fc3785fefff84ed3eae0166da95b77e36e,True,True,True,True,True,permit,True,False,False,False,True,True,True,True,True,True,True
small_sample,21,25310,event_recovery,0.2764084159797723,0.0411439426829161,1.0266270287150572,1.2237667118991957,1.259709149719255,-0.23308212100419778,-1.1272873494634024,8,-0.5062300213982434,3,1.1636363636363636,2.578125,2de24c70d92a0c2faa0ff577d89712ea2ee31a5ce2eaa534c213b96eefbac91a,b7923a18f14ed9d77709d2745e40b06b0e01f17378ae79cf35522019e9c039d5,092d4fea1233f88a4dad32548715ad99a99b487e0e8acb419219ed627d9b2b17,21c09d93ec8367e3b27cb72fcf91c9745a07f9c568f14ccf43b550d782830a47,True,True,True,True,True,permit,True,False,False,False,False,True,True,True,True,True,True
imbalanced_tail,21,25311,event_recovery,0.43185700721887366,0.4375292807788843,1.0718888802624726,1.4245585250375443,1.4486238130514217,-0.3767349327889491,-0.7688359574928405,63,-0.6858186559916959,9,2.625,3.4285714285714284,2bcd5b88298c7645da890ec696d80f593268262e09f25bfa5146228f1daf76e9,01064b47b6921c5cecc832bea0dbaadc49ae51eeb07c1aac8e44b666150f4ee4,acf66d097299762c528013f3af1338577b145f6f63b2197cc2be2f7a38040b21,d6185415d8b54616269610989aba8dc0bdb1d5597806b80b45c1b01361e79754,True,True,True,True,True,permit,True,False,False,False,True,True,True,True,True,True,True
measurement_error,21,25312,event_recovery,0.14771192902877184,0.08020973322609659,1.1292678582003204,1.2265014743938187,1.2650312435633237,-0.13576338536300336,-0.8987192252324094,52,-0.10886364460693287,4,2.1666666666666665,1.8461538461538463,d520afc6b3740b6002f4c50450a6d7a79bb3b45f741518d8112e1cb5ff51d73f,94fa7a1a6ca91304d9b1247e66267ebbb196f323258897251820244639073db0,794d8235ee57b6bec860cf0d7adcdc5d85c3bb49be1ca22c6e04675b131f833c,7256718763e5987cbd77ce9344f2b848da35e275a5b7744dc92646da8e6a0f83,False,True,True,True,True,permit,False,True,False,False,True,True,True,True,True,True,False
spatial_resolution_mismatch,21,25313,event_recovery,0.07085245145603214,0.04376942713647736,1.0801679713608279,1.1209724862628838,1.1321725779683078,-0.052004606607479964,-0.8315461846695795,56,-0.054192939711133814,3,2.3333333333333335,1.2857142857142856,08e657c524209d541f68ea146bc6f686a898f966e538594474f27f87a28c627b,4382db1351afb34ee9d0c08a401b01098f43f7a7c817250b5b1b875cbc254515,581d718fb179c5a92f2c1f313ad48167d6ce3c7790345a03932c72543f36adf5,de90eaacfb141194871fe713f88bc9c947276162c39daa2e72515929dd59afc7,True,True,True,True,True,permit,True,False,False,False,False,True,True,True,True,True,True
no_signal,22,26300,event_recovery,-0.0329943561040098,-0.09812395723788936,1.0188065548739322,1.0090249305681251,1.004130372579603,0.01467618229432932,-0.5741417311612818,78,0.0001644789746659825,4,3.25,1.2307692307692308,01ab8a4eca4491e5db3eeff8e545ee38697293f35a96435dd410d41721b7b62d,685bd2de2dbbd396961e914146bb6c070e52b32d4d5263156bcff0aef3879845,e177d123b177e72bc18efce1c810c9dc9dd4772db6941a93c6426c04d47dd4e9,f530d65e83042ecbbfd1bd03655f9880a2c448f4991b3334a4634158a3aa1a52,False,False,False,False,False,module_a_pass;module_b_pass;module_e_pass,False,False,True,False,False,False,False,False,False,True,True
weak_signal,22,26301,event_recovery,-0.004087969562731608,0.025013720446979026,1.0186443001166725,1.0207940591528175,1.0464581290484012,-0.02781382893172868,-0.6991224884073709,65,-0.04168978416336322,3,2.7083333333333335,1.1076923076923075,f31d39ecdfecff806a1ec7d7efab433217d693bfc0df354eb00ed87446f120cd,efab898c9934ac7d11baa93310648b014d9ade1ae37ba1c6ede7436538b9bb6f,d60ed7b341ce0b6bcc1699af7e58e9a2e31e589117b581f1b8d5c278c5a1f9e5,4e8c96c1f4bb0b6f32a7b8aa7a167e285ea69146df3c65892e592291d06909d9,False,False,True,True,False,module_a_pass,False,False,True,False,False,False,False,False,False,True,True
moderate_signal,22,26302,event_recovery,0.315001578322364,0.21310035522568926,0.9905438761100991,1.1968275540974895,1.212350967504975,-0.22180709139487598,-0.696570566975142,63,-0.38794361382864184,5,2.625,1.9047619047619047,ae145d233c7cd2c55d323f9c7a6ed0c703c7c005d150a496506265f83fd6456e,0c852c61d9a290f72b7bcf788d72daac2e007b52cf93e17cf38b7c5b6a67d6bd,edab21d8e6910ebc464d73a067a1750a23f1e231f156c68e7ab6bd0ff3a17958,54ef396cc9bec944f698dd4e2108a12aed86ff71758fc7a382022c3da113a1c7,True,True,True,True,True,permit,True,False,False,False,True,True,True,True,True,True,True
strong_signal,22,26303,event_recovery,0.6773952032299567,0.6178743102848108,0.9991789993160495,1.7643825416508632,1.7825897865516203,-0.7834107872355708,-1.1815801697209438,62,-1.3018961956081423,9,2.5833333333333335,3.4838709677419355,430605caf91ffb453836340afadabad6677f97fe8f01c51ab6729ccadc58f615,b37c058614e50cbaa25bd9501123dc5a6277a07b4a8636f3167d1785b9bcd86a,ee30d3b709708ad3b443df4b03591506eeb3b93735d6fa7d9d6259853441a8fb,6ed81497e910abfb4e998ed2b9124cc7ed1ec99466d01dd679804b7e25f6ef4f,True,True,True,True,True,permit,True,False,False,False,True,True,True,True,True,True,True
correlated_features,22,26304,event_recovery,0.18033072641877557,0.2637458571741891,1.0747483656247945,1.198384403775828,1.2133105592034352,-0.13856219357864075,-0.8203570889398606,79,-0.33319403448879736,6,3.2916666666666665,1.8227848101265824,a208cbaaca61bd2e96e0afac5ba2572d30b5b91d4efb17e38212d3debb25ab9f,d26bd848d01b7724c84c8b7aeaeff6c77264bdf85393cc98a94d44645cdeef14,312d6492a8a42b6410b69174145f0ab83e46d37153d221b7af536582cd07ee58,765d340e44a953cf3a853f988a8e0c1e01675b55ac18d1ad18a4c73dfe96588f,False,True,True,True,True,permit,False,True,False,False,True,True,True,True,True,True,False
omitted_confounder,22,26305,event_recovery,0.4754907052114882,0.3501569414749943,0.9805337968626993,1.3555886093841492,1.3635383596120707,-0.38300456274937145,-0.8364987649286535,64,-0.6469062661793616,8,2.6666666666666665,3.0,1b6f8c00a06bc764cfd16ed60de67e64f2af84798fe16cb05975b5712fd339bc,f6140eade09406ad08dfac880243928d3b6a6dbc4f4e8e2b209b28b8c9174d66,cdd18450de4cf921f5f07f728f1d727361a4bd25731cb625b2ff159f8bee1910,0802c51ebed9be21ad454a67ed7e814bc70a5807758858cc88e1b7f57ece2aeb,False,True,True,True,True,permit,False,True,False,False,True,True,True,True,True,True,False
temporal_drift,22,26306,event_recovery,0.17412704144222368,0.2944639628335344,1.471202761244001,1.6190451222509283,1.6195763035742277,-0.1483735423302266,-0.913882995569119,72,-0.13676194975717393,7,3.0,2.3333333333333335,c523790ceefc75e58644c8e1e70231581836af5af46e51710ed2753ba7e746c8,345841f6993c17523ee08d2667039acc1b733ce1d5700942c96aecfb9ea24e3a,e48200bab161e8468a413e95d6d816979d54507f13f437ede2ea0b9bbd385ffb,3d1e2c0127ddb27149a5dc080c0fb6558d7800edf0d2d797d61f04758971968e,False,True,True,True,True,permit,False,True,False,False,True,True,True,True,True,True,False
geographic_shift,22,26307,event_recovery,0.32483047884555194,0.561518441948198,1.1133425190780808,1.3554209379466104,1.3812454218335979,-0.2679029027555171,-0.6611240860281934,49,-0.4924242389063256,8,2.0416666666666665,3.918367346938776,2460338f2c91a6bd6bbe02141eef18aef211a5ec7901ae6284b3b746e5bf79a0,bf9d6b11a287d2a2b2bed8ddd7d0db8e2a62687de955d1ef376a4fe9f104f319,9595c68fff8f3e2e1ccf59c1d3a0dd9ceedac2a278444c4ca82fd40e8a542f63,a9334168370f60f16eb60db47a2cfd239de3cf6acc8252eb6c68846cae53405b,False,True,True,True,True,permit,False,True,False,False,True,True,True,True,True,True,False
leakage,22,26308,event_recovery,0.9992708706343322,0.9833336529967097,0.023187039434384358,0.8587084036198657,0.88881903685304,-0.8656319974186556,-0.6503838366441457,49,-1.2218341187051094,10,2.0416666666666665,4.8979591836734695,131aaec2a0083b5c821100018919173b379f6da82a544ca60f92b73047551b55,8a81e09a116f485d3f76a158660420e76c62415599ea7e16b54bc06b790dc970,7b2b5fc0ffb89045acc9d5c5132d202417036232bff166436950a9fe62914b88,a87339b0941742c1be333231616bb4ed8fc8c45964ff2432911f4b30ee02fec4,False,True,True,True,True,permit,False,True,False,False,True,True,True,True,True,True,False
train_only_detrending,22,26309,event_recovery,0.28395134588408844,0.39752884667107136,1.0213756925879764,1.208743392361613,1.2167346823488947,-0.19535898976091826,-0.7969725119859562,65,-0.3865063846184693,7,2.7083333333333335,2.5846153846153843,460c8f6e4278aa9937f480dea65ec0105b7f3dd12837abf5766a1e1b7dbbeac7,9efe78bb041cb81cc264d4683b168ce99b3d6b9a62e0c16e3b80d4a53c24144e,2b6dbb82e8f93aa58d9325b6e43873d7638dff2b098c333af5bc85e65301b890,f4f4cb56f9d3a71e0acf2deb6d43246f8c562ece4406bc341dce7ac6c3b5f356,True,True,True,True,True,permit,True,False,False,False,True,True,True,True,True,True,True
small_sample,22,26310,event_recovery,0.2494097047592081,0.34918028604923224,1.0253951308748979,1.1946260411562646,1.1911360960245985,-0.1657409651497006,-0.7332233715117447,18,-0.3012956714130919,6,3.272727272727273,1.8333333333333333,065955ad3844f5577d97ba951605c7ed51d582144f0b0ec12a94564a95997f3f,604af0a1db4d289f7dfb97b0b833ef782232eb24443b06a9f6ea28a67e2c16bd,303d40bbd37dcaab83b6c1a7177f17ab2e70abb7e03ff18104350107ce559576,22295e5a0da913d137839f25dcf5f194e677af3379be550ce197bb48a25e1417,True,True,True,True,True,permit,True,False,False,False,True,True,True,True,True,True,True
imbalanced_tail,22,26311,event_recovery,0.42015704043432434,0.6005295495687444,0.9869085521513027,1.2963365480339288,1.3096036636951491,-0.32269511154384645,-0.958691552569132,50,-0.8720008438110007,10,2.0833333333333335,4.8,4ce6cd729aed5e113b95ebf9ad0cc36a84fbc28fa6fd04987c65d562308f23e8,1ed2a6c2abd0c229141f6ee47f2a51e7058fed43ad3105a88996812716d0c374,df8f87f83b825636198b84b6f1d97fa468484ad4202d3b8734b99c73ae7391c4,3fe0099b1bafc1ba7e8d9943138b19578af391dfef37f5e09befe8adf210c530,True,True,True,True,True,permit,True,False,False,False,True,True,True,True,True,True,True
measurement_error,22,26312,event_recovery,0.10479843158282731,0.033982365350513466,1.1065856331921815,1.1696964843911803,1.212334394308493,-0.10574876111631148,-0.8802652549740166,57,-0.15214491359860727,5,2.375,2.1052631578947367,8e40a8449b83c6a7d11f0687bd88de7ea42668d745130660fb536c559ca1850e,cdfd39ca2bd17feed51cbfc28306c5839c1be2e7b38fa9db2a92e72dece28eb8,ca01d6b10d14c277298f744b11e5df9768fbbf1dcbff2343e3865a4dcdfa06b5,3fe2df9c64a43b35c5054ba9628fe55c7f169d579bfc3c0363bda56c936fb5df,False,True,True,True,True,permit,False,True,False,False,False,True,True,True,True,True,False
spatial_resolution_mismatch,22,26313,event_recovery,0.08537775038518458,0.0574015218567252,1.155354074954467,1.2116073577560864,1.25339032517809,-0.09803625022362294,-0.7744384876432964,60,0.001611071716838719,5,2.5,2.0,1f0f1461e0049215bf68e57309ec5e6b8467c81d530a933d3f01d5b0b334ac06,1e523142f075189c0427574964dd3555459fd82f03ae11bf41dd4f5424991845,fb0c939fa51739bd4ed34beb8de0536f1b2708931e0d41ecd60b8fc2d242c896,36394f91bedf6120a8602053b45c4d86d647b38686f889916e0138240a8392ca,True,True,True,False,False,module_e_pass,False,False,False,True,True,True,True,False,False,True,False
no_signal,23,27300,event_recovery,-0.07681281568944698,-0.04477830570799135,0.9742490070915263,0.95297689257404,0.9548518283032615,0.019397178788264746,-0.7698476581277836,42,0.013156282007574571,2,1.75,1.1428571428571428,19c02e236c6025046f4e3ee3afd8e6a970189b3eb88a75ed7d6aceca2c8e5bdf,8dc779056db3d85d2f17694bd59a7e160681f14cb4c03b85743faf1108fdf869,1d270742b6688abbfe2f4278548d4440915295876cfbf4ad9807fe452c8f0824,3ab3ca9fce663282fde1ab5c29aa14fc3ec883020e0f8faf424fea723ecf8e64,False,False,False,False,False,module_a_pass;module_b_pass;module_e_pass,False,False,True,False,False,False,False,False,False,True,True
weak_signal,23,27301,event_recovery,0.028397239980593625,0.0288658514967437,1.044010491574514,1.06058175524915,1.097616237667369,-0.053605746092854956,-0.6737013516193027,62,-0.04904300184996724,3,2.5833333333333335,1.161290322580645,ffe438dd2a3382628140e72acf503fa6512a73aca499ca38da2ffeee68fedc75,83cc0874439936c15eef74deba690d18d89761cffbcf8ca5df6e45cf8aa814c5,6f7576fb61d91429965e8e4d7a07d8735d6df7481e18b279ebb3d0fc7bdd1741,4c52100e5da8408561b681c9ab800016e32c364eb2e3a6a16ea09a4384d361c6,False,False,True,True,False,module_a_pass,False,False,True,False,False,False,False,False,False,True,True
moderate_signal,23,27302,event_recovery,0.34431266716724085,0.24259783881733432,0.9264958135364204,1.1466667273194997,1.1525624880456382,-0.2260666745092178,-0.8747327671192915,50,-0.4712508558748423,9,2.0833333333333335,4.319999999999999,a33a99151d017fce6fca7c53977033bf008143cd3c8639fd5c4b1d6552e83522,121eb3ad2a79db22b4d0af9393e2d8461fdc7bd41ee3807f4f093b1b47866474,dade648eee7ae0fc8d47443a35e757229664a08b43c024e518384c247c77cb01,fd4c6dca2de9a8f796a31104b07d3e6d8196e7730114284485a51464fbb17f01,True,True,True,True,True,permit,True,False,False,False,True,True,True,True,True,True,True
strong_signal,23,27303,event_recovery,0.6398459121050404,0.6806733271843824,1.071230424382553,1.7919541462201776,1.8070391956521956,-0.7358087712696426,-1.2175975769362248,56,-1.1623042046205938,10,2.3333333333333335,4.285714285714286,2607d0617ce9457a289adda4d6d039670a3b23440d3a4397bc9424a8aa9eb58f,37d5aadd31c0c37beef34d3846fb51826ac031d59ecad0da341dc5ef437cf4eb,9e87d52766877d551c498b3e416c2faec98008d32d3e69d8b184a72aa439b621,42909ddf725261c322afafc7481a4d34283a0b52a7938f7d9e6a013e47ce9edc,True,True,True,True,True,permit,True,False,False,False,True,True,True,True,True,True,True
correlated_features,23,27304,event_recovery,0.31722110685166727,0.34268860835456727,1.0457353464166106,1.2722276750589623,1.2851195860837328,-0.2393842396671222,-0.7958248972653656,62,-0.42390000744962975,7,2.5833333333333335,2.7096774193548385,4d37348bd7c8855cd56455dbe970fe15ae917af5094706bbccb4ed490e1cad94,53a9a450ae680881acd0fa84abde4f7030fb979fd5c90451ade29d60c25819aa,9c852214f4a79e8f33f73407059fa9fee9560c01a862ab556ac8622e267389a3,99c5de89227a3dff7d15b8b939b0c859b5575edd0756ee0915227ebeaadb10e7,False,True,True,True,True,permit,False,True,False,False,True,True,True,True,True,True,False
omitted_confounder,23,27305,event_recovery,0.5152998539401259,0.3800099220746701,0.9300336627920328,1.3406581046283275,1.3440993236566634,-0.4140656608646306,-0.9221574662523502,49,-0.7914793335880288,7,2.0416666666666665,3.428571428571429,5c8fdbeae4f4bd9bafbd822edc9ab92f6b4c1c0e73d221eb342e50ab8d1ac738,21a3bc93d6e7eeedf13840569146fa46a78cec5b72d0c41a161aa6de064b4eb8,08eb890d53bff5726a8fa0444c78b9d0badfe9be68f7fa5666ac57f35c09f5de,fe6a5a867884ec64c37433440d098defa7b263932cb0ce51a54654109ed0dff9,False,True,True,True,True,permit,False,True,False,False,True,True,True,True,True,True,False
temporal_drift,23,27306,event_recovery,0.17266646244379624,0.23841877066890604,1.4729959124986425,1.6274832483341715,1.6256074076120708,-0.1526114951134283,-0.8215793586345004,77,-0.23876934707398334,9,3.2083333333333335,2.8051948051948052,f5483ec0f7f9ca44d2870ebdf1a5dff1d72bf548e77ada9b228d5dd16770b191,d69bbeede171437f9cd3503175543a1abca5c39d16137016a5d05b28c2f0886b,e6eda8a1012893e67fd220616ec4d838c08ae68d32201bd6ffb222d4fb8c2a6a,2efa1038758f3a99810cbd93d7591ac20c54d25f815ec45b29ddfcadda87d3e3,False,True,True,True,True,permit,False,True,False,False,True,True,True,True,True,True,False
geographic_shift,23,27307,event_recovery,0.45497916334520794,0.4807200226718632,1.0488071824527028,1.4233380566346103,1.4376418134481892,-0.38883463099548643,-0.6520217733621501,56,-0.30369437661433385,8,2.3333333333333335,3.4285714285714284,d1858519e449fa3fcbaaade612e6857a5a19e8bde78899e9ad767d90caef7ade,ab5a81fb7cf2783996449364f0a0e8daf3c5c0db10cf03174e1b5d467f2f7688,a6e240cc55360534b959b7d815c8d72b1118fb71baaf43bee40c422f3dc745fb,d983ff264853d1af73ee9049f9dc527895279b39d3f7c27e7723bfb74041a462,False,True,True,True,True,permit,False,True,False,False,True,True,True,True,True,True,False
leakage,23,27308,event_recovery,0.9939469750360443,0.9951583981238031,0.08041313321067269,1.034385498705994,1.0373135696701796,-0.956900436459507,-0.6479230797479274,61,-1.2442853923375745,10,2.5416666666666665,3.934426229508197,00a086023eeca79d7de15aad16871730428a0f4a0fadb98f45e19e8a425ed84a,99deac6ffd198241f7b85e12c1018791b744de4e11111a72469b44288393a4f9,56f044777582104c9e3f2d1e35e570f0a56fd7599c57d22486eb918e01d8e5d6,bbf89f7c5db16e5e946913e692ffaa56cfa81f9966edb5df124e53277f0ec0a4,False,True,True,True,True,permit,False,True,False,False,True,True,True,True,True,True,False
train_only_detrending,23,27309,event_recovery,0.35220173570611224,0.34346839880300895,0.9675834103860588,1.202456423895469,1.2084674115868506,-0.2408840012007918,-0.8944928762963538,54,-0.5013084524843334,6,2.25,2.6666666666666665,caedbccbfeaa9dbc179394bc1c4ae83b5f078babb256f46e6efa711654d60e56,77e2421b5138823ba1746b5af6e1ac2fd08dbd3005eb1b886325d0cf312bbb71,26e3a8b89926ae58d6fc2cd8a55079f35d8adcb6fd43dcf13271a34c1d429310,1eee4abb8e748778c3e68585c45d38cb444f197443b6209e03a91321e9e851c7,True,True,True,True,True,permit,True,False,False,False,True,True,True,True,True,True,True
small_sample,23,27310,event_recovery,0.2191465019425567,0.22153384114677954,1.031775904822617,1.1891710309655044,1.1781707559145174,-0.14639485109190042,-0.9064674030169972,16,-0.2667294632480648,5,2.909090909090909,1.71875,facbc0b16e45d5b1da712d8609ee3fa803d33727dfc5ada7dc6daa51e5b417ed,6bacd991374ae751ab85938c662d122adadd4524172154601fb4b19daaa97072,4a94a8ac7aba711b87377a8ad5506625c58befeebf7bded3bd1a673e25ad6e23,5b0f51ddef2b6f2e4a054eb89c5428dfee3bbb5b2167dee25cce090001d58aac,True,True,True,True,True,permit,True,False,False,False,True,True,True,True,True,True,True
imbalanced_tail,23,27311,event_recovery,0.39142716817740286,0.4793052490327926,1.0699944320405814,1.3732736416296332,1.375612585808954,-0.30561815376837265,-0.7755892944201237,68,-0.646084145210323,9,2.8333333333333335,3.176470588235294,0e5e5c9acb7634e55aee19d2994506a118c518c64e81434aceb59836cd126522,766fe8c2ad6a289bc81e8a994ea2bae808361e50c06f9b03b356128bd8b7298c,29cbcefa5af01e5eceb7d13a709891a8917b81adc7135bc624f0899fb1a708cb,c6ccae8b9ba47c558b82738dbd54b0913c9c04bd89dcd4b97750847a60d0a4ca,True,True,True,True,True,permit,True,False,False,False,True,True,True,True,True,True,True
measurement_error,23,27312,event_recovery,0.08515262130407408,0.04209086798550321,1.128704185792515,1.182739711935326,1.1816340303451631,-0.05292984455264804,-0.9441766700227608,61,-0.15621004372248648,3,2.5416666666666665,1.180327868852459,cdd366954d015c61be460c8300d499044e2181c88c4855768dddf7f9894dfb6d,14a9d53899903a8014e11c35b3e3fe61787aeee4e67d22db0a9868e5e66f3817,562a438df2560e7948b4f7cf7b9e7a602081e7eb843fd18fddf9f91e33c45afc,30bb45ebc6867e7dd987c9eeddc4948e4dfd4990f6c54010e440902cfaab34fb,False,True,True,True,True,permit,False,True,False,False,False,True,True,True,True,True,False
spatial_resolution_mismatch,23,27313,event_recovery,0.06740792553063513,0.037555992201859234,1.1633357172658725,1.2051897257650912,1.2174343293402772,-0.054098612074404695,-0.8336355761507613,58,-0.03600797033023184,4,2.4166666666666665,1.6551724137931036,1a666b87956a088692b2c09458abd4da98823a0bd31558b913340ef13b3d7a56,fd9b62826766c142f83cef4dbdac505ef983c5ab3203da54218867139c308cc0,9aa0eb56dc083960c3eb1c205fd69a5d7a3fc8ec21ecd1876e5c7522c84e53b3,984cdcba5450f2b8e2bfb097246d85cc6c368913203a6c6082e70a6570cae817,True,True,True,True,True,permit,True,False,False,False,False,True,True,True,True,True,True
no_signal,24,28300,event_recovery,-0.0314805530229334,-0.07134571184408434,1.0884526380291537,1.0720505790371901,1.0968125211579784,-0.008359883128824741,-0.7015386119909509,65,0.020027973841926894,4,2.7083333333333335,1.4769230769230768,17e20785deb99b2d8cbf49c856e3d3e1d09f1451d4a0cd0961efeefc8f1e00d3,2e51ce0f4635e9dd58420d77143c5640c6c09184b2c2e0164a3384f5d51085ed,5f5dbdf98b46a57da89e2266b3f79797c373a5370a134eb2881b93acc99cd67b,f97ba8c27dd2af6f8edb49ec828414380c3b53e8238bbe95473ac6d174363078,False,False,True,False,False,module_a_pass;module_e_pass,False,False,True,False,False,False,False,False,False,True,True
weak_signal,24,28301,event_recovery,0.04463074514339049,-0.06557363331081256,1.0301015249245233,1.0543118128331794,1.0771125311943566,-0.04701100626983323,-0.6635898554937015,70,-0.03957445219563782,6,2.9166666666666665,2.0571428571428574,ebb5c44d347a44461cf03025e3f42060892b2a63e2c8f8447592d5d5e4ce0b2e,346e0a5ccd772bad3678a5c60972a293fbdb6447f59012866f863a97e7160960,dd27860368433bf2216ecf2f9184b86adbfa40cae709a63d87687d43636e127e,7502af37b92ecd747254215f4b8e1ee2dab754e99f11e97f02820b1c01ea2693,False,False,True,True,False,module_a_pass,False,False,True,False,False,False,False,False,False,True,True
moderate_signal,24,28302,event_recovery,0.20436142360045317,0.23176976724680642,0.9829246192852381,1.103241032377625,1.1382465956584193,-0.15532197637318124,-0.7615430122320037,44,-0.4100348182579856,4,1.8333333333333333,2.181818181818182,19e568108da48a262f6997bdef10dfe7b2632e9acab0bd3455816fd1fcfccaca,1cd3054bba837a994f1683080804c4e9fcdf55fbe9003dc200a5d21086ed0cb2,afa61c3238fbe7529abb3f7be874bf2ecd8b433c9a212160d72435ad9f24ab4c,e2609ac40cb720184fd1e5b6f5c9fb139ae4439f8bcc7d462480e859c4866a79,True,True,True,True,True,permit,True,False,False,False,True,True,True,True,True,True,True
strong_signal,24,28303,event_recovery,0.6391310658721501,0.6484032775003198,0.9950729557658747,1.6565307048172078,1.6928132703815386,-0.6977403146156639,-1.1892045870093964,58,-1.1658305250735876,9,2.4166666666666665,3.724137931034483,4ed79629c4af747107bc1de2a9e15181863ae0b69109c54a4381648291b80f91,672ad703ca9884f8ab8fa4ed4fac09cf3f5af6c06c2bfb918e7c3b2cf0468de4,cb6f3cabdeaab58bed532732e5ad70b4f32445c5a6bb5ffc3b2be4eaba8566a0,2e7e84f146efb303f14803a93075781a363c556f2cd27fcd7f08f6ee17e4e789,True,True,True,True,True,permit,True,False,False,False,True,True,True,True,True,True,True
correlated_features,24,28304,event_recovery,0.3090977353565767,0.2649746871791,1.0603789665046928,1.289143026334662,1.3153630636297189,-0.2549840971250261,-0.7370548760799933,79,-0.4186869414576695,8,3.2916666666666665,2.430379746835443,ac137e61e522455f48db88f4193cd976285150a6871a13e093918520c0bbe73b,fd7e16188f416cfa9d50584f0bfc405e7e1f139120cdcd54a154ce2c139bb00b,9f66bbe4f2b18272b0407e05cb7f41129dbbcc6fbd30326048e6601a79606b8a,77c47bf7655623ec87e400a82649a372e39eeb8df16ce11eb0f65617eaf7e2a5,False,True,True,True,True,permit,False,True,False,False,True,True,True,True,True,True,False
omitted_confounder,24,28305,event_recovery,0.43155519884210214,0.4145967226434135,1.0643791455955094,1.4168067126828094,1.426204735719465,-0.36182559012395554,-1.0019475134875042,59,-0.6060110446118683,8,2.4583333333333335,3.254237288135593,52271d63a2fcc3ea9a17f08d6a5fe1383c6aa7cf7dbb4b5d9823e4184d28fbed,ef6ade3d0adec06cbfbf2202697ee0866f7caaaa164a8e9a6233e7dd77fe1df7,6dbbc77d45c7dc38650029745128baa1624268e245f850028736fea8ef63c4e0,17e8b8cb3e68fe2522e0333b87f40b5adeb9a7bb26d63ff6efa32599d28d343b,False,True,True,True,True,permit,False,True,False,False,True,True,True,True,True,True,False
temporal_drift,24,28306,event_recovery,0.19738697394854965,0.21023912570143255,1.331194557881717,1.4872301805438521,1.5166165606532693,-0.1854220027715523,-0.7333812377943025,77,-0.09407577842027437,8,3.2083333333333335,2.4935064935064934,5d451fd9981dc446403c728a1ead079c16227bb1f79574a0d83ce539463fa72a,575c798c008425a227951d1af136fc0e52432fedbac37a88e965ca447eaf127f,157ba4f4c62930acb35adce2306b16574bfea435dc8bada4a35b6b55e02adab7,fe5116e6e02b92d73ba885a74c2f70952764e52b6b6c7cc051f72c875032abe7,False,True,True,True,True,permit,False,True,False,False,True,True,True,True,True,True,False
geographic_shift,24,28307,event_recovery,0.3310806321028319,0.42251528308187347,1.1436984689326204,1.3983794680185737,1.4495637249892335,-0.3058652560566131,-0.616947344947055,47,-0.501802894556511,4,1.9583333333333333,2.042553191489362,e5634ac0e54182d5af75533aceb095a93aeec55c5faffdd9313237f2de0597a7,55b82b7f4d2e6e665aa34a4b73a8cafa72a5f4d597273ee98092ededdecdb936,6afdb22afada571a161891eb75a9acf5795487a838d0f4249f951bc61b8e8517,09bd64fa8fd165d4fb2c6ec63bd18da760d87a336b8274717729f419d0d0818c,False,True,True,True,True,permit,False,True,False,False,True,True,True,True,True,True,False
leakage,24,28308,event_recovery,0.9936609864482778,0.9819787237597131,0.0795440771385983,1.0004039381092764,1.0109393678794494,-0.931395290740851,-0.6311272137721444,66,-1.0998254672935182,10,2.75,3.6363636363636362,4dd3453ea5d10e44fabc0ee59e242c26ed66154493f7a47bde611887f64ffe03,bc0f9bd9e2bf111497322edc7be4096108cdfb6e9093f30d23cbc9b453c5ca5a,c5eefe4172cdd37944af26b2d70ebdb90429551cdd8c00be483e45ecd5b25919,085c88be2bb7a919d3d28a156537a6180d51e7fd9cf30c51eba9dbc45ffa234e,False,True,True,True,True,permit,False,True,False,False,True,True,True,True,True,True,False
train_only_detrending,24,28309,event_recovery,0.2753274047376634,0.4040794369352323,0.9396683765404279,1.1039103563756771,1.1049434790017014,-0.16527510246127353,-0.8132266288277008,48,-0.4334704471975179,7,2.0,3.5,84c90900e929f36dc17e260d59be0e4503068562a54357a2aa16b98c8543193e,29fe2b556e69b8facfde32809362cf7a6cbcb12093c0a1a866c8194080a7e71a,6f4bd9f6310df331b25b4ef7126ba5d79b45985e1a8401673bb61736a474d17a,d38ea82688205c7ba94aa842dbe86360c868beefca8ec48765642a38dda8adce,True,True,True,True,True,permit,True,False,False,False,True,True,True,True,True,True,True
small_sample,24,28310,event_recovery,0.22519069959252758,0.26165482819553876,0.9403494971756813,1.0954095612366532,1.1599668322123826,-0.21961733503670133,-0.907391503040448,10,-0.30699138763920275,5,1.8181818181818181,2.75,076eec5dd0d74085a49aad92232a9f4e3e34a1de8c017314c1abbb5dae561079,5bf7f569521043a18f092869459af2131a277aadbceb107d016245b6c97c7c60,a1ab6e949b967dc40ad495ba636adbeea17abcbf629ffa9b36994993b12fd177,0ae679161aab9e2c9c9c69d4365a9634b3093f4342be3ada36df72dca75494b3,True,True,True,True,True,permit,True,False,False,False,True,True,True,True,True,True,True
imbalanced_tail,24,28311,event_recovery,0.38177743341348913,0.4636191910597066,1.119308830733597,1.4278467589308594,1.4599997960170343,-0.34069096528343734,-0.884115611594587,61,-0.623990991868665,8,2.5416666666666665,3.1475409836065578,9333ea1676c36e6d741cfddd243d679f33622d2034000010110413c86dd7018b,36c64ae2c5d844b29bdf2468e49e32e07dfd1b6dd2cf32e1ea2852c01c5047f4,c392cabadd2bdbece8df5b7bd1d7ab58d8231073ceab0951a7030d3ae644bc7e,87e83baed2d72bf8d97174cc300e80b147515bfe9daedf58f74a339b35d20ad7,True,True,True,True,True,permit,True,False,False,False,True,True,True,True,True,True,True
measurement_error,24,28312,event_recovery,0.060895645642078056,0.08861698068877333,1.1642064778062684,1.2058561195380118,1.2329505882373473,-0.06874411043107886,-0.8152693984233563,55,-0.16528780200082527,6,2.2916666666666665,2.618181818181818,9ac6c47115530191877794a156603054f0d4fd88f040d9c6fd722856a10e233c,8698a043522c4a0e859053283b56d4baf59106e5308acb0977e95a4a35e26b41,8cd5606c8d7241ba7ce14c72e6cf72597807fa82b964c082c31b0ef41eb0f10a,0547e95392691aac20f2ab105d6df9fb18b149e5b8bf7ecf338fbe3c744a5069,False,True,True,True,True,permit,False,True,False,False,True,True,True,True,True,True,False
spatial_resolution_mismatch,24,28313,event_recovery,0.009818223836504214,0.03611090946478679,1.1644076484303967,1.1731603846465237,1.1880317320477947,-0.023624083617397984,-0.7243421135401834,64,-0.042583274956720096,4,2.6666666666666665,1.5,fd95e9d5dde3636a2bf9b46aead690e4f1af8cb6966ba0f490b4f2c39c96e46c,7972aa49dc141d2b97326db6bbd8e5b31efd7f82dc898a101fd67971c0c5002d,7a7ec6fdd191ff30b030bef90bb03776e4ebdc139894e7ed3d800237977d5c3b,f5f0e51fa177d5f5beca0b6822e94b17f7a5397cce253283875bdcfbc07292a2,True,False,True,True,False,module_a_pass,False,False,False,True,False,False,False,False,False,True,False
no_signal,25,29300,event_recovery,-0.060923579354213775,-0.00995231700223842,1.0502970911315637,1.0200959683947528,1.0256222413836036,0.02467484974796008,-0.6795950148482448,58,0.006491033318926531,0,2.4166666666666665,0.0,598ad8dfab66dcb2fcc7e9cd9ed08107f9dfa88f38c7c059c6046da6bba25bcb,0d53b72bb8bd1c2c92760fe6e6109a1a4e5b7b514077c4c67fd9986107dc4eca,aca5676eb880a3ee924c02b1b2a0abed44392d87d7b1208d8da80673f1b64ce3,2bbeb1451761d1cbe612b602cee60eccd3eb1a811b2fd0de9999e8dda60490ce,False,False,False,False,False,module_a_pass;module_b_pass;module_e_pass,False,False,True,False,False,False,False,False,False,True,True
weak_signal,25,29301,event_recovery,-0.08207288765099108,-0.0005841947336628905,0.9953756741297899,0.9576980820929002,0.9630623489014162,0.03231332522837371,-0.6910231087809738,57,0.07135276088430942,1,2.375,0.42105263157894735,fa5eab41ab5654ab55cc0a69d04244bb2422f229a674ad7fc97555520569b1ff,bfa7ad583303f2038f77318a8af656234e4e099cd4510319e5648576df3d643a,9b1fa0acf7a21edc0ad440e0e4c05d7665844e5a68a3f581673414dbaac494ce,c6088b21aa918fa6cb3c6e7679ff5b47c4b4a1cadd6ac57e1deca3f5fd58e28e,False,False,False,False,False,module_a_pass;module_b_pass;module_e_pass,False,False,True,False,False,False,False,False,False,True,True
moderate_signal,25,29302,event_recovery,0.19186832038091584,0.27496535815661316,1.043655256520197,1.1631389753221746,1.1658459981302705,-0.12219074161007337,-0.8548795183089262,60,-0.2974349851609781,7,2.5,2.8,4a657f38f4038027c26ad2557b3bebe29d60a8fd3b475234cd601902e856b1e6,3f077e12217a0ca8715fdc9fc5c1d721b1d07c42914c356af3998b5d6d68000c,a789b702a4428c9b9e802eb3d54ccc4cebe1f3e222fdbd8e6c1f2f3b35e1fda8,1ebea626742d094af2c6b8819adb77fae90d9cf96ac87df1c20186e82f156a66,True,True,True,True,True,permit,True,False,False,False,True,True,True,True,True,True,True
strong_signal,25,29303,event_recovery,0.6445190818149258,0.6204444023148641,1.0655416699175346,1.7900903694995003,1.8258999842394124,-0.7603583143218777,-1.0750321158646712,61,-1.460819286153053,10,2.5416666666666665,3.934426229508197,99633a93cfd6705b7cd02c3a4829240d01df870903f2dbf2bcb1cdcc31901073,20a313f58a13740fc609ed698f42b7d1e52369e71db732f93ea18d712d480451,678d0796618c0e8c72a438b5a642a08e5dbb1e4cff51c5696f5ab880ee87c72c,679f94bdc869ac1a260f566f296cfaadf3b9322dc9dd8a42e39340d1b786ecfd,True,True,True,True,True,permit,True,False,False,False,True,True,True,True,True,True,True
correlated_features,25,29304,event_recovery,0.1978261478535508,0.2714147825837735,0.9709052161224411,1.0932729932487328,1.0983569989593887,-0.12745178283694758,-0.7671644853672062,68,-0.34554791128829354,5,2.8333333333333335,1.7647058823529411,f00e3e2db66cf108988c9715810a79c31067b58ce70624d2c3e46fcabd7db2c8,b174b08ed7349e955a4af8b9d11f70ed06193e9883b4d5cd054287384340cb44,9a5834f4d41355ade4d8a2a1a409ae00e0e1cf1aa813b7952fbe0fe7a103e536,b0c903876f89f485e86554b22c659aa753ef94c5e519100b4e386763b4328e57,False,True,True,True,True,permit,False,True,False,False,True,True,True,True,True,True,False
omitted_confounder,25,29305,event_recovery,0.4332002769672125,0.36188700947392294,1.0419462900375522,1.397080742824867,1.3862621447247658,-0.3443158546872136,-0.6979290596780756,82,-0.6467570114133092,10,3.4166666666666665,2.926829268292683,18546a87ee8f3b7b58386c8da0fe370fd8d5182760f81e659a3ea0a2c35185db,67c834cfc0763876bdbcfbc9a3668037e24f4dbb452acab4d1980ccfee6b6120,18a7929f40f01cb792adcef6e2bca690027b4c177a971f19d70c0fb027dad3a8,19328a0eaa530fc8bf924c42d0bbf6b21b364c0442074f7b989c713b670ed8c0,False,True,True,True,True,permit,False,True,False,False,True,True,True,True,True,True,False
temporal_drift,25,29306,event_recovery,0.15689242264958214,0.29995217323437207,1.2740060953935113,1.3969264208105874,1.4161171065660583,-0.14211101117254699,-0.8950894917773393,55,-0.31660199384462584,6,2.2916666666666665,2.618181818181818,6bb2c551ce248016d531d4e977c9cbc8c4e199388c436cc97664ad0404a38d0d,9c7423b2a62ff31efced3515875d22be11081c2013c7841a57758101714d9fb8,749aa5d17ac54c3b38373039187318384028e8987cf55b1e8243d99be332935f,6ac0dc25cb638427019d52d13c1d4b1ddfbbb59c145341148d7dfe9bdf16d3e3,False,True,True,True,True,permit,False,True,False,False,True,True,True,True,True,True,False
geographic_shift,25,29307,event_recovery,0.420619249324626,0.40811610433683776,1.1306373820313012,1.4867554650927999,1.5408084730933524,-0.4101710910620513,-0.5922058633559705,60,-0.48035820328902146,5,2.5,2.0,7d7be9d1f2eff1916cd89034bbea6c1a601693d53df8dbb3017b8c90d0b51e8e,04b9ef04579fac2bae5ddb5b961b0c5e366e914d0486734ce8f7cb8822687cb3,33720723e9fb632a72c568c61c5f383edb42c02ffb123d4fac893fa9cf8eab6b,4276489f913c509d99d91d8329fe81f084709d1d36b7b5029e9ef2b90db72ce8,False,True,True,True,True,permit,False,True,False,False,True,True,True,True,True,True,False
leakage,25,29308,event_recovery,0.9969889832657893,0.9974890376297769,0.05149195088174051,0.93881325047357,0.9597986779795903,-0.9083067270978498,-0.7237460038081011,59,-1.2477956422602143,10,2.4583333333333335,4.067796610169491,63359fdbf2a5e8e841e61f8b22960d984747a499f5a5184832e9b3ae2a63c31e,5434f47bbcba3e705cf4e87f4814c46d6c065d0fee04e950686ead20b0c178bf,b31f0a1f8ccb4896cefa5fd1cf6087d6dcac0010bbd5602bd1f5069048475c9a,9a8d6034c2ed8de0a83ef42c1d1aff6201b7b769b98344ae15060a97c0d21ddb,False,True,True,True,True,permit,False,True,False,False,True,True,True,True,True,True,False
train_only_detrending,25,29309,event_recovery,0.38039884085600195,0.3333530886594471,0.9466651823729176,1.203000215276086,1.2039596045721797,-0.257294422199262,-0.8260893784614405,63,-0.4392813887035245,8,2.625,3.0476190476190474,686cf6a0d2c66dc7cceb10360ee1520efcc66d5dc11b35a6885183e7e8ed4451,5f3fc3165c47562d1ee88761a4544a4590e779791223028d34c2d162ce4c50e1,f561051062813438d74403d387387b90dcdd42e65c8ffb93a503b040b9fe8102,01d22d6765b00b4fcacce69b72f576d1d0b30e9b1b3a1d2b7f8b9f48e92c41e9,True,True,True,True,True,permit,True,False,False,False,True,True,True,True,True,True,True
small_sample,25,29310,event_recovery,0.03849197513263336,0.41455362646281757,0.9935354213806669,1.0135614149918042,1.075015484632353,-0.08148006325168611,-0.6456711681751851,15,-0.013063610771009149,5,2.727272727272727,1.8333333333333335,c6b48f901e999df44900f1b9c566bb2dbcd89631ca0b67e0a63b1a696feba497,81adba685230721b21cdc3a219ca31fbccf0f675cbc8e4074046967270b67a74,1daea3a3735c230adf8cf1f4ef63a2cabfdcffaee7c338f2d3d6ca709629e30c,0947d53aed5340587cbdbe373cc93f9396dd363f5c42fe4393253472fb8af008,True,False,True,True,False,module_a_pass,False,False,False,True,True,False,False,False,False,True,False
imbalanced_tail,25,29311,event_recovery,0.3301876204266647,0.32803807817134534,1.1046837697782217,1.3647718021968842,1.3860473241456002,-0.2813635543673785,-0.9281374464389166,48,-0.4505632282591199,8,2.0,4.0,bca677be7b40cd2bb180d29b26b74705d60d33389156e0f44521def2276152b1,96479f54c839bc12b5a97a9d4283a3eff36bef4094510263e902f86cae41360a,f1bf762eae49f5af90fec703e9205b26e66127a2e588f38bbf38251bb0b776a6,8443311a350cb2a07008990cb93a72d3d7c4e8f41428719d84ca0d1f38276971,True,True,True,True,True,permit,True,False,False,False,True,True,True,True,True,True,True
measurement_error,25,29312,event_recovery,0.08427094943763103,0.1629692917911847,1.1994447229970047,1.2604585879824923,1.2969729031171642,-0.09752818012015951,-0.9019794486767394,51,-0.13614389748282552,5,2.125,2.3529411764705883,6b62684ec56cd5d5740b3c7d57a415bb33f9087716309e78f394bda3c28bb8bd,e7cbadd01cd60f1ab0e7ce3a9a69b276972658c368ad6efb6978e0c3dc989884,a30440060d881fe20f7cf7f3929de1ec6637cab33a1aa927b403b0c5bb63163c,a95991dcfea0065106b4f14808b453d242d3b7453035080506c7981fd1da9e27,False,True,True,True,True,permit,False,True,False,False,True,True,True,True,True,True,False
spatial_resolution_mismatch,25,29313,event_recovery,0.08927059075567123,0.05183920014101373,1.1315813930276417,1.1862404571396472,1.1909750057591069,-0.05939361273146515,-0.8224920580551082,63,-0.1829532522628492,5,2.625,1.9047619047619047,1b33e66d3926171f37ee3dc404154734dc4bcdc492cd7fb9481f3501c252d4d3,0927b377d65bbe45ee8a27a4fe0275c730e3ce1dae458a36fd7789a50dca3070,3a0fdd0859f3ec41280d2c2d314a11c3178ea0528797b788fb7c2eb16f954c76,59f2d92104130cbfe99544ea35c7f6624e3de7c9fe329acf0c0f04a6c4df5c7e,True,True,True,True,True,permit,True,False,False,False,True,True,True,True,True,True,True
no_signal,26,30300,event_recovery,-0.017645433276756606,-0.031495413672948835,1.058285610545997,1.0509456834294861,1.1014117732674176,-0.04312616272142056,-0.6602012227661296,65,0.010560816385002392,3,2.7083333333333335,1.1076923076923075,0a038d160785a0140032d4bbd9eebd513d6ec8c0cb24462c70a0d66b65744aea,cf843017be0e48f8d133d8718c9715632475dc3dee3eb35207730d347ab7bbee,e9cb02b0479db161b10354fa7c356b8ca9c1470d24b54969180b7b26cf4a9e80,ea68f63c06862cbdc0a23c09be2561b6143f978f46b7e5af5de71d44f9d56bf2,False,False,True,False,False,module_a_pass;module_e_pass,False,False,True,False,False,False,False,False,False,True,True
weak_signal,26,30301,event_recovery,0.01749679263521997,-0.07798747402435802,1.0086760543657052,1.0182939844596846,1.0174612935337106,-0.008785239168005443,-0.7074837818357482,56,-0.08139143640985691,4,2.3333333333333335,1.7142857142857142,ee43dd9c9ead74b6f9b3acb87d0d881ef4ece1d3855874f5d9d9a89dcd1ff18f,0e4bb8f2fce692141cfd143a92d82fbfae186b3b7933b1e5be6f7f146d223d47,bbce40aec4634336025118f6a71ba3c5b68cda7786398df9a584368ebbbdf698,62a53801367c967ea4354a0b2b7352358596c5b0d5caf5c5a7edba44d266ff20,False,False,True,True,False,module_a_pass,False,False,True,False,False,False,False,False,False,True,True
moderate_signal,26,30302,event_recovery,0.29017452655802134,0.2661132491636713,1.0772149004959286,1.2886575013564088,1.2952756491657749,-0.21806074866984626,-0.7998463700865011,58,-0.3756386568267722,7,2.4166666666666665,2.896551724137931,ecc9b04014f0e8b6952ef0768d6f52edc025adc5eba6fc4ed4bb75aaaf232018,eb061af67066b9b81b5062828ae7f1ca228bb342538ecf0e43f1171120847bd6,f729b19bc3dad50788685ef2dd7576b3ebc1f1fc291ac5c1304982d8b0a41dee,07deb67de5679a59517c34f802638fe78d52da68c059db19564ce5e79a8d0ed5,True,True,True,True,True,permit,True,False,False,False,True,True,True,True,True,True,True
strong_signal,26,30303,event_recovery,0.6487998926359515,0.6533728432208535,1.009535651818468,1.70390165137438,1.7236504967013084,-0.7141148448828405,-0.9965112932690648,59,-1.1727807851938814,10,2.4583333333333335,4.067796610169491,b24b03fafc67138bc8c0c8e74b005703bf15265e00f44db8dd5e5169c3621d73,50f8e8919fd094a44027fd11aac3913301c0aa0c03745b093fe95c19d68305c7,0c66fbb00147d2e6114ada063a870e303a40a85f0034e0b323893de4a94a701b,8bda89917ffec3d0672374ef0544c1e75072a5483eebb1a04b302256769882bc,True,True,True,True,True,permit,True,False,False,False,True,True,True,True,True,True,True
correlated_features,26,30304,event_recovery,0.30541639685897204,0.2694019128380385,1.0061893011663867,1.2077883422507274,1.2266424712028896,-0.2204531700365029,-0.6997391741990941,59,-0.42401684199311296,6,2.4583333333333335,2.4406779661016946,f5305fd10aa230567727f12f4e2d2daf67cbc334833043e2440898665fdcfef2,afedf6c9ec380ee531cb9ee4158df1356a7e9d07cf33b260ba8548519a32d2e2,a0893c86e731a682af85fb264a1f265d8337200e714fbcbaa4461a1ed3d18f18,81c6f4cc816cf003de83e7dd65056ec2c375463bc69ae3362b248131fccf9615,False,True,True,True,True,permit,False,True,False,False,True,True,True,True,True,True,False
omitted_confounder,26,30305,event_recovery,0.4513802677014297,0.3512837521325296,1.0165947950310148,1.3812251260069852,1.3929390413406302,-0.3763442463096154,-0.8280990291070807,70,-0.6431962914601601,10,2.9166666666666665,3.428571428571429,cf06f617b14babc01296c84926ba2e8cdf71b8ca8ae7c005c3f3b5277829c72d,423a5918fb41ccecfd0950722a827a637aa9190312f8cbfaf7a04aa36c6cbd2d,fdcfe00f4ce7128acce757edea58d7cc0045c0573788baa06e49dfaf16fb164e,aa043de6299d9089c79e652790d36b642b054ecae9d5b43645a033fff42d6200,False,True,True,True,True,permit,False,True,False,False,True,True,True,True,True,True,False
temporal_drift,26,30306,event_recovery,0.1668813976198702,0.2631695099605712,1.4683060948429139,1.6250828227787535,1.633420971749219,-0.1651148769063051,-0.8591733020459831,59,-0.2578418367338977,6,2.4583333333333335,2.4406779661016946,427194ac976fe4f7fc50e1b1695660252d356800a1bdabddb512e5ecad55645b,41218e68579b89b561a8870ac67a8975a76feb2f3ff96c71b7656a633f498d77,ac499bd780a7f13085a73cc2a2eff5603fae19bad3e51597bb759e71f2ef3688,efdaf72f91c89aa198e9e9754577ad97ef3ae907e7e68464531fba20ddd64081,False,True,True,True,True,permit,False,True,False,False,True,True,True,True,True,True,False
geographic_shift,26,30307,event_recovery,0.4207800461068235,0.44351314660194685,1.0768987862922765,1.4154483534327622,1.4525591736655945,-0.37566038737331797,-0.6936382971055951,54,-0.7335419580249494,7,2.25,3.111111111111111,1e10482abbd1d60943502045fdcc03fc8e0efcfc4abbd9db0a69f37043d23520,826e62c2a34a4ae8dd38f24422c49b65974b2e4801972aea7f5517a3d981c10b,7c9ae6a6744c7dadba434bf5b396ec93ca590d8828211a7f620979682cf472db,bd49ada82391be23fc1128487da8c0884576bd1a2c52c0eba69f8dd1636aa093,False,True,True,True,True,permit,False,True,False,False,True,True,True,True,True,True,False
leakage,26,30308,event_recovery,0.992917653883439,0.9851137030965755,0.07759773889479323,0.9257818719375867,0.9604719072963793,-0.8828741684015861,-0.6126939756261511,66,-1.1691831092974085,10,2.75,3.6363636363636362,7e6796da22e0ef79bb12b016f4cf82080110c26f67286f77785c33aa6a46bcc9,4ac8eb348e54cef1980b374fae4914cbd436e07b53ebf18d5d142c70f6a16de9,181e65765ff75b3494421cb350a3179749a39ee373fb8216a8ba0dccbd1a0b9b,7e03e9b17df0aad46a2425ff17d3e21f88254cf9fad4ec53dd48f07d1fdc2502,False,True,True,True,True,permit,False,True,False,False,True,True,True,True,True,True,False
train_only_detrending,26,30309,event_recovery,0.29921331165141707,0.10280642410703866,1.0456275076306216,1.24947679214026,1.2617890794058124,-0.2161615717751908,-0.7488715177198124,65,-0.38144655249188,8,2.7083333333333335,2.9538461538461536,a7c3865907f194f267056940f56198fcf57e2c7bcd9649ebb6b4659cb7364aef,96d3bd176106e08e3ee07457b9e84d98b9566e0612e0707846327f818553df72,26dfccd2c431ee2a826980667b203c283d0a297de86c72eecef2f357245cb97b,a471ab2da04beae9a7457f30c03f0ac6e102a7642d65d594df972093cf4ad1ff,True,True,True,True,True,permit,True,False,False,False,True,True,True,True,True,True,True
small_sample,26,30310,event_recovery,0.282284117943289,0.22085247860829682,0.8963089825391596,1.06657805601333,1.1395079635505447,-0.24319898101138515,-0.9707189208901337,10,-0.33971112612370225,2,1.8181818181818181,1.1,e5f24069eb153a3d0993b1087db86422ee610503c36a4d8a8ada5a4ae697aaa9,30c38ebea8f1e12dc03ab7349aa79e3222dac44e2f1392b5454a9e1a4946696a,c77c18a42e0620c7d444ac20db75b8ce3f25a7739e3337d8ffc93cfb91490a37,7e9228fa21f86a1d39fc9605214dedeb6b3a3a77cc098045ef6a624dd6079031,True,True,True,True,True,permit,True,False,False,False,True,True,True,True,True,True,True
imbalanced_tail,26,30311,event_recovery,0.38636519410778514,0.5778068235177772,1.0966259054169667,1.4153673091235395,1.459930480045465,-0.3633045746284984,-1.0058714208070612,48,-0.713432313130606,7,2.0,3.5,5a05977dc5420bcc672115c6d2663e2caa1f543af4272a09324e4398a559793b,a1c2731471c9f2cf88ac3fdad672f6102c162b21af0d0be5653678b4a8a83017,51114946c2bf5475ca5487238d3bf8d9f69838eedf05f40e98a86de90506cee7,7bf568e5014db52e0fff41b53468baad75473660289ed1f26f387458b6e0691c,True,True,True,True,True,permit,True,False,False,False,True,True,True,True,True,True,True
measurement_error,26,30312,event_recovery,0.15458984859178726,0.08479683179787323,1.1547088422118406,1.2558865701473898,1.2768335753536575,-0.12212473314181693,-0.8434747135154532,57,-0.20284857105475473,6,2.375,2.526315789473684,c1c1d6fbce47c4649bed61de39c8b78753fdfe6989495bce2b230b4045c881b9,fd35d1818b5f406ef25b96ff51e049fac796e474029c96aea0558f673efe883d,342b9b27dd4280b4e113ec2fcd919b28b01f048dc3fb1ed9698c77b45a05d7aa,69d2b27ec5a9f0c8753f99df15a1f97b2a6e4573750d519ee79ab99ebf0e98e5,False,True,True,True,True,permit,False,True,False,False,True,True,True,True,True,True,False
spatial_resolution_mismatch,26,30313,event_recovery,0.128482555714878,0.10469683426376797,1.1562303783639138,1.2410131481092688,1.2720223435691318,-0.11579196520521795,-0.8455526954779283,68,-0.22215171682267365,4,2.8333333333333335,1.4117647058823528,bc831015a620e6f8790c87ca5819716fea2d2ba305dec3748c6535edcd2f08e4,83069a563621946ced0629998ee96367e2055f1989aa476252c317d310e79331,cd7be9e720ee4a7a5f3c876fd12da6bb86b1ca32bcea3ad33b3fd4a9792019a4,a59db977fbf3068aed6069790c68714a77524b5737de5ca2f3809510f503dab3,True,True,True,True,True,permit,True,False,False,False,True,True,True,True,True,True,True
no_signal,27,31300,event_recovery,-0.09365425214652756,-0.04379054709091457,1.069008004632832,1.0231872186292976,1.078150880156962,-0.009142875524129845,-0.7195697945198714,52,0.09115795196667853,0,2.1666666666666665,0.0,d55cb10ba016c41bba6e6d4f5660470541dd6c2a209d6e65d6e1853153ed0714,e40337ab6e0a8662c9dad804a03425e4166f9a66710679e717c790653fd3b591,0b384383733367c80d599c75fa0a682b51651365a71bec8cf79e0e25174e211a,c2547d282adb09d3e7751261e6b847fdb77757bea2770d2f6e5d95727842592b,False,False,True,False,False,module_a_pass;module_e_pass,False,False,True,False,False,False,False,False,False,True,True
weak_signal,27,31301,event_recovery,0.02234523588274706,-0.07622110663849035,1.036183978148784,1.0701758453664127,1.0817151739281468,-0.04553119577936271,-0.8004530036420767,42,-0.06914037806636575,1,1.75,0.5714285714285714,6e7f4e82eff02f36f495e5b5ce7fa5f5d3b6cc579ac9815930e0010f910ce922,3a911aeacf5e67916895fefc0cdb6e366f194796c4ffd1386b4db19c70c008cc,8a658996c81fdcfb33a95e843bb9da78c63f249b49c7fcb61e3c5aefa60fd341,bd184161cb7c1ca2026d2a5e2e14c5640e3695a38730aed006a5deeccd553310,False,False,True,False,False,module_a_pass;module_e_pass,False,False,True,False,False,False,False,False,False,True,True
moderate_signal,27,31302,event_recovery,0.26633508178233545,0.3649010381387896,0.9683815925607465,1.1342944580524872,1.1385788659203475,-0.170197273359601,-0.773179750233028,61,-0.425220934873912,8,2.5416666666666665,3.1475409836065578,2cd0d9e8c3caa4dafc540e2e823b3f2926482fdc653af1bfe4a75cfd5931a715,29ce60c589b444ee0614b6bc7de53297d63618eed1c6d32315aa516dd7c20ac4,49684225363eacccf4e8bd7efb68abe859c130d063c2afaac52eb5e56313a1a5,efcd212728d0c2b985ae25c2692a1bf69811f9f215122e83d9643fe2cb9be30c,True,True,True,True,True,permit,True,False,False,False,True,True,True,True,True,True,True
strong_signal,27,31303,event_recovery,0.5379726721748456,0.5747061119589065,1.1037919268216236,1.6256601139959568,1.7029867756768522,-0.5991948488552286,-1.1129157611997487,55,-1.2167789220935896,10,2.2916666666666665,4.363636363636364,eda19b277f2fc24eac8551bd4545a1117e52ef0d27a4d087d3a4754250608e9d,ca378db1634ab3326c68fb0453f887ff9edc990d2dc5f38f6c693d1697b3ca32,b3723e3589edf5c064762906b5f60a0a9d39598404878afe0e445bbe41a8a500,e6202c59cce8423b7aebae97b0b2d2577b6fcecd0eb73a276695c8be47495584,True,True,True,True,True,permit,True,False,False,False,True,True,True,True,True,True,True
correlated_features,27,31304,event_recovery,0.2982003568920767,0.3460069476079154,0.9548316936506991,1.1426405599178613,1.156647405720795,-0.20181571207009585,-0.7630189974503655,69,-0.4397571286645343,6,2.875,2.0869565217391304,592d35b143edafe928883222ace2505e4b1461857f26ede0bc573d6df215b4e1,5144866d9b044e46e0f73c04e9c4a557d92caa6f8fd474f48cb1981ccd9a11fc,e2ddd4a09acbafe7f0870ab196680770a6e0d85e7746e0a30d820e131d3731a6,8421ec1cc3e9063e4d88fd7504e729b37e4868c6d4bc6247dce99aa400c81655,False,True,True,True,True,permit,False,True,False,False,True,True,True,True,True,True,False
omitted_confounder,27,31305,event_recovery,0.3916720363017222,0.4065922262410575,0.998708436014812,1.2867668534129104,1.328479148595352,-0.32977071258054,-0.8362519806946109,64,-0.587156625180365,8,2.6666666666666665,3.0,e37ac10fdf4aa11052bc9cf93bdcbc6b4d7d16f52e4f08738942832f4145ee64,ec709654674292e7fac74f62193d19cbcd9dd37ebe130cd791ae5b0d5b831ec0,2a4af69898fd9f8db6ed14f2331dd5912e9071f6e59e577a1f4a200a2d5fccbf,c2dffd7c02a151a781232a39f1b4825a3fb7b571d8305156d7b2af1b0ae20bc3,False,True,True,True,True,permit,False,True,False,False,True,True,True,True,True,True,False
temporal_drift,27,31306,event_recovery,0.14847881884674452,0.25694932794664405,1.3993644087258106,1.5167764229124887,1.5188121738750746,-0.11944776514926403,-0.6565482831082909,81,-0.12093211358217881,6,3.375,1.7777777777777777,73ec03c2337c7e7dab82849c7fdace0ddca82f67f075d8b227e815ef4d935166,4642752de189ace6c272fca8397a5ca6726cd4b1a2e2b3cc4e60d1266ec90b6b,67eaff61851c3fdc790e9b5d0a9fea52ddd93ffd5f5f07dd829b9a411d862acf,da49fce543aeee2e82f50c15e14c621a8093fab0b480278ac6ebe3eeae814631,False,True,True,True,True,permit,False,True,False,False,True,True,True,True,True,True,False
geographic_shift,27,31307,event_recovery,0.4682226257656332,0.3086602997936322,1.0929881955798177,1.50443616675314,1.5309682363555992,-0.43798004077578145,-0.6651589231025776,56,-0.5439815605351335,8,2.3333333333333335,3.4285714285714284,f1ae0a96c60e76b197f3b032c1129cc3d620722a3efc4b456d05e328ee776c57,13dd7ff5eb1da3a298ddae6eddcb3bc5dda4fa59892c15a0ba0b1fdc10f616c1,108308160e02e7ba7f9a37a320abc26f25f29c0b346d7fe3952f88e8d7595d5d,31e6497e27746c23b406c44a2060aaebe49b34476c66e9eb682fc72e49a90a8f,False,True,True,True,True,permit,False,True,False,False,True,True,True,True,True,True,False
leakage,27,31308,event_recovery,0.995300905365768,0.9953247298750713,0.06817584662629729,0.9946472062078195,0.9863064770198009,-0.9181306303935036,-0.5606337272723643,58,-1.343201861502415,10,2.4166666666666665,4.137931034482759,b4bb9d8cf57b306a207d300024d6eb6b0c88fb31d84c8be3b5df6bda0e8df308,2f5ce8ae2df7d792fd1f333fb14b75aa89fdfb8df1fe3b6ce478e513b1f06739,c446157a0523aafbb962e6cc7904df55dc311d07f5d5508b08f09d9bce51362a,1ef6117c0f21db6ccea255817e3a5d9a568f03ccc82cda8755c85574eb574374,False,True,True,True,True,permit,False,True,False,False,True,True,True,True,True,True,False
train_only_detrending,27,31309,event_recovery,0.34538845558296394,0.19226242068785437,1.0243976997885063,1.2709504489539996,1.296754180995101,-0.27235648120659484,-0.8047143428512279,65,-0.3247356003618691,9,2.7083333333333335,3.323076923076923,74baf5f9c9183cf5a6903aa251948f4182af0667383c2fcbdf4cf052d128b9e5,e25a2ca5b21651c3c7a5b2d9837d98a27e3d37179868e6eb7768605b36077408,21926fc1b3aaa11388218cc0dba376841d17ab24cf7a5d4d1d3103421adba4a9,5f21b1147914ac61eb29fcbeb5fc8741391742cf89f5072344e46473cfbc8756,True,True,True,True,True,permit,True,False,False,False,True,True,True,True,True,True,True
small_sample,27,31310,event_recovery,0.2583979203441418,0.3193159096758832,1.074508555752835,1.2531774224914967,1.2667217739815597,-0.1922132182287246,-0.9364462010258192,11,-0.36767688860599645,5,2.0,2.5,0898444397d8978655a91e9b4df62693179b83a98dacd2fb5254bcec673ee465,8f34a1c8069917301c33d4248d6eb7eb4959019c503ccb24dba969038cb2800a,fdecb419a5885a8ec4fa072af3c5ee7e4782dbff55743dedc093fb4507bacdea,e086548303ec676c89d0057e53a7f5bc4f01f94d9012ae8f21eb102612b30264,True,True,True,True,True,permit,True,False,False,False,True,True,True,True,True,True,True
imbalanced_tail,27,31311,event_recovery,0.5602164081979486,0.48357560165453717,1.0194032880212907,1.5425603329256599,1.5458680817224362,-0.5264647937011455,-0.9461165295754255,66,-1.1059459724493157,10,2.75,3.6363636363636362,0ce32a469876294e42b54e8fd239fad3972cc52861895578cf25701dcbc2edd8,fa7600b35e019f739e676006807d967bcc8cce2181e4e13b91d13a927543e575,d0dc14692ba25a072faee3ea0cf0905cf6ac85737eba3d3979b3cf23340276b3,508a4d1867e5623aa6e8859f60f0bac37b6c63bc1deab02eeae07e2aca7b3d80,True,True,True,True,True,permit,True,False,False,False,True,True,True,True,True,True,True
measurement_error,27,31312,event_recovery,0.09730841269176183,0.11894228067444579,1.152945318879605,1.2139420062534434,1.2166306785936878,-0.06368535971408273,-0.7916288783957242,65,-0.13132804503780626,4,2.7083333333333335,1.4769230769230768,dea5e9d25beb3d2700153c274a603f43b05ea1a6a47526bd83e6b4650b3797ca,b50ba589e8c7cda4870dd3f34d55e4488c5330ae25392cd54d38371c4823d539,34ab3fc2d7c356ed9903dc8254a1f7e1114e45aace16a3c2713c4c83414008e1,15ccab187306aa4c1ffd2eb28238cc544d9bc2dd9a65c2b090dd2b58d42804cc,False,True,True,True,True,permit,False,True,False,False,True,True,True,True,True,True,False
spatial_resolution_mismatch,27,31313,event_recovery,0.04169228252195656,0.02554974232909646,1.2053940298005266,1.2370927982493978,1.2734794475564573,-0.06808541775593069,-0.7796411001499972,73,-0.06370156980214281,4,3.0416666666666665,1.315068493150685,b1fb4bf6a1a51049d0391fbf18dbfabcb8cebc16fe3a9c13f9b46f05aff5a033,60bb39295f7e9cbc6c3d66ca316009e19b3044bd5cc2778c98c39b59f122c98d,f67326b751c9878e6fe2519b0405b6c7ef12e3e555db2c12113260035b68b04c,bbca04c962e4454390a22f4593d8e1f253f36c0078ffadebcf7063221ae303f9,True,False,True,True,False,module_a_pass,False,False,False,True,False,False,False,False,False,True,False
no_signal,28,32300,event_recovery,-0.05630959479571507,-0.0880843338984938,0.9960858693141917,0.9756256430063733,0.9588799998661413,0.03720586944805049,-0.679092406448968,54,-0.008732988074130477,2,2.25,0.8888888888888888,b49b4a572007b90595ff8c87d6d9ba20d59d2b590822646c579dabd02bf8ff74,0093691e1e5b6c1ecc7a225e57c4664496fd322ec3e25afdd34e8d83db5e3e07,c9906da7dbd0e1f64ce0a232a9d66b3d9aa08d865161c0e4c737b3c257f8b3a5,b8cf3ef5901881c0d93145a7035e73f2c908c418fc680f7171353f28174ac006,False,False,False,False,False,module_a_pass;module_b_pass;module_e_pass,False,False,True,False,False,False,False,False,False,True,True
weak_signal,28,32301,event_recovery,-0.005757630857303964,0.033279230742758625,0.9904269870882825,0.9981588989681914,1.0094989023480223,-0.019071915259739836,-0.7364774161890457,47,-0.058455765606141075,3,1.9583333333333333,1.5319148936170213,438f084bc578e6fd5f68b43e2b8c578857d25f2dde7cc034ba98a594d6d46a00,c6e7fc764021948faeaa12f6d4e98a03704a8ed25de5ce6e5652f93c3f883aa3,7594f5c04f4352c999fc61ec5aabd1228653cc4b5fa0958c1fb200c6e5cab7ce,469e754f84bc31df0a7f142ee2829674f3bb088d03ef6435029253cda7e9ae37,False,False,True,True,False,module_a_pass,False,False,True,False,False,False,False,False,False,True,True
moderate_signal,28,32302,event_recovery,0.2979096111840056,0.34316643727172425,0.9922285667820396,1.1920451838814556,1.2106631724819639,-0.21843460569992423,-0.846327926408232,46,-0.47539555607878436,8,1.9166666666666667,4.173913043478261,897342e513c953f38eacbcedd073425524c907eda1aff16295bcd0d6c805e888,ef9fe0f15cd5a6ac482eb06f6e225af1f59cd3a2af78ca98316b89f8976abac3,8dde2372a7d0eee1808dcb5999e1b9b5c6ea891c14dcab42384a870a49766ffe,b09d3679b01a3c841937bfdcfdb1f7de79b234c45bfbc5b62f455443884f40dc,True,True,True,True,True,permit,True,False,False,False,True,True,True,True,True,True,True
strong_signal,28,32303,event_recovery,0.6427269927176937,0.6542665902601127,1.0935087428999577,1.8294588685563267,1.868898903146421,-0.7753901602464632,-1.2388832561985135,56,-1.2702449404870249,10,2.3333333333333335,4.285714285714286,f27146dcb2ca1103c94ab837b459165b71c9d40f4bfeef0a3395e8972cc26778,e202c0bb8f597bdbb41dd1f8f0b4bd518ac9ed599d44a47a8549f4f06ca5cf10,d65b3ab9401fc9d562798b1f11fd770f5a560ae2e41252049d51fee9703e6f5a,53547ad7762b00d1d1cd68f0252a44b7cc449939ad5fa93eb19780d3e801fe98,True,True,True,True,True,permit,True,False,False,False,True,True,True,True,True,True,True
correlated_features,28,32304,event_recovery,0.2899553941165488,0.23520842778512385,1.0494720712115644,1.2480272145003994,1.294134489531241,-0.2446624183196766,-0.9066913861999829,49,-0.4107060646615601,6,2.0416666666666665,2.938775510204082,12b752ac3ad89fe11fdf24662894d78deefdd0700f887d9c5f2ffb213be95e4d,25736a8de2698ad1d0baa028c8acb15382a63892c8f98841a86e39c55222eaf3,64656918954f166ddd0f0fb9fa3d267ebf36c5f47c451385401a9141e3a51686,0d1e2ad539221f561b90f5c2b9ddbaa2c83ebf6084ced8a1102fb6a8fd62a2db,False,True,True,True,True,permit,False,True,False,False,True,True,True,True,True,True,False
omitted_confounder,28,32305,event_recovery,0.4372591639316349,0.42142539655624256,1.0255566732355526,1.3673780314550692,1.3940837888932982,-0.36852711565774565,-0.8551672974777992,57,-0.6674522996818364,8,2.375,3.3684210526315788,5c937e25259dc84342a46c199d0072e8f81b652465355a86ed800babde18218f,1a7e6fdd39558bcb3e08918cdc790e3da9d37fa20e054eb6ba7104ad11a79955,eb2afd5b0764bd259c15e5abe8540a39181c61b482583260c2d696cd9bddd057,d57091ece7bf80f9c3e76ed1a7ae64775435002609454a1d7a2aab89a37357df,False,True,True,True,True,permit,False,True,False,False,True,True,True,True,True,True,False
temporal_drift,28,32306,event_recovery,0.1591581537123714,0.2640090455090677,1.4689109889714194,1.6019909313890648,1.6380386278019075,-0.1691276388304881,-0.7876144281145505,77,-0.24111826565951433,6,3.2083333333333335,1.87012987012987,1792c464a35cc1a1a211a740911beb06d4e4fee95f49358f40dc70ccad5f93c0,b8a384c89809cd31a787f4e577013e6717610c6447865209639c1ac44c56e629,6d95d59ad71f6e4e892367a739e09fe84a3bb22eba2b03de2c0385415ee19cca,bda620fd227288a5e7a7a25c188e0f2f3a196392d537265d51aebf022e077e74,False,True,True,True,True,permit,False,True,False,False,True,True,True,True,True,True,False
geographic_shift,28,32307,event_recovery,0.47370656503027553,0.46003241092742164,1.0329114799877723,1.4238724142418209,1.4400963543636307,-0.4071848743758584,-0.6635437777844213,64,-0.5595475890140329,10,2.6666666666666665,3.75,6974d404387c8eab468d40d56f9c1cc20dfc1d4c46c6cabc6045cd664cb68d25,c1a35107e9edf80adb2f6f8db1e9a0b0d37c312160bf1ba7a27fae08a7cdedbc,6406669970e0502ef5a21220a01d237cf589251168b06c63053c4b538994beb3,522cc41d41cb804b342d871e05ec3e4b49b900fd519c0d0e95b69c89f1ee085d,False,True,True,True,True,permit,False,True,False,False,True,True,True,True,True,True,False
leakage,28,32308,event_recovery,0.9942342809356416,0.9908034147218725,0.073295878284128,0.9801984593709671,0.996707186050192,-0.9234113077660641,-0.6370728469012038,73,-1.2881042773864486,10,3.0416666666666665,3.2876712328767126,9a6fc280c5dffa5177815657ce266a24e2114fd08e8d41c556604062e3b454c7,48668e99397b850a5a2c11627d86910a249eea63afe1210aef405a796e02ecd4,771b4f4889ca6f334a0d3b552882af0cc50713fd9fc3de36af52c7762f484632,c4b439985fd35ec9eb3e92a09f77a0316cd0d771150f1288d219ccb0b6952a00,False,True,True,True,True,permit,False,True,False,False,True,True,True,True,True,True,False
train_only_detrending,28,32309,event_recovery,0.23112739387822656,0.34469269268874836,1.1021483747170824,1.259399784904208,1.2721752711060523,-0.17002689638896995,-0.7502445768955808,54,-0.4549440122772741,5,2.25,2.2222222222222223,74395d2778574b470c15d16786cf14c0bcafe5cedfa0cb5624a3e7a0bcd215d6,042ba871c76f4b0106b98e7f4b9895f632eb344390572ec357813d7b1f7119da,6f198e25812d71f957fef0b07691202b864cc0628586f334fa65091f922020aa,6bc529a4d00b33dc7667f3da8b2b14be5271386f56454abc4186621501c7b0a0,True,True,True,True,True,permit,True,False,False,False,True,True,True,True,True,True,True
small_sample,28,32310,event_recovery,0.3349452434589655,0.4077598997325662,0.9589265240498095,1.181399273452203,1.187250940782208,-0.22832441673239856,-0.7250841849140057,16,-0.34113548343231215,8,2.909090909090909,2.75,de9b47dccd01b8e6d292fe001e8fb4eaefd55d3abc48504101256a4415742da9,e5b4dc9db23692ee30e4d434a8ce61d86d5861765e60e899d5591972bc5528a6,e052d701cfef88b734083e7f751a98c104c4fda704e2835d4076347349d2d01e,f41b19468be9efba7428dff0658f7d4a7e820ba44673587e12a1331ca2aaac2d,True,True,True,True,True,permit,True,False,False,False,True,True,True,True,True,True,True
imbalanced_tail,28,32311,event_recovery,0.40846390773191676,0.5023921199081129,1.0506426367261297,1.3725774022541544,1.3858234017485926,-0.33518076502246297,-0.9624888971380947,53,-0.652715029121782,8,2.2083333333333335,3.622641509433962,3d5886cda62904415f0a8c3d1cd63056543ef51a401a34afa249f09ca3212be7,1d313418e379a70b0684f5b5e6d6bb3d94ec938f2c6903a614b24915c3749780,d9c543960e52b64ea35af2b6354a5ef675b7303b50a83e9799d958ec578b9516,ff59b50dedd2e67f81a4aeab0838912a1713b13aec013fe89210ae7388e6ed0e,True,True,True,True,True,permit,True,False,False,False,True,True,True,True,True,True,True
measurement_error,28,32312,event_recovery,0.09816519626512377,0.07919027358350961,1.0929071539682162,1.1541573707835973,1.1648658005408388,-0.07195864657262252,-0.7966955620945111,55,-0.18045571371486369,5,2.2916666666666665,2.181818181818182,e8e9132e34285bfa0d6e30ec766d2d9921644b03b1555205c1b134a194e2cba3,cf8d340ad9556272be56e5352fba29b4166b960c282af8700ee34096dfe4991a,f177506df50c2d4bded3605b2cc1791544f162052522d8123a82c390af453027,f913e14a7ffe7d93fb051531ae5888ed8e22c5f24a45f4fab546da265bc44098,False,True,True,True,True,permit,False,True,False,False,True,True,True,True,True,True,False
spatial_resolution_mismatch,28,32313,event_recovery,0.0415863251694647,0.088439272619666,1.1704110507757777,1.1955676018727726,1.2146693906421022,-0.04425833986632455,-0.7252421205880613,64,-0.030825351111513077,6,2.6666666666666665,2.25,2ede63645cea4eb9aa61f836476672dda9981d723d31c62f0605c4e08455e234,d0054bae181e1d678c8ed56cc3dc9c720f202d261ec18d1a2ca1f3f9bde9497c,d06f65097777b758bae23c497edf18704c9869c682df73cc4e420e4f86076eb1,9cc518c4dd0dd9f4a4633bbf9016a9a21963db21ee2953e807576ad234a1cb3d,True,False,True,True,False,module_a_pass,False,False,False,True,True,False,False,False,False,True,False
no_signal,29,33300,event_recovery,-0.052107544381394755,-0.09592406361873818,0.9540562467817988,0.9301569600326531,0.9246689415143012,0.029387305267497554,-0.686012500171915,58,0.027161082412574533,3,2.4166666666666665,1.2413793103448276,0433f101c52972b01d55d68d982c35f15308bb988f4aba2c515bc011c2af6c06,006e98dd8f98a160666e79d5b07f8c9bcf1f52374bc8ef4d3b08c9ec1e112752,451d785e47dcf91ac3e6eac5c1cf575c94ee2f1f43392c2837228525f72bc5a8,a5ee99ffdb57a49e86dfc9aa0bfc4dd424b1b663ced28797962ec17e74f87114,False,False,False,False,False,module_a_pass;module_b_pass;module_e_pass,False,False,True,False,False,False,False,False,False,True,True
weak_signal,29,33301,event_recovery,0.00831332677044272,0.03342964700753848,1.033863028672882,1.0392334161369667,1.078594432072109,-0.04473140339922699,-0.6302859074542269,60,-0.011326951649092809,3,2.5,1.2,08bf1b0f78b7507c9e29cb07559e736cb9b5743624df79038dff62e405916d32,bccd4d882bfbd2a519f3d9eab14b0f8bfef055a82fe1981519a6dda12f04e8e9,f0e8389070e994b27746e86315aa3406f2b7bf08b1986a849eb10f78a5502e5a,41bab44c873765daa24c5c093d34d52cc81dbc43ddda47ac317c6ec927ae705c,False,False,True,True,False,module_a_pass,False,False,True,False,False,False,False,False,False,True,True
moderate_signal,29,33302,event_recovery,0.2709936633861779,0.21318829303782005,1.0030815339414931,1.1980863996521935,1.2113260762731706,-0.20824454233167744,-0.8263822901878334,50,-0.2536391569192835,7,2.0833333333333335,3.36,df342444917b84b02645ef9f8e96b6c3aeb8c01d09579966dc31ccfd5366ad24,af10370abd713d98d53b6925dd21d67b0e6989e568850937f7a45af6cfb3bae0,a0a74d2e43f257f5a3f53b0a742e80ae46729e31894313e5c7deb3645f04e1b5,ec51be122974c67fa99f883f3c35926d76dd0ec5743632554d90e5f59ee03621,True,True,True,True,True,permit,True,False,False,False,True,True,True,True,True,True,True
strong_signal,29,33303,event_recovery,0.6759538704492958,0.668282581929909,0.997427355452526,1.7652664219250114,1.787743921308938,-0.7903165658564121,-1.0563744601169782,78,-1.1523203306069405,10,3.25,3.076923076923077,e9bb09ddcd21ac68a5a04461d28e68cf88bd1f8d068e8b720a1476a0c41edbb3,702e7a8a46f0b8bdb7c9e9de0279155bd4a74ff52c0a3c8927e3bd62ac352785,ac05642f6ad63248ee61a821f65f31a4a00461f7589ab37fc1a4778f8ec2ecb5,f191b5737e58837a2f5f3567525ad0108dc3b2a471281765450fe0364c3bbf65,True,True,True,True,True,permit,True,False,False,False,True,True,True,True,True,True,True
correlated_features,29,33304,event_recovery,0.3661722737906451,0.3173949816662217,1.0586254098624919,1.3298922135887772,1.3769527449744052,-0.31832733511191336,-0.7975434461863387,61,-0.4344888573471837,7,2.5416666666666665,2.7540983606557377,f329155e9e4db1af6a220e620e70d11f7ee79bfbc0b33285513553493b04a433,b51cc9841ef23dd703cb911601ad691054efe69ea4c9d8a6bc07ef9ef276615a,46f599a5b4972824e8545f43aa25750cf41674165fc2961b3cc3ac14877903ad,86fd2f151470490c1c761e6e078ecaaa2b0370f06aeb34d15a5dd32726cb566c,False,True,True,True,True,permit,False,True,False,False,True,True,True,True,True,True,False
omitted_confounder,29,33305,event_recovery,0.4296911659648268,0.2978416679463529,0.9590760949482315,1.274819217862806,1.3283924515000256,-0.36931635655179407,-0.83769897855736,71,-0.554053202792006,10,2.9583333333333335,3.380281690140845,88f94565c97a91cd951911dc3eea5aed857ebefa541e1a0c7f2b5219d9b26c6d,862a0545a549595b6df17888511ef4d693ebfe2e7bbba18d83f18220f6652e26,572fc3751dbc228112b7f9471a035776bbbbb9fb2a3a424a8b9170a94c99813b,29e14fb82703df841fc8158d56abcc5a2da2c23b63bd94acab5b1d4cb53c7f52,False,True,True,True,True,permit,False,True,False,False,True,True,True,True,True,True,False
temporal_drift,29,33306,event_recovery,0.23029316269874445,0.3498822067410734,1.3218520853541382,1.5071368588451701,1.5282331378170106,-0.20638105246287242,-0.9491335809706701,72,-0.3052021856265157,9,3.0,3.0,73037006656cb9626d924384eb87bb8a60b36ac08cba8692f0ee7602d5f941b6,8b2ef603a19b2b0e362259474bc6101bd388b64b88d54f93c53ae00ef0aad584,60b6044b7a21c675db47aaaa937a89184eb045f32329fe8216cdb18462c1db95,64d452ba4773263a0786f9984aabaab20e63f1b1dcf3f1ebd1e2af066cb0bf8b,False,True,True,True,True,permit,False,True,False,False,True,True,True,True,True,True,False
geographic_shift,29,33307,event_recovery,0.41274436334211395,0.45465579979631776,0.9911723911038941,1.2935298315917096,1.3401147618569127,-0.3489423707530186,-0.6957998266682999,50,-0.6428878802095483,8,2.0833333333333335,3.84,15bbd4da01239df542c6a1beec7efab4d2bdc10d356a50d764e0df81293dac84,d52e55cf14ba5d855dfef3d65a1f9091d2efd7de75d528978e05388ab24f1589,dcec972e6fa146584ccdaa5f4943ba0b511ab9036a09fcc52da6300d933313a1,be6355656669402a5635914946f5b06ecabb1f272a4a05de88a192e817b62b3c,False,True,True,True,True,permit,False,True,False,False,True,True,True,True,True,True,False
leakage,29,33308,event_recovery,0.9895368521594654,0.9968812747641239,0.10275295551311873,1.0051758473819197,1.0390504266195202,-0.9362974711064015,-0.6635728975178139,64,-1.2089376015525084,10,2.6666666666666665,3.75,232ff2aa74a7c28f6605b44cc56ee809c333b6e0c9c03dc86f6c0776d25ed421,e5324d652234ddf15bfbd973a98811961d09fe0bd77451f96bb1b4e00ea1e0e9,aef7b372ad76070b7a003b8fa65fa2d8fe3b5100c1e6f903565dd1f366ba74ee,042613017e65f9f53346275752326131a1ce5535493ae43abde30b46c139dd5a,False,True,True,True,True,permit,False,True,False,False,True,True,True,True,True,True,False
train_only_detrending,29,33309,event_recovery,0.27901873653558906,0.20782362660886244,0.9904114005577836,1.1664689407977213,1.1926455950175125,-0.2022341944597289,-0.8061402983090261,54,-0.32144610605436874,6,2.25,2.6666666666666665,dc9717218acd402f6ea3eaf65169e677a1ec8d4f8677c128d7751225938d75e4,45b37f7fdcda4cae49ad7b045f3c59224822ab23308a6fd51de21e7a34e85194,8fe6492ccc76453806e89eda4c941eb2bb62e324f0d1faa83f9b9545bd7770b4,ea5e09adfe5309770b6679154681002ab60df3ae189757e255ebed874d90b39c,True,True,True,True,True,permit,True,False,False,False,True,True,True,True,True,True,True
small_sample,29,33310,event_recovery,-0.11095265003661736,0.574456108201264,1.1586915299884588,1.1029899921204525,1.0743407377078844,0.0843507922805744,-0.8308627305543881,16,0.05371268261527784,4,2.909090909090909,1.375,878d9803f7db4a2adbcc646e5e5f70d8dca25a0e028e5154b198b6d7dcbaddb9,d840aca27126e219e46f25d95d1a936b5608bb442cb5563d25785d71661f76ad,550b9f01391e0d2b1905f3d847f000e496e8c2b2b5d4185c1089f77a5009aeb5,cdce9e8504305bbed2987b35458c1a6eadd9116ae15546eca05a85997e922f3a,True,False,False,False,False,module_a_pass;module_b_pass;module_e_pass,False,False,False,True,True,False,False,False,False,True,False
imbalanced_tail,29,33311,event_recovery,0.31534159406510154,0.36550917084221457,1.0295000736164213,1.2471569022374105,1.2315775160894253,-0.20207744247300408,-0.8105219757588948,70,-0.4449079146531063,8,2.9166666666666665,2.742857142857143,65601fe275160af42e3583f606a3f0ce3124b0b237e46010470901d849dcd45e,0c90d1c769ca28d1c48636ebc9c178c0b2c5b29fb9519f6652ca28298412cef0,30131132701e6b0d12fc72855f846d987e803432f6a49e20ce43c8bfbd3ce3e6,77ee8593ef9e688470ee75b6a78f4a93de6532de7dd4291a5cf4b663241d2499,True,True,True,True,True,permit,True,False,False,False,True,True,True,True,True,True,True
measurement_error,29,33312,event_recovery,0.025909345524435246,0.13755852996326956,1.2191996277605892,1.2366176365840913,1.2509889761850517,-0.03178934842446246,-0.8511633345331976,62,-0.025662445310134396,2,2.5833333333333335,0.7741935483870968,a2b1cddea81e7b95b999495c6a5ce73da045f0c74aeecf2261156cb952010213,c439bef8921382a077fe6c4cdb0104a99a49eaaf5130abd3ae577381d13bb7b3,b7658b315c4843c993568bc424145d3a8fff824de5055e76dfc833b6507fb846,c0bf918b13742e06a898dddfbf990f88570bb79c367ba52d6aeec1d993f74d35,False,False,True,False,False,module_a_pass;module_e_pass,False,False,True,False,True,False,False,False,False,True,True
spatial_resolution_mismatch,29,33313,event_recovery,0.035763554238849915,0.05101317418572959,1.1316491525270382,1.153730223716097,1.1536986487631036,-0.022049496236065336,-0.8700969774972174,57,-0.03060561043688459,3,2.375,1.263157894736842,ff0fa763c7def0d45b8621973d108e8a38f1469067688f29946d7eef5b78351f,de34beec9a09fcab9346ed42c53233fdf2f5e665f553abbf77d755f20402ce16,65489bfc90ba23c64483f9b0740e2c87042dae267571ca151ec0d04bfeebc28f,fc5046b2ff08e232cced93c75735d8114a1b23c858384f34a2d6d91ba9bc15bf,True,False,True,True,False,module_a_pass,False,False,False,True,True,False,False,False,False,True,False
