row_id,crop,region,year,driver_group,signed_group_shap,adverse_contribution,predicted_residual,observed_residual,base_value,reconstruction_error
Barley|Colorado|2016|spring,Barley,Colorado,2016,heat,0.08063031743271429,0.0,0.20949014122422643,-0.5095273846155033,-1.96217552381899e-14,8.271161533457416e-15
Barley|Colorado|2016|spring,Barley,Colorado,2016,drought,0.0604208070160434,0.0,0.20949014122422643,-0.5095273846155033,-1.96217552381899e-14,8.271161533457416e-15
Barley|Colorado|2016|spring,Barley,Colorado,2016,frost_cold,0.05359162896328663,0.0,0.20949014122422643,-0.5095273846155033,-1.96217552381899e-14,8.271161533457416e-15
Barley|Colorado|2016|spring,Barley,Colorado,2016,excess_rain,0.03533157906429514,0.0,0.20949014122422643,-0.5095273846155033,-1.96217552381899e-14,8.271161533457416e-15
Barley|Colorado|2016|spring,Barley,Colorado,2016,radiation,-0.013432099767318106,0.013432099767318106,0.20949014122422643,-0.5095273846155033,-1.96217552381899e-14,8.271161533457416e-15
Barley|Minnesota|2016|spring,Barley,Minnesota,2016,heat,0.00810272838846276,0.0,0.10517859613896041,0.2596310769230761,-1.96217552381899e-14,1.762479051592436e-15
Barley|Minnesota|2016|spring,Barley,Minnesota,2016,drought,0.010454258667470434,0.0,0.10517859613896041,0.2596310769230761,-1.96217552381899e-14,1.762479051592436e-15
Barley|Minnesota|2016|spring,Barley,Minnesota,2016,frost_cold,0.04429483373458011,0.0,0.10517859613896041,0.2596310769230761,-1.96217552381899e-14,1.762479051592436e-15
Barley|Minnesota|2016|spring,Barley,Minnesota,2016,excess_rain,0.027425579040770934,0.0,0.10517859613896041,0.2596310769230761,-1.96217552381899e-14,1.762479051592436e-15
Barley|Minnesota|2016|spring,Barley,Minnesota,2016,radiation,-0.0026257153176616806,0.0026257153176616806,0.10517859613896041,0.2596310769230761,-1.96217552381899e-14,1.762479051592436e-15
Barley|Montana|2016|spring,Barley,Montana,2016,heat,0.03666062289387567,0.0,0.02910414405137741,0.3439889230769162,-1.96217552381899e-14,-4.683753385137379e-16
Barley|Montana|2016|spring,Barley,Montana,2016,drought,0.04516042830223321,0.0,0.02910414405137741,0.3439889230769162,-1.96217552381899e-14,-4.683753385137379e-16
Barley|Montana|2016|spring,Barley,Montana,2016,frost_cold,-0.026031387186159133,0.026031387186159133,0.02910414405137741,0.3439889230769162,-1.96217552381899e-14,-4.683753385137379e-16
Barley|Montana|2016|spring,Barley,Montana,2016,excess_rain,-0.0006427404228980995,0.0006427404228980995,0.02910414405137741,0.3439889230769162,-1.96217552381899e-14,-4.683753385137379e-16
Barley|Montana|2016|spring,Barley,Montana,2016,radiation,-0.009053999861089308,0.009053999861089308,0.02910414405137741,0.3439889230769162,-1.96217552381899e-14,-4.683753385137379e-16
Barley|North Dakota|2016|spring,Barley,North Dakota,2016,heat,0.008643942015795488,0.0,0.10748522739939123,0.25977169230768604,-1.96217552381899e-14,8.798517470154366e-15
Barley|North Dakota|2016|spring,Barley,North Dakota,2016,drought,0.031781539284521695,0.0,0.10748522739939123,0.25977169230768604,-1.96217552381899e-14,8.798517470154366e-15
Barley|North Dakota|2016|spring,Barley,North Dakota,2016,frost_cold,0.04155062386889568,0.0,0.10748522739939123,0.25977169230768604,-1.96217552381899e-14,8.798517470154366e-15
Barley|North Dakota|2016|spring,Barley,North Dakota,2016,excess_rain,0.010626575855684842,0.0,0.10748522739939123,0.25977169230768604,-1.96217552381899e-14,8.798517470154366e-15
Barley|North Dakota|2016|spring,Barley,North Dakota,2016,radiation,-0.0050174350387989465,0.0050174350387989465,0.10748522739939123,0.25977169230768604,-1.96217552381899e-14,8.798517470154366e-15
Barley|Washington|2016|spring,Barley,Washington,2016,heat,0.02595936718931357,0.0,-0.154202781623957,0.6643498461538346,-1.96217552381899e-14,1.6653345369377348e-15
Barley|Washington|2016|spring,Barley,Washington,2016,drought,-0.1673511905823847,0.1673511905823847,-0.154202781623957,0.6643498461538346,-1.96217552381899e-14,1.6653345369377348e-15
Barley|Washington|2016|spring,Barley,Washington,2016,frost_cold,0.02872724507768005,0.0,-0.154202781623957,0.6643498461538346,-1.96217552381899e-14,1.6653345369377348e-15
Barley|Washington|2016|spring,Barley,Washington,2016,excess_rain,-0.050344085827467605,0.050344085827467605,-0.154202781623957,0.6643498461538346,-1.96217552381899e-14,1.6653345369377348e-15
Barley|Washington|2016|spring,Barley,Washington,2016,radiation,-0.00804807106715284,0.00804807106715284,-0.154202781623957,0.6643498461538346,-1.96217552381899e-14,1.6653345369377348e-15
Canola|Minnesota|2016|spring,Canola,Minnesota,2016,heat,0.003989514701902903,0.0,0.07825096612509123,-0.007122807017545307,-1.96217552381899e-14,1.6514567491299204e-15
Canola|Minnesota|2016|spring,Canola,Minnesota,2016,drought,0.010051428253966906,0.0,0.07825096612509123,-0.007122807017545307,-1.96217552381899e-14,1.6514567491299204e-15
Canola|Minnesota|2016|spring,Canola,Minnesota,2016,frost_cold,0.031719228616696266,0.0,0.07825096612509123,-0.007122807017545307,-1.96217552381899e-14,1.6514567491299204e-15
Canola|Minnesota|2016|spring,Canola,Minnesota,2016,excess_rain,0.028403727024759212,0.0,0.07825096612509123,-0.007122807017545307,-1.96217552381899e-14,1.6514567491299204e-15
Canola|Minnesota|2016|spring,Canola,Minnesota,2016,radiation,-0.0058973704575094295,0.0058973704575094295,0.07825096612509123,-0.007122807017545307,-1.96217552381899e-14,1.6514567491299204e-15
Canola|Montana|2016|spring,Canola,Montana,2016,heat,0.03647555089372631,0.0,0.0457429490954752,0.11610514705883856,-1.96217552381899e-14,-1.1712852909795402e-14
Canola|Montana|2016|spring,Canola,Montana,2016,drought,0.04883744874488248,0.0,0.0457429490954752,0.11610514705883856,-1.96217552381899e-14,-1.1712852909795402e-14
Canola|Montana|2016|spring,Canola,Montana,2016,frost_cold,-0.021834915423391353,0.021834915423391353,0.0457429490954752,0.11610514705883856,-1.96217552381899e-14,-1.1712852909795402e-14
Canola|Montana|2016|spring,Canola,Montana,2016,excess_rain,-0.008291262225700306,0.008291262225700306,0.0457429490954752,0.11610514705883856,-1.96217552381899e-14,-1.1712852909795402e-14
Canola|Montana|2016|spring,Canola,Montana,2016,radiation,-0.004478710538425454,0.004478710538425454,0.0457429490954752,0.11610514705883856,-1.96217552381899e-14,-1.1712852909795402e-14
Canola|North Dakota|2016|spring,Canola,North Dakota,2016,heat,0.005380357766117541,0.0,0.06229092761627103,0.18139300000000302,-1.96217552381899e-14,2.4077961846558082e-15
Canola|North Dakota|2016|spring,Canola,North Dakota,2016,drought,0.02191501843376979,0.0,0.06229092761627103,0.18139300000000302,-1.96217552381899e-14,2.4077961846558082e-15
Canola|North Dakota|2016|spring,Canola,North Dakota,2016,frost_cold,0.02903467088821706,0.0,0.06229092761627103,0.18139300000000302,-1.96217552381899e-14,2.4077961846558082e-15
Canola|North Dakota|2016|spring,Canola,North Dakota,2016,excess_rain,0.004702505815991256,0.0,0.06229092761627103,0.18139300000000302,-1.96217552381899e-14,2.4077961846558082e-15
Canola|North Dakota|2016|spring,Canola,North Dakota,2016,radiation,-0.004749936354251908,0.004749936354251908,0.06229092761627103,0.18139300000000302,-1.96217552381899e-14,2.4077961846558082e-15
Canola|Oklahoma|2016|spring,Canola,Oklahoma,2016,heat,-0.02148595770054598,0.02148595770054598,0.02292476971238768,0.6501000000000023,-1.96217552381899e-14,-1.7024576193236385e-14
Canola|Oklahoma|2016|spring,Canola,Oklahoma,2016,drought,0.03298533570226221,0.0,0.02292476971238768,0.6501000000000023,-1.96217552381899e-14,-1.7024576193236385e-14
Canola|Oklahoma|2016|spring,Canola,Oklahoma,2016,frost_cold,0.01451052929123324,0.0,0.02292476971238768,0.6501000000000023,-1.96217552381899e-14,-1.7024576193236385e-14
Canola|Oklahoma|2016|spring,Canola,Oklahoma,2016,excess_rain,-0.011086457407814951,0.011086457407814951,0.02292476971238768,0.6501000000000023,-1.96217552381899e-14,-1.7024576193236385e-14
Canola|Oklahoma|2016|spring,Canola,Oklahoma,2016,radiation,0.007035392410602502,0.0,0.02292476971238768,0.6501000000000023,-1.96217552381899e-14,-1.7024576193236385e-14
Canola|Washington|2016|spring,Canola,Washington,2016,heat,0.021140159290245566,0.0,-0.14908815814481519,1.2553899999999967,-1.96217552381899e-14,9.992007221626409e-16
Canola|Washington|2016|spring,Canola,Washington,2016,drought,-0.161264102886239,0.161264102886239,-0.14908815814481519,1.2553899999999967,-1.96217552381899e-14,9.992007221626409e-16
Canola|Washington|2016|spring,Canola,Washington,2016,frost_cold,0.031214275786242064,0.0,-0.14908815814481519,1.2553899999999967,-1.96217552381899e-14,9.992007221626409e-16
Canola|Washington|2016|spring,Canola,Washington,2016,excess_rain,-0.05369137168142554,0.05369137168142554,-0.14908815814481519,1.2553899999999967,-1.96217552381899e-14,9.992007221626409e-16
Canola|Washington|2016|spring,Canola,Washington,2016,radiation,-0.006245888001397417,0.006245888001397417,-0.14908815814481519,1.2553899999999967,-1.96217552381899e-14,9.992007221626409e-16
Oats|Colorado|2016|spring,Oats,Colorado,2016,heat,0.07251427953233382,0.0,0.13245161805553113,0.3700559999999782,-1.96217552381899e-14,4.107825191113079e-15
Oats|Colorado|2016|spring,Oats,Colorado,2016,drought,0.04900692754257757,0.0,0.13245161805553113,0.3700559999999782,-1.96217552381899e-14,4.107825191113079e-15
Oats|Colorado|2016|spring,Oats,Colorado,2016,frost_cold,0.027624899512554705,0.0,0.13245161805553113,0.3700559999999782,-1.96217552381899e-14,4.107825191113079e-15
Oats|Colorado|2016|spring,Oats,Colorado,2016,excess_rain,0.014733326523741106,0.0,0.13245161805553113,0.3700559999999782,-1.96217552381899e-14,4.107825191113079e-15
Oats|Colorado|2016|spring,Oats,Colorado,2016,radiation,-0.00868861488586402,0.00868861488586402,0.13245161805553113,0.3700559999999782,-1.96217552381899e-14,4.107825191113079e-15
Oats|Illinois|2016|spring,Oats,Illinois,2016,heat,-0.03252227719931474,0.03252227719931474,-0.03879367473385857,0.15521876923075606,-1.96217552381899e-14,1.0963452368173421e-14
Oats|Illinois|2016|spring,Oats,Illinois,2016,drought,-0.021349615039984473,0.021349615039984473,-0.03879367473385857,0.15521876923075606,-1.96217552381899e-14,1.0963452368173421e-14
Oats|Illinois|2016|spring,Oats,Illinois,2016,frost_cold,0.018840865168106333,0.0,-0.03879367473385857,0.15521876923075606,-1.96217552381899e-14,1.0963452368173421e-14
Oats|Illinois|2016|spring,Oats,Illinois,2016,excess_rain,-0.02247167185117152,0.02247167185117152,-0.03879367473385857,0.15521876923075606,-1.96217552381899e-14,1.0963452368173421e-14
Oats|Illinois|2016|spring,Oats,Illinois,2016,radiation,0.005951090839244135,0.0,-0.03879367473385857,0.15521876923075606,-1.96217552381899e-14,1.0963452368173421e-14
Oats|Iowa|2016|spring,Oats,Iowa,2016,heat,-0.01879900515430083,0.01879900515430083,-0.03288238419367035,0.16343753846153763,-1.96217552381899e-14,3.0531133177191805e-16
Oats|Iowa|2016|spring,Oats,Iowa,2016,drought,-0.03614301213729183,0.03614301213729183,-0.03288238419367035,0.16343753846153763,-1.96217552381899e-14,3.0531133177191805e-16
Oats|Iowa|2016|spring,Oats,Iowa,2016,frost_cold,0.02345274114777303,0.0,-0.03288238419367035,0.16343753846153763,-1.96217552381899e-14,3.0531133177191805e-16
Oats|Iowa|2016|spring,Oats,Iowa,2016,excess_rain,-0.018388931547965337,0.018388931547965337,-0.03288238419367035,0.16343753846153763,-1.96217552381899e-14,3.0531133177191805e-16
Oats|Iowa|2016|spring,Oats,Iowa,2016,radiation,0.0002670562106845284,0.0,-0.03288238419367035,0.16343753846153763,-1.96217552381899e-14,3.0531133177191805e-16
Oats|Kansas|2016|spring,Oats,Kansas,2016,heat,0.01171799257946881,0.0,-0.01279374197071489,0.2778387692307751,-1.96217552381899e-14,-3.068552356655374e-14
Oats|Kansas|2016|spring,Oats,Kansas,2016,drought,-0.03752189698991789,0.03752189698991789,-0.01279374197071489,0.2778387692307751,-1.96217552381899e-14,-3.068552356655374e-14
Oats|Kansas|2016|spring,Oats,Kansas,2016,frost_cold,0.009653808452729914,0.0,-0.01279374197071489,0.2778387692307751,-1.96217552381899e-14,-3.068552356655374e-14
Oats|Kansas|2016|spring,Oats,Kansas,2016,excess_rain,-0.007736459243419195,0.007736459243419195,-0.01279374197071489,0.2778387692307751,-1.96217552381899e-14,-3.068552356655374e-14
Oats|Kansas|2016|spring,Oats,Kansas,2016,radiation,0.006647040345727695,0.0,-0.01279374197071489,0.2778387692307751,-1.96217552381899e-14,-3.068552356655374e-14
Oats|Minnesota|2016|spring,Oats,Minnesota,2016,heat,0.005014704607948937,0.0,0.0813480242174375,0.01924276923076107,-1.96217552381899e-14,-2.345346139520643e-15
Oats|Minnesota|2016|spring,Oats,Minnesota,2016,drought,0.010348160779834883,0.0,0.0813480242174375,0.01924276923076107,-1.96217552381899e-14,-2.345346139520643e-15
Oats|Minnesota|2016|spring,Oats,Minnesota,2016,frost_cold,0.03161333861740616,0.0,0.0813480242174375,0.01924276923076107,-1.96217552381899e-14,-2.345346139520643e-15
Oats|Minnesota|2016|spring,Oats,Minnesota,2016,excess_rain,0.02360696726470827,0.0,0.0813480242174375,0.01924276923076107,-1.96217552381899e-14,-2.345346139520643e-15
Oats|Minnesota|2016|spring,Oats,Minnesota,2016,radiation,-0.00015969791318480933,0.00015969791318480933,0.0813480242174375,0.01924276923076107,-1.96217552381899e-14,-2.345346139520643e-15
Oats|Montana|2016|spring,Oats,Montana,2016,heat,0.030668785770311614,0.0,0.027455894386924067,-0.255666769230777,-1.96217552381899e-14,2.338407245616736e-15
Oats|Montana|2016|spring,Oats,Montana,2016,drought,0.04605090172973998,0.0,0.027455894386924067,-0.255666769230777,-1.96217552381899e-14,2.338407245616736e-15
Oats|Montana|2016|spring,Oats,Montana,2016,frost_cold,-0.018253381303972006,0.018253381303972006,0.027455894386924067,-0.255666769230777,-1.96217552381899e-14,2.338407245616736e-15
Oats|Montana|2016|spring,Oats,Montana,2016,excess_rain,-0.007436291701694708,0.007436291701694708,0.027455894386924067,-0.255666769230777,-1.96217552381899e-14,2.338407245616736e-15
Oats|Montana|2016|spring,Oats,Montana,2016,radiation,-0.007547816452236656,0.007547816452236656,0.027455894386924067,-0.255666769230777,-1.96217552381899e-14,2.338407245616736e-15
Oats|Nebraska|2016|spring,Oats,Nebraska,2016,heat,-0.01156731892642057,0.01156731892642057,0.1249943694749566,-0.33155353846154245,-1.96217552381899e-14,1.3225531780847177e-14
Oats|Nebraska|2016|spring,Oats,Nebraska,2016,drought,0.051362089979307114,0.0,0.1249943694749566,-0.33155353846154245,-1.96217552381899e-14,1.3225531780847177e-14
Oats|Nebraska|2016|spring,Oats,Nebraska,2016,frost_cold,0.02120065419391118,0.0,0.1249943694749566,-0.33155353846154245,-1.96217552381899e-14,1.3225531780847177e-14
Oats|Nebraska|2016|spring,Oats,Nebraska,2016,excess_rain,0.031410414109204046,0.0,0.1249943694749566,-0.33155353846154245,-1.96217552381899e-14,1.3225531780847177e-14
Oats|Nebraska|2016|spring,Oats,Nebraska,2016,radiation,0.0037540442185599286,0.0,0.1249943694749566,-0.33155353846154245,-1.96217552381899e-14,1.3225531780847177e-14
Oats|North Dakota|2016|spring,Oats,North Dakota,2016,heat,0.007385052467633249,0.0,0.06830214377068408,0.10842953846152126,-1.96217552381899e-14,-1.1518563880486e-15
Oats|North Dakota|2016|spring,Oats,North Dakota,2016,drought,0.02873863260707581,0.0,0.06830214377068408,0.10842953846152126,-1.96217552381899e-14,-1.1518563880486e-15
Oats|North Dakota|2016|spring,Oats,North Dakota,2016,frost_cold,0.03224106202699494,0.0,0.06830214377068408,0.10842953846152126,-1.96217552381899e-14,-1.1518563880486e-15
Oats|North Dakota|2016|spring,Oats,North Dakota,2016,excess_rain,0.0019628475431257494,0.0,0.06830214377068408,0.10842953846152126,-1.96217552381899e-14,-1.1518563880486e-15
Oats|North Dakota|2016|spring,Oats,North Dakota,2016,radiation,-0.004115045876144285,0.004115045876144285,0.06830214377068408,0.10842953846152126,-1.96217552381899e-14,-1.1518563880486e-15
Oats|Oklahoma|2016|spring,Oats,Oklahoma,2016,heat,-0.022306735704802523,0.022306735704802523,0.03185499056776306,0.1963378461538472,-1.96217552381899e-14,4.718447854656915e-15
Oats|Oklahoma|2016|spring,Oats,Oklahoma,2016,drought,0.03462406871901684,0.0,0.03185499056776306,0.1963378461538472,-1.96217552381899e-14,4.718447854656915e-15
Oats|Oklahoma|2016|spring,Oats,Oklahoma,2016,frost_cold,0.01368669214021357,0.0,0.03185499056776306,0.1963378461538472,-1.96217552381899e-14,4.718447854656915e-15
Oats|Oklahoma|2016|spring,Oats,Oklahoma,2016,excess_rain,-0.0009492072246740231,0.0009492072246740231,0.03185499056776306,0.1963378461538472,-1.96217552381899e-14,4.718447854656915e-15
Oats|Oklahoma|2016|spring,Oats,Oklahoma,2016,radiation,0.003693841318029573,0.0,0.03185499056776306,0.1963378461538472,-1.96217552381899e-14,4.718447854656915e-15
Oats|South Dakota|2016|spring,Oats,South Dakota,2016,heat,-0.027124630868173825,0.027124630868173825,0.09897590661373049,0.09558061538458551,-1.96217552381899e-14,2.90878432451791e-14
Oats|South Dakota|2016|spring,Oats,South Dakota,2016,drought,0.04497108880506209,0.0,0.09897590661373049,0.09558061538458551,-1.96217552381899e-14,2.90878432451791e-14
Oats|South Dakota|2016|spring,Oats,South Dakota,2016,frost_cold,0.03004401476297281,0.0,0.09897590661373049,0.09558061538458551,-1.96217552381899e-14,2.90878432451791e-14
Oats|South Dakota|2016|spring,Oats,South Dakota,2016,excess_rain,0.027649843575332272,0.0,0.09897590661373049,0.09558061538458551,-1.96217552381899e-14,2.90878432451791e-14
Oats|South Dakota|2016|spring,Oats,South Dakota,2016,radiation,0.0012324194562509903,0.0,0.09897590661373049,0.09558061538458551,-1.96217552381899e-14,2.90878432451791e-14
Oats|Texas|2016|spring,Oats,Texas,2016,heat,-0.02543186404574828,0.02543186404574828,0.0032457564814798445,0.19282676923076547,-1.96217552381899e-14,-4.124305064134859e-16
Oats|Texas|2016|spring,Oats,Texas,2016,drought,0.014076559965047903,0.0,0.0032457564814798445,0.19282676923076547,-1.96217552381899e-14,-4.124305064134859e-16
Oats|Texas|2016|spring,Oats,Texas,2016,frost_cold,0.01831244951365348,0.0,0.0032457564814798445,0.19282676923076547,-1.96217552381899e-14,-4.124305064134859e-16
Oats|Texas|2016|spring,Oats,Texas,2016,excess_rain,-0.009508190766156898,0.009508190766156898,0.0032457564814798445,0.19282676923076547,-1.96217552381899e-14,-4.124305064134859e-16
Oats|Texas|2016|spring,Oats,Texas,2016,radiation,0.00752353239969125,0.0,0.0032457564814798445,0.19282676923076547,-1.96217552381899e-14,-4.124305064134859e-16
Oats|Washington|2016|spring,Oats,Washington,2016,heat,0.028343172024773572,0.0,-0.14639825162771314,-0.36551353846154067,-1.96217552381899e-14,6.38378239159465e-16
Oats|Washington|2016|spring,Oats,Washington,2016,drought,-0.16736158966087653,0.16736158966087653,-0.14639825162771314,-0.36551353846154067,-1.96217552381899e-14,6.38378239159465e-16
Oats|Washington|2016|spring,Oats,Washington,2016,frost_cold,0.029448201476386944,0.0,-0.14639825162771314,-0.36551353846154067,-1.96217552381899e-14,6.38378239159465e-16
Oats|Washington|2016|spring,Oats,Washington,2016,excess_rain,-0.04833085728656863,0.04833085728656863,-0.14639825162771314,-0.36551353846154067,-1.96217552381899e-14,6.38378239159465e-16
Oats|Washington|2016|spring,Oats,Washington,2016,radiation,-0.006951799307234294,0.006951799307234294,-0.14639825162771314,-0.36551353846154067,-1.96217552381899e-14,6.38378239159465e-16
Wheat|Colorado|2016|winter,Wheat,Colorado,2016,heat,0.036228507840918966,0.0,0.10154956079058952,0.9569996923076922,-1.96217552381899e-14,-2.498001805406602e-16
Wheat|Colorado|2016|winter,Wheat,Colorado,2016,drought,0.0017762326171222136,0.0,0.10154956079058952,0.9569996923076922,-1.96217552381899e-14,-2.498001805406602e-16
Wheat|Colorado|2016|winter,Wheat,Colorado,2016,frost_cold,0.01530351517042437,0.0,0.10154956079058952,0.9569996923076922,-1.96217552381899e-14,-2.498001805406602e-16
Wheat|Colorado|2016|winter,Wheat,Colorado,2016,excess_rain,0.04052103569663839,0.0,0.10154956079058952,0.9569996923076922,-1.96217552381899e-14,-2.498001805406602e-16
Wheat|Colorado|2016|winter,Wheat,Colorado,2016,radiation,0.013566605981411123,0.0,0.10154956079058952,0.9569996923076922,-1.96217552381899e-14,-2.498001805406602e-16
Wheat|Illinois|2016|winter,Wheat,Illinois,2016,heat,0.005200393007046487,0.0,0.03869400713050465,0.4122187692307149,-1.96217552381899e-14,3.885780586188048e-16
Wheat|Illinois|2016|winter,Wheat,Illinois,2016,drought,0.01746981583291427,0.0,0.03869400713050465,0.4122187692307149,-1.96217552381899e-14,3.885780586188048e-16
Wheat|Illinois|2016|winter,Wheat,Illinois,2016,frost_cold,-0.027635693652735674,0.027635693652735674,0.03869400713050465,0.4122187692307149,-1.96217552381899e-14,3.885780586188048e-16
Wheat|Illinois|2016|winter,Wheat,Illinois,2016,excess_rain,0.02465138385855281,0.0,0.03869400713050465,0.4122187692307149,-1.96217552381899e-14,3.885780586188048e-16
Wheat|Illinois|2016|winter,Wheat,Illinois,2016,radiation,0.0007425206324741481,0.0,0.03869400713050465,0.4122187692307149,-1.96217552381899e-14,3.885780586188048e-16
Wheat|Iowa|2016|winter,Wheat,Iowa,2016,heat,-0.016092000712864006,0.016092000712864006,-0.014117371652465294,0.5427403076922674,-1.96217552381899e-14,1.3357370765021415e-16
Wheat|Iowa|2016|winter,Wheat,Iowa,2016,drought,0.04642356258327021,0.0,-0.014117371652465294,0.5427403076922674,-1.96217552381899e-14,1.3357370765021415e-16
Wheat|Iowa|2016|winter,Wheat,Iowa,2016,frost_cold,-0.01062572028671566,0.01062572028671566,-0.014117371652465294,0.5427403076922674,-1.96217552381899e-14,1.3357370765021415e-16
Wheat|Iowa|2016|winter,Wheat,Iowa,2016,excess_rain,-0.022087277874734003,0.022087277874734003,-0.014117371652465294,0.5427403076922674,-1.96217552381899e-14,1.3357370765021415e-16
Wheat|Iowa|2016|winter,Wheat,Iowa,2016,radiation,0.009380874692769115,0.0,-0.014117371652465294,0.5427403076922674,-1.96217552381899e-14,1.3357370765021415e-16
Wheat|Kansas|2016|winter,Wheat,Kansas,2016,heat,0.007438954315632829,0.0,0.21848871066407383,1.245912615384615,-1.96217552381899e-14,4.191091917959966e-15
Wheat|Kansas|2016|winter,Wheat,Kansas,2016,drought,0.12370813056665744,0.0,0.21848871066407383,1.245912615384615,-1.96217552381899e-14,4.191091917959966e-15
Wheat|Kansas|2016|winter,Wheat,Kansas,2016,frost_cold,-0.027301975326721593,0.027301975326721593,0.21848871066407383,1.245912615384615,-1.96217552381899e-14,4.191091917959966e-15
Wheat|Kansas|2016|winter,Wheat,Kansas,2016,excess_rain,0.0885321619186316,0.0,0.21848871066407383,1.245912615384615,-1.96217552381899e-14,4.191091917959966e-15
Wheat|Kansas|2016|winter,Wheat,Kansas,2016,radiation,0.014229156218071647,0.0,0.21848871066407383,1.245912615384615,-1.96217552381899e-14,4.191091917959966e-15
Wheat|Minnesota|2016|spring,Wheat,Minnesota,2016,heat,0.009491707039229667,0.0,0.14769699434706093,0.06901661538455839,-1.96217552381899e-14,1.582067810090848e-15
Wheat|Minnesota|2016|spring,Wheat,Minnesota,2016,drought,0.02007019817910381,0.0,0.14769699434706093,0.06901661538455839,-1.96217552381899e-14,1.582067810090848e-15
Wheat|Minnesota|2016|spring,Wheat,Minnesota,2016,frost_cold,0.04420768227529682,0.0,0.14769699434706093,0.06901661538455839,-1.96217552381899e-14,1.582067810090848e-15
Wheat|Minnesota|2016|spring,Wheat,Minnesota,2016,excess_rain,0.03693271124821407,0.0,0.14769699434706093,0.06901661538455839,-1.96217552381899e-14,1.582067810090848e-15
Wheat|Minnesota|2016|spring,Wheat,Minnesota,2016,radiation,-0.0030706255338656236,0.0030706255338656236,0.14769699434706093,0.06901661538455839,-1.96217552381899e-14,1.582067810090848e-15
Wheat|Montana|2016|spring,Wheat,Montana,2016,heat,0.0352647673916735,0.0,0.015793807145276523,0.5056507692307601,-1.96217552381899e-14,-4.288236432614667e-15
Wheat|Montana|2016|spring,Wheat,Montana,2016,drought,0.03792562135322951,0.0,0.015793807145276523,0.5056507692307601,-1.96217552381899e-14,-4.288236432614667e-15
Wheat|Montana|2016|spring,Wheat,Montana,2016,frost_cold,-0.022705095621997427,0.022705095621997427,0.015793807145276523,0.5056507692307601,-1.96217552381899e-14,-4.288236432614667e-15
Wheat|Montana|2016|spring,Wheat,Montana,2016,excess_rain,-0.009996463990950203,0.009996463990950203,0.015793807145276523,0.5056507692307601,-1.96217552381899e-14,-4.288236432614667e-15
Wheat|Montana|2016|spring,Wheat,Montana,2016,radiation,-0.006988681415936586,0.006988681415936586,0.015793807145276523,0.5056507692307601,-1.96217552381899e-14,-4.288236432614667e-15
Wheat|Nebraska|2016|winter,Wheat,Nebraska,2016,heat,0.0896548968851841,0.0,0.19466512234497899,0.6704923076923008,-1.96217552381899e-14,6.994405055138486e-15
Wheat|Nebraska|2016|winter,Wheat,Nebraska,2016,drought,0.06550905497752253,0.0,0.19466512234497899,0.6704923076923008,-1.96217552381899e-14,6.994405055138486e-15
Wheat|Nebraska|2016|winter,Wheat,Nebraska,2016,frost_cold,-0.0031458715588576656,0.0031458715588576656,0.19466512234497899,0.6704923076923008,-1.96217552381899e-14,6.994405055138486e-15
Wheat|Nebraska|2016|winter,Wheat,Nebraska,2016,excess_rain,0.01222153869263942,0.0,0.19466512234497899,0.6704923076923008,-1.96217552381899e-14,6.994405055138486e-15
Wheat|Nebraska|2016|winter,Wheat,Nebraska,2016,radiation,0.018744588137553017,0.0,0.19466512234497899,0.6704923076923008,-1.96217552381899e-14,6.994405055138486e-15
Wheat|North Dakota|2016|spring,Wheat,North Dakota,2016,heat,0.008258235567954502,0.0,0.07904301677824635,0.16210338461537166,-1.96217552381899e-14,3.7470027081099033e-16
Wheat|North Dakota|2016|spring,Wheat,North Dakota,2016,drought,0.023142607216031424,0.0,0.07904301677824635,0.16210338461537166,-1.96217552381899e-14,3.7470027081099033e-16
Wheat|North Dakota|2016|spring,Wheat,North Dakota,2016,frost_cold,0.034021450769360084,0.0,0.07904301677824635,0.16210338461537166,-1.96217552381899e-14,3.7470027081099033e-16
Wheat|North Dakota|2016|spring,Wheat,North Dakota,2016,excess_rain,0.008137534019571423,0.0,0.07904301677824635,0.16210338461537166,-1.96217552381899e-14,3.7470027081099033e-16
Wheat|North Dakota|2016|spring,Wheat,North Dakota,2016,radiation,-0.004613429307398966,0.004613429307398966,0.07904301677824635,0.16210338461537166,-1.96217552381899e-14,3.7470027081099033e-16
Wheat|Oklahoma|2016|winter,Wheat,Oklahoma,2016,heat,0.015016262448207827,0.0,0.16198017877492468,0.7009809230769246,-1.96217552381899e-14,-1.5543122344752192e-15
Wheat|Oklahoma|2016|winter,Wheat,Oklahoma,2016,drought,0.13842967965095931,0.0,0.16198017877492468,0.7009809230769246,-1.96217552381899e-14,-1.5543122344752192e-15
Wheat|Oklahoma|2016|winter,Wheat,Oklahoma,2016,frost_cold,-0.02609792945337193,0.02609792945337193,0.16198017877492468,0.7009809230769246,-1.96217552381899e-14,-1.5543122344752192e-15
Wheat|Oklahoma|2016|winter,Wheat,Oklahoma,2016,excess_rain,0.01777400212034029,0.0,0.16198017877492468,0.7009809230769246,-1.96217552381899e-14,-1.5543122344752192e-15
Wheat|Oklahoma|2016|winter,Wheat,Oklahoma,2016,radiation,0.007991962819113824,0.0,0.16198017877492468,0.7009809230769246,-1.96217552381899e-14,-1.5543122344752192e-15
Wheat|South Dakota|2016|spring,Wheat,South Dakota,2016,heat,-0.03553018934911717,0.03553018934911717,0.03266331826410918,0.2249199999999636,-1.96217552381899e-14,-1.9567680809018384e-14
Wheat|South Dakota|2016|spring,Wheat,South Dakota,2016,drought,0.03566918938109591,0.0,0.03266331826410918,0.2249199999999636,-1.96217552381899e-14,-1.9567680809018384e-14
Wheat|South Dakota|2016|spring,Wheat,South Dakota,2016,frost_cold,0.019701890942852893,0.0,0.03266331826410918,0.2249199999999636,-1.96217552381899e-14,-1.9567680809018384e-14
Wheat|South Dakota|2016|spring,Wheat,South Dakota,2016,excess_rain,0.016465945904491137,0.0,0.03266331826410918,0.2249199999999636,-1.96217552381899e-14,-1.9567680809018384e-14
Wheat|South Dakota|2016|spring,Wheat,South Dakota,2016,radiation,0.0026997228765135643,0.0,0.03266331826410918,0.2249199999999636,-1.96217552381899e-14,-1.9567680809018384e-14
Wheat|Texas|2016|winter,Wheat,Texas,2016,heat,0.006237177379782478,0.0,0.1879615800971433,0.15185015384615586,-1.96217552381899e-14,-9.992007221626409e-15
Wheat|Texas|2016|winter,Wheat,Texas,2016,drought,0.08918463794720216,0.0,0.1879615800971433,0.15185015384615586,-1.96217552381899e-14,-9.992007221626409e-15
Wheat|Texas|2016|winter,Wheat,Texas,2016,frost_cold,-0.012274478467957404,0.012274478467957404,0.1879615800971433,0.15185015384615586,-1.96217552381899e-14,-9.992007221626409e-15
Wheat|Texas|2016|winter,Wheat,Texas,2016,excess_rain,0.08196931856795991,0.0,0.1879615800971433,0.15185015384615586,-1.96217552381899e-14,-9.992007221626409e-15
Wheat|Texas|2016|winter,Wheat,Texas,2016,radiation,0.009308838585020629,0.0,0.1879615800971433,0.15185015384615586,-1.96217552381899e-14,-9.992007221626409e-15
Wheat|Washington|2016|winter,Wheat,Washington,2016,heat,0.036435608029993266,0.0,-0.018164708974379627,0.7188430769230747,-1.96217552381899e-14,-1.1449174941446927e-16
Wheat|Washington|2016|winter,Wheat,Washington,2016,drought,0.019455527473785775,0.0,-0.018164708974379627,0.7188430769230747,-1.96217552381899e-14,-1.1449174941446927e-16
Wheat|Washington|2016|winter,Wheat,Washington,2016,frost_cold,-0.005182256987112043,0.005182256987112043,-0.018164708974379627,0.7188430769230747,-1.96217552381899e-14,-1.1449174941446927e-16
Wheat|Washington|2016|winter,Wheat,Washington,2016,excess_rain,-0.07720713442371424,0.07720713442371424,-0.018164708974379627,0.7188430769230747,-1.96217552381899e-14,-1.1449174941446927e-16
Wheat|Washington|2016|winter,Wheat,Washington,2016,radiation,-0.01212938451984306,0.01212938451984306,-0.018164708974379627,0.7188430769230747,-1.96217552381899e-14,-1.1449174941446927e-16
Barley|Colorado|2017|spring,Barley,Colorado,2017,heat,0.044840438125783394,0.0,0.07111509886030035,-0.45714365811976965,-1.96217552381899e-14,-1.1379786002407855e-14
Barley|Colorado|2017|spring,Barley,Colorado,2017,drought,0.06218172002272897,0.0,0.07111509886030035,-0.45714365811976965,-1.96217552381899e-14,-1.1379786002407855e-14
Barley|Colorado|2017|spring,Barley,Colorado,2017,frost_cold,-0.009732267886611195,0.009732267886611195,0.07111509886030035,-0.45714365811976965,-1.96217552381899e-14,-1.1379786002407855e-14
Barley|Colorado|2017|spring,Barley,Colorado,2017,excess_rain,0.015889649503202246,0.0,0.07111509886030035,-0.45714365811976965,-1.96217552381899e-14,-1.1379786002407855e-14
Barley|Colorado|2017|spring,Barley,Colorado,2017,radiation,-0.018613001042010194,0.018613001042010194,0.07111509886030035,-0.45714365811976965,-1.96217552381899e-14,-1.1379786002407855e-14
Barley|Minnesota|2017|spring,Barley,Minnesota,2017,heat,0.023619276979101298,0.0,0.05304586180928239,0.786356170940171,-1.96217552381899e-14,-9.832412661836543e-15
Barley|Minnesota|2017|spring,Barley,Minnesota,2017,drought,0.0006095740627581527,0.0,0.05304586180928239,0.786356170940171,-1.96217552381899e-14,-9.832412661836543e-15
Barley|Minnesota|2017|spring,Barley,Minnesota,2017,frost_cold,0.028945374308817627,0.0,0.05304586180928239,0.786356170940171,-1.96217552381899e-14,-9.832412661836543e-15
Barley|Minnesota|2017|spring,Barley,Minnesota,2017,excess_rain,-0.00750680568355367,0.00750680568355367,0.05304586180928239,0.786356170940171,-1.96217552381899e-14,-9.832412661836543e-15
Barley|Minnesota|2017|spring,Barley,Minnesota,2017,radiation,-0.007510958847839973,0.007510958847839973,0.05304586180928239,0.786356170940171,-1.96217552381899e-14,-9.832412661836543e-15
Barley|Montana|2017|spring,Barley,Montana,2017,heat,-0.05500154870988682,0.05500154870988682,-0.18967507420134672,-0.15672813675214714,-1.96217552381899e-14,1.4432899320127035e-15
Barley|Montana|2017|spring,Barley,Montana,2017,drought,-0.062322505304795134,0.062322505304795134,-0.18967507420134672,-0.15672813675214714,-1.96217552381899e-14,1.4432899320127035e-15
Barley|Montana|2017|spring,Barley,Montana,2017,frost_cold,-0.030362136394518034,0.030362136394518034,-0.18967507420134672,-0.15672813675214714,-1.96217552381899e-14,1.4432899320127035e-15
Barley|Montana|2017|spring,Barley,Montana,2017,excess_rain,0.019130109056309238,0.0,-0.18967507420134672,-0.15672813675214714,-1.96217552381899e-14,1.4432899320127035e-15
Barley|Montana|2017|spring,Barley,Montana,2017,radiation,-0.013211160877334014,0.013211160877334014,-0.18967507420134672,-0.15672813675214714,-1.96217552381899e-14,1.4432899320127035e-15
Barley|North Dakota|2017|spring,Barley,North Dakota,2017,heat,-0.09942516400224026,0.09942516400224026,-0.26283964028661605,0.1263450940170867,-1.96217552381899e-14,-3.4416913763379853e-15
Barley|North Dakota|2017|spring,Barley,North Dakota,2017,drought,-0.08053868701008768,0.08053868701008768,-0.26283964028661605,0.1263450940170867,-1.96217552381899e-14,-3.4416913763379853e-15
Barley|North Dakota|2017|spring,Barley,North Dakota,2017,frost_cold,-0.021999431440364092,0.021999431440364092,-0.26283964028661605,0.1263450940170867,-1.96217552381899e-14,-3.4416913763379853e-15
Barley|North Dakota|2017|spring,Barley,North Dakota,2017,excess_rain,-0.04467141436325716,0.04467141436325716,-0.26283964028661605,0.1263450940170867,-1.96217552381899e-14,-3.4416913763379853e-15
Barley|North Dakota|2017|spring,Barley,North Dakota,2017,radiation,-0.01817654899433185,0.01817654899433185,-0.26283964028661605,0.1263450940170867,-1.96217552381899e-14,-3.4416913763379853e-15
Barley|Washington|2017|spring,Barley,Washington,2017,heat,-0.0023483506220319927,0.0023483506220319927,-0.09585371948269317,-0.6376738119658238,-1.96217552381899e-14,-2.4147350785597155e-15
Barley|Washington|2017|spring,Barley,Washington,2017,drought,-0.04594600631047638,0.04594600631047638,-0.09585371948269317,-0.6376738119658238,-1.96217552381899e-14,-2.4147350785597155e-15
Barley|Washington|2017|spring,Barley,Washington,2017,frost_cold,-0.0083639236754785,0.0083639236754785,-0.09585371948269317,-0.6376738119658238,-1.96217552381899e-14,-2.4147350785597155e-15
Barley|Washington|2017|spring,Barley,Washington,2017,excess_rain,-0.03517150031951122,0.03517150031951122,-0.09585371948269317,-0.6376738119658238,-1.96217552381899e-14,-2.4147350785597155e-15
Barley|Washington|2017|spring,Barley,Washington,2017,radiation,-0.008979282834497771,0.008979282834497771,-0.09585371948269317,-0.6376738119658238,-1.96217552381899e-14,-2.4147350785597155e-15
Canola|Minnesota|2017|spring,Canola,Minnesota,2017,heat,0.024911922977730632,0.0,0.07862304748607019,0.39062017543859673,-1.96217552381899e-14,-1.0103029524088925e-14
Canola|Minnesota|2017|spring,Canola,Minnesota,2017,drought,0.006837517318548442,0.0,0.07862304748607019,0.39062017543859673,-1.96217552381899e-14,-1.0103029524088925e-14
Canola|Minnesota|2017|spring,Canola,Minnesota,2017,frost_cold,0.028981521355157414,0.0,0.07862304748607019,0.39062017543859673,-1.96217552381899e-14,-1.0103029524088925e-14
Canola|Minnesota|2017|spring,Canola,Minnesota,2017,excess_rain,-0.0026293913594709617,0.0026293913594709617,0.07862304748607019,0.39062017543859673,-1.96217552381899e-14,-1.0103029524088925e-14
Canola|Minnesota|2017|spring,Canola,Minnesota,2017,radiation,-0.006376116327519886,0.006376116327519886,0.07862304748607019,0.39062017543859673,-1.96217552381899e-14,-1.0103029524088925e-14
Canola|Montana|2017|spring,Canola,Montana,2017,heat,-0.04877574862480708,0.04877574862480708,-0.16353689217571682,-0.8248975490195913,-1.96217552381899e-14,-3.3306690738754696e-16
Canola|Montana|2017|spring,Canola,Montana,2017,drought,-0.057294138272296125,0.057294138272296125,-0.16353689217571682,-0.8248975490195913,-1.96217552381899e-14,-3.3306690738754696e-16
Canola|Montana|2017|spring,Canola,Montana,2017,frost_cold,-0.027199387644343,0.027199387644343,-0.16353689217571682,-0.8248975490195913,-1.96217552381899e-14,-3.3306690738754696e-16
Canola|Montana|2017|spring,Canola,Montana,2017,excess_rain,0.014049668231575222,0.0,-0.16353689217571682,-0.8248975490195913,-1.96217552381899e-14,-3.3306690738754696e-16
Canola|Montana|2017|spring,Canola,Montana,2017,radiation,-0.009595866976655855,0.009595866976655855,-0.16353689217571682,-0.8248975490195913,-1.96217552381899e-14,-3.3306690738754696e-16
Canola|North Dakota|2017|spring,Canola,North Dakota,2017,heat,-0.0773488314710853,0.0773488314710853,-0.156610496108454,-0.10666138461537678,-1.96217552381899e-14,2.7755575615628914e-16
Canola|North Dakota|2017|spring,Canola,North Dakota,2017,drought,-0.05909029390709618,0.05909029390709618,-0.156610496108454,-0.10666138461537678,-1.96217552381899e-14,2.7755575615628914e-16
Canola|North Dakota|2017|spring,Canola,North Dakota,2017,frost_cold,-0.011435667884899508,0.011435667884899508,-0.156610496108454,-0.10666138461537678,-1.96217552381899e-14,2.7755575615628914e-16
Canola|North Dakota|2017|spring,Canola,North Dakota,2017,excess_rain,-0.036170584289531606,0.036170584289531606,-0.156610496108454,-0.10666138461537678,-1.96217552381899e-14,2.7755575615628914e-16
Canola|North Dakota|2017|spring,Canola,North Dakota,2017,radiation,-0.013390975587931146,0.013390975587931146,-0.156610496108454,-0.10666138461537678,-1.96217552381899e-14,2.7755575615628914e-16
Canola|Oklahoma|2017|spring,Canola,Oklahoma,2017,heat,-0.08355196289639825,0.08355196289639825,0.01163992929384924,0.4523714285714402,-1.96217552381899e-14,2.527492104498208e-15
Canola|Oklahoma|2017|spring,Canola,Oklahoma,2017,drought,0.02810253660850629,0.0,0.01163992929384924,0.4523714285714402,-1.96217552381899e-14,2.527492104498208e-15
Canola|Oklahoma|2017|spring,Canola,Oklahoma,2017,frost_cold,0.011220509484749182,0.0,0.01163992929384924,0.4523714285714402,-1.96217552381899e-14,2.527492104498208e-15
Canola|Oklahoma|2017|spring,Canola,Oklahoma,2017,excess_rain,0.05238354425954987,0.0,0.01163992929384924,0.4523714285714402,-1.96217552381899e-14,2.527492104498208e-15
Canola|Oklahoma|2017|spring,Canola,Oklahoma,2017,radiation,-0.00021491800737719622,0.00021491800737719622,0.01163992929384924,0.4523714285714402,-1.96217552381899e-14,2.527492104498208e-15
Canola|Washington|2017|spring,Canola,Washington,2017,heat,0.007049780238034805,0.0,-0.06544899699320736,1.143280000000023,-1.96217552381899e-14,-1.5265566588595902e-16
Canola|Washington|2017|spring,Canola,Washington,2017,drought,-0.04669039243894326,0.04669039243894326,-0.06544899699320736,1.143280000000023,-1.96217552381899e-14,-1.5265566588595902e-16
Canola|Washington|2017|spring,Canola,Washington,2017,frost_cold,-0.006584939433173226,0.006584939433173226,-0.06544899699320736,1.143280000000023,-1.96217552381899e-14,-1.5265566588595902e-16
Canola|Washington|2017|spring,Canola,Washington,2017,excess_rain,-0.029265048186738522,0.029265048186738522,-0.06544899699320736,1.143280000000023,-1.96217552381899e-14,-1.5265566588595902e-16
Canola|Washington|2017|spring,Canola,Washington,2017,radiation,-0.005270925898453273,0.005270925898453273,-0.06544899699320736,1.143280000000023,-1.96217552381899e-14,-1.5265566588595902e-16
Oats|Colorado|2017|spring,Oats,Colorado,2017,heat,0.03426612965894052,0.0,-0.009809011894612054,-0.18478030769233067,-1.96217552381899e-14,-2.437286483747414e-15
Oats|Colorado|2017|spring,Oats,Colorado,2017,drought,0.0389021547139917,0.0,-0.009809011894612054,-0.18478030769233067,-1.96217552381899e-14,-2.437286483747414e-15
Oats|Colorado|2017|spring,Oats,Colorado,2017,frost_cold,-0.01807330500023928,0.01807330500023928,-0.009809011894612054,-0.18478030769233067,-1.96217552381899e-14,-2.437286483747414e-15
Oats|Colorado|2017|spring,Oats,Colorado,2017,excess_rain,-0.009108075504294601,0.009108075504294601,-0.009809011894612054,-0.18478030769233067,-1.96217552381899e-14,-2.437286483747414e-15
Oats|Colorado|2017|spring,Oats,Colorado,2017,radiation,-0.01085341401168451,0.01085341401168451,-0.009809011894612054,-0.18478030769233067,-1.96217552381899e-14,-2.437286483747414e-15
Oats|Illinois|2017|spring,Oats,Illinois,2017,heat,0.02388939874626639,0.0,0.12339140705173642,0.06405805128203834,-1.96217552381899e-14,-1.3183898417423734e-14
Oats|Illinois|2017|spring,Oats,Illinois,2017,drought,0.05195151531647929,0.0,0.12339140705173642,0.06405805128203834,-1.96217552381899e-14,-1.3183898417423734e-14
Oats|Illinois|2017|spring,Oats,Illinois,2017,frost_cold,0.01745538699579451,0.0,0.12339140705173642,0.06405805128203834,-1.96217552381899e-14,-1.3183898417423734e-14
Oats|Illinois|2017|spring,Oats,Illinois,2017,excess_rain,0.014710302455475907,0.0,0.12339140705173642,0.06405805128203834,-1.96217552381899e-14,-1.3183898417423734e-14
Oats|Illinois|2017|spring,Oats,Illinois,2017,radiation,0.0056186632752881814,0.0,0.12339140705173642,0.06405805128203834,-1.96217552381899e-14,-1.3183898417423734e-14
Oats|Iowa|2017|spring,Oats,Iowa,2017,heat,0.00798080517886947,0.0,0.17450046632578678,0.18681866666666647,-1.96217552381899e-14,1.582067810090848e-15
Oats|Iowa|2017|spring,Oats,Iowa,2017,drought,0.04998568269519061,0.0,0.17450046632578678,0.18681866666666647,-1.96217552381899e-14,1.582067810090848e-15
Oats|Iowa|2017|spring,Oats,Iowa,2017,frost_cold,0.022021104864159625,0.0,0.17450046632578678,0.18681866666666647,-1.96217552381899e-14,1.582067810090848e-15
Oats|Iowa|2017|spring,Oats,Iowa,2017,excess_rain,0.040920667430155135,0.0,0.17450046632578678,0.18681866666666647,-1.96217552381899e-14,1.582067810090848e-15
Oats|Iowa|2017|spring,Oats,Iowa,2017,radiation,0.005023831192192629,0.0,0.17450046632578678,0.18681866666666647,-1.96217552381899e-14,1.582067810090848e-15
Oats|Kansas|2017|spring,Oats,Kansas,2017,heat,-0.028031476109195586,0.028031476109195586,0.10025309460723883,0.17130574358974981,-1.96217552381899e-14,4.593547764386585e-15
Oats|Kansas|2017|spring,Oats,Kansas,2017,drought,0.0214592219878895,0.0,0.10025309460723883,0.17130574358974981,-1.96217552381899e-14,4.593547764386585e-15
Oats|Kansas|2017|spring,Oats,Kansas,2017,frost_cold,0.021970294724607167,0.0,0.10025309460723883,0.17130574358974981,-1.96217552381899e-14,4.593547764386585e-15
Oats|Kansas|2017|spring,Oats,Kansas,2017,excess_rain,0.0630439077733912,0.0,0.10025309460723883,0.17130574358974981,-1.96217552381899e-14,4.593547764386585e-15
Oats|Kansas|2017|spring,Oats,Kansas,2017,radiation,0.0031813617909436055,0.0,0.10025309460723883,0.17130574358974981,-1.96217552381899e-14,4.593547764386585e-15
Oats|Minnesota|2017|spring,Oats,Minnesota,2017,heat,0.018954301347167146,0.0,0.08061947279246952,0.2538855384615304,-1.96217552381899e-14,-1.3627987627273797e-14
Oats|Minnesota|2017|spring,Oats,Minnesota,2017,drought,0.013338952156526024,0.0,0.08061947279246952,0.2538855384615304,-1.96217552381899e-14,-1.3627987627273797e-14
Oats|Minnesota|2017|spring,Oats,Minnesota,2017,frost_cold,0.02861317242156365,0.0,0.08061947279246952,0.2538855384615304,-1.96217552381899e-14,-1.3627987627273797e-14
Oats|Minnesota|2017|spring,Oats,Minnesota,2017,excess_rain,-0.0004180235289011486,0.0004180235289011486,0.08061947279246952,0.2538855384615304,-1.96217552381899e-14,-1.3627987627273797e-14
Oats|Minnesota|2017|spring,Oats,Minnesota,2017,radiation,-0.002089004722688465,0.002089004722688465,0.08061947279246952,0.2538855384615304,-1.96217552381899e-14,-1.3627987627273797e-14
Oats|Montana|2017|spring,Oats,Montana,2017,heat,-0.053032776518937855,0.053032776518937855,-0.18961832921485702,-0.26152755555556384,-1.96217552381899e-14,3.3306690738754696e-16
Oats|Montana|2017|spring,Oats,Montana,2017,drought,-0.0637658820597733,0.0637658820597733,-0.18961832921485702,-0.26152755555556384,-1.96217552381899e-14,3.3306690738754696e-16
Oats|Montana|2017|spring,Oats,Montana,2017,frost_cold,-0.02941785566177003,0.02941785566177003,-0.18961832921485702,-0.26152755555556384,-1.96217552381899e-14,3.3306690738754696e-16
Oats|Montana|2017|spring,Oats,Montana,2017,excess_rain,0.014970999044676445,0.0,-0.18961832921485702,-0.26152755555556384,-1.96217552381899e-14,3.3306690738754696e-16
Oats|Montana|2017|spring,Oats,Montana,2017,radiation,-0.01201468356394391,0.01201468356394391,-0.18961832921485702,-0.26152755555556384,-1.96217552381899e-14,3.3306690738754696e-16
Oats|Nebraska|2017|spring,Oats,Nebraska,2017,heat,0.0014133878003337005,0.0,0.1227145907763418,-0.749179726495733,-1.96217552381899e-14,2.040034807748725e-15
Oats|Nebraska|2017|spring,Oats,Nebraska,2017,drought,0.04095901022518399,0.0,0.1227145907763418,-0.749179726495733,-1.96217552381899e-14,2.040034807748725e-15
Oats|Nebraska|2017|spring,Oats,Nebraska,2017,frost_cold,0.033379023102161856,0.0,0.1227145907763418,-0.749179726495733,-1.96217552381899e-14,2.040034807748725e-15
Oats|Nebraska|2017|spring,Oats,Nebraska,2017,excess_rain,0.010473902591594884,0.0,0.1227145907763418,-0.749179726495733,-1.96217552381899e-14,2.040034807748725e-15
Oats|Nebraska|2017|spring,Oats,Nebraska,2017,radiation,0.005191357678057942,0.0,0.1227145907763418,-0.749179726495733,-1.96217552381899e-14,2.040034807748725e-15
Oats|North Dakota|2017|spring,Oats,North Dakota,2017,heat,-0.08948980697827648,0.08948980697827648,-0.2893549139792607,-0.19199647863249458,-1.96217552381899e-14,-9.43689570931383e-16
Oats|North Dakota|2017|spring,Oats,North Dakota,2017,drought,-0.08627503816221725,0.08627503816221725,-0.2893549139792607,-0.19199647863249458,-1.96217552381899e-14,-9.43689570931383e-16
Oats|North Dakota|2017|spring,Oats,North Dakota,2017,frost_cold,-0.0227664468253125,0.0227664468253125,-0.2893549139792607,-0.19199647863249458,-1.96217552381899e-14,-9.43689570931383e-16
Oats|North Dakota|2017|spring,Oats,North Dakota,2017,excess_rain,-0.06102410142027233,0.06102410142027233,-0.2893549139792607,-0.19199647863249458,-1.96217552381899e-14,-9.43689570931383e-16
Oats|North Dakota|2017|spring,Oats,North Dakota,2017,radiation,-0.01701586763952625,0.01701586763952625,-0.2893549139792607,-0.19199647863249458,-1.96217552381899e-14,-9.43689570931383e-16
Oats|Oklahoma|2017|spring,Oats,Oklahoma,2017,heat,-0.06086762102820533,0.06086762102820533,0.019176307122506397,0.16210646153846242,-1.96217552381899e-14,4.3368086899420177e-16
Oats|Oklahoma|2017|spring,Oats,Oklahoma,2017,drought,0.024054625911264896,0.0,0.019176307122506397,0.16210646153846242,-1.96217552381899e-14,4.3368086899420177e-16
Oats|Oklahoma|2017|spring,Oats,Oklahoma,2017,frost_cold,0.01528936795080678,0.0,0.019176307122506397,0.16210646153846242,-1.96217552381899e-14,4.3368086899420177e-16
Oats|Oklahoma|2017|spring,Oats,Oklahoma,2017,excess_rain,0.03620276626662934,0.0,0.019176307122506397,0.16210646153846242,-1.96217552381899e-14,4.3368086899420177e-16
Oats|Oklahoma|2017|spring,Oats,Oklahoma,2017,radiation,0.00022150001441026,0.0,0.019176307122506397,0.16210646153846242,-1.96217552381899e-14,4.3368086899420177e-16
Oats|South Dakota|2017|spring,Oats,South Dakota,2017,heat,-0.009222806215007923,0.009222806215007923,0.0157225524254422,-0.37259859829062236,-1.96217552381899e-14,2.095545958979983e-15
Oats|South Dakota|2017|spring,Oats,South Dakota,2017,drought,0.0038898072932358873,0.0,0.0157225524254422,-0.37259859829062236,-1.96217552381899e-14,2.095545958979983e-15
Oats|South Dakota|2017|spring,Oats,South Dakota,2017,frost_cold,0.04196630280371819,0.0,0.0157225524254422,-0.37259859829062236,-1.96217552381899e-14,2.095545958979983e-15
Oats|South Dakota|2017|spring,Oats,South Dakota,2017,excess_rain,-0.0215452059305182,0.0215452059305182,0.0157225524254422,-0.37259859829062236,-1.96217552381899e-14,2.095545958979983e-15
Oats|South Dakota|2017|spring,Oats,South Dakota,2017,radiation,3.9048946413928424e-05,0.0,0.0157225524254422,-0.37259859829062236,-1.96217552381899e-14,2.095545958979983e-15
Oats|Texas|2017|spring,Oats,Texas,2017,heat,-0.04611897499057331,0.04611897499057331,0.04804815740740531,0.011869777777773871,-1.96217552381899e-14,-1.2538581284360362e-14
Oats|Texas|2017|spring,Oats,Texas,2017,drought,0.03530636415682248,0.0,0.04804815740740531,0.011869777777773871,-1.96217552381899e-14,-1.2538581284360362e-14
Oats|Texas|2017|spring,Oats,Texas,2017,frost_cold,0.026020133913317305,0.0,0.04804815740740531,0.011869777777773871,-1.96217552381899e-14,-1.2538581284360362e-14
Oats|Texas|2017|spring,Oats,Texas,2017,excess_rain,0.017895100705943294,0.0,0.04804815740740531,0.011869777777773871,-1.96217552381899e-14,-1.2538581284360362e-14
Oats|Texas|2017|spring,Oats,Texas,2017,radiation,-0.0003938923601098242,0.0003938923601098242,0.04804815740740531,0.011869777777773871,-1.96217552381899e-14,-1.2538581284360362e-14
Oats|Washington|2017|spring,Oats,Washington,2017,heat,0.009040682073062582,0.0,-0.05455859890073461,-1.0498706666666686,-1.96217552381899e-14,4.0939474033052647e-16
Oats|Washington|2017|spring,Oats,Washington,2017,drought,-0.04275069457725136,0.04275069457725136,-0.05455859890073461,-1.0498706666666686,-1.96217552381899e-14,4.0939474033052647e-16
Oats|Washington|2017|spring,Oats,Washington,2017,frost_cold,-0.002736983048743525,0.002736983048743525,-0.05455859890073461,-1.0498706666666686,-1.96217552381899e-14,4.0939474033052647e-16
Oats|Washington|2017|spring,Oats,Washington,2017,excess_rain,-0.02787786977144524,0.02787786977144524,-0.05455859890073461,-1.0498706666666686,-1.96217552381899e-14,4.0939474033052647e-16
Oats|Washington|2017|spring,Oats,Washington,2017,radiation,-0.00468904522184714,0.00468904522184714,-0.05455859890073461,-1.0498706666666686,-1.96217552381899e-14,4.0939474033052647e-16
Wheat|Colorado|2017|winter,Wheat,Colorado,2017,heat,0.000597885695208782,0.0,-0.32048806346154396,0.6186087863247867,-1.96217552381899e-14,3.3306690738754696e-16
Wheat|Colorado|2017|winter,Wheat,Colorado,2017,drought,-0.24053135471872278,0.24053135471872278,-0.32048806346154396,0.6186087863247867,-1.96217552381899e-14,3.3306690738754696e-16
Wheat|Colorado|2017|winter,Wheat,Colorado,2017,frost_cold,-0.024624313691715916,0.024624313691715916,-0.32048806346154396,0.6186087863247867,-1.96217552381899e-14,3.3306690738754696e-16
Wheat|Colorado|2017|winter,Wheat,Colorado,2017,excess_rain,-0.021660370553872,0.021660370553872,-0.32048806346154396,0.6186087863247867,-1.96217552381899e-14,3.3306690738754696e-16
Wheat|Colorado|2017|winter,Wheat,Colorado,2017,radiation,0.0005790100241445451,0.0,-0.32048806346154396,0.6186087863247867,-1.96217552381899e-14,3.3306690738754696e-16
Wheat|Illinois|2017|winter,Wheat,Illinois,2017,heat,-0.00804350230171885,0.00804350230171885,-0.09739244338314543,0.48930762393157323,-1.96217552381899e-14,-1.124100812432971e-15
Wheat|Illinois|2017|winter,Wheat,Illinois,2017,drought,0.009629629492636266,0.0,-0.09739244338314543,0.48930762393157323,-1.96217552381899e-14,-1.124100812432971e-15
Wheat|Illinois|2017|winter,Wheat,Illinois,2017,frost_cold,-0.03651101334217269,0.03651101334217269,-0.09739244338314543,0.48930762393157323,-1.96217552381899e-14,-1.124100812432971e-15
Wheat|Illinois|2017|winter,Wheat,Illinois,2017,excess_rain,-0.08046445635321935,0.08046445635321935,-0.09739244338314543,0.48930762393157323,-1.96217552381899e-14,-1.124100812432971e-15
Wheat|Illinois|2017|winter,Wheat,Illinois,2017,radiation,0.011011231912486309,0.0,-0.09739244338314543,0.48930762393157323,-1.96217552381899e-14,-1.124100812432971e-15
Wheat|Iowa|2017|winter,Wheat,Iowa,2017,heat,0.04836333634211446,0.0,0.14706896200137395,0.8372404444444079,-1.96217552381899e-14,4.996003610813204e-16
Wheat|Iowa|2017|winter,Wheat,Iowa,2017,drought,0.07412954819051899,0.0,0.14706896200137395,0.8372404444444079,-1.96217552381899e-14,4.996003610813204e-16
Wheat|Iowa|2017|winter,Wheat,Iowa,2017,frost_cold,-0.007676729519502386,0.007676729519502386,0.14706896200137395,0.8372404444444079,-1.96217552381899e-14,4.996003610813204e-16
Wheat|Iowa|2017|winter,Wheat,Iowa,2017,excess_rain,0.01312563863430452,0.0,0.14706896200137395,0.8372404444444079,-1.96217552381899e-14,4.996003610813204e-16
Wheat|Iowa|2017|winter,Wheat,Iowa,2017,radiation,0.025672599603501024,0.0,0.14706896200137395,0.8372404444444079,-1.96217552381899e-14,4.996003610813204e-16
Wheat|Kansas|2017|winter,Wheat,Kansas,2017,heat,-0.010503619685433485,0.010503619685433485,-0.03596454629630476,0.6374859145299139,-1.96217552381899e-14,-5.3013149425851225e-15
Wheat|Kansas|2017|winter,Wheat,Kansas,2017,drought,-0.0039287360796117915,0.0039287360796117915,-0.03596454629630476,0.6374859145299139,-1.96217552381899e-14,-5.3013149425851225e-15
Wheat|Kansas|2017|winter,Wheat,Kansas,2017,frost_cold,-0.04289668455248398,0.04289668455248398,-0.03596454629630476,0.6374859145299139,-1.96217552381899e-14,-5.3013149425851225e-15
Wheat|Kansas|2017|winter,Wheat,Kansas,2017,excess_rain,0.01514993719928464,0.0,-0.03596454629630476,0.6374859145299139,-1.96217552381899e-14,-5.3013149425851225e-15
Wheat|Kansas|2017|winter,Wheat,Kansas,2017,radiation,0.009185925092291287,0.0,-0.03596454629630476,0.6374859145299139,-1.96217552381899e-14,-5.3013149425851225e-15
Wheat|Minnesota|2017|spring,Wheat,Minnesota,2017,heat,0.016338832249121815,0.0,0.07435241849129488,0.5392127179486739,-1.96217552381899e-14,-1.2975731600306517e-14
Wheat|Minnesota|2017|spring,Wheat,Minnesota,2017,drought,0.012552753665593226,0.0,0.07435241849129488,0.5392127179486739,-1.96217552381899e-14,-1.2975731600306517e-14
Wheat|Minnesota|2017|spring,Wheat,Minnesota,2017,frost_cold,0.034305298319376704,0.0,0.07435241849129488,0.5392127179486739,-1.96217552381899e-14,-1.2975731600306517e-14
Wheat|Minnesota|2017|spring,Wheat,Minnesota,2017,excess_rain,-0.0017164154991107655,0.0017164154991107655,0.07435241849129488,0.5392127179486739,-1.96217552381899e-14,-1.2975731600306517e-14
Wheat|Minnesota|2017|spring,Wheat,Minnesota,2017,radiation,-0.004403764184692984,0.004403764184692984,0.07435241849129488,0.5392127179486739,-1.96217552381899e-14,-1.2975731600306517e-14
Wheat|Montana|2017|spring,Wheat,Montana,2017,heat,-0.05590461437262427,0.05590461437262427,-0.16885493102638882,-0.5228147008547082,-1.96217552381899e-14,-8.326672684688674e-16
Wheat|Montana|2017|spring,Wheat,Montana,2017,drought,-0.05874375937071161,0.05874375937071161,-0.16885493102638882,-0.5228147008547082,-1.96217552381899e-14,-8.326672684688674e-16
Wheat|Montana|2017|spring,Wheat,Montana,2017,frost_cold,-0.029808494662302294,0.029808494662302294,-0.16885493102638882,-0.5228147008547082,-1.96217552381899e-14,-8.326672684688674e-16
Wheat|Montana|2017|spring,Wheat,Montana,2017,excess_rain,0.021308419288374698,0.0,-0.16885493102638882,-0.5228147008547082,-1.96217552381899e-14,-8.326672684688674e-16
Wheat|Montana|2017|spring,Wheat,Montana,2017,radiation,-0.013397972409888522,0.013397972409888522,-0.16885493102638882,-0.5228147008547082,-1.96217552381899e-14,-8.326672684688674e-16
Wheat|Nebraska|2017|winter,Wheat,Nebraska,2017,heat,0.05821957696107284,0.0,-0.04285624793554018,0.10962991452990556,-1.96217552381899e-14,-1.457167719820518e-16
Wheat|Nebraska|2017|winter,Wheat,Nebraska,2017,drought,-0.09857604306766829,0.09857604306766829,-0.04285624793554018,0.10962991452990556,-1.96217552381899e-14,-1.457167719820518e-16
Wheat|Nebraska|2017|winter,Wheat,Nebraska,2017,frost_cold,-0.016181944363600913,0.016181944363600913,-0.04285624793554018,0.10962991452990556,-1.96217552381899e-14,-1.457167719820518e-16
Wheat|Nebraska|2017|winter,Wheat,Nebraska,2017,excess_rain,0.008831323804807759,0.0,-0.04285624793554018,0.10962991452990556,-1.96217552381899e-14,-1.457167719820518e-16
Wheat|Nebraska|2017|winter,Wheat,Nebraska,2017,radiation,0.007374077265834238,0.0,-0.04285624793554018,0.10962991452990556,-1.96217552381899e-14,-1.457167719820518e-16
Wheat|North Dakota|2017|spring,Wheat,North Dakota,2017,heat,-0.09527956074064502,0.09527956074064502,-0.25945156074701525,-0.3514419487179623,-1.96217552381899e-14,4.440892098500626e-16
Wheat|North Dakota|2017|spring,Wheat,North Dakota,2017,drought,-0.0783115612226583,0.0783115612226583,-0.25945156074701525,-0.3514419487179623,-1.96217552381899e-14,4.440892098500626e-16
Wheat|North Dakota|2017|spring,Wheat,North Dakota,2017,frost_cold,-0.021467116613951565,0.021467116613951565,-0.25945156074701525,-0.3514419487179623,-1.96217552381899e-14,4.440892098500626e-16
Wheat|North Dakota|2017|spring,Wheat,North Dakota,2017,excess_rain,-0.04969942279249819,0.04969942279249819,-0.25945156074701525,-0.3514419487179623,-1.96217552381899e-14,4.440892098500626e-16
Wheat|North Dakota|2017|spring,Wheat,North Dakota,2017,radiation,-0.019287504887215437,0.019287504887215437,-0.25945156074701525,-0.3514419487179623,-1.96217552381899e-14,4.440892098500626e-16
Wheat|Oklahoma|2017|winter,Wheat,Oklahoma,2017,heat,-0.001405497365279653,0.001405497365279653,0.17256015363247643,0.3689926153846166,-1.96217552381899e-14,8.93729534823251e-15
Wheat|Oklahoma|2017|winter,Wheat,Oklahoma,2017,drought,0.10247001669097987,0.0,0.17256015363247643,0.3689926153846166,-1.96217552381899e-14,8.93729534823251e-15
Wheat|Oklahoma|2017|winter,Wheat,Oklahoma,2017,frost_cold,-0.02860449662702446,0.02860449662702446,0.17256015363247643,0.3689926153846166,-1.96217552381899e-14,8.93729534823251e-15
Wheat|Oklahoma|2017|winter,Wheat,Oklahoma,2017,excess_rain,0.10155285197864876,0.0,0.17256015363247643,0.3689926153846166,-1.96217552381899e-14,8.93729534823251e-15
Wheat|Oklahoma|2017|winter,Wheat,Oklahoma,2017,radiation,0.008455766776457662,0.0,0.17256015363247643,0.3689926153846166,-1.96217552381899e-14,8.93729534823251e-15
Wheat|South Dakota|2017|spring,Wheat,South Dakota,2017,heat,-0.0030013311689707496,0.0030013311689707496,0.01998100782073544,-0.9525659829060222,-1.96217552381899e-14,-4.642120021713936e-15
Wheat|South Dakota|2017|spring,Wheat,South Dakota,2017,drought,0.005027696809428625,0.0,0.01998100782073544,-0.9525659829060222,-1.96217552381899e-14,-4.642120021713936e-15
Wheat|South Dakota|2017|spring,Wheat,South Dakota,2017,frost_cold,0.036579804673978464,0.0,0.01998100782073544,-0.9525659829060222,-1.96217552381899e-14,-4.642120021713936e-15
Wheat|South Dakota|2017|spring,Wheat,South Dakota,2017,excess_rain,-0.017947985489695433,0.017947985489695433,0.01998100782073544,-0.9525659829060222,-1.96217552381899e-14,-4.642120021713936e-15
Wheat|South Dakota|2017|spring,Wheat,South Dakota,2017,radiation,2.449998272135859e-05,0.0,0.01998100782073544,-0.9525659829060222,-1.96217552381899e-14,-4.642120021713936e-15
Wheat|Texas|2017|winter,Wheat,Texas,2017,heat,-0.012702029634795537,0.012702029634795537,0.017480365239615887,-0.04741336752136549,-1.96217552381899e-14,-2.7755575615628914e-17
Wheat|Texas|2017|winter,Wheat,Texas,2017,drought,0.06012926228730797,0.0,0.017480365239615887,-0.04741336752136549,-1.96217552381899e-14,-2.7755575615628914e-17
Wheat|Texas|2017|winter,Wheat,Texas,2017,frost_cold,0.01004865828316909,0.0,0.017480365239615887,-0.04741336752136549,-1.96217552381899e-14,-2.7755575615628914e-17
Wheat|Texas|2017|winter,Wheat,Texas,2017,excess_rain,-0.01884601649172666,0.01884601649172666,0.017480365239615887,-0.04741336752136549,-1.96217552381899e-14,-2.7755575615628914e-17
Wheat|Texas|2017|winter,Wheat,Texas,2017,radiation,-0.0027729366069610428,0.0027729366069610428,0.017480365239615887,-0.04741336752136549,-1.96217552381899e-14,-2.7755575615628914e-17
Wheat|Washington|2017|winter,Wheat,Washington,2017,heat,0.06516905769195722,0.0,0.12511223098289395,0.380880170940169,-1.96217552381899e-14,3.6914915568786455e-15
Wheat|Washington|2017|winter,Wheat,Washington,2017,drought,0.04399945440431128,0.0,0.12511223098289395,0.380880170940169,-1.96217552381899e-14,3.6914915568786455e-15
Wheat|Washington|2017|winter,Wheat,Washington,2017,frost_cold,0.006637640173118556,0.0,0.12511223098289395,0.380880170940169,-1.96217552381899e-14,3.6914915568786455e-15
Wheat|Washington|2017|winter,Wheat,Washington,2017,excess_rain,-0.019400487570323144,0.019400487570323144,0.12511223098289395,0.380880170940169,-1.96217552381899e-14,3.6914915568786455e-15
Wheat|Washington|2017|winter,Wheat,Washington,2017,radiation,0.004381446024390304,0.0,0.12511223098289395,0.380880170940169,-1.96217552381899e-14,3.6914915568786455e-15
Barley|Colorado|2018|spring,Barley,Colorado,2018,heat,0.04766688624716267,0.0,0.014492679344668824,0.13324006837596336,-1.96217552381899e-14,3.608224830031759e-16
Barley|Colorado|2018|spring,Barley,Colorado,2018,drought,-0.0285057097820511,0.0285057097820511,0.014492679344668824,0.13324006837596336,-1.96217552381899e-14,3.608224830031759e-16
Barley|Colorado|2018|spring,Barley,Colorado,2018,frost_cold,0.018925742246761995,0.0,0.014492679344668824,0.13324006837596336,-1.96217552381899e-14,3.608224830031759e-16
Barley|Colorado|2018|spring,Barley,Colorado,2018,excess_rain,-0.0017946083168486693,0.0017946083168486693,0.014492679344668824,0.13324006837596336,-1.96217552381899e-14,3.608224830031759e-16
Barley|Colorado|2018|spring,Barley,Colorado,2018,radiation,-0.004822335694660982,0.004822335694660982,0.014492679344668824,0.13324006837596336,-1.96217552381899e-14,3.608224830031759e-16
Barley|Kansas|2018|spring,Barley,Kansas,2018,heat,-0.11155400482103796,0.11155400482103796,-0.11299138269395972,-0.6520192136752152,-1.96217552381899e-14,-4.010680676458378e-15
Barley|Kansas|2018|spring,Barley,Kansas,2018,drought,0.013206947546968044,0.0,-0.11299138269395972,-0.6520192136752152,-1.96217552381899e-14,-4.010680676458378e-15
Barley|Kansas|2018|spring,Barley,Kansas,2018,frost_cold,0.015350863323712167,0.0,-0.11299138269395972,-0.6520192136752152,-1.96217552381899e-14,-4.010680676458378e-15
Barley|Kansas|2018|spring,Barley,Kansas,2018,excess_rain,-0.000823124212652993,0.000823124212652993,-0.11299138269395972,-0.6520192136752152,-1.96217552381899e-14,-4.010680676458378e-15
Barley|Kansas|2018|spring,Barley,Kansas,2018,radiation,0.0023829555396988195,0.0,-0.11299138269395972,-0.6520192136752152,-1.96217552381899e-14,-4.010680676458378e-15
Barley|Minnesota|2018|spring,Barley,Minnesota,2018,heat,0.02011128847216717,0.0,0.0619572193495184,0.775081264957266,-1.96217552381899e-14,-1.086630785351872e-14
Barley|Minnesota|2018|spring,Barley,Minnesota,2018,drought,0.029494267969900498,0.0,0.0619572193495184,0.775081264957266,-1.96217552381899e-14,-1.086630785351872e-14
Barley|Minnesota|2018|spring,Barley,Minnesota,2018,frost_cold,-0.010947340900115482,0.010947340900115482,0.0619572193495184,0.775081264957266,-1.96217552381899e-14,-1.086630785351872e-14
Barley|Minnesota|2018|spring,Barley,Minnesota,2018,excess_rain,-0.0009525820930440486,0.0009525820930440486,0.0619572193495184,0.775081264957266,-1.96217552381899e-14,-1.086630785351872e-14
Barley|Minnesota|2018|spring,Barley,Minnesota,2018,radiation,0.004787010550826092,0.0,0.0619572193495184,0.775081264957266,-1.96217552381899e-14,-1.086630785351872e-14
Barley|Montana|2018|spring,Barley,Montana,2018,heat,0.031716376504889975,0.0,0.05834031855716103,0.09575480341879716,-1.96217552381899e-14,1.0998146837692957e-14
Barley|Montana|2018|spring,Barley,Montana,2018,drought,0.053332627236246224,0.0,0.05834031855716103,0.09575480341879716,-1.96217552381899e-14,1.0998146837692957e-14
Barley|Montana|2018|spring,Barley,Montana,2018,frost_cold,-0.014958993815743553,0.014958993815743553,0.05834031855716103,0.09575480341879716,-1.96217552381899e-14,1.0998146837692957e-14
Barley|Montana|2018|spring,Barley,Montana,2018,excess_rain,0.01159911257492167,0.0,0.05834031855716103,0.09575480341879716,-1.96217552381899e-14,1.0998146837692957e-14
Barley|Montana|2018|spring,Barley,Montana,2018,radiation,-0.0035753802935348453,0.0035753802935348453,0.05834031855716103,0.09575480341879716,-1.96217552381899e-14,1.0998146837692957e-14
Barley|North Dakota|2018|spring,Barley,North Dakota,2018,heat,-0.05044204241567949,0.05044204241567949,-0.08341853449304563,0.584718495726487,-1.96217552381899e-14,-1.6514567491299204e-15
Barley|North Dakota|2018|spring,Barley,North Dakota,2018,drought,0.034172530593535984,0.0,-0.08341853449304563,0.584718495726487,-1.96217552381899e-14,-1.6514567491299204e-15
Barley|North Dakota|2018|spring,Barley,North Dakota,2018,frost_cold,-0.043435266278348456,0.043435266278348456,-0.08341853449304563,0.584718495726487,-1.96217552381899e-14,-1.6514567491299204e-15
Barley|North Dakota|2018|spring,Barley,North Dakota,2018,excess_rain,-0.002014050415317095,0.002014050415317095,-0.08341853449304563,0.584718495726487,-1.96217552381899e-14,-1.6514567491299204e-15
Barley|North Dakota|2018|spring,Barley,North Dakota,2018,radiation,-0.010287507924402021,0.010287507924402021,-0.08341853449304563,0.584718495726487,-1.96217552381899e-14,-1.6514567491299204e-15
Barley|South Dakota|2018|spring,Barley,South Dakota,2018,heat,-0.04629850208151334,0.04629850208151334,0.06159117384162116,0.5849523076923187,-1.96217552381899e-14,-6.938893903907228e-17
Barley|South Dakota|2018|spring,Barley,South Dakota,2018,drought,0.044825788574852726,0.0,0.06159117384162116,0.5849523076923187,-1.96217552381899e-14,-6.938893903907228e-17
Barley|South Dakota|2018|spring,Barley,South Dakota,2018,frost_cold,0.03341003249859013,0.0,0.06159117384162116,0.5849523076923187,-1.96217552381899e-14,-6.938893903907228e-17
Barley|South Dakota|2018|spring,Barley,South Dakota,2018,excess_rain,0.023717771354892773,0.0,0.06159117384162116,0.5849523076923187,-1.96217552381899e-14,-6.938893903907228e-17
Barley|South Dakota|2018|spring,Barley,South Dakota,2018,radiation,-0.003178546398514122,0.003178546398514122,0.06159117384162116,0.5849523076923187,-1.96217552381899e-14,-6.938893903907228e-17
Barley|Washington|2018|spring,Barley,Washington,2018,heat,0.004248856818465395,0.0,-0.2533201719239182,0.4277025299145176,-1.96217552381899e-14,-1.5543122344752192e-15
Barley|Washington|2018|spring,Barley,Washington,2018,drought,-0.1521518431321284,0.1521518431321284,-0.2533201719239182,0.4277025299145176,-1.96217552381899e-14,-1.5543122344752192e-15
Barley|Washington|2018|spring,Barley,Washington,2018,frost_cold,-0.02176112954176252,0.02176112954176252,-0.2533201719239182,0.4277025299145176,-1.96217552381899e-14,-1.5543122344752192e-15
Barley|Washington|2018|spring,Barley,Washington,2018,excess_rain,-0.07367946215746138,0.07367946215746138,-0.2533201719239182,0.4277025299145176,-1.96217552381899e-14,-1.5543122344752192e-15
Barley|Washington|2018|spring,Barley,Washington,2018,radiation,-0.011982813746674427,0.011982813746674427,-0.2533201719239182,0.4277025299145176,-1.96217552381899e-14,-1.5543122344752192e-15
Canola|Minnesota|2018|spring,Canola,Minnesota,2018,heat,0.022673613244958327,0.0,0.09100998522610043,0.3399631578947391,-1.96217552381899e-14,-9.58955137519979e-15
Canola|Minnesota|2018|spring,Canola,Minnesota,2018,drought,0.02706436429992523,0.0,0.09100998522610043,0.3399631578947391,-1.96217552381899e-14,-9.58955137519979e-15
Canola|Minnesota|2018|spring,Canola,Minnesota,2018,frost_cold,-0.008768449434947135,0.008768449434947135,0.09100998522610043,0.3399631578947391,-1.96217552381899e-14,-9.58955137519979e-15
Canola|Minnesota|2018|spring,Canola,Minnesota,2018,excess_rain,0.016198179440112745,0.0,0.09100998522610043,0.3399631578947391,-1.96217552381899e-14,-9.58955137519979e-15
Canola|Minnesota|2018|spring,Canola,Minnesota,2018,radiation,0.002006244312500863,0.0,0.09100998522610043,0.3399631578947391,-1.96217552381899e-14,-9.58955137519979e-15
Canola|Montana|2018|spring,Canola,Montana,2018,heat,0.028123733272909027,0.0,0.051905542444165634,-0.5665002450980212,-1.96217552381899e-14,4.9404924595819466e-15
Canola|Montana|2018|spring,Canola,Montana,2018,drought,0.04292080224925052,0.0,0.051905542444165634,-0.5665002450980212,-1.96217552381899e-14,4.9404924595819466e-15
Canola|Montana|2018|spring,Canola,Montana,2018,frost_cold,-0.012421290124183556,0.012421290124183556,0.051905542444165634,-0.5665002450980212,-1.96217552381899e-14,4.9404924595819466e-15
Canola|Montana|2018|spring,Canola,Montana,2018,excess_rain,0.010787173694315026,0.0,0.051905542444165634,-0.5665002450980212,-1.96217552381899e-14,4.9404924595819466e-15
Canola|Montana|2018|spring,Canola,Montana,2018,radiation,-0.0035140076496402188,0.0035140076496402188,0.051905542444165634,-0.5665002450980212,-1.96217552381899e-14,4.9404924595819466e-15
Canola|North Dakota|2018|spring,Canola,North Dakota,2018,heat,-0.0420769363362947,0.0420769363362947,-0.07124432112607162,0.27778423076923575,-1.96217552381899e-14,2.1510571102112408e-15
Canola|North Dakota|2018|spring,Canola,North Dakota,2018,drought,0.02718736127107006,0.0,-0.07124432112607162,0.27778423076923575,-1.96217552381899e-14,2.1510571102112408e-15
Canola|North Dakota|2018|spring,Canola,North Dakota,2018,frost_cold,-0.0440580471085246,0.0440580471085246,-0.07124432112607162,0.27778423076923575,-1.96217552381899e-14,2.1510571102112408e-15
Canola|North Dakota|2018|spring,Canola,North Dakota,2018,excess_rain,-0.0012689942347009868,0.0012689942347009868,-0.07124432112607162,0.27778423076923575,-1.96217552381899e-14,2.1510571102112408e-15
Canola|North Dakota|2018|spring,Canola,North Dakota,2018,radiation,-0.006894228629894908,0.006894228629894908,-0.07124432112607162,0.27778423076923575,-1.96217552381899e-14,2.1510571102112408e-15
Canola|Oklahoma|2018|spring,Canola,Oklahoma,2018,heat,-0.030100028371880177,0.030100028371880177,0.12970988945377848,0.17614285714287803,-1.96217552381899e-14,-1.3877787807814457e-15
Canola|Oklahoma|2018|spring,Canola,Oklahoma,2018,drought,0.05342070884946671,0.0,0.12970988945377848,0.17614285714287803,-1.96217552381899e-14,-1.3877787807814457e-15
Canola|Oklahoma|2018|spring,Canola,Oklahoma,2018,frost_cold,0.014587341670551075,0.0,0.12970988945377848,0.17614285714287803,-1.96217552381899e-14,-1.3877787807814457e-15
Canola|Oklahoma|2018|spring,Canola,Oklahoma,2018,excess_rain,0.06137516508065674,0.0,0.12970988945377848,0.17614285714287803,-1.96217552381899e-14,-1.3877787807814457e-15
Canola|Oklahoma|2018|spring,Canola,Oklahoma,2018,radiation,0.0024308792361893037,0.0,0.12970988945377848,0.17614285714287803,-1.96217552381899e-14,-1.3877787807814457e-15
Canola|Washington|2018|spring,Canola,Washington,2018,heat,0.00777755658201594,0.0,-0.23327498081238374,1.513170000000049,-1.96217552381899e-14,-1.887379141862766e-15
Canola|Washington|2018|spring,Canola,Washington,2018,drought,-0.1546606446939143,0.1546606446939143,-0.23327498081238374,1.513170000000049,-1.96217552381899e-14,-1.887379141862766e-15
Canola|Washington|2018|spring,Canola,Washington,2018,frost_cold,-0.01666899075693129,0.01666899075693129,-0.23327498081238374,1.513170000000049,-1.96217552381899e-14,-1.887379141862766e-15
Canola|Washington|2018|spring,Canola,Washington,2018,excess_rain,-0.07448642617761428,0.07448642617761428,-0.23327498081238374,1.513170000000049,-1.96217552381899e-14,-1.887379141862766e-15
Canola|Washington|2018|spring,Canola,Washington,2018,radiation,-0.009912191224267786,0.009912191224267786,-0.23327498081238374,1.513170000000049,-1.96217552381899e-14,-1.887379141862766e-15
Oats|Colorado|2018|spring,Oats,Colorado,2018,heat,0.04676588597526599,0.0,0.011155756944416641,-0.739616615384632,-1.96217552381899e-14,-9.488937413593135e-16
Oats|Colorado|2018|spring,Oats,Colorado,2018,drought,-0.027429365352114193,0.027429365352114193,0.011155756944416641,-0.739616615384632,-1.96217552381899e-14,-9.488937413593135e-16
Oats|Colorado|2018|spring,Oats,Colorado,2018,frost_cold,0.016154091534988743,0.0,0.011155756944416641,-0.739616615384632,-1.96217552381899e-14,-9.488937413593135e-16
Oats|Colorado|2018|spring,Oats,Colorado,2018,excess_rain,-0.011039380024892381,0.011039380024892381,0.011155756944416641,-0.739616615384632,-1.96217552381899e-14,-9.488937413593135e-16
Oats|Colorado|2018|spring,Oats,Colorado,2018,radiation,-0.0032922383546191295,0.0032922383546191295,0.011155756944416641,-0.739616615384632,-1.96217552381899e-14,-9.488937413593135e-16
Oats|Illinois|2018|spring,Oats,Illinois,2018,heat,-0.045627927406105,0.045627927406105,0.049104317873812205,0.18809733333332757,-1.96217552381899e-14,4.177908019542542e-14
Oats|Illinois|2018|spring,Oats,Illinois,2018,drought,0.02667770412317743,0.0,0.049104317873812205,0.18809733333332757,-1.96217552381899e-14,4.177908019542542e-14
Oats|Illinois|2018|spring,Oats,Illinois,2018,frost_cold,0.022569724472232315,0.0,0.049104317873812205,0.18809733333332757,-1.96217552381899e-14,4.177908019542542e-14
Oats|Illinois|2018|spring,Oats,Illinois,2018,excess_rain,0.04177322587075637,0.0,0.049104317873812205,0.18809733333332757,-1.96217552381899e-14,4.177908019542542e-14
Oats|Illinois|2018|spring,Oats,Illinois,2018,radiation,0.00343269797436436,0.0,0.049104317873812205,0.18809733333332757,-1.96217552381899e-14,4.177908019542542e-14
Oats|Iowa|2018|spring,Oats,Iowa,2018,heat,0.0035610849352312826,0.0,-0.034768340099727096,-0.3279002051282047,-1.96217552381899e-14,4.891920202254596e-15
Oats|Iowa|2018|spring,Oats,Iowa,2018,drought,-0.034349052108928364,0.034349052108928364,-0.034768340099727096,-0.3279002051282047,-1.96217552381899e-14,4.891920202254596e-15
Oats|Iowa|2018|spring,Oats,Iowa,2018,frost_cold,0.017012715652933018,0.0,-0.034768340099727096,-0.3279002051282047,-1.96217552381899e-14,4.891920202254596e-15
Oats|Iowa|2018|spring,Oats,Iowa,2018,excess_rain,-0.03390232042758029,0.03390232042758029,-0.034768340099727096,-0.3279002051282047,-1.96217552381899e-14,4.891920202254596e-15
Oats|Iowa|2018|spring,Oats,Iowa,2018,radiation,-0.003006127581063755,0.003006127581063755,-0.034768340099727096,-0.3279002051282047,-1.96217552381899e-14,4.891920202254596e-15
Oats|Kansas|2018|spring,Oats,Kansas,2018,heat,-0.060896634394010066,0.060896634394010066,0.025402475961534592,-0.00692728205127513,-1.96217552381899e-14,-2.1507101655160454e-14
Oats|Kansas|2018|spring,Oats,Kansas,2018,drought,0.03624536280968049,0.0,0.025402475961534592,-0.00692728205127513,-1.96217552381899e-14,-2.1507101655160454e-14
Oats|Kansas|2018|spring,Oats,Kansas,2018,frost_cold,0.010185048482096178,0.0,0.025402475961534592,-0.00692728205127513,-1.96217552381899e-14,-2.1507101655160454e-14
Oats|Kansas|2018|spring,Oats,Kansas,2018,excess_rain,0.009352175516487097,0.0,0.025402475961534592,-0.00692728205127513,-1.96217552381899e-14,-2.1507101655160454e-14
Oats|Kansas|2018|spring,Oats,Kansas,2018,radiation,0.005054364720470533,0.0,0.025402475961534592,-0.00692728205127513,-1.96217552381899e-14,-2.1507101655160454e-14
Oats|Minnesota|2018|spring,Oats,Minnesota,2018,heat,0.009278307441530556,0.0,0.061312038314129916,-0.33627169230770004,-1.96217552381899e-14,2.2343238370581275e-15
Oats|Minnesota|2018|spring,Oats,Minnesota,2018,drought,0.032085171038744684,0.0,0.061312038314129916,-0.33627169230770004,-1.96217552381899e-14,2.2343238370581275e-15
Oats|Minnesota|2018|spring,Oats,Minnesota,2018,frost_cold,-0.013905295057227382,0.013905295057227382,0.061312038314129916,-0.33627169230770004,-1.96217552381899e-14,2.2343238370581275e-15
Oats|Minnesota|2018|spring,Oats,Minnesota,2018,excess_rain,0.008906133180469457,0.0,0.061312038314129916,-0.33627169230770004,-1.96217552381899e-14,2.2343238370581275e-15
Oats|Minnesota|2018|spring,Oats,Minnesota,2018,radiation,0.002505123728842809,0.0,0.061312038314129916,-0.33627169230770004,-1.96217552381899e-14,2.2343238370581275e-15
Oats|Montana|2018|spring,Oats,Montana,2018,heat,0.02627566771033136,0.0,0.07056229641349829,-0.4108883418803506,-1.96217552381899e-14,-4.4825254619240695e-15
Oats|Montana|2018|spring,Oats,Montana,2018,drought,0.05701321816490412,0.0,0.07056229641349829,-0.4108883418803506,-1.96217552381899e-14,-4.4825254619240695e-15
Oats|Montana|2018|spring,Oats,Montana,2018,frost_cold,-0.013482433959599789,0.013482433959599789,0.07056229641349829,-0.4108883418803506,-1.96217552381899e-14,-4.4825254619240695e-15
Oats|Montana|2018|spring,Oats,Montana,2018,excess_rain,0.013603798898142975,0.0,0.07056229641349829,-0.4108883418803506,-1.96217552381899e-14,-4.4825254619240695e-15
Oats|Montana|2018|spring,Oats,Montana,2018,radiation,-0.0013206730578913734,0.0013206730578913734,0.07056229641349829,-0.4108883418803506,-1.96217552381899e-14,-4.4825254619240695e-15
Oats|Nebraska|2018|spring,Oats,Nebraska,2018,heat,-0.012619589356216095,0.012619589356216095,0.0421909062880514,-0.05500591452991621,-1.96217552381899e-14,-3.157196726277789e-15
Oats|Nebraska|2018|spring,Oats,Nebraska,2018,drought,0.02434514685000035,0.0,0.0421909062880514,-0.05500591452991621,-1.96217552381899e-14,-3.157196726277789e-15
Oats|Nebraska|2018|spring,Oats,Nebraska,2018,frost_cold,-0.011458148950089007,0.011458148950089007,0.0421909062880514,-0.05500591452991621,-1.96217552381899e-14,-3.157196726277789e-15
Oats|Nebraska|2018|spring,Oats,Nebraska,2018,excess_rain,0.008345563699413756,0.0,0.0421909062880514,-0.05500591452991621,-1.96217552381899e-14,-3.157196726277789e-15
Oats|Nebraska|2018|spring,Oats,Nebraska,2018,radiation,0.002425181279414202,0.0,0.0421909062880514,-0.05500591452991621,-1.96217552381899e-14,-3.157196726277789e-15
Oats|North Dakota|2018|spring,Oats,North Dakota,2018,heat,-0.03602449701862334,0.03602449701862334,-0.03496164144829818,0.65527750427349,-1.96217552381899e-14,6.349087922075114e-15
Oats|North Dakota|2018|spring,Oats,North Dakota,2018,drought,0.03960736481934293,0.0,-0.03496164144829818,0.65527750427349,-1.96217552381899e-14,6.349087922075114e-15
Oats|North Dakota|2018|spring,Oats,North Dakota,2018,frost_cold,-0.03746038679680508,0.03746038679680508,-0.03496164144829818,0.65527750427349,-1.96217552381899e-14,6.349087922075114e-15
Oats|North Dakota|2018|spring,Oats,North Dakota,2018,excess_rain,-4.111495436271741e-05,4.111495436271741e-05,-0.03496164144829818,0.65527750427349,-1.96217552381899e-14,6.349087922075114e-15
Oats|North Dakota|2018|spring,Oats,North Dakota,2018,radiation,-0.007183123477579215,0.007183123477579215,-0.03496164144829818,0.65527750427349,-1.96217552381899e-14,6.349087922075114e-15
Oats|Oklahoma|2018|spring,Oats,Oklahoma,2018,heat,-0.04635169498758049,0.04635169498758049,-0.0032177054420276067,0.37897507692307775,-1.96217552381899e-14,2.6120598739520773e-15
Oats|Oklahoma|2018|spring,Oats,Oklahoma,2018,drought,0.02699424860431824,0.0,-0.0032177054420276067,0.37897507692307775,-1.96217552381899e-14,2.6120598739520773e-15
Oats|Oklahoma|2018|spring,Oats,Oklahoma,2018,frost_cold,0.010747910745904919,0.0,-0.0032177054420276067,0.37897507692307775,-1.96217552381899e-14,2.6120598739520773e-15
Oats|Oklahoma|2018|spring,Oats,Oklahoma,2018,excess_rain,0.020942524382106226,0.0,-0.0032177054420276067,0.37897507692307775,-1.96217552381899e-14,2.6120598739520773e-15
Oats|Oklahoma|2018|spring,Oats,Oklahoma,2018,radiation,0.0015409030862946532,0.0,-0.0032177054420276067,0.37897507692307775,-1.96217552381899e-14,2.6120598739520773e-15
Oats|South Dakota|2018|spring,Oats,South Dakota,2018,heat,-0.026698642879030916,0.026698642879030916,0.06687302069975695,0.020022188034169996,-1.96217552381899e-14,-4.135580766728708e-15
Oats|South Dakota|2018|spring,Oats,South Dakota,2018,drought,0.052027232760282524,0.0,0.06687302069975695,0.020022188034169996,-1.96217552381899e-14,-4.135580766728708e-15
Oats|South Dakota|2018|spring,Oats,South Dakota,2018,frost_cold,0.03534557169125217,0.0,0.06687302069975695,0.020022188034169996,-1.96217552381899e-14,-4.135580766728708e-15
Oats|South Dakota|2018|spring,Oats,South Dakota,2018,excess_rain,-0.0026047737606993866,0.0026047737606993866,0.06687302069975695,0.020022188034169996,-1.96217552381899e-14,-4.135580766728708e-15
Oats|South Dakota|2018|spring,Oats,South Dakota,2018,radiation,-0.0033706987808025967,0.0033706987808025967,0.06687302069975695,0.020022188034169996,-1.96217552381899e-14,-4.135580766728708e-15
Oats|Texas|2018|spring,Oats,Texas,2018,heat,-0.047460838321769054,0.047460838321769054,0.025230684483106287,0.18971278632478228,-1.96217552381899e-14,-6.675215935558754e-15
Oats|Texas|2018|spring,Oats,Texas,2018,drought,0.041226242522075206,0.0,0.025230684483106287,0.18971278632478228,-1.96217552381899e-14,-6.675215935558754e-15
Oats|Texas|2018|spring,Oats,Texas,2018,frost_cold,0.029017421199715773,0.0,0.025230684483106287,0.18971278632478228,-1.96217552381899e-14,-6.675215935558754e-15
Oats|Texas|2018|spring,Oats,Texas,2018,excess_rain,-0.007748774669924689,0.007748774669924689,0.025230684483106287,0.18971278632478228,-1.96217552381899e-14,-6.675215935558754e-15
Oats|Texas|2018|spring,Oats,Texas,2018,radiation,-0.0026455442002405564,0.0026455442002405564,0.025230684483106287,0.18971278632478228,-1.96217552381899e-14,-6.675215935558754e-15
Oats|Washington|2018|spring,Oats,Washington,2018,heat,0.007291933226808879,0.0,-0.2863600722098576,-0.9092277948717975,-1.96217552381899e-14,5.551115123125783e-17
Oats|Washington|2018|spring,Oats,Washington,2018,drought,-0.17282675065480377,0.17282675065480377,-0.2863600722098576,-0.9092277948717975,-1.96217552381899e-14,5.551115123125783e-17
Oats|Washington|2018|spring,Oats,Washington,2018,frost_cold,-0.021379093413757665,0.021379093413757665,-0.2863600722098576,-0.9092277948717975,-1.96217552381899e-14,5.551115123125783e-17
Oats|Washington|2018|spring,Oats,Washington,2018,excess_rain,-0.07973468574222159,0.07973468574222159,-0.2863600722098576,-0.9092277948717975,-1.96217552381899e-14,5.551115123125783e-17
Oats|Washington|2018|spring,Oats,Washington,2018,radiation,-0.012510404827854562,0.012510404827854562,-0.2863600722098576,-0.9092277948717975,-1.96217552381899e-14,5.551115123125783e-17
Wheat|Colorado|2018|winter,Wheat,Colorado,2018,heat,-0.0041199750734890305,0.0041199750734890305,-0.3826279246438828,0.13911788034188044,-1.96217552381899e-14,2.220446049250313e-16
Wheat|Colorado|2018|winter,Wheat,Colorado,2018,drought,-0.29381285908788823,0.29381285908788823,-0.3826279246438828,0.13911788034188044,-1.96217552381899e-14,2.220446049250313e-16
Wheat|Colorado|2018|winter,Wheat,Colorado,2018,frost_cold,-0.021460676097644564,0.021460676097644564,-0.3826279246438828,0.13911788034188044,-1.96217552381899e-14,2.220446049250313e-16
Wheat|Colorado|2018|winter,Wheat,Colorado,2018,excess_rain,-0.04500680647224695,0.04500680647224695,-0.3826279246438828,0.13911788034188044,-1.96217552381899e-14,2.220446049250313e-16
Wheat|Colorado|2018|winter,Wheat,Colorado,2018,radiation,0.0021666758142083833,0.0,-0.3826279246438828,0.13911788034188044,-1.96217552381899e-14,2.220446049250313e-16
Wheat|Illinois|2018|winter,Wheat,Illinois,2018,heat,-0.0017533167497163105,0.0017533167497163105,-0.01926866444560555,-0.2406035213675688,-1.96217552381899e-14,1.4224732503009818e-16
Wheat|Illinois|2018|winter,Wheat,Illinois,2018,drought,0.019386235956672555,0.0,-0.01926866444560555,-0.2406035213675688,-1.96217552381899e-14,1.4224732503009818e-16
Wheat|Illinois|2018|winter,Wheat,Illinois,2018,frost_cold,-0.025258138151765162,0.025258138151765162,-0.01926866444560555,-0.2406035213675688,-1.96217552381899e-14,1.4224732503009818e-16
Wheat|Illinois|2018|winter,Wheat,Illinois,2018,excess_rain,-0.03014570694073417,0.03014570694073417,-0.01926866444560555,-0.2406035213675688,-1.96217552381899e-14,1.4224732503009818e-16
Wheat|Illinois|2018|winter,Wheat,Illinois,2018,radiation,0.005162914086737283,0.0,-0.01926866444560555,-0.2406035213675688,-1.96217552381899e-14,1.4224732503009818e-16
Wheat|Iowa|2018|winter,Wheat,Iowa,2018,heat,0.03382181658159243,0.0,0.006368151406658458,0.1229405811965476,-1.96217552381899e-14,2.667137344314341e-15
Wheat|Iowa|2018|winter,Wheat,Iowa,2018,drought,0.041612816145780385,0.0,0.006368151406658458,0.1229405811965476,-1.96217552381899e-14,2.667137344314341e-15
Wheat|Iowa|2018|winter,Wheat,Iowa,2018,frost_cold,-0.01946389292513942,0.01946389292513942,0.006368151406658458,0.1229405811965476,-1.96217552381899e-14,2.667137344314341e-15
Wheat|Iowa|2018|winter,Wheat,Iowa,2018,excess_rain,-0.05315783797622106,0.05315783797622106,0.006368151406658458,0.1229405811965476,-1.96217552381899e-14,2.667137344314341e-15
Wheat|Iowa|2018|winter,Wheat,Iowa,2018,radiation,0.011921225993033538,0.0,0.006368151406658458,0.1229405811965476,-1.96217552381899e-14,2.667137344314341e-15
Wheat|Kansas|2018|winter,Wheat,Kansas,2018,heat,-0.04087486384945256,0.04087486384945256,-0.23840795984818194,-0.0381407863247869,-1.96217552381899e-14,-2.498001805406602e-16
Wheat|Kansas|2018|winter,Wheat,Kansas,2018,drought,-0.1552690386945326,0.1552690386945326,-0.23840795984818194,-0.0381407863247869,-1.96217552381899e-14,-2.498001805406602e-16
Wheat|Kansas|2018|winter,Wheat,Kansas,2018,frost_cold,-0.04148932450526532,0.04148932450526532,-0.23840795984818194,-0.0381407863247869,-1.96217552381899e-14,-2.498001805406602e-16
Wheat|Kansas|2018|winter,Wheat,Kansas,2018,excess_rain,-0.01207054533793284,0.01207054533793284,-0.23840795984818194,-0.0381407863247869,-1.96217552381899e-14,-2.498001805406602e-16
Wheat|Kansas|2018|winter,Wheat,Kansas,2018,radiation,0.0036497240117482864,0.0,-0.23840795984818194,-0.0381407863247869,-1.96217552381899e-14,-2.498001805406602e-16
Wheat|Minnesota|2018|spring,Wheat,Minnesota,2018,heat,0.009341266601812287,0.0,0.02111884980570963,-0.053191179487225515,-1.96217552381899e-14,-1.0508954817467497e-14
Wheat|Minnesota|2018|spring,Wheat,Minnesota,2018,drought,0.023210207764670844,0.0,0.02111884980570963,-0.053191179487225515,-1.96217552381899e-14,-1.0508954817467497e-14
Wheat|Minnesota|2018|spring,Wheat,Minnesota,2018,frost_cold,-0.014185179198216751,0.014185179198216751,0.02111884980570963,-0.053191179487225515,-1.96217552381899e-14,-1.0508954817467497e-14
Wheat|Minnesota|2018|spring,Wheat,Minnesota,2018,excess_rain,0.0014537469929501497,0.0,0.02111884980570963,-0.053191179487225515,-1.96217552381899e-14,-1.0508954817467497e-14
Wheat|Minnesota|2018|spring,Wheat,Minnesota,2018,radiation,0.0026324208056517366,0.0,0.02111884980570963,-0.053191179487225515,-1.96217552381899e-14,-1.0508954817467497e-14
Wheat|Montana|2018|spring,Wheat,Montana,2018,heat,0.028293543381988612,0.0,0.05773776673154283,0.20381982905981966,-1.96217552381899e-14,8.708311849403572e-15
Wheat|Montana|2018|spring,Wheat,Montana,2018,drought,0.05135246466359216,0.0,0.05773776673154283,0.20381982905981966,-1.96217552381899e-14,8.708311849403572e-15
Wheat|Montana|2018|spring,Wheat,Montana,2018,frost_cold,-0.01518140238192185,0.01518140238192185,0.05773776673154283,0.20381982905981966,-1.96217552381899e-14,8.708311849403572e-15
Wheat|Montana|2018|spring,Wheat,Montana,2018,excess_rain,0.014170584952851948,0.0,0.05773776673154283,0.20381982905981966,-1.96217552381899e-14,8.708311849403572e-15
Wheat|Montana|2018|spring,Wheat,Montana,2018,radiation,-0.0008435927382530213,0.0008435927382530213,0.05773776673154283,0.20381982905981966,-1.96217552381899e-14,8.708311849403572e-15
Wheat|Nebraska|2018|winter,Wheat,Nebraska,2018,heat,0.049049576979943006,0.0,0.10913172108260025,0.2886675213675103,-1.96217552381899e-14,9.575673587391975e-16
Wheat|Nebraska|2018|winter,Wheat,Nebraska,2018,drought,0.053871826425670635,0.0,0.10913172108260025,0.2886675213675103,-1.96217552381899e-14,9.575673587391975e-16
Wheat|Nebraska|2018|winter,Wheat,Nebraska,2018,frost_cold,-0.027441131389569457,0.027441131389569457,0.10913172108260025,0.2886675213675103,-1.96217552381899e-14,9.575673587391975e-16
Wheat|Nebraska|2018|winter,Wheat,Nebraska,2018,excess_rain,0.00407357300073758,0.0,0.10913172108260025,0.2886675213675103,-1.96217552381899e-14,9.575673587391975e-16
Wheat|Nebraska|2018|winter,Wheat,Nebraska,2018,radiation,0.01775804748507746,0.0,0.10913172108260025,0.2886675213675103,-1.96217552381899e-14,9.575673587391975e-16
Wheat|North Dakota|2018|spring,Wheat,North Dakota,2018,heat,-0.041571855951568655,0.041571855951568655,-0.07860961675729476,0.26481271794871786,-1.96217552381899e-14,2.2620794126737565e-15
Wheat|North Dakota|2018|spring,Wheat,North Dakota,2018,drought,0.026691788589925953,0.0,-0.07860961675729476,0.26481271794871786,-1.96217552381899e-14,2.2620794126737565e-15
Wheat|North Dakota|2018|spring,Wheat,North Dakota,2018,frost_cold,-0.0413305513686601,0.0413305513686601,-0.07860961675729476,0.26481271794871786,-1.96217552381899e-14,2.2620794126737565e-15
Wheat|North Dakota|2018|spring,Wheat,North Dakota,2018,excess_rain,-0.0031724892019717402,0.0031724892019717402,-0.07860961675729476,0.26481271794871786,-1.96217552381899e-14,2.2620794126737565e-15
Wheat|North Dakota|2018|spring,Wheat,North Dakota,2018,radiation,-0.009639320159537224,0.009639320159537224,-0.07860961675729476,0.26481271794871786,-1.96217552381899e-14,2.2620794126737565e-15
Wheat|Oklahoma|2018|winter,Wheat,Oklahoma,2018,heat,-0.017569979713769897,0.017569979713769897,-0.05193794318274747,-0.03019569230769026,-1.96217552381899e-14,-9.020562075079397e-16
Wheat|Oklahoma|2018|winter,Wheat,Oklahoma,2018,drought,-0.06739469453455402,0.06739469453455402,-0.05193794318274747,-0.03019569230769026,-1.96217552381899e-14,-9.020562075079397e-16
Wheat|Oklahoma|2018|winter,Wheat,Oklahoma,2018,frost_cold,-0.02054292488254964,0.02054292488254964,-0.05193794318274747,-0.03019569230769026,-1.96217552381899e-14,-9.020562075079397e-16
Wheat|Oklahoma|2018|winter,Wheat,Oklahoma,2018,excess_rain,0.07522648067665215,0.0,-0.05193794318274747,-0.03019569230769026,-1.96217552381899e-14,-9.020562075079397e-16
Wheat|Oklahoma|2018|winter,Wheat,Oklahoma,2018,radiation,0.0011290080903541997,0.0,-0.05193794318274747,-0.03019569230769026,-1.96217552381899e-14,-9.020562075079397e-16
Wheat|South Dakota|2018|spring,Wheat,South Dakota,2018,heat,-0.028283660442733873,0.028283660442733873,0.04143563933707135,-0.3545519658119938,-1.96217552381899e-14,4.364564265557647e-15
Wheat|South Dakota|2018|spring,Wheat,South Dakota,2018,drought,0.03888557172394682,0.0,0.04143563933707135,-0.3545519658119938,-1.96217552381899e-14,4.364564265557647e-15
Wheat|South Dakota|2018|spring,Wheat,South Dakota,2018,frost_cold,0.03174657345479487,0.0,0.04143563933707135,-0.3545519658119938,-1.96217552381899e-14,4.364564265557647e-15
Wheat|South Dakota|2018|spring,Wheat,South Dakota,2018,excess_rain,0.0039434193151968115,0.0,0.04143563933707135,-0.3545519658119938,-1.96217552381899e-14,4.364564265557647e-15
Wheat|South Dakota|2018|spring,Wheat,South Dakota,2018,radiation,-0.003143232057299796,0.003143232057299796,0.04143563933707135,-0.3545519658119938,-1.96217552381899e-14,4.364564265557647e-15
Wheat|Texas|2018|winter,Wheat,Texas,2018,heat,-0.05490201009132938,0.05490201009132938,-0.13335298376068833,0.1567231111111127,-1.96217552381899e-14,6.522560269672795e-15
Wheat|Texas|2018|winter,Wheat,Texas,2018,drought,-0.04927341851924199,0.04927341851924199,-0.13335298376068833,0.1567231111111127,-1.96217552381899e-14,6.522560269672795e-15
Wheat|Texas|2018|winter,Wheat,Texas,2018,frost_cold,-0.021652990632963158,0.021652990632963158,-0.13335298376068833,0.1567231111111127,-1.96217552381899e-14,6.522560269672795e-15
Wheat|Texas|2018|winter,Wheat,Texas,2018,excess_rain,-0.013058444482861989,0.013058444482861989,-0.13335298376068833,0.1567231111111127,-1.96217552381899e-14,6.522560269672795e-15
Wheat|Texas|2018|winter,Wheat,Texas,2018,radiation,0.007964422062457803,0.0,-0.13335298376068833,0.1567231111111127,-1.96217552381899e-14,6.522560269672795e-15
Wheat|Washington|2018|winter,Wheat,Washington,2018,heat,0.021515044544457032,0.0,0.01598633240738852,0.6549172649572625,-1.96217552381899e-14,-1.8388068845354155e-16
Wheat|Washington|2018|winter,Wheat,Washington,2018,drought,0.0201183811037148,0.0,0.01598633240738852,0.6549172649572625,-1.96217552381899e-14,-1.8388068845354155e-16
Wheat|Washington|2018|winter,Wheat,Washington,2018,frost_cold,-0.015443678804625756,0.015443678804625756,0.01598633240738852,0.6549172649572625,-1.96217552381899e-14,-1.8388068845354155e-16
Wheat|Washington|2018|winter,Wheat,Washington,2018,excess_rain,0.0016484167130185051,0.0,0.01598633240738852,0.6549172649572625,-1.96217552381899e-14,-1.8388068845354155e-16
Wheat|Washington|2018|winter,Wheat,Washington,2018,radiation,-0.010161751113582175,0.010161751113582175,0.01598633240738852,0.6549172649572625,-1.96217552381899e-14,-1.8388068845354155e-16
Barley|Colorado|2019|spring,Barley,Colorado,2019,heat,0.07055465978528228,0.0,0.04729174550330459,-0.35237620512830325,-1.96217552381899e-14,5.245803791353865e-15
Barley|Colorado|2019|spring,Barley,Colorado,2019,drought,0.01659868108786943,0.0,0.04729174550330459,-0.35237620512830325,-1.96217552381899e-14,5.245803791353865e-15
Barley|Colorado|2019|spring,Barley,Colorado,2019,frost_cold,0.006030852872016478,0.0,0.04729174550330459,-0.35237620512830325,-1.96217552381899e-14,5.245803791353865e-15
Barley|Colorado|2019|spring,Barley,Colorado,2019,excess_rain,0.002045412251218046,0.0,0.04729174550330459,-0.35237620512830325,-1.96217552381899e-14,5.245803791353865e-15
Barley|Colorado|2019|spring,Barley,Colorado,2019,radiation,-0.016232146546223368,0.016232146546223368,0.04729174550330459,-0.35237620512830325,-1.96217552381899e-14,5.245803791353865e-15
Barley|Kansas|2019|spring,Barley,Kansas,2019,heat,0.012579141302160349,0.0,0.028776305260474488,-0.5528432820512841,-1.96217552381899e-14,1.6514567491299204e-15
Barley|Kansas|2019|spring,Barley,Kansas,2019,drought,-0.0023624125750092077,0.0023624125750092077,0.028776305260474488,-0.5528432820512841,-1.96217552381899e-14,1.6514567491299204e-15
Barley|Kansas|2019|spring,Barley,Kansas,2019,frost_cold,0.014939425452584474,0.0,0.028776305260474488,-0.5528432820512841,-1.96217552381899e-14,1.6514567491299204e-15
Barley|Kansas|2019|spring,Barley,Kansas,2019,excess_rain,-0.01745308938568097,0.01745308938568097,0.028776305260474488,-0.5528432820512841,-1.96217552381899e-14,1.6514567491299204e-15
Barley|Kansas|2019|spring,Barley,Kansas,2019,radiation,0.002617624430121647,0.0,0.028776305260474488,-0.5528432820512841,-1.96217552381899e-14,1.6514567491299204e-15
Barley|Minnesota|2019|spring,Barley,Minnesota,2019,heat,0.00012704423377497506,0.0,-0.06744962556139478,0.2796063589743576,-1.96217552381899e-14,9.159339953157541e-16
Barley|Minnesota|2019|spring,Barley,Minnesota,2019,drought,-0.08532856975633274,0.08532856975633274,-0.06744962556139478,0.2796063589743576,-1.96217552381899e-14,9.159339953157541e-16
Barley|Minnesota|2019|spring,Barley,Minnesota,2019,frost_cold,0.03826759200326413,0.0,-0.06744962556139478,0.2796063589743576,-1.96217552381899e-14,9.159339953157541e-16
Barley|Minnesota|2019|spring,Barley,Minnesota,2019,excess_rain,-0.03425474860340638,0.03425474860340638,-0.06744962556139478,0.2796063589743576,-1.96217552381899e-14,9.159339953157541e-16
Barley|Minnesota|2019|spring,Barley,Minnesota,2019,radiation,-0.004431989508849645,0.004431989508849645,-0.06744962556139478,0.2796063589743576,-1.96217552381899e-14,9.159339953157541e-16
Barley|Montana|2019|spring,Barley,Montana,2019,heat,0.0673122034372121,0.0,0.21461495983674683,0.24063774358973422,-1.96217552381899e-14,-8.049116928532385e-16
Barley|Montana|2019|spring,Barley,Montana,2019,drought,0.10956085803588987,0.0,0.21461495983674683,0.24063774358973422,-1.96217552381899e-14,-8.049116928532385e-16
Barley|Montana|2019|spring,Barley,Montana,2019,frost_cold,0.0034981635303127975,0.0,0.21461495983674683,0.24063774358973422,-1.96217552381899e-14,-8.049116928532385e-16
Barley|Montana|2019|spring,Barley,Montana,2019,excess_rain,0.0051525160820555214,0.0,0.21461495983674683,0.24063774358973422,-1.96217552381899e-14,-8.049116928532385e-16
Barley|Montana|2019|spring,Barley,Montana,2019,radiation,-0.005962019063594278,0.005962019063594278,0.21461495983674683,0.24063774358973422,-1.96217552381899e-14,-8.049116928532385e-16
Barley|North Dakota|2019|spring,Barley,North Dakota,2019,heat,0.03708519186235602,0.0,0.1111387390642616,0.4512918974358944,-1.96217552381899e-14,8.326672684688674e-16
Barley|North Dakota|2019|spring,Barley,North Dakota,2019,drought,0.052014654784068054,0.0,0.1111387390642616,0.4512918974358944,-1.96217552381899e-14,8.326672684688674e-16
Barley|North Dakota|2019|spring,Barley,North Dakota,2019,frost_cold,-0.010905602068582074,0.010905602068582074,0.1111387390642616,0.4512918974358944,-1.96217552381899e-14,8.326672684688674e-16
Barley|North Dakota|2019|spring,Barley,North Dakota,2019,excess_rain,0.00673103141384465,0.0,0.1111387390642616,0.4512918974358944,-1.96217552381899e-14,8.326672684688674e-16
Barley|North Dakota|2019|spring,Barley,North Dakota,2019,radiation,0.012888854209670815,0.0,0.1111387390642616,0.4512918974358944,-1.96217552381899e-14,8.326672684688674e-16
Barley|South Dakota|2019|spring,Barley,South Dakota,2019,heat,0.006467822192612883,0.0,-0.13158218123033577,-0.05695076923075826,-1.96217552381899e-14,-8.1601392309949e-15
Barley|South Dakota|2019|spring,Barley,South Dakota,2019,drought,-0.04845979647525615,0.04845979647525615,-0.13158218123033577,-0.05695076923075826,-1.96217552381899e-14,-8.1601392309949e-15
Barley|South Dakota|2019|spring,Barley,South Dakota,2019,frost_cold,0.00802371308881884,0.0,-0.13158218123033577,-0.05695076923075826,-1.96217552381899e-14,-8.1601392309949e-15
Barley|South Dakota|2019|spring,Barley,South Dakota,2019,excess_rain,-0.044123701875990344,0.044123701875990344,-0.13158218123033577,-0.05695076923075826,-1.96217552381899e-14,-8.1601392309949e-15
Barley|South Dakota|2019|spring,Barley,South Dakota,2019,radiation,-0.0020305751011973584,0.0020305751011973584,-0.13158218123033577,-0.05695076923075826,-1.96217552381899e-14,-8.1601392309949e-15
Barley|Washington|2019|spring,Barley,Washington,2019,heat,0.0582919475887074,0.0,-0.019952972257855327,0.2555788717948584,-1.96217552381899e-14,-4.718447854656915e-16
Barley|Washington|2019|spring,Barley,Washington,2019,drought,-0.04784658935281932,0.04784658935281932,-0.019952972257855327,0.2555788717948584,-1.96217552381899e-14,-4.718447854656915e-16
Barley|Washington|2019|spring,Barley,Washington,2019,frost_cold,-0.009389214450111542,0.009389214450111542,-0.019952972257855327,0.2555788717948584,-1.96217552381899e-14,-4.718447854656915e-16
Barley|Washington|2019|spring,Barley,Washington,2019,excess_rain,-0.004185178640877474,0.004185178640877474,-0.019952972257855327,0.2555788717948584,-1.96217552381899e-14,-4.718447854656915e-16
Barley|Washington|2019|spring,Barley,Washington,2019,radiation,-0.009306849390878847,0.009306849390878847,-0.019952972257855327,0.2555788717948584,-1.96217552381899e-14,-4.718447854656915e-16
Canola|Minnesota|2019|spring,Canola,Minnesota,2019,heat,0.012803956259825538,0.0,-0.01613936128374538,0.5470061403508737,-1.96217552381899e-14,-7.73686670285656e-16
Canola|Minnesota|2019|spring,Canola,Minnesota,2019,drought,-0.08180316662591178,0.08180316662591178,-0.01613936128374538,0.5470061403508737,-1.96217552381899e-14,-7.73686670285656e-16
Canola|Minnesota|2019|spring,Canola,Minnesota,2019,frost_cold,0.03375564762483651,0.0,-0.01613936128374538,0.5470061403508737,-1.96217552381899e-14,-7.73686670285656e-16
Canola|Minnesota|2019|spring,Canola,Minnesota,2019,excess_rain,-0.02348335792792497,0.02348335792792497,-0.01613936128374538,0.5470061403508737,-1.96217552381899e-14,-7.73686670285656e-16
Canola|Minnesota|2019|spring,Canola,Minnesota,2019,radiation,-0.0006891948781595509,0.0006891948781595509,-0.01613936128374538,0.5470061403508737,-1.96217552381899e-14,-7.73686670285656e-16
Canola|Montana|2019|spring,Canola,Montana,2019,heat,0.05332684904145787,0.0,0.1669559134485305,-0.22980294117645128,-1.96217552381899e-14,-9.769962616701378e-15
Canola|Montana|2019|spring,Canola,Montana,2019,drought,0.09214140720532898,0.0,0.1669559134485305,-0.22980294117645128,-1.96217552381899e-14,-9.769962616701378e-15
Canola|Montana|2019|spring,Canola,Montana,2019,frost_cold,0.001157320210106956,0.0,0.1669559134485305,-0.22980294117645128,-1.96217552381899e-14,-9.769962616701378e-15
Canola|Montana|2019|spring,Canola,Montana,2019,excess_rain,0.005210937890200775,0.0,0.1669559134485305,-0.22980294117645128,-1.96217552381899e-14,-9.769962616701378e-15
Canola|Montana|2019|spring,Canola,Montana,2019,radiation,-0.005751751018446898,0.005751751018446898,0.1669559134485305,-0.22980294117645128,-1.96217552381899e-14,-9.769962616701378e-15
Canola|North Dakota|2019|spring,Canola,North Dakota,2019,heat,0.026358124254015868,0.0,0.0696357662303198,0.07932984615384875,-1.96217552381899e-14,9.686695889854491e-15
Canola|North Dakota|2019|spring,Canola,North Dakota,2019,drought,0.042890446783635995,0.0,0.0696357662303198,0.07932984615384875,-1.96217552381899e-14,9.686695889854491e-15
Canola|North Dakota|2019|spring,Canola,North Dakota,2019,frost_cold,-0.01457279766878586,0.01457279766878586,0.0696357662303198,0.07932984615384875,-1.96217552381899e-14,9.686695889854491e-15
Canola|North Dakota|2019|spring,Canola,North Dakota,2019,excess_rain,0.003126080633547576,0.0,0.0696357662303198,0.07932984615384875,-1.96217552381899e-14,9.686695889854491e-15
Canola|North Dakota|2019|spring,Canola,North Dakota,2019,radiation,0.008807505037824192,0.0,0.0696357662303198,0.07932984615384875,-1.96217552381899e-14,9.686695889854491e-15
Canola|Oklahoma|2019|spring,Canola,Oklahoma,2019,heat,0.0015266034732924429,0.0,0.06737557093722081,0.852714285714316,-1.96217552381899e-14,-5.898059818321144e-15
Canola|Oklahoma|2019|spring,Canola,Oklahoma,2019,drought,0.028187169329537177,0.0,0.06737557093722081,0.852714285714316,-1.96217552381899e-14,-5.898059818321144e-15
Canola|Oklahoma|2019|spring,Canola,Oklahoma,2019,frost_cold,0.011476003283710855,0.0,0.06737557093722081,0.852714285714316,-1.96217552381899e-14,-5.898059818321144e-15
Canola|Oklahoma|2019|spring,Canola,Oklahoma,2019,excess_rain,0.0004108837703727247,0.0,0.06737557093722081,0.852714285714316,-1.96217552381899e-14,-5.898059818321144e-15
Canola|Oklahoma|2019|spring,Canola,Oklahoma,2019,radiation,0.003647724614982743,0.0,0.06737557093722081,0.852714285714316,-1.96217552381899e-14,-5.898059818321144e-15
Canola|Washington|2019|spring,Canola,Washington,2019,heat,0.047738320888860354,0.0,-0.0218951190576297,1.9391600000000753,-1.96217552381899e-14,8.083811398051921e-16
Canola|Washington|2019|spring,Canola,Washington,2019,drought,-0.04286544737958769,0.04286544737958769,-0.0218951190576297,1.9391600000000753,-1.96217552381899e-14,8.083811398051921e-16
Canola|Washington|2019|spring,Canola,Washington,2019,frost_cold,-0.007047218367195237,0.007047218367195237,-0.0218951190576297,1.9391600000000753,-1.96217552381899e-14,8.083811398051921e-16
Canola|Washington|2019|spring,Canola,Washington,2019,excess_rain,-0.002981953726308535,0.002981953726308535,-0.0218951190576297,1.9391600000000753,-1.96217552381899e-14,8.083811398051921e-16
Canola|Washington|2019|spring,Canola,Washington,2019,radiation,-0.012017039010796156,0.012017039010796156,-0.0218951190576297,1.9391600000000753,-1.96217552381899e-14,8.083811398051921e-16
Oats|Illinois|2019|spring,Oats,Illinois,2019,heat,-0.05271711922238579,0.05271711922238579,-0.009217823792001097,-0.47696338461539023,-1.96217552381899e-14,9.33975119465913e-15
Oats|Illinois|2019|spring,Oats,Illinois,2019,drought,0.024953419331795613,0.0,-0.009217823792001097,-0.47696338461539023,-1.96217552381899e-14,9.33975119465913e-15
Oats|Illinois|2019|spring,Oats,Illinois,2019,frost_cold,0.00827836590027705,0.0,-0.009217823792001097,-0.47696338461539023,-1.96217552381899e-14,9.33975119465913e-15
Oats|Illinois|2019|spring,Oats,Illinois,2019,excess_rain,0.008235801785405714,0.0,-0.009217823792001097,-0.47696338461539023,-1.96217552381899e-14,9.33975119465913e-15
Oats|Illinois|2019|spring,Oats,Illinois,2019,radiation,-0.00679612131999424,0.00679612131999424,-0.009217823792001097,-0.47696338461539023,-1.96217552381899e-14,9.33975119465913e-15
Oats|Iowa|2019|spring,Oats,Iowa,2019,heat,-0.023683184040359576,0.023683184040359576,-0.08624030379087941,-0.5197190769230793,-1.96217552381899e-14,-5.551115123125783e-17
Oats|Iowa|2019|spring,Oats,Iowa,2019,drought,-0.04898909919345473,0.04898909919345473,-0.08624030379087941,-0.5197190769230793,-1.96217552381899e-14,-5.551115123125783e-17
Oats|Iowa|2019|spring,Oats,Iowa,2019,frost_cold,0.0029393233080404965,0.0,-0.08624030379087941,-0.5197190769230793,-1.96217552381899e-14,-5.551115123125783e-17
Oats|Iowa|2019|spring,Oats,Iowa,2019,excess_rain,-0.017465287174702013,0.017465287174702013,-0.08624030379087941,-0.5197190769230793,-1.96217552381899e-14,-5.551115123125783e-17
Oats|Iowa|2019|spring,Oats,Iowa,2019,radiation,-0.009097662425698648,0.009097662425698648,-0.08624030379087941,-0.5197190769230793,-1.96217552381899e-14,-5.551115123125783e-17
Oats|Kansas|2019|spring,Oats,Kansas,2019,heat,0.00264277538341507,0.0,-0.053410895370374314,0.5321396923076995,-1.96217552381899e-14,-1.1858569681777453e-14
Oats|Kansas|2019|spring,Oats,Kansas,2019,drought,-0.02792043111687268,0.02792043111687268,-0.053410895370374314,0.5321396923076995,-1.96217552381899e-14,-1.1858569681777453e-14
Oats|Kansas|2019|spring,Oats,Kansas,2019,frost_cold,0.005118955543248592,0.0,-0.053410895370374314,0.5321396923076995,-1.96217552381899e-14,-1.1858569681777453e-14
Oats|Kansas|2019|spring,Oats,Kansas,2019,excess_rain,-0.03149914049385291,0.03149914049385291,-0.053410895370374314,0.5321396923076995,-1.96217552381899e-14,-1.1858569681777453e-14
Oats|Kansas|2019|spring,Oats,Kansas,2019,radiation,0.005954218068579015,0.0,-0.053410895370374314,0.5321396923076995,-1.96217552381899e-14,-1.1858569681777453e-14
Oats|Minnesota|2019|spring,Oats,Minnesota,2019,heat,-0.0011047546798896943,0.0011047546798896943,-0.06784496034921395,-0.24502892307693047,-1.96217552381899e-14,-8.604228440844963e-16
Oats|Minnesota|2019|spring,Oats,Minnesota,2019,drought,-0.08393793327382353,0.08393793327382353,-0.06784496034921395,-0.24502892307693047,-1.96217552381899e-14,-8.604228440844963e-16
Oats|Minnesota|2019|spring,Oats,Minnesota,2019,frost_cold,0.03184475624696766,0.0,-0.06784496034921395,-0.24502892307693047,-1.96217552381899e-14,-8.604228440844963e-16
Oats|Minnesota|2019|spring,Oats,Minnesota,2019,excess_rain,-0.03177743485088254,0.03177743485088254,-0.06784496034921395,-0.24502892307693047,-1.96217552381899e-14,-8.604228440844963e-16
Oats|Minnesota|2019|spring,Oats,Minnesota,2019,radiation,-0.0037773886796798693,0.0037773886796798693,-0.06784496034921395,-0.24502892307693047,-1.96217552381899e-14,-8.604228440844963e-16
Oats|Montana|2019|spring,Oats,Montana,2019,heat,0.05597917172311967,0.0,0.16212839797722592,0.013650871794862462,-1.96217552381899e-14,6.217248937900877e-15
Oats|Montana|2019|spring,Oats,Montana,2019,drought,0.09197825395609113,0.0,0.16212839797722592,0.013650871794862462,-1.96217552381899e-14,6.217248937900877e-15
Oats|Montana|2019|spring,Oats,Montana,2019,frost_cold,0.007718603896959914,0.0,0.16212839797722592,0.013650871794862462,-1.96217552381899e-14,6.217248937900877e-15
Oats|Montana|2019|spring,Oats,Montana,2019,excess_rain,-0.003831869903815002,0.003831869903815002,0.16212839797722592,0.013650871794862462,-1.96217552381899e-14,6.217248937900877e-15
Oats|Montana|2019|spring,Oats,Montana,2019,radiation,-0.0049050374297298326,0.0049050374297298326,0.16212839797722592,0.013650871794862462,-1.96217552381899e-14,6.217248937900877e-15
Oats|Nebraska|2019|spring,Oats,Nebraska,2019,heat,0.011837874457040803,0.0,0.06820889330483,-0.2933321025641069,-1.96217552381899e-14,-9.742207041085749e-15
Oats|Nebraska|2019|spring,Oats,Nebraska,2019,drought,-0.013120778890200167,0.013120778890200167,0.06820889330483,-0.2933321025641069,-1.96217552381899e-14,-9.742207041085749e-15
Oats|Nebraska|2019|spring,Oats,Nebraska,2019,frost_cold,0.042741418520036115,0.0,0.06820889330483,-0.2933321025641069,-1.96217552381899e-14,-9.742207041085749e-15
Oats|Nebraska|2019|spring,Oats,Nebraska,2019,excess_rain,-0.013126030842948224,0.013126030842948224,0.06820889330483,-0.2933321025641069,-1.96217552381899e-14,-9.742207041085749e-15
Oats|Nebraska|2019|spring,Oats,Nebraska,2019,radiation,0.006009066101757718,0.0,0.06820889330483,-0.2933321025641069,-1.96217552381899e-14,-9.742207041085749e-15
Oats|North Dakota|2019|spring,Oats,North Dakota,2019,heat,0.026617240902888667,0.0,0.11492444190526963,0.7852514871794707,-1.96217552381899e-14,1.149080830487037e-14
Oats|North Dakota|2019|spring,Oats,North Dakota,2019,drought,0.05582077789194687,0.0,0.11492444190526963,0.7852514871794707,-1.96217552381899e-14,1.149080830487037e-14
Oats|North Dakota|2019|spring,Oats,North Dakota,2019,frost_cold,-0.010271255208304745,0.010271255208304745,0.11492444190526963,0.7852514871794707,-1.96217552381899e-14,1.149080830487037e-14
Oats|North Dakota|2019|spring,Oats,North Dakota,2019,excess_rain,0.011412926677420015,0.0,0.11492444190526963,0.7852514871794707,-1.96217552381899e-14,1.149080830487037e-14
Oats|North Dakota|2019|spring,Oats,North Dakota,2019,radiation,0.012325308873456276,0.0,0.11492444190526963,0.7852514871794707,-1.96217552381899e-14,1.149080830487037e-14
Oats|Oklahoma|2019|spring,Oats,Oklahoma,2019,heat,0.00011430976855640552,0.0,0.006773522603783428,0.45244369230769355,-1.96217552381899e-14,-4.889318117040631e-15
Oats|Oklahoma|2019|spring,Oats,Oklahoma,2019,drought,0.006837388277824782,0.0,0.006773522603783428,0.45244369230769355,-1.96217552381899e-14,-4.889318117040631e-15
Oats|Oklahoma|2019|spring,Oats,Oklahoma,2019,frost_cold,0.012325642871396276,0.0,0.006773522603783428,0.45244369230769355,-1.96217552381899e-14,-4.889318117040631e-15
Oats|Oklahoma|2019|spring,Oats,Oklahoma,2019,excess_rain,-0.005277366085150737,0.005277366085150737,0.006773522603783428,0.45244369230769355,-1.96217552381899e-14,-4.889318117040631e-15
Oats|Oklahoma|2019|spring,Oats,Oklahoma,2019,radiation,0.0029541306291059844,0.0,0.006773522603783428,0.45244369230769355,-1.96217552381899e-14,-4.889318117040631e-15
Oats|South Dakota|2019|spring,Oats,South Dakota,2019,heat,0.0009756826092174225,0.0,-0.09620449031340934,-0.01775702564105197,-1.96217552381899e-14,-9.18709552877317e-15
Oats|South Dakota|2019|spring,Oats,South Dakota,2019,drought,-0.03469821064017525,0.03469821064017525,-0.09620449031340934,-0.01775702564105197,-1.96217552381899e-14,-9.18709552877317e-15
Oats|South Dakota|2019|spring,Oats,South Dakota,2019,frost_cold,0.010054935737998491,0.0,-0.09620449031340934,-0.01775702564105197,-1.96217552381899e-14,-9.18709552877317e-15
Oats|South Dakota|2019|spring,Oats,South Dakota,2019,excess_rain,-0.03541838064589902,0.03541838064589902,-0.09620449031340934,-0.01775702564105197,-1.96217552381899e-14,-9.18709552877317e-15
Oats|South Dakota|2019|spring,Oats,South Dakota,2019,radiation,-0.002703911437201624,0.002703911437201624,-0.09620449031340934,-0.01775702564105197,-1.96217552381899e-14,-9.18709552877317e-15
Oats|Texas|2019|spring,Oats,Texas,2019,heat,-0.0021669640738568212,0.0021669640738568212,0.0969265269688617,0.18815579487179068,-1.96217552381899e-14,-1.6792123247455493e-15
Oats|Texas|2019|spring,Oats,Texas,2019,drought,0.05774637248204863,0.0,0.0969265269688617,0.18815579487179068,-1.96217552381899e-14,-1.6792123247455493e-15
Oats|Texas|2019|spring,Oats,Texas,2019,frost_cold,0.02847423130186484,0.0,0.0969265269688617,0.18815579487179068,-1.96217552381899e-14,-1.6792123247455493e-15
Oats|Texas|2019|spring,Oats,Texas,2019,excess_rain,-0.00013987298112588115,0.00013987298112588115,0.0969265269688617,0.18815579487179068,-1.96217552381899e-14,-1.6792123247455493e-15
Oats|Texas|2019|spring,Oats,Texas,2019,radiation,0.0016882917070665403,0.0,0.0969265269688617,0.18815579487179068,-1.96217552381899e-14,-1.6792123247455493e-15
Wheat|Colorado|2019|winter,Wheat,Colorado,2019,heat,0.1111071694774725,0.0,0.2724096202991386,1.004526974358975,-1.96217552381899e-14,4.440892098500626e-16
Wheat|Colorado|2019|winter,Wheat,Colorado,2019,drought,0.09083694615768746,0.0,0.2724096202991386,1.004526974358975,-1.96217552381899e-14,4.440892098500626e-16
Wheat|Colorado|2019|winter,Wheat,Colorado,2019,frost_cold,0.018459879813469925,0.0,0.2724096202991386,1.004526974358975,-1.96217552381899e-14,4.440892098500626e-16
Wheat|Colorado|2019|winter,Wheat,Colorado,2019,excess_rain,0.0363538850581386,0.0,0.2724096202991386,1.004526974358975,-1.96217552381899e-14,4.440892098500626e-16
Wheat|Colorado|2019|winter,Wheat,Colorado,2019,radiation,0.013242965046529276,0.0,0.2724096202991386,1.004526974358975,-1.96217552381899e-14,4.440892098500626e-16
Wheat|Illinois|2019|winter,Wheat,Illinois,2019,heat,-0.020397357112915737,0.020397357112915737,-0.13174448694431407,-0.2308146666667108,-1.96217552381899e-14,-2.55351295663786e-15
Wheat|Illinois|2019|winter,Wheat,Illinois,2019,drought,-0.0473640346921306,0.0473640346921306,-0.13174448694431407,-0.2308146666667108,-1.96217552381899e-14,-2.55351295663786e-15
Wheat|Illinois|2019|winter,Wheat,Illinois,2019,frost_cold,-0.009977708660561992,0.009977708660561992,-0.13174448694431407,-0.2308146666667108,-1.96217552381899e-14,-2.55351295663786e-15
Wheat|Illinois|2019|winter,Wheat,Illinois,2019,excess_rain,-0.04810927800885554,0.04810927800885554,-0.13174448694431407,-0.2308146666667108,-1.96217552381899e-14,-2.55351295663786e-15
Wheat|Illinois|2019|winter,Wheat,Illinois,2019,radiation,-0.009330372098577613,0.009330372098577613,-0.13174448694431407,-0.2308146666667108,-1.96217552381899e-14,-2.55351295663786e-15
Wheat|Kansas|2019|winter,Wheat,Kansas,2019,heat,-0.026138634416877977,0.026138634416877977,-0.2831922209336391,0.9003325128205129,-1.96217552381899e-14,-7.771561172376096e-16
Wheat|Kansas|2019|winter,Wheat,Kansas,2019,drought,-0.10142969142451821,0.10142969142451821,-0.2831922209336391,0.9003325128205129,-1.96217552381899e-14,-7.771561172376096e-16
Wheat|Kansas|2019|winter,Wheat,Kansas,2019,frost_cold,-0.03330186731851815,0.03330186731851815,-0.2831922209336391,0.9003325128205129,-1.96217552381899e-14,-7.771561172376096e-16
Wheat|Kansas|2019|winter,Wheat,Kansas,2019,excess_rain,-0.12098060199283484,0.12098060199283484,-0.2831922209336391,0.9003325128205129,-1.96217552381899e-14,-7.771561172376096e-16
Wheat|Kansas|2019|winter,Wheat,Kansas,2019,radiation,0.003966078129853332,0.0,-0.2831922209336391,0.9003325128205129,-1.96217552381899e-14,-7.771561172376096e-16
Wheat|Minnesota|2019|spring,Wheat,Minnesota,2019,heat,-0.00020963519612136362,0.00020963519612136362,-0.04306577003022258,-0.24879507692312464,-1.96217552381899e-14,-1.8110513089197866e-15
Wheat|Minnesota|2019|spring,Wheat,Minnesota,2019,drought,-0.07957950876220964,0.07957950876220964,-0.04306577003022258,-0.24879507692312464,-1.96217552381899e-14,-1.8110513089197866e-15
Wheat|Minnesota|2019|spring,Wheat,Minnesota,2019,frost_cold,0.04157605701351711,0.0,-0.04306577003022258,-0.24879507692312464,-1.96217552381899e-14,-1.8110513089197866e-15
Wheat|Minnesota|2019|spring,Wheat,Minnesota,2019,excess_rain,-0.02839735279108379,0.02839735279108379,-0.04306577003022258,-0.24879507692312464,-1.96217552381899e-14,-1.8110513089197866e-15
Wheat|Minnesota|2019|spring,Wheat,Minnesota,2019,radiation,0.00040211231796420145,0.0,-0.04306577003022258,-0.24879507692312464,-1.96217552381899e-14,-1.8110513089197866e-15
Wheat|Montana|2019|spring,Wheat,Montana,2019,heat,0.05260220034865884,0.0,0.14309104135328818,0.4664543589743513,-1.96217552381899e-14,-5.3013149425851225e-15
Wheat|Montana|2019|spring,Wheat,Montana,2019,drought,0.08581607071152493,0.0,0.14309104135328818,0.4664543589743513,-1.96217552381899e-14,-5.3013149425851225e-15
Wheat|Montana|2019|spring,Wheat,Montana,2019,frost_cold,0.0033900074136579933,0.0,0.14309104135328818,0.4664543589743513,-1.96217552381899e-14,-5.3013149425851225e-15
Wheat|Montana|2019|spring,Wheat,Montana,2019,excess_rain,-9.330332846090722e-05,9.330332846090722e-05,0.14309104135328818,0.4664543589743513,-1.96217552381899e-14,-5.3013149425851225e-15
Wheat|Montana|2019|spring,Wheat,Montana,2019,radiation,-0.004222432465189534,0.004222432465189534,0.14309104135328818,0.4664543589743513,-1.96217552381899e-14,-5.3013149425851225e-15
Wheat|Nebraska|2019|winter,Wheat,Nebraska,2019,heat,0.045651535647339675,0.0,0.19450256367518334,0.8039051282051219,-1.96217552381899e-14,1.942890293094024e-16
Wheat|Nebraska|2019|winter,Wheat,Nebraska,2019,drought,0.08745242068808581,0.0,0.19450256367518334,0.8039051282051219,-1.96217552381899e-14,1.942890293094024e-16
Wheat|Nebraska|2019|winter,Wheat,Nebraska,2019,frost_cold,0.005723078814320841,0.0,0.19450256367518334,0.8039051282051219,-1.96217552381899e-14,1.942890293094024e-16
Wheat|Nebraska|2019|winter,Wheat,Nebraska,2019,excess_rain,0.0017833110587200645,0.0,0.19450256367518334,0.8039051282051219,-1.96217552381899e-14,1.942890293094024e-16
Wheat|Nebraska|2019|winter,Wheat,Nebraska,2019,radiation,0.020110609131748808,0.0,0.19450256367518334,0.8039051282051219,-1.96217552381899e-14,1.942890293094024e-16
Wheat|North Dakota|2019|spring,Wheat,North Dakota,2019,heat,0.031347007447203194,0.0,0.08424812938461616,0.2825673846153842,-1.96217552381899e-14,9.159339953157541e-15
Wheat|North Dakota|2019|spring,Wheat,North Dakota,2019,drought,0.04775313870943321,0.0,0.08424812938461616,0.2825673846153842,-1.96217552381899e-14,9.159339953157541e-15
Wheat|North Dakota|2019|spring,Wheat,North Dakota,2019,frost_cold,-0.013616930463679835,0.013616930463679835,0.08424812938461616,0.2825673846153842,-1.96217552381899e-14,9.159339953157541e-15
Wheat|North Dakota|2019|spring,Wheat,North Dakota,2019,excess_rain,0.002779101371557192,0.0,0.08424812938461616,0.2825673846153842,-1.96217552381899e-14,9.159339953157541e-15
Wheat|North Dakota|2019|spring,Wheat,North Dakota,2019,radiation,0.010120906243748437,0.0,0.08424812938461616,0.2825673846153842,-1.96217552381899e-14,9.159339953157541e-15
Wheat|Oklahoma|2019|winter,Wheat,Oklahoma,2019,heat,-0.00433218107583914,0.00433218107583914,-0.049401451072138475,0.7811160000000013,-1.96217552381899e-14,4.510281037539698e-16
Wheat|Oklahoma|2019|winter,Wheat,Oklahoma,2019,drought,-0.036171935180251934,0.036171935180251934,-0.049401451072138475,0.7811160000000013,-1.96217552381899e-14,4.510281037539698e-16
Wheat|Oklahoma|2019|winter,Wheat,Oklahoma,2019,frost_cold,-0.03787250868389142,0.03787250868389142,-0.049401451072138475,0.7811160000000013,-1.96217552381899e-14,4.510281037539698e-16
Wheat|Oklahoma|2019|winter,Wheat,Oklahoma,2019,excess_rain,0.02601834040905021,0.0,-0.049401451072138475,0.7811160000000013,-1.96217552381899e-14,4.510281037539698e-16
Wheat|Oklahoma|2019|winter,Wheat,Oklahoma,2019,radiation,0.0014094496595002488,0.0,-0.049401451072138475,0.7811160000000013,-1.96217552381899e-14,4.510281037539698e-16
Wheat|South Dakota|2019|spring,Wheat,South Dakota,2019,heat,0.0034741641574177013,0.0,-0.11393599625883928,-0.15323794871797958,-1.96217552381899e-14,-7.452372052796363e-15
Wheat|South Dakota|2019|spring,Wheat,South Dakota,2019,drought,-0.03816678893625538,0.03816678893625538,-0.11393599625883928,-0.15323794871797958,-1.96217552381899e-14,-7.452372052796363e-15
Wheat|South Dakota|2019|spring,Wheat,South Dakota,2019,frost_cold,0.006050907716082369,0.0,-0.11393599625883928,-0.15323794871797958,-1.96217552381899e-14,-7.452372052796363e-15
Wheat|South Dakota|2019|spring,Wheat,South Dakota,2019,excess_rain,-0.041493519684306895,0.041493519684306895,-0.11393599625883928,-0.15323794871797958,-1.96217552381899e-14,-7.452372052796363e-15
Wheat|South Dakota|2019|spring,Wheat,South Dakota,2019,radiation,-0.0029167289018523818,0.0029167289018523818,-0.11393599625883928,-0.15323794871797958,-1.96217552381899e-14,-7.452372052796363e-15
Wheat|Texas|2019|winter,Wheat,Texas,2019,heat,0.02594127746697297,0.0,0.12077734761154746,0.29365958974359163,-1.96217552381899e-14,-1.6653345369377348e-16
Wheat|Texas|2019|winter,Wheat,Texas,2019,drought,0.03777205376556983,0.0,0.12077734761154746,0.29365958974359163,-1.96217552381899e-14,-1.6653345369377348e-16
Wheat|Texas|2019|winter,Wheat,Texas,2019,frost_cold,-0.008592877041120179,0.008592877041120179,0.12077734761154746,0.29365958974359163,-1.96217552381899e-14,-1.6653345369377348e-16
Wheat|Texas|2019|winter,Wheat,Texas,2019,excess_rain,0.028057924570173542,0.0,0.12077734761154746,0.29365958974359163,-1.96217552381899e-14,-1.6653345369377348e-16
Wheat|Texas|2019|winter,Wheat,Texas,2019,radiation,0.019005212967003447,0.0,0.12077734761154746,0.29365958974359163,-1.96217552381899e-14,-1.6653345369377348e-16
Wheat|Washington|2019|winter,Wheat,Washington,2019,heat,0.05059638773428874,0.0,0.057528732407395686,0.236154358974356,-1.96217552381899e-14,-5.10702591327572e-15
Wheat|Washington|2019|winter,Wheat,Washington,2019,drought,0.027717741253083603,0.0,0.057528732407395686,0.236154358974356,-1.96217552381899e-14,-5.10702591327572e-15
Wheat|Washington|2019|winter,Wheat,Washington,2019,frost_cold,-0.012793610714012325,0.012793610714012325,0.057528732407395686,0.236154358974356,-1.96217552381899e-14,-5.10702591327572e-15
Wheat|Washington|2019|winter,Wheat,Washington,2019,excess_rain,-0.0009724075203861576,0.0009724075203861576,0.057528732407395686,0.236154358974356,-1.96217552381899e-14,-5.10702591327572e-15
Wheat|Washington|2019|winter,Wheat,Washington,2019,radiation,-0.0040896977250767675,0.0040896977250767675,0.057528732407395686,0.236154358974356,-1.96217552381899e-14,-5.10702591327572e-15
Barley|Colorado|2020|spring,Barley,Colorado,2020,heat,0.06388999795166146,0.0,0.03311909421710354,-0.08479247863257022,-1.96217552381899e-14,1.8596235662471372e-15
Barley|Colorado|2020|spring,Barley,Colorado,2020,drought,-0.05258210957448679,0.05258210957448679,0.03311909421710354,-0.08479247863257022,-1.96217552381899e-14,1.8596235662471372e-15
Barley|Colorado|2020|spring,Barley,Colorado,2020,frost_cold,0.002826189715193007,0.0,0.03311909421710354,-0.08479247863257022,-1.96217552381899e-14,1.8596235662471372e-15
Barley|Colorado|2020|spring,Barley,Colorado,2020,excess_rain,0.019585439964017157,0.0,0.03311909421710354,-0.08479247863257022,-1.96217552381899e-14,1.8596235662471372e-15
Barley|Colorado|2020|spring,Barley,Colorado,2020,radiation,0.011817372780962027,0.0,0.03311909421710354,-0.08479247863257022,-1.96217552381899e-14,1.8596235662471372e-15
Barley|Kansas|2020|spring,Barley,Kansas,2020,heat,-0.03771490246544228,0.03771490246544228,0.13402223311486733,0.40713264957265016,-1.96217552381899e-14,2.192690473634684e-15
Barley|Kansas|2020|spring,Barley,Kansas,2020,drought,0.06925534625625848,0.0,0.13402223311486733,0.40713264957265016,-1.96217552381899e-14,2.192690473634684e-15
Barley|Kansas|2020|spring,Barley,Kansas,2020,frost_cold,0.031822004096512806,0.0,0.13402223311486733,0.40713264957265016,-1.96217552381899e-14,2.192690473634684e-15
Barley|Kansas|2020|spring,Barley,Kansas,2020,excess_rain,0.05954882746051608,0.0,0.13402223311486733,0.40713264957265016,-1.96217552381899e-14,2.192690473634684e-15
Barley|Kansas|2020|spring,Barley,Kansas,2020,radiation,0.004661802623375945,0.0,0.13402223311486733,0.40713264957265016,-1.96217552381899e-14,2.192690473634684e-15
Barley|Minnesota|2020|spring,Barley,Minnesota,2020,heat,0.03785979641648945,0.0,0.17077446054017373,-0.8077685470085472,-1.96217552381899e-14,-1.2850831510036187e-14
Barley|Minnesota|2020|spring,Barley,Minnesota,2020,drought,0.07087186108270717,0.0,0.17077446054017373,-0.8077685470085472,-1.96217552381899e-14,-1.2850831510036187e-14
Barley|Minnesota|2020|spring,Barley,Minnesota,2020,frost_cold,0.022318061000879765,0.0,0.17077446054017373,-0.8077685470085472,-1.96217552381899e-14,-1.2850831510036187e-14
Barley|Minnesota|2020|spring,Barley,Minnesota,2020,excess_rain,0.01065415485043971,0.0,0.17077446054017373,-0.8077685470085472,-1.96217552381899e-14,-1.2850831510036187e-14
Barley|Minnesota|2020|spring,Barley,Minnesota,2020,radiation,-0.0037851989914422955,0.0037851989914422955,0.17077446054017373,-0.8077685470085472,-1.96217552381899e-14,-1.2850831510036187e-14
Barley|Montana|2020|spring,Barley,Montana,2020,heat,0.032584577669815616,0.0,-0.04871481480095749,0.43942068376067134,-1.96217552381899e-14,-3.892719480091955e-15
Barley|Montana|2020|spring,Barley,Montana,2020,drought,0.018508080526836133,0.0,-0.04871481480095749,0.43942068376067134,-1.96217552381899e-14,-3.892719480091955e-15
Barley|Montana|2020|spring,Barley,Montana,2020,frost_cold,-0.024661088759837115,0.024661088759837115,-0.04871481480095749,0.43942068376067134,-1.96217552381899e-14,-3.892719480091955e-15
Barley|Montana|2020|spring,Barley,Montana,2020,excess_rain,-0.03644662363308756,0.03644662363308756,-0.04871481480095749,0.43942068376067134,-1.96217552381899e-14,-3.892719480091955e-15
Barley|Montana|2020|spring,Barley,Montana,2020,radiation,-0.007962469860460045,0.007962469860460045,-0.04871481480095749,0.43942068376067134,-1.96217552381899e-14,-3.892719480091955e-15
Barley|North Dakota|2020|spring,Barley,North Dakota,2020,heat,-0.0769935207286786,0.0769935207286786,-0.23394220007857963,-0.058734700854705224,-1.96217552381899e-14,1.3600232051658168e-15
Barley|North Dakota|2020|spring,Barley,North Dakota,2020,drought,-0.056427459363042685,0.056427459363042685,-0.23394220007857963,-0.058734700854705224,-1.96217552381899e-14,1.3600232051658168e-15
Barley|North Dakota|2020|spring,Barley,North Dakota,2020,frost_cold,0.007116846692122272,0.0,-0.23394220007857963,-0.058734700854705224,-1.96217552381899e-14,1.3600232051658168e-15
Barley|North Dakota|2020|spring,Barley,North Dakota,2020,excess_rain,-0.07955680962909657,0.07955680962909657,-0.23394220007857963,-0.058734700854705224,-1.96217552381899e-14,1.3600232051658168e-15
Barley|North Dakota|2020|spring,Barley,North Dakota,2020,radiation,-0.022320593606852346,0.022320593606852346,-0.23394220007857963,-0.058734700854705224,-1.96217552381899e-14,1.3600232051658168e-15
Barley|South Dakota|2020|spring,Barley,South Dakota,2020,heat,-0.06486555664032541,0.06486555664032541,-0.005238445213310086,0.0005461538461655202,-1.96217552381899e-14,-4.147723831060546e-15
Barley|South Dakota|2020|spring,Barley,South Dakota,2020,drought,0.024108705887225777,0.0,-0.005238445213310086,0.0005461538461655202,-1.96217552381899e-14,-4.147723831060546e-15
Barley|South Dakota|2020|spring,Barley,South Dakota,2020,frost_cold,0.031016146845630546,0.0,-0.005238445213310086,0.0005461538461655202,-1.96217552381899e-14,-4.147723831060546e-15
Barley|South Dakota|2020|spring,Barley,South Dakota,2020,excess_rain,-0.05447431326604545,0.05447431326604545,-0.005238445213310086,0.0005461538461655202,-1.96217552381899e-14,-4.147723831060546e-15
Barley|South Dakota|2020|spring,Barley,South Dakota,2020,radiation,0.00031375073770183496,0.0,-0.005238445213310086,0.0005461538461655202,-1.96217552381899e-14,-4.147723831060546e-15
Barley|Washington|2020|spring,Barley,Washington,2020,heat,0.05367989921900548,0.0,0.025789476344875932,1.3208552136752,-1.96217552381899e-14,1.339206523454095e-15
Barley|Washington|2020|spring,Barley,Washington,2020,drought,-0.04133586177278116,0.04133586177278116,0.025789476344875932,1.3208552136752,-1.96217552381899e-14,1.339206523454095e-15
Barley|Washington|2020|spring,Barley,Washington,2020,frost_cold,0.009804201199086484,0.0,0.025789476344875932,1.3208552136752,-1.96217552381899e-14,1.339206523454095e-15
Barley|Washington|2020|spring,Barley,Washington,2020,excess_rain,0.005788699167335954,0.0,0.025789476344875932,1.3208552136752,-1.96217552381899e-14,1.339206523454095e-15
Barley|Washington|2020|spring,Barley,Washington,2020,radiation,-0.007365395773023863,0.007365395773023863,0.025789476344875932,1.3208552136752,-1.96217552381899e-14,1.339206523454095e-15
Canola|Minnesota|2020|spring,Canola,Minnesota,2020,heat,0.030116059662855778,0.0,0.11741972387263541,-0.26585087719298395,-1.96217552381899e-14,-1.4613310561628623e-14
Canola|Minnesota|2020|spring,Canola,Minnesota,2020,drought,0.05369257809295373,0.0,0.11741972387263541,-0.26585087719298395,-1.96217552381899e-14,-1.4613310561628623e-14
Canola|Minnesota|2020|spring,Canola,Minnesota,2020,frost_cold,0.017088161687793132,0.0,0.11741972387263541,-0.26585087719298395,-1.96217552381899e-14,-1.4613310561628623e-14
Canola|Minnesota|2020|spring,Canola,Minnesota,2020,excess_rain,0.010647249862314134,0.0,0.11741972387263541,-0.26585087719298395,-1.96217552381899e-14,-1.4613310561628623e-14
Canola|Minnesota|2020|spring,Canola,Minnesota,2020,radiation,-0.0024284737289866484,0.0024284737289866484,0.11741972387263541,-0.26585087719298395,-1.96217552381899e-14,-1.4613310561628623e-14
Canola|Montana|2020|spring,Canola,Montana,2020,heat,0.06126427382428489,0.0,0.12520774095614212,-0.061105637254895484,-1.96217552381899e-14,-1.7208456881689926e-15
Canola|Montana|2020|spring,Canola,Montana,2020,drought,0.04636822870058132,0.0,0.12520774095614212,-0.061105637254895484,-1.96217552381899e-14,-1.7208456881689926e-15
Canola|Montana|2020|spring,Canola,Montana,2020,frost_cold,-0.010294723139225016,0.010294723139225016,0.12520774095614212,-0.061105637254895484,-1.96217552381899e-14,-1.7208456881689926e-15
Canola|Montana|2020|spring,Canola,Montana,2020,excess_rain,-0.009332719037705942,0.009332719037705942,0.12520774095614212,-0.061105637254895484,-1.96217552381899e-14,-1.7208456881689926e-15
Canola|Montana|2020|spring,Canola,Montana,2020,radiation,-0.0028871435385463603,0.0028871435385463603,0.12520774095614212,-0.061105637254895484,-1.96217552381899e-14,-1.7208456881689926e-15
Canola|North Dakota|2020|spring,Canola,North Dakota,2020,heat,-0.052514531224454764,0.052514531224454764,-0.12878759658587705,0.2508754615384685,-1.96217552381899e-14,1.3322676295501878e-15
Canola|North Dakota|2020|spring,Canola,North Dakota,2020,drought,-0.03466397722020443,0.03466397722020443,-0.12878759658587705,0.2508754615384685,-1.96217552381899e-14,1.3322676295501878e-15
Canola|North Dakota|2020|spring,Canola,North Dakota,2020,frost_cold,0.00542854436807374,0.0,-0.12878759658587705,0.2508754615384685,-1.96217552381899e-14,1.3322676295501878e-15
Canola|North Dakota|2020|spring,Canola,North Dakota,2020,excess_rain,-0.06027108888497345,0.06027108888497345,-0.12878759658587705,0.2508754615384685,-1.96217552381899e-14,1.3322676295501878e-15
Canola|North Dakota|2020|spring,Canola,North Dakota,2020,radiation,-0.01679475354549272,0.01679475354549272,-0.12878759658587705,0.2508754615384685,-1.96217552381899e-14,1.3322676295501878e-15
Canola|Oklahoma|2020|spring,Canola,Oklahoma,2020,heat,-0.045818187834812285,0.045818187834812285,0.03764145254272629,1.0696857142857539,-1.96217552381899e-14,2.250977182427505e-14
Canola|Oklahoma|2020|spring,Canola,Oklahoma,2020,drought,0.050259833719756106,0.0,0.03764145254272629,1.0696857142857539,-1.96217552381899e-14,2.250977182427505e-14
Canola|Oklahoma|2020|spring,Canola,Oklahoma,2020,frost_cold,0.021998501132568564,0.0,0.03764145254272629,1.0696857142857539,-1.96217552381899e-14,2.250977182427505e-14
Canola|Oklahoma|2020|spring,Canola,Oklahoma,2020,excess_rain,0.01963332302873487,0.0,0.03764145254272629,1.0696857142857539,-1.96217552381899e-14,2.250977182427505e-14
Canola|Oklahoma|2020|spring,Canola,Oklahoma,2020,radiation,0.0029517498262314657,0.0,0.03764145254272629,1.0696857142857539,-1.96217552381899e-14,2.250977182427505e-14
Canola|Washington|2020|spring,Canola,Washington,2020,heat,0.04779658018191595,0.0,-0.011532785107004053,2.499550000000044,-1.96217552381899e-14,-1.8665624601510444e-15
Canola|Washington|2020|spring,Canola,Washington,2020,drought,-0.04504346411763537,0.04504346411763537,-0.011532785107004053,2.499550000000044,-1.96217552381899e-14,-1.8665624601510444e-15
Canola|Washington|2020|spring,Canola,Washington,2020,frost_cold,0.0066488734498928795,0.0,-0.011532785107004053,2.499550000000044,-1.96217552381899e-14,-1.8665624601510444e-15
Canola|Washington|2020|spring,Canola,Washington,2020,excess_rain,-0.006532079069229646,0.006532079069229646,-0.011532785107004053,2.499550000000044,-1.96217552381899e-14,-1.8665624601510444e-15
Canola|Washington|2020|spring,Canola,Washington,2020,radiation,-0.0073618024482590555,0.0073618024482590555,-0.011532785107004053,2.499550000000044,-1.96217552381899e-14,-1.8665624601510444e-15
Oats|Illinois|2020|spring,Oats,Illinois,2020,heat,0.00018384766372340393,0.0,0.0664634244360113,-0.7475241025641082,-1.96217552381899e-14,-3.2737701438634303e-14
Oats|Illinois|2020|spring,Oats,Illinois,2020,drought,0.038023974417331234,0.0,0.0664634244360113,-0.7475241025641082,-1.96217552381899e-14,-3.2737701438634303e-14
Oats|Illinois|2020|spring,Oats,Illinois,2020,frost_cold,0.01989861936112572,0.0,0.0664634244360113,-0.7475241025641082,-1.96217552381899e-14,-3.2737701438634303e-14
Oats|Illinois|2020|spring,Oats,Illinois,2020,excess_rain,0.008792241141168144,0.0,0.0664634244360113,-0.7475241025641082,-1.96217552381899e-14,-3.2737701438634303e-14
Oats|Illinois|2020|spring,Oats,Illinois,2020,radiation,0.001648441564361268,0.0,0.0664634244360113,-0.7475241025641082,-1.96217552381899e-14,-3.2737701438634303e-14
Oats|Iowa|2020|spring,Oats,Iowa,2020,heat,0.002056947212558145,0.0,0.10283955192305774,0.18506205128205,-1.96217552381899e-14,7.632783294297951e-16
Oats|Iowa|2020|spring,Oats,Iowa,2020,drought,0.03731954405026487,0.0,0.10283955192305774,0.18506205128205,-1.96217552381899e-14,7.632783294297951e-16
Oats|Iowa|2020|spring,Oats,Iowa,2020,frost_cold,0.022024398876653875,0.0,0.10283955192305774,0.18506205128205,-1.96217552381899e-14,7.632783294297951e-16
Oats|Iowa|2020|spring,Oats,Iowa,2020,excess_rain,-0.005624276739534737,0.005624276739534737,0.10283955192305774,0.18506205128205,-1.96217552381899e-14,7.632783294297951e-16
Oats|Iowa|2020|spring,Oats,Iowa,2020,radiation,0.002446067884592291,0.0,0.10283955192305774,0.18506205128205,-1.96217552381899e-14,7.632783294297951e-16
Oats|Kansas|2020|spring,Oats,Kansas,2020,heat,-0.02801023834114252,0.02801023834114252,0.1430337050569678,0.10280666666667404,-1.96217552381899e-14,-1.0935696792557792e-14
Oats|Kansas|2020|spring,Oats,Kansas,2020,drought,0.07464657891200455,0.0,0.1430337050569678,0.10280666666667404,-1.96217552381899e-14,-1.0935696792557792e-14
Oats|Kansas|2020|spring,Oats,Kansas,2020,frost_cold,0.023333082387881107,0.0,0.1430337050569678,0.10280666666667404,-1.96217552381899e-14,-1.0935696792557792e-14
Oats|Kansas|2020|spring,Oats,Kansas,2020,excess_rain,0.052198282484937034,0.0,0.1430337050569678,0.10280666666667404,-1.96217552381899e-14,-1.0935696792557792e-14
Oats|Kansas|2020|spring,Oats,Kansas,2020,radiation,0.00511743689563449,0.0,0.1430337050569678,0.10280666666667404,-1.96217552381899e-14,-1.0935696792557792e-14
Oats|Minnesota|2020|spring,Oats,Minnesota,2020,heat,0.01794603488803366,0.0,0.08847273060516145,-0.11798615384616129,-1.96217552381899e-14,-3.913536161803677e-15
Oats|Minnesota|2020|spring,Oats,Minnesota,2020,drought,0.05051280763266984,0.0,0.08847273060516145,-0.11798615384616129,-1.96217552381899e-14,-3.913536161803677e-15
Oats|Minnesota|2020|spring,Oats,Minnesota,2020,frost_cold,0.012783847292971828,0.0,0.08847273060516145,-0.11798615384616129,-1.96217552381899e-14,-3.913536161803677e-15
Oats|Minnesota|2020|spring,Oats,Minnesota,2020,excess_rain,0.011431780680628775,0.0,0.08847273060516145,-0.11798615384616129,-1.96217552381899e-14,-3.913536161803677e-15
Oats|Minnesota|2020|spring,Oats,Minnesota,2020,radiation,-0.004720094601487944,0.004720094601487944,0.08847273060516145,-0.11798615384616129,-1.96217552381899e-14,-3.913536161803677e-15
Oats|Montana|2020|spring,Oats,Montana,2020,heat,0.036391687279021305,0.0,-0.027122269108493476,-0.35090991452992415,-1.96217552381899e-14,3.3931191190106347e-15
Oats|Montana|2020|spring,Oats,Montana,2020,drought,0.020565838501532534,0.0,-0.027122269108493476,-0.35090991452992415,-1.96217552381899e-14,3.3931191190106347e-15
Oats|Montana|2020|spring,Oats,Montana,2020,frost_cold,-0.028962061517741514,0.028962061517741514,-0.027122269108493476,-0.35090991452992415,-1.96217552381899e-14,3.3931191190106347e-15
Oats|Montana|2020|spring,Oats,Montana,2020,excess_rain,-0.029116327338707264,0.029116327338707264,-0.027122269108493476,-0.35090991452992415,-1.96217552381899e-14,3.3931191190106347e-15
Oats|Montana|2020|spring,Oats,Montana,2020,radiation,-0.009541338307102906,0.009541338307102906,-0.027122269108493476,-0.35090991452992415,-1.96217552381899e-14,3.3931191190106347e-15
Oats|Nebraska|2020|spring,Oats,Nebraska,2020,heat,-0.06858855380532004,0.06858855380532004,-0.155284370788836,-0.3164582905982902,-1.96217552381899e-14,-2.886579864025407e-15
Oats|Nebraska|2020|spring,Oats,Nebraska,2020,drought,-0.010373857356875904,0.010373857356875904,-0.155284370788836,-0.3164582905982902,-1.96217552381899e-14,-2.886579864025407e-15
Oats|Nebraska|2020|spring,Oats,Nebraska,2020,frost_cold,0.0032176246650257624,0.0,-0.155284370788836,-0.3164582905982902,-1.96217552381899e-14,-2.886579864025407e-15
Oats|Nebraska|2020|spring,Oats,Nebraska,2020,excess_rain,-0.04131521149100022,0.04131521149100022,-0.155284370788836,-0.3164582905982902,-1.96217552381899e-14,-2.886579864025407e-15
Oats|Nebraska|2020|spring,Oats,Nebraska,2020,radiation,-0.00987349527725774,0.00987349527725774,-0.155284370788836,-0.3164582905982902,-1.96217552381899e-14,-2.886579864025407e-15
Oats|North Dakota|2020|spring,Oats,North Dakota,2020,heat,-0.06364290275478776,0.06364290275478776,-0.22136207249666634,0.4847254700854551,-1.96217552381899e-14,2.220446049250313e-15
Oats|North Dakota|2020|spring,Oats,North Dakota,2020,drought,-0.06162493006063241,0.06162493006063241,-0.22136207249666634,0.4847254700854551,-1.96217552381899e-14,2.220446049250313e-15
Oats|North Dakota|2020|spring,Oats,North Dakota,2020,frost_cold,0.007722378064062681,0.0,-0.22136207249666634,0.4847254700854551,-1.96217552381899e-14,2.220446049250313e-15
Oats|North Dakota|2020|spring,Oats,North Dakota,2020,excess_rain,-0.07782459396860701,0.07782459396860701,-0.22136207249666634,0.4847254700854551,-1.96217552381899e-14,2.220446049250313e-15
Oats|North Dakota|2020|spring,Oats,North Dakota,2020,radiation,-0.020771381339995225,0.020771381339995225,-0.22136207249666634,0.4847254700854551,-1.96217552381899e-14,2.220446049250313e-15
Oats|Oklahoma|2020|spring,Oats,Oklahoma,2020,heat,-0.04864924388256307,0.04864924388256307,0.04988570800264122,0.2747123076923088,-1.96217552381899e-14,1.5411283360577954e-14
Oats|Oklahoma|2020|spring,Oats,Oklahoma,2020,drought,0.054964702625879915,0.0,0.04988570800264122,0.2747123076923088,-1.96217552381899e-14,1.5411283360577954e-14
Oats|Oklahoma|2020|spring,Oats,Oklahoma,2020,frost_cold,0.022673671945789092,0.0,0.04988570800264122,0.2747123076923088,-1.96217552381899e-14,1.5411283360577954e-14
Oats|Oklahoma|2020|spring,Oats,Oklahoma,2020,excess_rain,0.02514191133137257,0.0,0.04988570800264122,0.2747123076923088,-1.96217552381899e-14,1.5411283360577954e-14
Oats|Oklahoma|2020|spring,Oats,Oklahoma,2020,radiation,0.0055666755776070205,0.0,0.04988570800264122,0.2747123076923088,-1.96217552381899e-14,1.5411283360577954e-14
Oats|South Dakota|2020|spring,Oats,South Dakota,2020,heat,-0.07301759422613754,0.07301759422613754,-0.1435079219920811,-0.23483623931625974,-1.96217552381899e-14,-1.6653345369377348e-15
Oats|South Dakota|2020|spring,Oats,South Dakota,2020,drought,-0.016548692469804168,0.016548692469804168,-0.1435079219920811,-0.23483623931625974,-1.96217552381899e-14,-1.6653345369377348e-15
Oats|South Dakota|2020|spring,Oats,South Dakota,2020,frost_cold,0.01721045332034044,0.0,-0.1435079219920811,-0.23483623931625974,-1.96217552381899e-14,-1.6653345369377348e-15
Oats|South Dakota|2020|spring,Oats,South Dakota,2020,excess_rain,-0.06719645112060377,0.06719645112060377,-0.1435079219920811,-0.23483623931625974,-1.96217552381899e-14,-1.6653345369377348e-15
Oats|South Dakota|2020|spring,Oats,South Dakota,2020,radiation,-0.001554833461620708,0.001554833461620708,-0.1435079219920811,-0.23483623931625974,-1.96217552381899e-14,-1.6653345369377348e-15
Oats|Texas|2020|spring,Oats,Texas,2020,heat,-0.03505133394946925,0.03505133394946925,0.0447093373852291,0.007198803418799082,-1.96217552381899e-14,-1.2462253451417382e-14
Oats|Texas|2020|spring,Oats,Texas,2020,drought,0.034456417317266286,0.0,0.0447093373852291,0.007198803418799082,-1.96217552381899e-14,-1.2462253451417382e-14
Oats|Texas|2020|spring,Oats,Texas,2020,frost_cold,0.028357136014752073,0.0,0.0447093373852291,0.007198803418799082,-1.96217552381899e-14,-1.2462253451417382e-14
Oats|Texas|2020|spring,Oats,Texas,2020,excess_rain,0.007938788354690803,0.0,0.0447093373852291,0.007198803418799082,-1.96217552381899e-14,-1.2462253451417382e-14
Oats|Texas|2020|spring,Oats,Texas,2020,radiation,-0.003036003230671823,0.003036003230671823,0.0447093373852291,0.007198803418799082,-1.96217552381899e-14,-1.2462253451417382e-14
Wheat|Colorado|2020|winter,Wheat,Colorado,2020,heat,0.0427759932625978,0.0,-0.12764209935898044,-0.47706393162393135,-1.96217552381899e-14,8.326672684688674e-17
Wheat|Colorado|2020|winter,Wheat,Colorado,2020,drought,-0.10571469461957538,0.10571469461957538,-0.12764209935898044,-0.47706393162393135,-1.96217552381899e-14,8.326672684688674e-17
Wheat|Colorado|2020|winter,Wheat,Colorado,2020,frost_cold,-0.009843377061114031,0.009843377061114031,-0.12764209935898044,-0.47706393162393135,-1.96217552381899e-14,8.326672684688674e-17
Wheat|Colorado|2020|winter,Wheat,Colorado,2020,excess_rain,-0.05141904258369859,0.05141904258369859,-0.12764209935898044,-0.47706393162393135,-1.96217552381899e-14,8.326672684688674e-17
Wheat|Colorado|2020|winter,Wheat,Colorado,2020,radiation,0.01239472842441557,0.0,-0.12764209935898044,-0.47706393162393135,-1.96217552381899e-14,8.326672684688674e-17
Wheat|Illinois|2020|winter,Wheat,Illinois,2020,heat,-0.006698198871964966,0.006698198871964966,-0.15806772964654772,-0.22092581196585215,-1.96217552381899e-14,-1.6375789613221059e-15
Wheat|Illinois|2020|winter,Wheat,Illinois,2020,drought,-0.03265227225765151,0.03265227225765151,-0.15806772964654772,-0.22092581196585215,-1.96217552381899e-14,-1.6375789613221059e-15
Wheat|Illinois|2020|winter,Wheat,Illinois,2020,frost_cold,-0.018799233235713187,0.018799233235713187,-0.15806772964654772,-0.22092581196585215,-1.96217552381899e-14,-1.6375789613221059e-15
Wheat|Illinois|2020|winter,Wheat,Illinois,2020,excess_rain,-0.09356104479449606,0.09356104479449606,-0.15806772964654772,-0.22092581196585215,-1.96217552381899e-14,-1.6375789613221059e-15
Wheat|Illinois|2020|winter,Wheat,Illinois,2020,radiation,-0.00482064184355246,0.00482064184355246,-0.15806772964654772,-0.22092581196585215,-1.96217552381899e-14,-1.6375789613221059e-15
Wheat|Kansas|2020|winter,Wheat,Kansas,2020,heat,0.04389116817917463,0.0,0.1458870823767556,0.4264058119658123,-1.96217552381899e-14,1.1379786002407855e-15
Wheat|Kansas|2020|winter,Wheat,Kansas,2020,drought,0.055803112249943276,0.0,0.1458870823767556,0.4264058119658123,-1.96217552381899e-14,1.1379786002407855e-15
Wheat|Kansas|2020|winter,Wheat,Kansas,2020,frost_cold,-0.02479241574112099,0.02479241574112099,0.1458870823767556,0.4264058119658123,-1.96217552381899e-14,1.1379786002407855e-15
Wheat|Kansas|2020|winter,Wheat,Kansas,2020,excess_rain,0.05131417110574141,0.0,0.1458870823767556,0.4264058119658123,-1.96217552381899e-14,1.1379786002407855e-15
Wheat|Kansas|2020|winter,Wheat,Kansas,2020,radiation,0.008815944131967908,0.0,0.1458870823767556,0.4264058119658123,-1.96217552381899e-14,1.1379786002407855e-15
Wheat|Minnesota|2020|spring,Wheat,Minnesota,2020,heat,0.02879300890865498,0.0,0.10019751615340214,-0.5788989743590096,-1.96217552381899e-14,-1.469657728847551e-14
Wheat|Minnesota|2020|spring,Wheat,Minnesota,2020,drought,0.05410917957471384,0.0,0.10019751615340214,-0.5788989743590096,-1.96217552381899e-14,-1.469657728847551e-14
Wheat|Minnesota|2020|spring,Wheat,Minnesota,2020,frost_cold,0.01815297487559899,0.0,0.10019751615340214,-0.5788989743590096,-1.96217552381899e-14,-1.469657728847551e-14
Wheat|Minnesota|2020|spring,Wheat,Minnesota,2020,excess_rain,0.0020079680304836995,0.0,0.10019751615340214,-0.5788989743590096,-1.96217552381899e-14,-1.469657728847551e-14
Wheat|Minnesota|2020|spring,Wheat,Minnesota,2020,radiation,-0.002676406790026175,0.002676406790026175,0.10019751615340214,-0.5788989743590096,-1.96217552381899e-14,-1.469657728847551e-14
Wheat|Montana|2020|spring,Wheat,Montana,2020,heat,0.03428744465488249,0.0,-0.03526002697101863,0.4063888888888827,-1.96217552381899e-14,-2.9837243786801082e-15
Wheat|Montana|2020|spring,Wheat,Montana,2020,drought,0.022822055872074604,0.0,-0.03526002697101863,0.4063888888888827,-1.96217552381899e-14,-2.9837243786801082e-15
Wheat|Montana|2020|spring,Wheat,Montana,2020,frost_cold,-0.031281667632044735,0.031281667632044735,-0.03526002697101863,0.4063888888888827,-1.96217552381899e-14,-2.9837243786801082e-15
Wheat|Montana|2020|spring,Wheat,Montana,2020,excess_rain,-0.03388038961122122,0.03388038961122122,-0.03526002697101863,0.4063888888888827,-1.96217552381899e-14,-2.9837243786801082e-15
Wheat|Montana|2020|spring,Wheat,Montana,2020,radiation,-0.005781893885516504,0.005781893885516504,-0.03526002697101863,0.4063888888888827,-1.96217552381899e-14,-2.9837243786801082e-15
Wheat|Nebraska|2020|winter,Wheat,Nebraska,2020,heat,0.04637247323444397,0.0,0.1885808126780409,-0.2948572649572734,-1.96217552381899e-14,9.159339953157541e-16
Wheat|Nebraska|2020|winter,Wheat,Nebraska,2020,drought,0.07166191394808692,0.0,0.1885808126780409,-0.2948572649572734,-1.96217552381899e-14,9.159339953157541e-16
Wheat|Nebraska|2020|winter,Wheat,Nebraska,2020,frost_cold,-0.009601856896574612,0.009601856896574612,0.1885808126780409,-0.2948572649572734,-1.96217552381899e-14,9.159339953157541e-16
Wheat|Nebraska|2020|winter,Wheat,Nebraska,2020,excess_rain,0.057456041459776,0.0,0.1885808126780409,-0.2948572649572734,-1.96217552381899e-14,9.159339953157541e-16
Wheat|Nebraska|2020|winter,Wheat,Nebraska,2020,radiation,0.014089030806232077,0.0,0.1885808126780409,-0.2948572649572734,-1.96217552381899e-14,9.159339953157541e-16
Wheat|North Dakota|2020|spring,Wheat,North Dakota,2020,heat,-0.07193362041951513,0.07193362041951513,-0.23005962989674694,0.19272205128205,-1.96217552381899e-14,8.881784197001252e-16
Wheat|North Dakota|2020|spring,Wheat,North Dakota,2020,drought,-0.05730167064487429,0.05730167064487429,-0.23005962989674694,0.19272205128205,-1.96217552381899e-14,8.881784197001252e-16
Wheat|North Dakota|2020|spring,Wheat,North Dakota,2020,frost_cold,0.007308148555318951,0.0,-0.23005962989674694,0.19272205128205,-1.96217552381899e-14,8.881784197001252e-16
Wheat|North Dakota|2020|spring,Wheat,North Dakota,2020,excess_rain,-0.0816916253188258,0.0816916253188258,-0.23005962989674694,0.19272205128205,-1.96217552381899e-14,8.881784197001252e-16
Wheat|North Dakota|2020|spring,Wheat,North Dakota,2020,radiation,-0.022907042172732414,0.022907042172732414,-0.23005962989674694,0.19272205128205,-1.96217552381899e-14,8.881784197001252e-16
Wheat|Oklahoma|2020|winter,Wheat,Oklahoma,2020,heat,0.004414399039509718,0.0,0.14252922904964702,0.7854276923076946,-1.96217552381899e-14,-1.942890293094024e-16
Wheat|Oklahoma|2020|winter,Wheat,Oklahoma,2020,drought,0.14204474343566922,0.0,0.14252922904964702,0.7854276923076946,-1.96217552381899e-14,-1.942890293094024e-16
Wheat|Oklahoma|2020|winter,Wheat,Oklahoma,2020,frost_cold,-0.00613463538871919,0.00613463538871919,0.14252922904964702,0.7854276923076946,-1.96217552381899e-14,-1.942890293094024e-16
Wheat|Oklahoma|2020|winter,Wheat,Oklahoma,2020,excess_rain,-0.006185920168216345,0.006185920168216345,0.14252922904964702,0.7854276923076946,-1.96217552381899e-14,-1.942890293094024e-16
Wheat|Oklahoma|2020|winter,Wheat,Oklahoma,2020,radiation,0.0032714936788233316,0.0,0.14252922904964702,0.7854276923076946,-1.96217552381899e-14,-1.942890293094024e-16
Wheat|South Dakota|2020|spring,Wheat,South Dakota,2020,heat,-0.07683657858761762,0.07683657858761762,-0.1264224295597503,0.04797606837603485,-1.96217552381899e-14,-4.440892098500626e-15
Wheat|South Dakota|2020|spring,Wheat,South Dakota,2020,drought,-0.0023904979819450965,0.0023904979819450965,-0.1264224295597503,0.04797606837603485,-1.96217552381899e-14,-4.440892098500626e-15
Wheat|South Dakota|2020|spring,Wheat,South Dakota,2020,frost_cold,0.017198104998047508,0.0,-0.1264224295597503,0.04797606837603485,-1.96217552381899e-14,-4.440892098500626e-15
Wheat|South Dakota|2020|spring,Wheat,South Dakota,2020,excess_rain,-0.06997147150306582,0.06997147150306582,-0.1264224295597503,0.04797606837603485,-1.96217552381899e-14,-4.440892098500626e-15
Wheat|South Dakota|2020|spring,Wheat,South Dakota,2020,radiation,-0.00149971191474886,0.00149971191474886,-0.1264224295597503,0.04797606837603485,-1.96217552381899e-14,-4.440892098500626e-15
Wheat|Texas|2020|winter,Wheat,Texas,2020,heat,-0.009547403342442154,0.009547403342442154,0.05854608093095609,0.02709606837607037,-1.96217552381899e-14,4.184153024056059e-15
Wheat|Texas|2020|winter,Wheat,Texas,2020,drought,0.09918084389859341,0.0,0.05854608093095609,0.02709606837607037,-1.96217552381899e-14,4.184153024056059e-15
Wheat|Texas|2020|winter,Wheat,Texas,2020,frost_cold,-0.022114928017349128,0.022114928017349128,0.05854608093095609,0.02709606837607037,-1.96217552381899e-14,4.184153024056059e-15
Wheat|Texas|2020|winter,Wheat,Texas,2020,excess_rain,-0.0012045194013966245,0.0012045194013966245,0.05854608093095609,0.02709606837607037,-1.96217552381899e-14,4.184153024056059e-15
Wheat|Texas|2020|winter,Wheat,Texas,2020,radiation,0.002548822075632336,0.0,0.05854608093095609,0.02709606837607037,-1.96217552381899e-14,4.184153024056059e-15
Wheat|Washington|2020|winter,Wheat,Washington,2020,heat,0.07790910405411365,0.0,0.239995759544147,0.7455914529914498,-1.96217552381899e-14,-5.218048215738236e-15
Wheat|Washington|2020|winter,Wheat,Washington,2020,drought,0.1063617081733386,0.0,0.239995759544147,0.7455914529914498,-1.96217552381899e-14,-5.218048215738236e-15
Wheat|Washington|2020|winter,Wheat,Washington,2020,frost_cold,-0.01914283748121638,0.01914283748121638,0.239995759544147,0.7455914529914498,-1.96217552381899e-14,-5.218048215738236e-15
Wheat|Washington|2020|winter,Wheat,Washington,2020,excess_rain,0.06119251097922389,0.0,0.239995759544147,0.7455914529914498,-1.96217552381899e-14,-5.218048215738236e-15
Wheat|Washington|2020|winter,Wheat,Washington,2020,radiation,-0.004143691304824182,0.004143691304824182,0.239995759544147,0.7455914529914498,-1.96217552381899e-14,-5.218048215738236e-15
Barley|Colorado|2021|spring,Barley,Colorado,2021,heat,0.055719592842607406,0.0,0.052454092165156084,-2.023008752136837,-1.96217552381899e-14,1.1102230246251565e-16
Barley|Colorado|2021|spring,Barley,Colorado,2021,drought,0.04811676158796115,0.0,0.052454092165156084,-2.023008752136837,-1.96217552381899e-14,1.1102230246251565e-16
Barley|Colorado|2021|spring,Barley,Colorado,2021,frost_cold,-0.008252367391115512,0.008252367391115512,0.052454092165156084,-2.023008752136837,-1.96217552381899e-14,1.1102230246251565e-16
Barley|Colorado|2021|spring,Barley,Colorado,2021,excess_rain,0.007152423194249613,0.0,0.052454092165156084,-2.023008752136837,-1.96217552381899e-14,1.1102230246251565e-16
Barley|Colorado|2021|spring,Barley,Colorado,2021,radiation,-0.018888053653090174,0.018888053653090174,0.052454092165156084,-2.023008752136837,-1.96217552381899e-14,1.1102230246251565e-16
Barley|Kansas|2021|spring,Barley,Kansas,2021,heat,-0.10516327298060173,0.10516327298060173,-0.10157764244586345,1.2058085811965813,-1.96217552381899e-14,4.232725281383409e-15
Barley|Kansas|2021|spring,Barley,Kansas,2021,drought,0.026494632513893487,0.0,-0.10157764244586345,1.2058085811965813,-1.96217552381899e-14,4.232725281383409e-15
Barley|Kansas|2021|spring,Barley,Kansas,2021,frost_cold,0.010842161231594077,0.0,-0.10157764244586345,1.2058085811965813,-1.96217552381899e-14,4.232725281383409e-15
Barley|Kansas|2021|spring,Barley,Kansas,2021,excess_rain,0.007173097890907858,0.0,-0.10157764244586345,1.2058085811965813,-1.96217552381899e-14,4.232725281383409e-15
Barley|Kansas|2021|spring,Barley,Kansas,2021,radiation,-0.0021685390756956925,0.0021685390756956925,-0.10157764244586345,1.2058085811965813,-1.96217552381899e-14,4.232725281383409e-15
Barley|Minnesota|2021|spring,Barley,Minnesota,2021,heat,-0.07213250515063328,0.07213250515063328,-0.0798780999513135,-0.388643452991452,-1.96217552381899e-14,3.885780586188048e-16
Barley|Minnesota|2021|spring,Barley,Minnesota,2021,drought,0.04142890858602144,0.0,-0.0798780999513135,-0.388643452991452,-1.96217552381899e-14,3.885780586188048e-16
Barley|Minnesota|2021|spring,Barley,Minnesota,2021,frost_cold,-0.031495432744290945,0.031495432744290945,-0.0798780999513135,-0.388643452991452,-1.96217552381899e-14,3.885780586188048e-16
Barley|Minnesota|2021|spring,Barley,Minnesota,2021,excess_rain,0.019665683145645072,0.0,-0.0798780999513135,-0.388643452991452,-1.96217552381899e-14,3.885780586188048e-16
Barley|Minnesota|2021|spring,Barley,Minnesota,2021,radiation,-0.003063437440311161,0.003063437440311161,-0.0798780999513135,-0.388643452991452,-1.96217552381899e-14,3.885780586188048e-16
Barley|Montana|2021|spring,Barley,Montana,2021,heat,-0.06077274989318063,0.06077274989318063,-0.2159439096873657,-0.9221963760683844,-1.96217552381899e-14,-1.304512053934559e-15
Barley|Montana|2021|spring,Barley,Montana,2021,drought,-0.06605188698892528,0.06605188698892528,-0.2159439096873657,-0.9221963760683844,-1.96217552381899e-14,-1.304512053934559e-15
Barley|Montana|2021|spring,Barley,Montana,2021,frost_cold,0.009436768126390237,0.0,-0.2159439096873657,-0.9221963760683844,-1.96217552381899e-14,-1.304512053934559e-15
Barley|Montana|2021|spring,Barley,Montana,2021,excess_rain,-0.0420828593221664,0.0420828593221664,-0.2159439096873657,-0.9221963760683844,-1.96217552381899e-14,-1.304512053934559e-15
Barley|Montana|2021|spring,Barley,Montana,2021,radiation,0.009163640513514329,0.0,-0.2159439096873657,-0.9221963760683844,-1.96217552381899e-14,-1.304512053934559e-15
Barley|North Dakota|2021|spring,Barley,North Dakota,2021,heat,-0.09307680343148918,0.09307680343148918,-0.2123309608501239,-0.730261299145305,-1.96217552381899e-14,-7.216449660063518e-16
Barley|North Dakota|2021|spring,Barley,North Dakota,2021,drought,-0.0954913958612343,0.0954913958612343,-0.2123309608501239,-0.730261299145305,-1.96217552381899e-14,-7.216449660063518e-16
Barley|North Dakota|2021|spring,Barley,North Dakota,2021,frost_cold,0.028692488679162936,0.0,-0.2123309608501239,-0.730261299145305,-1.96217552381899e-14,-7.216449660063518e-16
Barley|North Dakota|2021|spring,Barley,North Dakota,2021,excess_rain,-0.05981023083542855,0.05981023083542855,-0.2123309608501239,-0.730261299145305,-1.96217552381899e-14,-7.216449660063518e-16
Barley|North Dakota|2021|spring,Barley,North Dakota,2021,radiation,0.006496174504123501,0.0,-0.2123309608501239,-0.730261299145305,-1.96217552381899e-14,-7.216449660063518e-16
Barley|South Dakota|2021|spring,Barley,South Dakota,2021,heat,-0.07577561543064201,0.07577561543064201,-0.004559282085669028,-1.2869569230769113,-1.96217552381899e-14,6.4791921827733745e-16
Barley|South Dakota|2021|spring,Barley,South Dakota,2021,drought,0.025813316484542846,0.0,-0.004559282085669028,-1.2869569230769113,-1.96217552381899e-14,6.4791921827733745e-16
Barley|South Dakota|2021|spring,Barley,South Dakota,2021,frost_cold,0.026586421456644624,0.0,-0.004559282085669028,-1.2869569230769113,-1.96217552381899e-14,6.4791921827733745e-16
Barley|South Dakota|2021|spring,Barley,South Dakota,2021,excess_rain,0.0009472938750899641,0.0,-0.004559282085669028,-1.2869569230769113,-1.96217552381899e-14,6.4791921827733745e-16
Barley|South Dakota|2021|spring,Barley,South Dakota,2021,radiation,-0.00473291072041225,0.00473291072041225,-0.004559282085669028,-1.2869569230769113,-1.96217552381899e-14,6.4791921827733745e-16
Barley|Washington|2021|spring,Barley,Washington,2021,heat,-0.03138715015046557,0.03138715015046557,-0.5080643372863436,-1.4875684444444555,-1.96217552381899e-14,-2.3314683517128287e-15
Barley|Washington|2021|spring,Barley,Washington,2021,drought,-0.29955145394892124,0.29955145394892124,-0.5080643372863436,-1.4875684444444555,-1.96217552381899e-14,-2.3314683517128287e-15
Barley|Washington|2021|spring,Barley,Washington,2021,frost_cold,0.016881380693403333,0.0,-0.5080643372863436,-1.4875684444444555,-1.96217552381899e-14,-2.3314683517128287e-15
Barley|Washington|2021|spring,Barley,Washington,2021,excess_rain,-0.13659867323066352,0.13659867323066352,-0.5080643372863436,-1.4875684444444555,-1.96217552381899e-14,-2.3314683517128287e-15
Barley|Washington|2021|spring,Barley,Washington,2021,radiation,-0.0163092999528534,0.0163092999528534,-0.5080643372863436,-1.4875684444444555,-1.96217552381899e-14,-2.3314683517128287e-15
Canola|Minnesota|2021|spring,Canola,Minnesota,2021,heat,-0.06875939002004913,0.06875939002004913,-0.07648133304280581,-0.1484078947368419,-1.96217552381899e-14,-2.2065682614424986e-15
Canola|Minnesota|2021|spring,Canola,Minnesota,2021,drought,0.03873029322877408,0.0,-0.07648133304280581,-0.1484078947368419,-1.96217552381899e-14,-2.2065682614424986e-15
Canola|Minnesota|2021|spring,Canola,Minnesota,2021,frost_cold,-0.03127300357690859,0.03127300357690859,-0.07648133304280581,-0.1484078947368419,-1.96217552381899e-14,-2.2065682614424986e-15
Canola|Minnesota|2021|spring,Canola,Minnesota,2021,excess_rain,0.018865910923648456,0.0,-0.07648133304280581,-0.1484078947368419,-1.96217552381899e-14,-2.2065682614424986e-15
Canola|Minnesota|2021|spring,Canola,Minnesota,2021,radiation,-0.0031217576661292756,0.0031217576661292756,-0.07648133304280581,-0.1484078947368419,-1.96217552381899e-14,-2.2065682614424986e-15
Canola|Montana|2021|spring,Canola,Montana,2021,heat,-0.053625277418253715,0.053625277418253715,-0.18294733667076388,-0.9124083333333255,-1.96217552381899e-14,-1.3877787807814457e-15
Canola|Montana|2021|spring,Canola,Montana,2021,drought,-0.06031989834018407,0.06031989834018407,-0.18294733667076388,-0.9124083333333255,-1.96217552381899e-14,-1.3877787807814457e-15
Canola|Montana|2021|spring,Canola,Montana,2021,frost_cold,0.009644439523010941,0.0,-0.18294733667076388,-0.9124083333333255,-1.96217552381899e-14,-1.3877787807814457e-15
Canola|Montana|2021|spring,Canola,Montana,2021,excess_rain,-0.04454267213684582,0.04454267213684582,-0.18294733667076388,-0.9124083333333255,-1.96217552381899e-14,-1.3877787807814457e-15
Canola|Montana|2021|spring,Canola,Montana,2021,radiation,0.006730960310348273,0.0,-0.18294733667076388,-0.9124083333333255,-1.96217552381899e-14,-1.3877787807814457e-15
Canola|North Dakota|2021|spring,Canola,North Dakota,2021,heat,-0.07596853157387631,0.07596853157387631,-0.139512769482262,-0.47437892307691865,-1.96217552381899e-14,-5.218048215738236e-15
Canola|North Dakota|2021|spring,Canola,North Dakota,2021,drought,-0.0735539577833734,0.0735539577833734,-0.139512769482262,-0.47437892307691865,-1.96217552381899e-14,-5.218048215738236e-15
Canola|North Dakota|2021|spring,Canola,North Dakota,2021,frost_cold,0.02128865853647903,0.0,-0.139512769482262,-0.47437892307691865,-1.96217552381899e-14,-5.218048215738236e-15
Canola|North Dakota|2021|spring,Canola,North Dakota,2021,excess_rain,-0.04298066683257466,0.04298066683257466,-0.139512769482262,-0.47437892307691865,-1.96217552381899e-14,-5.218048215738236e-15
Canola|North Dakota|2021|spring,Canola,North Dakota,2021,radiation,0.0047773630032843205,0.0,-0.139512769482262,-0.47437892307691865,-1.96217552381899e-14,-5.218048215738236e-15
Canola|Oklahoma|2021|spring,Canola,Oklahoma,2021,heat,-0.029326582770522937,0.029326582770522937,0.026492916180401272,1.1745571428571917,-1.96217552381899e-14,4.355196758787372e-14
Canola|Oklahoma|2021|spring,Canola,Oklahoma,2021,drought,0.04629385842765591,0.0,0.026492916180401272,1.1745571428571917,-1.96217552381899e-14,4.355196758787372e-14
Canola|Oklahoma|2021|spring,Canola,Oklahoma,2021,frost_cold,0.012493160393914328,0.0,0.026492916180401272,1.1745571428571917,-1.96217552381899e-14,4.355196758787372e-14
Canola|Oklahoma|2021|spring,Canola,Oklahoma,2021,excess_rain,-0.0073644993044171035,0.0073644993044171035,0.026492916180401272,1.1745571428571917,-1.96217552381899e-14,4.355196758787372e-14
Canola|Oklahoma|2021|spring,Canola,Oklahoma,2021,radiation,0.001370307964036913,0.0,0.026492916180401272,1.1745571428571917,-1.96217552381899e-14,4.355196758787372e-14
Canola|Washington|2021|spring,Canola,Washington,2021,heat,-0.015516404536180977,0.015516404536180977,-0.32264931909063777,1.4795400000000705,-1.96217552381899e-14,2.831068712794149e-15
Canola|Washington|2021|spring,Canola,Washington,2021,drought,-0.23478371724196,0.23478371724196,-0.32264931909063777,1.4795400000000705,-1.96217552381899e-14,2.831068712794149e-15
Canola|Washington|2021|spring,Canola,Washington,2021,frost_cold,0.012947519143767003,0.0,-0.32264931909063777,1.4795400000000705,-1.96217552381899e-14,2.831068712794149e-15
Canola|Washington|2021|spring,Canola,Washington,2021,excess_rain,-0.11285450335416741,0.11285450335416741,-0.32264931909063777,1.4795400000000705,-1.96217552381899e-14,2.831068712794149e-15
Canola|Washington|2021|spring,Canola,Washington,2021,radiation,-0.009204778358737661,0.009204778358737661,-0.32264931909063777,1.4795400000000705,-1.96217552381899e-14,2.831068712794149e-15
Oats|Illinois|2021|spring,Oats,Illinois,2021,heat,-0.006355925462139261,0.006355925462139261,0.004829961058615412,0.12971517948717404,-1.96217552381899e-14,-1.7034984534092246e-15
Oats|Illinois|2021|spring,Oats,Illinois,2021,drought,0.00827569957409352,0.0,0.004829961058615412,0.12971517948717404,-1.96217552381899e-14,-1.7034984534092246e-15
Oats|Illinois|2021|spring,Oats,Illinois,2021,frost_cold,0.026896637954462625,0.0,0.004829961058615412,0.12971517948717404,-1.96217552381899e-14,-1.7034984534092246e-15
Oats|Illinois|2021|spring,Oats,Illinois,2021,excess_rain,-0.0204933532370128,0.0204933532370128,0.004829961058615412,0.12971517948717404,-1.96217552381899e-14,-1.7034984534092246e-15
Oats|Illinois|2021|spring,Oats,Illinois,2021,radiation,-0.0009107278493737748,0.0009107278493737748,0.004829961058615412,0.12971517948717404,-1.96217552381899e-14,-1.7034984534092246e-15
Oats|Iowa|2021|spring,Oats,Iowa,2021,heat,-0.030889947229396177,0.030889947229396177,0.024195843961116726,0.13674317948717896,-1.96217552381899e-14,8.708311849403572e-16
Oats|Iowa|2021|spring,Oats,Iowa,2021,drought,-0.004717251130752324,0.004717251130752324,0.024195843961116726,0.13674317948717896,-1.96217552381899e-14,8.708311849403572e-16
Oats|Iowa|2021|spring,Oats,Iowa,2021,frost_cold,0.010271585188459989,0.0,0.024195843961116726,0.13674317948717896,-1.96217552381899e-14,8.708311849403572e-16
Oats|Iowa|2021|spring,Oats,Iowa,2021,excess_rain,0.027998421001244028,0.0,0.024195843961116726,0.13674317948717896,-1.96217552381899e-14,8.708311849403572e-16
Oats|Iowa|2021|spring,Oats,Iowa,2021,radiation,-0.0017973452092108916,0.0017973452092108916,0.024195843961116726,0.13674317948717896,-1.96217552381899e-14,8.708311849403572e-16
Oats|Kansas|2021|spring,Oats,Kansas,2021,heat,-0.07610226705900906,0.07610226705900906,0.036816464082212584,0.03217364102564879,-1.96217552381899e-14,-5.981326545168031e-15
Oats|Kansas|2021|spring,Oats,Kansas,2021,drought,0.04688595552666433,0.0,0.036816464082212584,0.03217364102564879,-1.96217552381899e-14,-5.981326545168031e-15
Oats|Kansas|2021|spring,Oats,Kansas,2021,frost_cold,0.026494636527295987,0.0,0.036816464082212584,0.03217364102564879,-1.96217552381899e-14,-5.981326545168031e-15
Oats|Kansas|2021|spring,Oats,Kansas,2021,excess_rain,0.014179428586550864,0.0,0.036816464082212584,0.03217364102564879,-1.96217552381899e-14,-5.981326545168031e-15
Oats|Kansas|2021|spring,Oats,Kansas,2021,radiation,0.00029565210626664374,0.0,0.036816464082212584,0.03217364102564879,-1.96217552381899e-14,-5.981326545168031e-15
Oats|Minnesota|2021|spring,Oats,Minnesota,2021,heat,-0.05366958038409123,0.05366958038409123,-0.014047749951756946,-0.45714338461539183,-1.96217552381899e-14,-1.835337437583462e-15
Oats|Minnesota|2021|spring,Oats,Minnesota,2021,drought,0.04250302562596431,0.0,-0.014047749951756946,-0.45714338461539183,-1.96217552381899e-14,-1.835337437583462e-15
Oats|Minnesota|2021|spring,Oats,Minnesota,2021,frost_cold,-0.018287805683251824,0.018287805683251824,-0.014047749951756946,-0.45714338461539183,-1.96217552381899e-14,-1.835337437583462e-15
Oats|Minnesota|2021|spring,Oats,Minnesota,2021,excess_rain,0.01728155554701888,0.0,-0.014047749951756946,-0.45714338461539183,-1.96217552381899e-14,-1.835337437583462e-15
Oats|Minnesota|2021|spring,Oats,Minnesota,2021,radiation,-0.004990847418388661,0.004990847418388661,-0.014047749951756946,-0.45714338461539183,-1.96217552381899e-14,-1.835337437583462e-15
Oats|Montana|2021|spring,Oats,Montana,2021,heat,-0.04861084274058485,0.04861084274058485,-0.1596972403170121,-0.715370700854711,-1.96217552381899e-14,-5.551115123125783e-17
Oats|Montana|2021|spring,Oats,Montana,2021,drought,-0.052709634377252915,0.052709634377252915,-0.1596972403170121,-0.715370700854711,-1.96217552381899e-14,-5.551115123125783e-17
Oats|Montana|2021|spring,Oats,Montana,2021,frost_cold,0.012522796108737211,0.0,-0.1596972403170121,-0.715370700854711,-1.96217552381899e-14,-5.551115123125783e-17
Oats|Montana|2021|spring,Oats,Montana,2021,excess_rain,-0.041802160766233484,0.041802160766233484,-0.1596972403170121,-0.715370700854711,-1.96217552381899e-14,-5.551115123125783e-17
Oats|Montana|2021|spring,Oats,Montana,2021,radiation,0.011335120933656892,0.0,-0.1596972403170121,-0.715370700854711,-1.96217552381899e-14,-5.551115123125783e-17
Oats|Nebraska|2021|spring,Oats,Nebraska,2021,heat,-0.04271588861758387,0.04271588861758387,-0.050411198005094304,-0.5905844786324805,-1.96217552381899e-14,-4.628242233906121e-15
Oats|Nebraska|2021|spring,Oats,Nebraska,2021,drought,0.030956608278939975,0.0,-0.050411198005094304,-0.5905844786324805,-1.96217552381899e-14,-4.628242233906121e-15
Oats|Nebraska|2021|spring,Oats,Nebraska,2021,frost_cold,0.03871924604837905,0.0,-0.050411198005094304,-0.5905844786324805,-1.96217552381899e-14,-4.628242233906121e-15
Oats|Nebraska|2021|spring,Oats,Nebraska,2021,excess_rain,-0.07283589025399603,0.07283589025399603,-0.050411198005094304,-0.5905844786324805,-1.96217552381899e-14,-4.628242233906121e-15
Oats|Nebraska|2021|spring,Oats,Nebraska,2021,radiation,-0.0012745963062405117,0.0012745963062405117,-0.050411198005094304,-0.5905844786324805,-1.96217552381899e-14,-4.628242233906121e-15
Oats|North Dakota|2021|spring,Oats,North Dakota,2021,heat,-0.08842707917029412,0.08842707917029412,-0.20848659329314656,-0.6048005470085607,-1.96217552381899e-14,-4.524158825347513e-15
Oats|North Dakota|2021|spring,Oats,North Dakota,2021,drought,-0.09306036456461471,0.09306036456461471,-0.20848659329314656,-0.6048005470085607,-1.96217552381899e-14,-4.524158825347513e-15
Oats|North Dakota|2021|spring,Oats,North Dakota,2021,frost_cold,0.029437115576336215,0.0,-0.20848659329314656,-0.6048005470085607,-1.96217552381899e-14,-4.524158825347513e-15
Oats|North Dakota|2021|spring,Oats,North Dakota,2021,excess_rain,-0.06003848351211773,0.06003848351211773,-0.20848659329314656,-0.6048005470085607,-1.96217552381899e-14,-4.524158825347513e-15
Oats|North Dakota|2021|spring,Oats,North Dakota,2021,radiation,0.006122363099012856,0.0,-0.20848659329314656,-0.6048005470085607,-1.96217552381899e-14,-4.524158825347513e-15
Oats|Oklahoma|2021|spring,Oats,Oklahoma,2021,heat,-0.03653516437656637,0.03653516437656637,-0.008861787789992342,0.2763809230769241,-1.96217552381899e-14,3.026051631493942e-14
Oats|Oklahoma|2021|spring,Oats,Oklahoma,2021,drought,0.03903105522913529,0.0,-0.008861787789992342,0.2763809230769241,-1.96217552381899e-14,3.026051631493942e-14
Oats|Oklahoma|2021|spring,Oats,Oklahoma,2021,frost_cold,0.012481631288885867,0.0,-0.008861787789992342,0.2763809230769241,-1.96217552381899e-14,3.026051631493942e-14
Oats|Oklahoma|2021|spring,Oats,Oklahoma,2021,excess_rain,-0.010322616337551141,0.010322616337551141,-0.008861787789992342,0.2763809230769241,-1.96217552381899e-14,3.026051631493942e-14
Oats|Oklahoma|2021|spring,Oats,Oklahoma,2021,radiation,0.0004389070297580515,0.0,-0.008861787789992342,0.2763809230769241,-1.96217552381899e-14,3.026051631493942e-14
Oats|South Dakota|2021|spring,Oats,South Dakota,2021,heat,-0.07574867162988319,0.07574867162988319,-0.08261910197782696,-0.6313154529914677,-1.96217552381899e-14,-8.951173136040325e-15
Oats|South Dakota|2021|spring,Oats,South Dakota,2021,drought,0.002788602292538118,0.0,-0.08261910197782696,-0.6313154529914677,-1.96217552381899e-14,-8.951173136040325e-15
Oats|South Dakota|2021|spring,Oats,South Dakota,2021,frost_cold,0.014716184137106953,0.0,-0.08261910197782696,-0.6313154529914677,-1.96217552381899e-14,-8.951173136040325e-15
Oats|South Dakota|2021|spring,Oats,South Dakota,2021,excess_rain,-0.012078342671974693,0.012078342671974693,-0.08261910197782696,-0.6313154529914677,-1.96217552381899e-14,-8.951173136040325e-15
Oats|South Dakota|2021|spring,Oats,South Dakota,2021,radiation,-0.006243097142723315,0.006243097142723315,-0.08261910197782696,-0.6313154529914677,-1.96217552381899e-14,-8.951173136040325e-15
Oats|Texas|2021|spring,Oats,Texas,2021,heat,-0.06155066687000307,0.06155066687000307,0.015903702636597954,0.005641811965807486,-1.96217552381899e-14,7.178285743592028e-15
Oats|Texas|2021|spring,Oats,Texas,2021,drought,0.0540599194326312,0.0,0.015903702636597954,0.005641811965807486,-1.96217552381899e-14,7.178285743592028e-15
Oats|Texas|2021|spring,Oats,Texas,2021,frost_cold,0.02293091765075797,0.0,0.015903702636597954,0.005641811965807486,-1.96217552381899e-14,7.178285743592028e-15
Oats|Texas|2021|spring,Oats,Texas,2021,excess_rain,-0.00042166314845528633,0.00042166314845528633,0.015903702636597954,0.005641811965807486,-1.96217552381899e-14,7.178285743592028e-15
Oats|Texas|2021|spring,Oats,Texas,2021,radiation,-0.002585052942323628,0.002585052942323628,0.015903702636597954,0.005641811965807486,-1.96217552381899e-14,7.178285743592028e-15
Wheat|Colorado|2021|winter,Wheat,Colorado,2021,heat,0.02959154827794769,0.0,-0.09497447743947038,0.19334516239316324,-1.96217552381899e-14,-6.661338147750939e-16
Wheat|Colorado|2021|winter,Wheat,Colorado,2021,drought,-0.04293278534635528,0.04293278534635528,-0.09497447743947038,0.19334516239316324,-1.96217552381899e-14,-6.661338147750939e-16
Wheat|Colorado|2021|winter,Wheat,Colorado,2021,frost_cold,-0.01707109443350916,0.01707109443350916,-0.09497447743947038,0.19334516239316324,-1.96217552381899e-14,-6.661338147750939e-16
Wheat|Colorado|2021|winter,Wheat,Colorado,2021,excess_rain,-0.05212492507812992,0.05212492507812992,-0.09497447743947038,0.19334516239316324,-1.96217552381899e-14,-6.661338147750939e-16
Wheat|Colorado|2021|winter,Wheat,Colorado,2021,radiation,0.0051934855710019006,0.0,-0.09497447743947038,0.19334516239316324,-1.96217552381899e-14,-6.661338147750939e-16
Wheat|Illinois|2021|winter,Wheat,Illinois,2021,heat,-0.004246148644035551,0.004246148644035551,-0.1523948343508877,0.46136304273500617,-1.96217552381899e-14,4.3298697960381105e-15
Wheat|Illinois|2021|winter,Wheat,Illinois,2021,drought,-0.02348406644423303,0.02348406644423303,-0.1523948343508877,0.46136304273500617,-1.96217552381899e-14,4.3298697960381105e-15
Wheat|Illinois|2021|winter,Wheat,Illinois,2021,frost_cold,-0.025001305101916643,0.025001305101916643,-0.1523948343508877,0.46136304273500617,-1.96217552381899e-14,4.3298697960381105e-15
Wheat|Illinois|2021|winter,Wheat,Illinois,2021,excess_rain,-0.10019625169408745,0.10019625169408745,-0.1523948343508877,0.46136304273500617,-1.96217552381899e-14,4.3298697960381105e-15
Wheat|Illinois|2021|winter,Wheat,Illinois,2021,radiation,0.006764933831342462,0.0,-0.1523948343508877,0.46136304273500617,-1.96217552381899e-14,4.3298697960381105e-15
Wheat|Kansas|2021|winter,Wheat,Kansas,2021,heat,0.026800041386375144,0.0,0.13573170883189772,0.894079111111111,-1.96217552381899e-14,-4.496403249731884e-15
Wheat|Kansas|2021|winter,Wheat,Kansas,2021,drought,0.05830270623251513,0.0,0.13573170883189772,0.894079111111111,-1.96217552381899e-14,-4.496403249731884e-15
Wheat|Kansas|2021|winter,Wheat,Kansas,2021,frost_cold,-0.0183404483903045,0.0183404483903045,0.13573170883189772,0.894079111111111,-1.96217552381899e-14,-4.496403249731884e-15
Wheat|Kansas|2021|winter,Wheat,Kansas,2021,excess_rain,0.030285251337269475,0.0,0.13573170883189772,0.894079111111111,-1.96217552381899e-14,-4.496403249731884e-15
Wheat|Kansas|2021|winter,Wheat,Kansas,2021,radiation,0.021107247795091506,0.0,0.13573170883189772,0.894079111111111,-1.96217552381899e-14,-4.496403249731884e-15
Wheat|Minnesota|2021|spring,Wheat,Minnesota,2021,heat,-0.060005811018423935,0.060005811018423935,-0.06396131252051056,-0.9763028717949083,-1.96217552381899e-14,-5.828670879282072e-16
Wheat|Minnesota|2021|spring,Wheat,Minnesota,2021,drought,0.044269723371666854,0.0,-0.06396131252051056,-0.9763028717949083,-1.96217552381899e-14,-5.828670879282072e-16
Wheat|Minnesota|2021|spring,Wheat,Minnesota,2021,frost_cold,-0.02987230343527214,0.02987230343527214,-0.06396131252051056,-0.9763028717949083,-1.96217552381899e-14,-5.828670879282072e-16
Wheat|Minnesota|2021|spring,Wheat,Minnesota,2021,excess_rain,0.01866825670538723,0.0,-0.06396131252051056,-0.9763028717949083,-1.96217552381899e-14,-5.828670879282072e-16
Wheat|Minnesota|2021|spring,Wheat,Minnesota,2021,radiation,-0.0027093280380568745,0.0027093280380568745,-0.06396131252051056,-0.9763028717949083,-1.96217552381899e-14,-5.828670879282072e-16
Wheat|Montana|2021|spring,Wheat,Montana,2021,heat,-0.052011300340293484,0.052011300340293484,-0.13676560027700593,-0.918076581196589,-1.96217552381899e-14,7.771561172376096e-16
Wheat|Montana|2021|spring,Wheat,Montana,2021,drought,-0.04557005036228215,0.04557005036228215,-0.13676560027700593,-0.918076581196589,-1.96217552381899e-14,7.771561172376096e-16
Wheat|Montana|2021|spring,Wheat,Montana,2021,frost_cold,0.016950401806086816,0.0,-0.13676560027700593,-0.918076581196589,-1.96217552381899e-14,7.771561172376096e-16
Wheat|Montana|2021|spring,Wheat,Montana,2021,excess_rain,-0.036038183567450637,0.036038183567450637,-0.13676560027700593,-0.918076581196589,-1.96217552381899e-14,7.771561172376096e-16
Wheat|Montana|2021|spring,Wheat,Montana,2021,radiation,0.013422273429870802,0.0,-0.13676560027700593,-0.918076581196589,-1.96217552381899e-14,7.771561172376096e-16
Wheat|Nebraska|2021|winter,Wheat,Nebraska,2021,heat,0.03586011121243409,0.0,-0.057291751017515026,0.22038034188033873,-1.96217552381899e-14,6.245004513516506e-17
Wheat|Nebraska|2021|winter,Wheat,Nebraska,2021,drought,-0.08045871862404812,0.08045871862404812,-0.057291751017515026,0.22038034188033873,-1.96217552381899e-14,6.245004513516506e-17
Wheat|Nebraska|2021|winter,Wheat,Nebraska,2021,frost_cold,-0.018908199231929483,0.018908199231929483,-0.057291751017515026,0.22038034188033873,-1.96217552381899e-14,6.245004513516506e-17
Wheat|Nebraska|2021|winter,Wheat,Nebraska,2021,excess_rain,-0.018861513513038934,0.018861513513038934,-0.057291751017515026,0.22038034188033873,-1.96217552381899e-14,6.245004513516506e-17
Wheat|Nebraska|2021|winter,Wheat,Nebraska,2021,radiation,0.01691468848313029,0.0,-0.057291751017515026,0.22038034188033873,-1.96217552381899e-14,6.245004513516506e-17
Wheat|North Dakota|2021|spring,Wheat,North Dakota,2021,heat,-0.0887481499563876,0.0887481499563876,-0.19144571806166824,-0.8789232820512836,-1.96217552381899e-14,-3.552713678800501e-15
Wheat|North Dakota|2021|spring,Wheat,North Dakota,2021,drought,-0.08537826066413043,0.08537826066413043,-0.19144571806166824,-0.8789232820512836,-1.96217552381899e-14,-3.552713678800501e-15
Wheat|North Dakota|2021|spring,Wheat,North Dakota,2021,frost_cold,0.027482583348695296,0.0,-0.19144571806166824,-0.8789232820512836,-1.96217552381899e-14,-3.552713678800501e-15
Wheat|North Dakota|2021|spring,Wheat,North Dakota,2021,excess_rain,-0.058651696773591,0.058651696773591,-0.19144571806166824,-0.8789232820512836,-1.96217552381899e-14,-3.552713678800501e-15
Wheat|North Dakota|2021|spring,Wheat,North Dakota,2021,radiation,0.0068996269109982454,0.0,-0.19144571806166824,-0.8789232820512836,-1.96217552381899e-14,-3.552713678800501e-15
Wheat|Oklahoma|2021|winter,Wheat,Oklahoma,2021,heat,0.019537134939706033,0.0,0.09744744280626079,0.722539384615386,-1.96217552381899e-14,1.970645868709653e-15
Wheat|Oklahoma|2021|winter,Wheat,Oklahoma,2021,drought,0.07284998682307708,0.0,0.09744744280626079,0.722539384615386,-1.96217552381899e-14,1.970645868709653e-15
Wheat|Oklahoma|2021|winter,Wheat,Oklahoma,2021,frost_cold,-0.027128368007791524,0.027128368007791524,0.09744744280626079,0.722539384615386,-1.96217552381899e-14,1.970645868709653e-15
Wheat|Oklahoma|2021|winter,Wheat,Oklahoma,2021,excess_rain,0.008335011261838794,0.0,0.09744744280626079,0.722539384615386,-1.96217552381899e-14,1.970645868709653e-15
Wheat|Oklahoma|2021|winter,Wheat,Oklahoma,2021,radiation,0.019890658562002995,0.0,0.09744744280626079,0.722539384615386,-1.96217552381899e-14,1.970645868709653e-15
Wheat|South Dakota|2021|spring,Wheat,South Dakota,2021,heat,-0.07768893290250196,0.07768893290250196,-0.07858391833924747,-1.1967099145299507,-1.96217552381899e-14,-2.3175905639050143e-15
Wheat|South Dakota|2021|spring,Wheat,South Dakota,2021,drought,0.006813025804818333,0.0,-0.07858391833924747,-1.1967099145299507,-1.96217552381899e-14,-2.3175905639050143e-15
Wheat|South Dakota|2021|spring,Wheat,South Dakota,2021,frost_cold,0.017320324974279547,0.0,-0.07858391833924747,-1.1967099145299507,-1.96217552381899e-14,-2.3175905639050143e-15
Wheat|South Dakota|2021|spring,Wheat,South Dakota,2021,excess_rain,-0.010356514622245253,0.010356514622245253,-0.07858391833924747,-1.1967099145299507,-1.96217552381899e-14,-2.3175905639050143e-15
Wheat|South Dakota|2021|spring,Wheat,South Dakota,2021,radiation,-0.007692004865070949,0.007692004865070949,-0.07858391833924747,-1.1967099145299507,-1.96217552381899e-14,-2.3175905639050143e-15
Wheat|Texas|2021|winter,Wheat,Texas,2021,heat,-0.011141925678046193,0.011141925678046193,-0.04656489725387349,0.5003325470085485,-1.96217552381899e-14,1.7416623698807143e-15
Wheat|Texas|2021|winter,Wheat,Texas,2021,drought,0.012794069120141555,0.0,-0.04656489725387349,0.5003325470085485,-1.96217552381899e-14,1.7416623698807143e-15
Wheat|Texas|2021|winter,Wheat,Texas,2021,frost_cold,-0.02546576431540836,0.02546576431540836,-0.04656489725387349,0.5003325470085485,-1.96217552381899e-14,1.7416623698807143e-15
Wheat|Texas|2021|winter,Wheat,Texas,2021,excess_rain,-0.02492886096215464,0.02492886096215464,-0.04656489725387349,0.5003325470085485,-1.96217552381899e-14,1.7416623698807143e-15
Wheat|Texas|2021|winter,Wheat,Texas,2021,radiation,0.0031589348743482778,0.0,-0.04656489725387349,0.5003325470085485,-1.96217552381899e-14,1.7416623698807143e-15
Wheat|Washington|2021|winter,Wheat,Washington,2021,heat,0.03176061814825662,0.0,0.08000773930102628,-1.502371452991456,-1.96217552381899e-14,1.5265566588595902e-16
Wheat|Washington|2021|winter,Wheat,Washington,2021,drought,0.036019122234610096,0.0,0.08000773930102628,-1.502371452991456,-1.96217552381899e-14,1.5265566588595902e-16
Wheat|Washington|2021|winter,Wheat,Washington,2021,frost_cold,0.009772053096850074,0.0,0.08000773930102628,-1.502371452991456,-1.96217552381899e-14,1.5265566588595902e-16
Wheat|Washington|2021|winter,Wheat,Washington,2021,excess_rain,-0.0009716650757624519,0.0009716650757624519,0.08000773930102628,-1.502371452991456,-1.96217552381899e-14,1.5265566588595902e-16
Wheat|Washington|2021|winter,Wheat,Washington,2021,radiation,-0.0027196383998051212,0.0027196383998051212,0.08000773930102628,-1.502371452991456,-1.96217552381899e-14,1.5265566588595902e-16
Barley|Colorado|2022|spring,Barley,Colorado,2022,heat,0.024309635724620672,0.0,0.020866880083453963,-2.1320250256411324,-1.96217552381899e-14,3.2612801348363973e-15
Barley|Colorado|2022|spring,Barley,Colorado,2022,drought,0.07205582142512432,0.0,0.020866880083453963,-2.1320250256411324,-1.96217552381899e-14,3.2612801348363973e-15
Barley|Colorado|2022|spring,Barley,Colorado,2022,frost_cold,-0.007388497825296783,0.007388497825296783,0.020866880083453963,-2.1320250256411324,-1.96217552381899e-14,3.2612801348363973e-15
Barley|Colorado|2022|spring,Barley,Colorado,2022,excess_rain,-0.022826512753121853,0.022826512753121853,0.020866880083453963,-2.1320250256411324,-1.96217552381899e-14,3.2612801348363973e-15
Barley|Colorado|2022|spring,Barley,Colorado,2022,radiation,-0.013382698100609531,0.013382698100609531,0.020866880083453963,-2.1320250256411324,-1.96217552381899e-14,3.2612801348363973e-15
Barley|Kansas|2022|spring,Barley,Kansas,2022,heat,-0.12174549570193247,0.12174549570193247,-0.08529231783679744,-0.5243154871794877,-1.96217552381899e-14,-2.9837243786801082e-15
Barley|Kansas|2022|spring,Barley,Kansas,2022,drought,0.033054446419234246,0.0,-0.08529231783679744,-0.5243154871794877,-1.96217552381899e-14,-2.9837243786801082e-15
Barley|Kansas|2022|spring,Barley,Kansas,2022,frost_cold,0.005416963457114641,0.0,-0.08529231783679744,-0.5243154871794877,-1.96217552381899e-14,-2.9837243786801082e-15
Barley|Kansas|2022|spring,Barley,Kansas,2022,excess_rain,0.03408670597038375,0.0,-0.08529231783679744,-0.5243154871794877,-1.96217552381899e-14,-2.9837243786801082e-15
Barley|Kansas|2022|spring,Barley,Kansas,2022,radiation,-0.010176725745877932,0.010176725745877932,-0.08529231783679744,-0.5243154871794877,-1.96217552381899e-14,-2.9837243786801082e-15
Barley|Minnesota|2022|spring,Barley,Minnesota,2022,heat,0.008127050337611406,0.0,-0.08127458731727377,0.5147816410256429,-1.96217552381899e-14,-1.5543122344752192e-15
Barley|Minnesota|2022|spring,Barley,Minnesota,2022,drought,-0.012382960415214743,0.012382960415214743,-0.08127458731727377,0.5147816410256429,-1.96217552381899e-14,-1.5543122344752192e-15
Barley|Minnesota|2022|spring,Barley,Minnesota,2022,frost_cold,-0.040659513865252565,0.040659513865252565,-0.08127458731727377,0.5147816410256429,-1.96217552381899e-14,-1.5543122344752192e-15
Barley|Minnesota|2022|spring,Barley,Minnesota,2022,excess_rain,-0.02587830524723737,0.02587830524723737,-0.08127458731727377,0.5147816410256429,-1.96217552381899e-14,-1.5543122344752192e-15
Barley|Minnesota|2022|spring,Barley,Minnesota,2022,radiation,-0.002394763796574243,0.002394763796574243,-0.08127458731727377,0.5147816410256429,-1.96217552381899e-14,-1.5543122344752192e-15
Barley|Montana|2022|spring,Barley,Montana,2022,heat,-0.05837342889141204,0.05837342889141204,-0.1622232338659768,-0.7773134358974474,-1.96217552381899e-14,4.6351811278100286e-15
Barley|Montana|2022|spring,Barley,Montana,2022,drought,0.005740930561490968,0.0,-0.1622232338659768,-0.7773134358974474,-1.96217552381899e-14,4.6351811278100286e-15
Barley|Montana|2022|spring,Barley,Montana,2022,frost_cold,-0.04562959753036307,0.04562959753036307,-0.1622232338659768,-0.7773134358974474,-1.96217552381899e-14,4.6351811278100286e-15
Barley|Montana|2022|spring,Barley,Montana,2022,excess_rain,-0.005924341588899989,0.005924341588899989,-0.1622232338659768,-0.7773134358974474,-1.96217552381899e-14,4.6351811278100286e-15
Barley|Montana|2022|spring,Barley,Montana,2022,radiation,-0.007710132600353314,0.007710132600353314,-0.1622232338659768,-0.7773134358974474,-1.96217552381899e-14,4.6351811278100286e-15
Barley|North Dakota|2022|spring,Barley,North Dakota,2022,heat,-0.0567979708803859,0.0567979708803859,-0.0655724938561371,0.42761210256410287,-1.96217552381899e-14,2.581268532253489e-15
Barley|North Dakota|2022|spring,Barley,North Dakota,2022,drought,0.0330669127189827,0.0,-0.0655724938561371,0.42761210256410287,-1.96217552381899e-14,2.581268532253489e-15
Barley|North Dakota|2022|spring,Barley,North Dakota,2022,frost_cold,-0.03996206334672556,0.03996206334672556,-0.0655724938561371,0.42761210256410287,-1.96217552381899e-14,2.581268532253489e-15
Barley|North Dakota|2022|spring,Barley,North Dakota,2022,excess_rain,0.010671234448015782,0.0,-0.0655724938561371,0.42761210256410287,-1.96217552381899e-14,2.581268532253489e-15
Barley|North Dakota|2022|spring,Barley,North Dakota,2022,radiation,-0.004114540777759879,0.004114540777759879,-0.0655724938561371,0.42761210256410287,-1.96217552381899e-14,2.581268532253489e-15
Barley|South Dakota|2022|spring,Barley,South Dakota,2022,heat,-0.0948034199455526,0.0948034199455526,-0.12044158812487755,0.5459400000000123,-1.96217552381899e-14,2.248201624865942e-15
Barley|South Dakota|2022|spring,Barley,South Dakota,2022,drought,-0.0004834222531734933,0.0004834222531734933,-0.12044158812487755,0.5459400000000123,-1.96217552381899e-14,2.248201624865942e-15
Barley|South Dakota|2022|spring,Barley,South Dakota,2022,frost_cold,-0.018530966397628662,0.018530966397628662,-0.12044158812487755,0.5459400000000123,-1.96217552381899e-14,2.248201624865942e-15
Barley|South Dakota|2022|spring,Barley,South Dakota,2022,excess_rain,0.01859432765063408,0.0,-0.12044158812487755,0.5459400000000123,-1.96217552381899e-14,2.248201624865942e-15
Barley|South Dakota|2022|spring,Barley,South Dakota,2022,radiation,-0.00509132182974878,0.00509132182974878,-0.12044158812487755,0.5459400000000123,-1.96217552381899e-14,2.248201624865942e-15
Barley|Washington|2022|spring,Barley,Washington,2022,heat,-0.012081308651546682,0.012081308651546682,-0.058381272214644765,0.976607897435886,-1.96217552381899e-14,1.0130785099704553e-15
Barley|Washington|2022|spring,Barley,Washington,2022,drought,-0.028324150787281926,0.028324150787281926,-0.058381272214644765,0.976607897435886,-1.96217552381899e-14,1.0130785099704553e-15
Barley|Washington|2022|spring,Barley,Washington,2022,frost_cold,-0.002405360623882757,0.002405360623882757,-0.058381272214644765,0.976607897435886,-1.96217552381899e-14,1.0130785099704553e-15
Barley|Washington|2022|spring,Barley,Washington,2022,excess_rain,-0.032734498956785874,0.032734498956785874,-0.058381272214644765,0.976607897435886,-1.96217552381899e-14,1.0130785099704553e-15
Barley|Washington|2022|spring,Barley,Washington,2022,radiation,0.010452857128103947,0.0,-0.058381272214644765,0.976607897435886,-1.96217552381899e-14,1.0130785099704553e-15
Canola|Minnesota|2022|spring,Canola,Minnesota,2022,heat,0.008339559083933561,0.0,-0.06385421959568419,0.6191350877192932,-1.96217552381899e-14,-2.7200464103316335e-15
Canola|Minnesota|2022|spring,Canola,Minnesota,2022,drought,-0.019455039352198285,0.019455039352198285,-0.06385421959568419,0.6191350877192932,-1.96217552381899e-14,-2.7200464103316335e-15
Canola|Minnesota|2022|spring,Canola,Minnesota,2022,frost_cold,-0.0389655942364833,0.0389655942364833,-0.06385421959568419,0.6191350877192932,-1.96217552381899e-14,-2.7200464103316335e-15
Canola|Minnesota|2022|spring,Canola,Minnesota,2022,excess_rain,-0.013171756172975375,0.013171756172975375,-0.06385421959568419,0.6191350877192932,-1.96217552381899e-14,-2.7200464103316335e-15
Canola|Minnesota|2022|spring,Canola,Minnesota,2022,radiation,-0.0037031739729497604,0.0037031739729497604,-0.06385421959568419,0.6191350877192932,-1.96217552381899e-14,-2.7200464103316335e-15
Canola|Montana|2022|spring,Canola,Montana,2022,heat,-0.04614991929322794,0.04614991929322794,-0.12582100175013386,-0.7998110294117553,-1.96217552381899e-14,-3.3861802251067274e-15
Canola|Montana|2022|spring,Canola,Montana,2022,drought,0.0032318110232804533,0.0,-0.12582100175013386,-0.7998110294117553,-1.96217552381899e-14,-3.3861802251067274e-15
Canola|Montana|2022|spring,Canola,Montana,2022,frost_cold,-0.0352864773798902,0.0352864773798902,-0.12582100175013386,-0.7998110294117553,-1.96217552381899e-14,-3.3861802251067274e-15
Canola|Montana|2022|spring,Canola,Montana,2022,excess_rain,-0.015965029437059717,0.015965029437059717,-0.12582100175013386,-0.7998110294117553,-1.96217552381899e-14,-3.3861802251067274e-15
Canola|Montana|2022|spring,Canola,Montana,2022,radiation,-0.003194869735590778,0.003194869735590778,-0.12582100175013386,-0.7998110294117553,-1.96217552381899e-14,-3.3861802251067274e-15
Canola|North Dakota|2022|spring,Canola,North Dakota,2022,heat,-0.04838783765394615,0.04838783765394615,-0.03133622899484841,0.044566692307693945,-1.96217552381899e-14,-4.739264536368637e-15
Canola|North Dakota|2022|spring,Canola,North Dakota,2022,drought,0.032593397007057906,0.0,-0.03133622899484841,0.044566692307693945,-1.96217552381899e-14,-4.739264536368637e-15
Canola|North Dakota|2022|spring,Canola,North Dakota,2022,frost_cold,-0.03230469610339289,0.03230469610339289,-0.03133622899484841,0.044566692307693945,-1.96217552381899e-14,-4.739264536368637e-15
Canola|North Dakota|2022|spring,Canola,North Dakota,2022,excess_rain,0.01680232411408352,0.0,-0.03133622899484841,0.044566692307693945,-1.96217552381899e-14,-4.739264536368637e-15
Canola|North Dakota|2022|spring,Canola,North Dakota,2022,radiation,-0.0034556916118608314,0.0034556916118608314,-0.03133622899484841,0.044566692307693945,-1.96217552381899e-14,-4.739264536368637e-15
Canola|Oklahoma|2022|spring,Canola,Oklahoma,2022,heat,-0.014718044370539609,0.014718044370539609,0.12511322350935533,0.30432857142862946,-1.96217552381899e-14,-2.609024107869118e-15
Canola|Oklahoma|2022|spring,Canola,Oklahoma,2022,drought,0.052438154643832544,0.0,0.12511322350935533,0.30432857142862946,-1.96217552381899e-14,-2.609024107869118e-15
Canola|Oklahoma|2022|spring,Canola,Oklahoma,2022,frost_cold,0.02001440675115157,0.0,0.12511322350935533,0.30432857142862946,-1.96217552381899e-14,-2.609024107869118e-15
Canola|Oklahoma|2022|spring,Canola,Oklahoma,2022,excess_rain,0.0590166019344725,0.0,0.12511322350935533,0.30432857142862946,-1.96217552381899e-14,-2.609024107869118e-15
Canola|Oklahoma|2022|spring,Canola,Oklahoma,2022,radiation,-0.00028212103263220226,0.00028212103263220226,0.12511322350935533,0.30432857142862946,-1.96217552381899e-14,-2.609024107869118e-15
Canola|Washington|2022|spring,Canola,Washington,2022,heat,-0.0006081259667229727,0.0006081259667229727,-0.052372503802295814,2.3986300000000966,-1.96217552381899e-14,-1.1171619185290638e-15
Canola|Washington|2022|spring,Canola,Washington,2022,drought,-0.02893895013313544,0.02893895013313544,-0.052372503802295814,2.3986300000000966,-1.96217552381899e-14,-1.1171619185290638e-15
Canola|Washington|2022|spring,Canola,Washington,2022,frost_cold,-0.0031049907546825,0.0031049907546825,-0.052372503802295814,2.3986300000000966,-1.96217552381899e-14,-1.1171619185290638e-15
Canola|Washington|2022|spring,Canola,Washington,2022,excess_rain,-0.03111836495947752,0.03111836495947752,-0.052372503802295814,2.3986300000000966,-1.96217552381899e-14,-1.1171619185290638e-15
Canola|Washington|2022|spring,Canola,Washington,2022,radiation,0.004033082280364858,0.0,-0.052372503802295814,2.3986300000000966,-1.96217552381899e-14,-1.1171619185290638e-15
Oats|Illinois|2022|spring,Oats,Illinois,2022,heat,-0.02743120881869875,0.02743120881869875,0.08964066647359001,0.1102544615384562,-1.96217552381899e-14,1.6903145549918008e-14
Oats|Illinois|2022|spring,Oats,Illinois,2022,drought,0.048657127360213145,0.0,0.08964066647359001,0.1102544615384562,-1.96217552381899e-14,1.6903145549918008e-14
Oats|Illinois|2022|spring,Oats,Illinois,2022,frost_cold,0.017196849818446307,0.0,0.08964066647359001,0.1102544615384562,-1.96217552381899e-14,1.6903145549918008e-14
Oats|Illinois|2022|spring,Oats,Illinois,2022,excess_rain,0.031904002627591015,0.0,0.08964066647359001,0.1102544615384562,-1.96217552381899e-14,1.6903145549918008e-14
Oats|Illinois|2022|spring,Oats,Illinois,2022,radiation,-0.002214334722018716,0.002214334722018716,0.08964066647359001,0.1102544615384562,-1.96217552381899e-14,1.6903145549918008e-14
Oats|Iowa|2022|spring,Oats,Iowa,2022,heat,-0.029825814495012315,0.029825814495012315,0.16669319040495223,0.303524307692308,-1.96217552381899e-14,-1.27675647831893e-15
Oats|Iowa|2022|spring,Oats,Iowa,2022,drought,0.04921136918486764,0.0,0.16669319040495223,0.303524307692308,-1.96217552381899e-14,-1.27675647831893e-15
Oats|Iowa|2022|spring,Oats,Iowa,2022,frost_cold,0.024803609464294045,0.0,0.16669319040495223,0.303524307692308,-1.96217552381899e-14,-1.27675647831893e-15
Oats|Iowa|2022|spring,Oats,Iowa,2022,excess_rain,0.06050327765776943,0.0,0.16669319040495223,0.303524307692308,-1.96217552381899e-14,-1.27675647831893e-15
Oats|Iowa|2022|spring,Oats,Iowa,2022,radiation,-0.0026595424590738427,0.0026595424590738427,0.16669319040495223,0.303524307692308,-1.96217552381899e-14,-1.27675647831893e-15
Oats|Kansas|2022|spring,Oats,Kansas,2022,heat,-0.09803250675212352,0.09803250675212352,-0.024543025936103125,-0.2895593846153768,-1.96217552381899e-14,1.394717674685353e-15
Oats|Kansas|2022|spring,Oats,Kansas,2022,drought,0.03924169572190687,0.0,-0.024543025936103125,-0.2895593846153768,-1.96217552381899e-14,1.394717674685353e-15
Oats|Kansas|2022|spring,Oats,Kansas,2022,frost_cold,0.013753182968196843,0.0,-0.024543025936103125,-0.2895593846153768,-1.96217552381899e-14,1.394717674685353e-15
Oats|Kansas|2022|spring,Oats,Kansas,2022,excess_rain,0.019045919691990508,0.0,-0.024543025936103125,-0.2895593846153768,-1.96217552381899e-14,1.394717674685353e-15
Oats|Kansas|2022|spring,Oats,Kansas,2022,radiation,-0.00527558756199497,0.00527558756199497,-0.024543025936103125,-0.2895593846153768,-1.96217552381899e-14,1.394717674685353e-15
Oats|Minnesota|2022|spring,Oats,Minnesota,2022,heat,9.084968017005238e-05,0.0,-0.08012006998708915,-0.33000061538462244,-1.96217552381899e-14,-2.3592239273284576e-16
Oats|Minnesota|2022|spring,Oats,Minnesota,2022,drought,-0.006786506862482703,0.006786506862482703,-0.08012006998708915,-0.33000061538462244,-1.96217552381899e-14,-2.3592239273284576e-16
Oats|Minnesota|2022|spring,Oats,Minnesota,2022,frost_cold,-0.038892136452134185,0.038892136452134185,-0.08012006998708915,-0.33000061538462244,-1.96217552381899e-14,-2.3592239273284576e-16
Oats|Minnesota|2022|spring,Oats,Minnesota,2022,excess_rain,-0.022862453519032613,0.022862453519032613,-0.08012006998708915,-0.33000061538462244,-1.96217552381899e-14,-2.3592239273284576e-16
Oats|Minnesota|2022|spring,Oats,Minnesota,2022,radiation,-0.004763931923185699,0.004763931923185699,-0.08012006998708915,-0.33000061538462244,-1.96217552381899e-14,-2.3592239273284576e-16
Oats|Montana|2022|spring,Oats,Montana,2022,heat,-0.04036847566775701,0.04036847566775701,-0.13053569572519746,-0.6136314871794961,-1.96217552381899e-14,3.219646771412954e-15
Oats|Montana|2022|spring,Oats,Montana,2022,drought,0.0004172989717632098,0.0,-0.13053569572519746,-0.6136314871794961,-1.96217552381899e-14,3.219646771412954e-15
Oats|Montana|2022|spring,Oats,Montana,2022,frost_cold,-0.038315039927640265,0.038315039927640265,-0.13053569572519746,-0.6136314871794961,-1.96217552381899e-14,3.219646771412954e-15
Oats|Montana|2022|spring,Oats,Montana,2022,excess_rain,-0.011569389246499574,0.011569389246499574,-0.13053569572519746,-0.6136314871794961,-1.96217552381899e-14,3.219646771412954e-15
Oats|Montana|2022|spring,Oats,Montana,2022,radiation,-0.0045724612285044115,0.0045724612285044115,-0.13053569572519746,-0.6136314871794961,-1.96217552381899e-14,3.219646771412954e-15
Oats|Nebraska|2022|spring,Oats,Nebraska,2022,heat,-0.12381135450488234,0.12381135450488234,-0.2300911593394018,-0.793110666666671,-1.96217552381899e-14,-5.773159728050814e-15
Oats|Nebraska|2022|spring,Oats,Nebraska,2022,drought,-0.023261995200154283,0.023261995200154283,-0.2300911593394018,-0.793110666666671,-1.96217552381899e-14,-5.773159728050814e-15
Oats|Nebraska|2022|spring,Oats,Nebraska,2022,frost_cold,0.004976342096048468,0.0,-0.2300911593394018,-0.793110666666671,-1.96217552381899e-14,-5.773159728050814e-15
Oats|Nebraska|2022|spring,Oats,Nebraska,2022,excess_rain,-0.04106871459723187,0.04106871459723187,-0.2300911593394018,-0.793110666666671,-1.96217552381899e-14,-5.773159728050814e-15
Oats|Nebraska|2022|spring,Oats,Nebraska,2022,radiation,-0.01119453549552054,0.01119453549552054,-0.2300911593394018,-0.793110666666671,-1.96217552381899e-14,-5.773159728050814e-15
Oats|North Dakota|2022|spring,Oats,North Dakota,2022,heat,-0.04361281744903413,0.04361281744903413,-0.00034848930292003395,0.24247343589741988,-1.96217552381899e-14,-7.167714772410294e-15
Oats|North Dakota|2022|spring,Oats,North Dakota,2022,drought,0.04267324596293641,0.0,-0.00034848930292003395,0.24247343589741988,-1.96217552381899e-14,-7.167714772410294e-15
Oats|North Dakota|2022|spring,Oats,North Dakota,2022,frost_cold,-0.029685882908187328,0.029685882908187328,-0.00034848930292003395,0.24247343589741988,-1.96217552381899e-14,-7.167714772410294e-15
Oats|North Dakota|2022|spring,Oats,North Dakota,2022,excess_rain,0.023022059671910004,0.0,-0.00034848930292003395,0.24247343589741988,-1.96217552381899e-14,-7.167714772410294e-15
Oats|North Dakota|2022|spring,Oats,North Dakota,2022,radiation,-0.0025970804880940963,0.0025970804880940963,-0.00034848930292003395,0.24247343589741988,-1.96217552381899e-14,-7.167714772410294e-15
Oats|Oklahoma|2022|spring,Oats,Oklahoma,2022,heat,-0.027577670745169196,0.027577670745169196,0.0687514948514421,-0.6186504615384607,-1.96217552381899e-14,-1.8596235662471372e-15
Oats|Oklahoma|2022|spring,Oats,Oklahoma,2022,drought,0.052529488264464914,0.0,0.0687514948514421,-0.6186504615384607,-1.96217552381899e-14,-1.8596235662471372e-15
Oats|Oklahoma|2022|spring,Oats,Oklahoma,2022,frost_cold,0.017508687940088294,0.0,0.0687514948514421,-0.6186504615384607,-1.96217552381899e-14,-1.8596235662471372e-15
Oats|Oklahoma|2022|spring,Oats,Oklahoma,2022,excess_rain,0.041514784623589346,0.0,0.0687514948514421,-0.6186504615384607,-1.96217552381899e-14,-1.8596235662471372e-15
Oats|Oklahoma|2022|spring,Oats,Oklahoma,2022,radiation,-0.0010840854242431714,0.0010840854242431714,0.0687514948514421,-0.6186504615384607,-1.96217552381899e-14,-1.8596235662471372e-15
Oats|South Dakota|2022|spring,Oats,South Dakota,2022,heat,-0.07328754088219637,0.07328754088219637,-0.07823174924961529,-0.20279466666668933,-1.96217552381899e-14,4.746203430272544e-15
Oats|South Dakota|2022|spring,Oats,South Dakota,2022,drought,0.013335752134126348,0.0,-0.07823174924961529,-0.20279466666668933,-1.96217552381899e-14,4.746203430272544e-15
Oats|South Dakota|2022|spring,Oats,South Dakota,2022,frost_cold,-0.027392824500005686,0.027392824500005686,-0.07823174924961529,-0.20279466666668933,-1.96217552381899e-14,4.746203430272544e-15
Oats|South Dakota|2022|spring,Oats,South Dakota,2022,excess_rain,0.0054688453027249,0.0,-0.07823174924961529,-0.20279466666668933,-1.96217552381899e-14,4.746203430272544e-15
Oats|South Dakota|2022|spring,Oats,South Dakota,2022,radiation,-0.0050273409614333955,0.0050273409614333955,-0.07823174924961529,-0.20279466666668933,-1.96217552381899e-14,4.746203430272544e-15
Oats|Texas|2022|spring,Oats,Texas,2022,heat,-0.10101645148594901,0.10101645148594901,-0.1581706557590618,0.3627848205128157,-1.96217552381899e-14,2.886579864025407e-15
Oats|Texas|2022|spring,Oats,Texas,2022,drought,-0.06143516584437048,0.06143516584437048,-0.1581706557590618,0.3627848205128157,-1.96217552381899e-14,2.886579864025407e-15
Oats|Texas|2022|spring,Oats,Texas,2022,frost_cold,0.033372731431611576,0.0,-0.1581706557590618,0.3627848205128157,-1.96217552381899e-14,2.886579864025407e-15
Oats|Texas|2022|spring,Oats,Texas,2022,excess_rain,-0.02640192440976902,0.02640192440976902,-0.1581706557590618,0.3627848205128157,-1.96217552381899e-14,2.886579864025407e-15
Oats|Texas|2022|spring,Oats,Texas,2022,radiation,4.3591415143613005e-05,0.0,-0.1581706557590618,0.3627848205128157,-1.96217552381899e-14,2.886579864025407e-15
Wheat|Colorado|2022|winter,Wheat,Colorado,2022,heat,-0.004250169070412598,0.004250169070412598,-0.2194477019230842,-0.6157457435897433,-1.96217552381899e-14,5.551115123125783e-17
Wheat|Colorado|2022|winter,Wheat,Colorado,2022,drought,-0.13563284426002273,0.13563284426002273,-0.2194477019230842,-0.6157457435897433,-1.96217552381899e-14,5.551115123125783e-17
Wheat|Colorado|2022|winter,Wheat,Colorado,2022,frost_cold,-0.027439203883668623,0.027439203883668623,-0.2194477019230842,-0.6157457435897433,-1.96217552381899e-14,5.551115123125783e-17
Wheat|Colorado|2022|winter,Wheat,Colorado,2022,excess_rain,-0.04041070267795671,0.04041070267795671,-0.2194477019230842,-0.6157457435897433,-1.96217552381899e-14,5.551115123125783e-17
Wheat|Colorado|2022|winter,Wheat,Colorado,2022,radiation,0.0055245859351087685,0.0,-0.2194477019230842,-0.6157457435897433,-1.96217552381899e-14,5.551115123125783e-17
Wheat|Illinois|2022|winter,Wheat,Illinois,2022,heat,0.016439716585301762,0.0,0.07303276408658568,0.40395189743586446,-1.96217552381899e-14,1.8041124150158794e-15
Wheat|Illinois|2022|winter,Wheat,Illinois,2022,drought,0.030048427593105807,0.0,0.07303276408658568,0.40395189743586446,-1.96217552381899e-14,1.8041124150158794e-15
Wheat|Illinois|2022|winter,Wheat,Illinois,2022,frost_cold,-0.009370213572629729,0.009370213572629729,0.07303276408658568,0.40395189743586446,-1.96217552381899e-14,1.8041124150158794e-15
Wheat|Illinois|2022|winter,Wheat,Illinois,2022,excess_rain,0.003347550669432967,0.0,0.07303276408658568,0.40395189743586446,-1.96217552381899e-14,1.8041124150158794e-15
Wheat|Illinois|2022|winter,Wheat,Illinois,2022,radiation,0.007518816782267919,0.0,0.07303276408658568,0.40395189743586446,-1.96217552381899e-14,1.8041124150158794e-15
Wheat|Kansas|2022|winter,Wheat,Kansas,2022,heat,-0.0033869315292481992,0.0033869315292481992,0.05358362451668334,-0.11784758974358933,-1.96217552381899e-14,-3.5318969970887792e-15
Wheat|Kansas|2022|winter,Wheat,Kansas,2022,drought,0.05079517082309205,0.0,0.05358362451668334,-0.11784758974358933,-1.96217552381899e-14,-3.5318969970887792e-15
Wheat|Kansas|2022|winter,Wheat,Kansas,2022,frost_cold,-0.027021220267935485,0.027021220267935485,0.05358362451668334,-0.11784758974358933,-1.96217552381899e-14,-3.5318969970887792e-15
Wheat|Kansas|2022|winter,Wheat,Kansas,2022,excess_rain,0.011488051102917392,0.0,0.05358362451668334,-0.11784758974358933,-1.96217552381899e-14,-3.5318969970887792e-15
Wheat|Kansas|2022|winter,Wheat,Kansas,2022,radiation,0.008830174307310394,0.0,0.05358362451668334,-0.11784758974358933,-1.96217552381899e-14,-3.5318969970887792e-15
Wheat|Minnesota|2022|spring,Wheat,Minnesota,2022,heat,-0.001988801894262767,0.001988801894262767,-0.12203889946961088,-0.1631067692308079,-1.96217552381899e-14,-1.8596235662471372e-15
Wheat|Minnesota|2022|spring,Wheat,Minnesota,2022,drought,-0.01959261557115989,0.01959261557115989,-0.12203889946961088,-0.1631067692308079,-1.96217552381899e-14,-1.8596235662471372e-15
Wheat|Minnesota|2022|spring,Wheat,Minnesota,2022,frost_cold,-0.04677609774593179,0.04677609774593179,-0.12203889946961088,-0.1631067692308079,-1.96217552381899e-14,-1.8596235662471372e-15
Wheat|Minnesota|2022|spring,Wheat,Minnesota,2022,excess_rain,-0.02406802750938968,0.02406802750938968,-0.12203889946961088,-0.1631067692308079,-1.96217552381899e-14,-1.8596235662471372e-15
Wheat|Minnesota|2022|spring,Wheat,Minnesota,2022,radiation,-0.0003352254786868243,0.0003352254786868243,-0.12203889946961088,-0.1631067692308079,-1.96217552381899e-14,-1.8596235662471372e-15
Wheat|Montana|2022|spring,Wheat,Montana,2022,heat,-0.0549843857444234,0.0549843857444234,-0.17605804248416076,-0.5209420512820575,-1.96217552381899e-14,8.132383655379272e-15
Wheat|Montana|2022|spring,Wheat,Montana,2022,drought,-0.0019060110409152443,0.0019060110409152443,-0.17605804248416076,-0.5209420512820575,-1.96217552381899e-14,8.132383655379272e-15
Wheat|Montana|2022|spring,Wheat,Montana,2022,frost_cold,-0.0415748499570565,0.0415748499570565,-0.17605804248416076,-0.5209420512820575,-1.96217552381899e-14,8.132383655379272e-15
Wheat|Montana|2022|spring,Wheat,Montana,2022,excess_rain,-0.01430597792525857,0.01430597792525857,-0.17605804248416076,-0.5209420512820575,-1.96217552381899e-14,8.132383655379272e-15
Wheat|Montana|2022|spring,Wheat,Montana,2022,radiation,-0.007475878283003324,0.007475878283003324,-0.17605804248416076,-0.5209420512820575,-1.96217552381899e-14,8.132383655379272e-15
Wheat|Nebraska|2022|winter,Wheat,Nebraska,2022,heat,0.04109542326195201,0.0,-0.19132583976904288,-0.9456820512820565,-1.96217552381899e-14,8.604228440844963e-16
Wheat|Nebraska|2022|winter,Wheat,Nebraska,2022,drought,-0.19216258647926587,0.19216258647926587,-0.19132583976904288,-0.9456820512820565,-1.96217552381899e-14,8.604228440844963e-16
Wheat|Nebraska|2022|winter,Wheat,Nebraska,2022,frost_cold,-0.025689986959112593,0.025689986959112593,-0.19132583976904288,-0.9456820512820565,-1.96217552381899e-14,8.604228440844963e-16
Wheat|Nebraska|2022|winter,Wheat,Nebraska,2022,excess_rain,-0.03055674127297423,0.03055674127297423,-0.19132583976904288,-0.9456820512820565,-1.96217552381899e-14,8.604228440844963e-16
Wheat|Nebraska|2022|winter,Wheat,Nebraska,2022,radiation,0.0075405845105923205,0.0,-0.19132583976904288,-0.9456820512820565,-1.96217552381899e-14,8.604228440844963e-16
Wheat|North Dakota|2022|spring,Wheat,North Dakota,2022,heat,-0.04765658013197812,0.04765658013197812,-0.04891601318085524,0.2081313846153825,-1.96217552381899e-14,1.5265566588595902e-16
Wheat|North Dakota|2022|spring,Wheat,North Dakota,2022,drought,0.030027290240626538,0.0,-0.04891601318085524,0.2081313846153825,-1.96217552381899e-14,1.5265566588595902e-16
Wheat|North Dakota|2022|spring,Wheat,North Dakota,2022,frost_cold,-0.036007938231976705,0.036007938231976705,-0.04891601318085524,0.2081313846153825,-1.96217552381899e-14,1.5265566588595902e-16
Wheat|North Dakota|2022|spring,Wheat,North Dakota,2022,excess_rain,0.013609459377883212,0.0,-0.04891601318085524,0.2081313846153825,-1.96217552381899e-14,1.5265566588595902e-16
Wheat|North Dakota|2022|spring,Wheat,North Dakota,2022,radiation,-0.003915333431247171,0.003915333431247171,-0.04891601318085524,0.2081313846153825,-1.96217552381899e-14,1.5265566588595902e-16
Wheat|Oklahoma|2022|winter,Wheat,Oklahoma,2022,heat,-0.019892906799860628,0.019892906799860628,-0.09836929600631167,-0.012948923076922192,-1.96217552381899e-14,-8.076872504148014e-15
Wheat|Oklahoma|2022|winter,Wheat,Oklahoma,2022,drought,-0.03532566298559374,0.03532566298559374,-0.09836929600631167,-0.012948923076922192,-1.96217552381899e-14,-8.076872504148014e-15
Wheat|Oklahoma|2022|winter,Wheat,Oklahoma,2022,frost_cold,-0.015715677706184702,0.015715677706184702,-0.09836929600631167,-0.012948923076922192,-1.96217552381899e-14,-8.076872504148014e-15
Wheat|Oklahoma|2022|winter,Wheat,Oklahoma,2022,excess_rain,0.017736746175824797,0.0,-0.09836929600631167,-0.012948923076922192,-1.96217552381899e-14,-8.076872504148014e-15
Wheat|Oklahoma|2022|winter,Wheat,Oklahoma,2022,radiation,0.0012494955098577808,0.0,-0.09836929600631167,-0.012948923076922192,-1.96217552381899e-14,-8.076872504148014e-15
Wheat|South Dakota|2022|spring,Wheat,South Dakota,2022,heat,-0.07232620148709823,0.07232620148709823,-0.08542511710840969,-0.16819589743592234,-1.96217552381899e-14,2.914335439641036e-16
Wheat|South Dakota|2022|spring,Wheat,South Dakota,2022,drought,0.004061228568572422,0.0,-0.08542511710840969,-0.16819589743592234,-1.96217552381899e-14,2.914335439641036e-16
Wheat|South Dakota|2022|spring,Wheat,South Dakota,2022,frost_cold,-0.017973615767542805,0.017973615767542805,-0.08542511710840969,-0.16819589743592234,-1.96217552381899e-14,2.914335439641036e-16
Wheat|South Dakota|2022|spring,Wheat,South Dakota,2022,excess_rain,0.006273753328350267,0.0,-0.08542511710840969,-0.16819589743592234,-1.96217552381899e-14,2.914335439641036e-16
Wheat|South Dakota|2022|spring,Wheat,South Dakota,2022,radiation,-0.002890337952314474,0.002890337952314474,-0.08542511710840969,-0.16819589743592234,-1.96217552381899e-14,2.914335439641036e-16
Wheat|Texas|2022|winter,Wheat,Texas,2022,heat,-0.04903199817154022,0.04903199817154022,-0.18482210265568194,0.031969025641027216,-1.96217552381899e-14,-4.718447854656915e-16
Wheat|Texas|2022|winter,Wheat,Texas,2022,drought,-0.11655865244235254,0.11655865244235254,-0.18482210265568194,0.031969025641027216,-1.96217552381899e-14,-4.718447854656915e-16
Wheat|Texas|2022|winter,Wheat,Texas,2022,frost_cold,-0.01971257107708123,0.01971257107708123,-0.18482210265568194,0.031969025641027216,-1.96217552381899e-14,-4.718447854656915e-16
Wheat|Texas|2022|winter,Wheat,Texas,2022,excess_rain,-0.002611992975195635,0.002611992975195635,-0.18482210265568194,0.031969025641027216,-1.96217552381899e-14,-4.718447854656915e-16
Wheat|Texas|2022|winter,Wheat,Texas,2022,radiation,0.0024025789675370503,0.0,-0.18482210265568194,0.031969025641027216,-1.96217552381899e-14,-4.718447854656915e-16
Wheat|Washington|2022|winter,Wheat,Washington,2022,heat,0.06142478275953155,0.0,0.16625802962961597,0.12336564102563763,-1.96217552381899e-14,6.38378239159465e-16
Wheat|Washington|2022|winter,Wheat,Washington,2022,drought,0.0688944247105776,0.0,0.16625802962961597,0.12336564102563763,-1.96217552381899e-14,6.38378239159465e-16
Wheat|Washington|2022|winter,Wheat,Washington,2022,frost_cold,-0.02608610583385133,0.02608610583385133,0.16625802962961597,0.12336564102563763,-1.96217552381899e-14,6.38378239159465e-16
Wheat|Washington|2022|winter,Wheat,Washington,2022,excess_rain,-0.003918504325382522,0.003918504325382522,0.16625802962961597,0.12336564102563763,-1.96217552381899e-14,6.38378239159465e-16
Wheat|Washington|2022|winter,Wheat,Washington,2022,radiation,0.04715218480310469,0.0,0.16625802962961597,0.12336564102563763,-1.96217552381899e-14,6.38378239159465e-16
Barley|Colorado|2023|spring,Barley,Colorado,2023,heat,0.019871704730614913,0.0,-0.07990595803513377,-1.1650412991453987,-1.96217552381899e-14,1.8041124150158794e-16
Barley|Colorado|2023|spring,Barley,Colorado,2023,drought,-0.011140408296675224,0.011140408296675224,-0.07990595803513377,-1.1650412991453987,-1.96217552381899e-14,1.8041124150158794e-16
Barley|Colorado|2023|spring,Barley,Colorado,2023,frost_cold,-0.025734520728155196,0.025734520728155196,-0.07990595803513377,-1.1650412991453987,-1.96217552381899e-14,1.8041124150158794e-16
Barley|Colorado|2023|spring,Barley,Colorado,2023,excess_rain,-0.005827477767044921,0.005827477767044921,-0.07990595803513377,-1.1650412991453987,-1.96217552381899e-14,1.8041124150158794e-16
Barley|Colorado|2023|spring,Barley,Colorado,2023,radiation,-0.016218171182075095,0.016218171182075095,-0.07990595803513377,-1.1650412991453987,-1.96217552381899e-14,1.8041124150158794e-16
Barley|Kansas|2023|spring,Barley,Kansas,2023,heat,-0.08683031721650863,0.08683031721650863,-0.08764488772729769,-0.8017395555555566,-1.96217552381899e-14,-1.5126788710517758e-15
Barley|Kansas|2023|spring,Barley,Kansas,2023,drought,0.022706324357850683,0.0,-0.08764488772729769,-0.8017395555555566,-1.96217552381899e-14,-1.5126788710517758e-15
Barley|Kansas|2023|spring,Barley,Kansas,2023,frost_cold,0.01284587582075673,0.0,-0.08764488772729769,-0.8017395555555566,-1.96217552381899e-14,-1.5126788710517758e-15
Barley|Kansas|2023|spring,Barley,Kansas,2023,excess_rain,0.010539064677843504,0.0,-0.08764488772729769,-0.8017395555555566,-1.96217552381899e-14,-1.5126788710517758e-15
Barley|Kansas|2023|spring,Barley,Kansas,2023,radiation,-0.010373870248895432,0.010373870248895432,-0.08764488772729769,-0.8017395555555566,-1.96217552381899e-14,-1.5126788710517758e-15
Barley|Minnesota|2023|spring,Barley,Minnesota,2023,heat,-0.0007141410759169333,0.0007141410759169333,-0.00588424954106859,0.6111067350427382,-1.96217552381899e-14,6.4965394175331426e-15
Barley|Minnesota|2023|spring,Barley,Minnesota,2023,drought,0.031179882549863175,0.0,-0.00588424954106859,0.6111067350427382,-1.96217552381899e-14,6.4965394175331426e-15
Barley|Minnesota|2023|spring,Barley,Minnesota,2023,frost_cold,-0.019022568775296615,0.019022568775296615,-0.00588424954106859,0.6111067350427382,-1.96217552381899e-14,6.4965394175331426e-15
Barley|Minnesota|2023|spring,Barley,Minnesota,2023,excess_rain,-0.005817273029549321,0.005817273029549321,-0.00588424954106859,0.6111067350427382,-1.96217552381899e-14,6.4965394175331426e-15
Barley|Minnesota|2023|spring,Barley,Minnesota,2023,radiation,-0.00480689260687733,0.00480689260687733,-0.00588424954106859,0.6111067350427382,-1.96217552381899e-14,6.4965394175331426e-15
Barley|Montana|2023|spring,Barley,Montana,2023,heat,-0.0033922235606447144,0.0033922235606447144,-0.05032550405915829,-0.3634304957265031,-1.96217552381899e-14,5.689893001203927e-15
Barley|Montana|2023|spring,Barley,Montana,2023,drought,0.0026470979125928253,0.0,-0.05032550405915829,-0.3634304957265031,-1.96217552381899e-14,5.689893001203927e-15
Barley|Montana|2023|spring,Barley,Montana,2023,frost_cold,-0.0339490044201989,0.0339490044201989,-0.05032550405915829,-0.3634304957265031,-1.96217552381899e-14,5.689893001203927e-15
Barley|Montana|2023|spring,Barley,Montana,2023,excess_rain,0.010450975712808591,0.0,-0.05032550405915829,-0.3634304957265031,-1.96217552381899e-14,5.689893001203927e-15
Barley|Montana|2023|spring,Barley,Montana,2023,radiation,-0.005057099709932332,0.005057099709932332,-0.05032550405915829,-0.3634304957265031,-1.96217552381899e-14,5.689893001203927e-15
Barley|North Dakota|2023|spring,Barley,North Dakota,2023,heat,-0.03181646873670604,0.03181646873670604,0.019198323559082457,0.2941855042735031,-1.96217552381899e-14,5.835609773185979e-15
Barley|North Dakota|2023|spring,Barley,North Dakota,2023,drought,0.034715888411439993,0.0,0.019198323559082457,0.2941855042735031,-1.96217552381899e-14,5.835609773185979e-15
Barley|North Dakota|2023|spring,Barley,North Dakota,2023,frost_cold,0.02750440706388946,0.0,0.019198323559082457,0.2941855042735031,-1.96217552381899e-14,5.835609773185979e-15
Barley|North Dakota|2023|spring,Barley,North Dakota,2023,excess_rain,0.0032068023098853465,0.0,0.019198323559082457,0.2941855042735031,-1.96217552381899e-14,5.835609773185979e-15
Barley|North Dakota|2023|spring,Barley,North Dakota,2023,radiation,-0.0005802575708510128,0.0005802575708510128,0.019198323559082457,0.2941855042735031,-1.96217552381899e-14,5.835609773185979e-15
Barley|South Dakota|2023|spring,Barley,South Dakota,2023,heat,-0.039327858691552545,0.039327858691552545,0.03195018467957455,0.44203692307693565,-1.96217552381899e-14,-1.7069679003611782e-15
Barley|South Dakota|2023|spring,Barley,South Dakota,2023,drought,0.033392012522694386,0.0,0.03195018467957455,0.44203692307693565,-1.96217552381899e-14,-1.7069679003611782e-15
Barley|South Dakota|2023|spring,Barley,South Dakota,2023,frost_cold,0.024101775244084498,0.0,0.03195018467957455,0.44203692307693565,-1.96217552381899e-14,-1.7069679003611782e-15
Barley|South Dakota|2023|spring,Barley,South Dakota,2023,excess_rain,0.013037629268429732,0.0,0.03195018467957455,0.44203692307693565,-1.96217552381899e-14,-1.7069679003611782e-15
Barley|South Dakota|2023|spring,Barley,South Dakota,2023,radiation,-0.002247374217761663,0.002247374217761663,0.03195018467957455,0.44203692307693565,-1.96217552381899e-14,-1.7069679003611782e-15
Barley|Washington|2023|spring,Barley,Washington,2023,heat,0.018060126267645513,0.0,-0.09471115729168574,-0.7020157606837731,-1.96217552381899e-14,4.163336342344337e-16
Barley|Washington|2023|spring,Barley,Washington,2023,drought,-0.08166317031896747,0.08166317031896747,-0.09471115729168574,-0.7020157606837731,-1.96217552381899e-14,4.163336342344337e-16
Barley|Washington|2023|spring,Barley,Washington,2023,frost_cold,0.011510190288551594,0.0,-0.09471115729168574,-0.7020157606837731,-1.96217552381899e-14,4.163336342344337e-16
Barley|Washington|2023|spring,Barley,Washington,2023,excess_rain,-0.029145227099642835,0.029145227099642835,-0.09471115729168574,-0.7020157606837731,-1.96217552381899e-14,4.163336342344337e-16
Barley|Washington|2023|spring,Barley,Washington,2023,radiation,-0.006660015401043414,0.006660015401043414,-0.09471115729168574,-0.7020157606837731,-1.96217552381899e-14,4.163336342344337e-16
Canola|Minnesota|2023|spring,Canola,Minnesota,2023,heat,-0.005468629952807146,0.005468629952807146,-0.003005461063787681,0.6581780701754352,-1.96217552381899e-14,-2.883977778811442e-16
Canola|Minnesota|2023|spring,Canola,Minnesota,2023,drought,0.026213728385583158,0.0,-0.003005461063787681,0.6581780701754352,-1.96217552381899e-14,-2.883977778811442e-16
Canola|Minnesota|2023|spring,Canola,Minnesota,2023,frost_cold,-0.014832037554198652,0.014832037554198652,-0.003005461063787681,0.6581780701754352,-1.96217552381899e-14,-2.883977778811442e-16
Canola|Minnesota|2023|spring,Canola,Minnesota,2023,excess_rain,0.0006886075576007927,0.0,-0.003005461063787681,0.6581780701754352,-1.96217552381899e-14,-2.883977778811442e-16
Canola|Minnesota|2023|spring,Canola,Minnesota,2023,radiation,-0.007461175696946763,0.007461175696946763,-0.003005461063787681,0.6581780701754352,-1.96217552381899e-14,-2.883977778811442e-16
Canola|Montana|2023|spring,Canola,Montana,2023,heat,-0.004465441491354724,0.004465441491354724,-0.03195730312448937,-0.39581372549018545,-1.96217552381899e-14,-5.43315392675936e-15
Canola|Montana|2023|spring,Canola,Montana,2023,drought,0.0005752047114157693,0.0,-0.03195730312448937,-0.39581372549018545,-1.96217552381899e-14,-5.43315392675936e-15
Canola|Montana|2023|spring,Canola,Montana,2023,frost_cold,-0.028266959040054065,0.028266959040054065,-0.03195730312448937,-0.39581372549018545,-1.96217552381899e-14,-5.43315392675936e-15
Canola|Montana|2023|spring,Canola,Montana,2023,excess_rain,0.008816049172542207,0.0,-0.03195730312448937,-0.39581372549018545,-1.96217552381899e-14,-5.43315392675936e-15
Canola|Montana|2023|spring,Canola,Montana,2023,radiation,-0.0027647762987101157,0.0027647762987101157,-0.03195730312448937,-0.39581372549018545,-1.96217552381899e-14,-5.43315392675936e-15
Canola|North Dakota|2023|spring,Canola,North Dakota,2023,heat,-0.025179218598370735,0.025179218598370735,0.03680098228829011,0.014312307692314175,-1.96217552381899e-14,6.3976601794024646e-15
Canola|North Dakota|2023|spring,Canola,North Dakota,2023,drought,0.032967339248475606,0.0,0.03680098228829011,0.014312307692314175,-1.96217552381899e-14,6.3976601794024646e-15
Canola|North Dakota|2023|spring,Canola,North Dakota,2023,frost_cold,0.026862381338592388,0.0,0.03680098228829011,0.014312307692314175,-1.96217552381899e-14,6.3976601794024646e-15
Canola|North Dakota|2023|spring,Canola,North Dakota,2023,excess_rain,0.008569753115542537,0.0,0.03680098228829011,0.014312307692314175,-1.96217552381899e-14,6.3976601794024646e-15
Canola|North Dakota|2023|spring,Canola,North Dakota,2023,radiation,-0.0027028311179210576,0.0027028311179210576,0.03680098228829011,0.014312307692314175,-1.96217552381899e-14,6.3976601794024646e-15
Canola|Oklahoma|2023|spring,Canola,Oklahoma,2023,heat,-0.02721754912889697,0.02721754912889697,0.03995936472350194,0.4989000000000674,-1.96217552381899e-14,5.5164206536062466e-15
Canola|Oklahoma|2023|spring,Canola,Oklahoma,2023,drought,0.034549045536985026,0.0,0.03995936472350194,0.4989000000000674,-1.96217552381899e-14,5.5164206536062466e-15
Canola|Oklahoma|2023|spring,Canola,Oklahoma,2023,frost_cold,0.013013201595379428,0.0,0.03995936472350194,0.4989000000000674,-1.96217552381899e-14,5.5164206536062466e-15
Canola|Oklahoma|2023|spring,Canola,Oklahoma,2023,excess_rain,0.017034065627254822,0.0,0.03995936472350194,0.4989000000000674,-1.96217552381899e-14,5.5164206536062466e-15
Canola|Oklahoma|2023|spring,Canola,Oklahoma,2023,radiation,0.0012757583985317268,0.0,0.03995936472350194,0.4989000000000674,-1.96217552381899e-14,5.5164206536062466e-15
Canola|Washington|2023|spring,Canola,Washington,2023,heat,0.019833900549793733,0.0,-0.053769545747459624,2.5780200000001225,-1.96217552381899e-14,1.3600232051658168e-15
Canola|Washington|2023|spring,Canola,Washington,2023,drought,-0.06148211758492637,0.06148211758492637,-0.053769545747459624,2.5780200000001225,-1.96217552381899e-14,1.3600232051658168e-15
Canola|Washington|2023|spring,Canola,Washington,2023,frost_cold,0.009587341584375596,0.0,-0.053769545747459624,2.5780200000001225,-1.96217552381899e-14,1.3600232051658168e-15
Canola|Washington|2023|spring,Canola,Washington,2023,excess_rain,-0.027244579782606484,0.027244579782606484,-0.053769545747459624,2.5780200000001225,-1.96217552381899e-14,1.3600232051658168e-15
Canola|Washington|2023|spring,Canola,Washington,2023,radiation,-0.0025774394930063427,0.0025774394930063427,-0.053769545747459624,2.5780200000001225,-1.96217552381899e-14,1.3600232051658168e-15
Oats|Illinois|2023|spring,Oats,Illinois,2023,heat,-0.0264609562217613,0.0264609562217613,0.05764231071560899,0.3417937435897387,-1.96217552381899e-14,-2.3765711620882257e-14
Oats|Illinois|2023|spring,Oats,Illinois,2023,drought,0.036167121009330436,0.0,0.05764231071560899,0.3417937435897387,-1.96217552381899e-14,-2.3765711620882257e-14
Oats|Illinois|2023|spring,Oats,Illinois,2023,frost_cold,0.02671638290372715,0.0,0.05764231071560899,0.3417937435897387,-1.96217552381899e-14,-2.3765711620882257e-14
Oats|Illinois|2023|spring,Oats,Illinois,2023,excess_rain,0.018306358151746367,0.0,0.05764231071560899,0.3417937435897387,-1.96217552381899e-14,-2.3765711620882257e-14
Oats|Illinois|2023|spring,Oats,Illinois,2023,radiation,0.0021323893980186746,0.0,0.05764231071560899,0.3417937435897387,-1.96217552381899e-14,-2.3765711620882257e-14
Oats|Iowa|2023|spring,Oats,Iowa,2023,heat,-0.03548271189269592,0.03548271189269592,0.044007582599442055,0.21930543589743712,-1.96217552381899e-14,-4.468647674116255e-15
Oats|Iowa|2023|spring,Oats,Iowa,2023,drought,0.026949665676481042,0.0,0.044007582599442055,0.21930543589743712,-1.96217552381899e-14,-4.468647674116255e-15
Oats|Iowa|2023|spring,Oats,Iowa,2023,frost_cold,0.0283847747639263,0.0,0.044007582599442055,0.21930543589743712,-1.96217552381899e-14,-4.468647674116255e-15
Oats|Iowa|2023|spring,Oats,Iowa,2023,excess_rain,-0.0017209540912655223,0.0017209540912655223,0.044007582599442055,0.21930543589743712,-1.96217552381899e-14,-4.468647674116255e-15
Oats|Iowa|2023|spring,Oats,Iowa,2023,radiation,0.0007825531593447332,0.0,0.044007582599442055,0.21930543589743712,-1.96217552381899e-14,-4.468647674116255e-15
Oats|Kansas|2023|spring,Oats,Kansas,2023,heat,-0.061280380198259335,0.061280380198259335,0.04128670445665035,0.6081075897435979,-1.96217552381899e-14,4.2049697057677804e-15
Oats|Kansas|2023|spring,Oats,Kansas,2023,drought,0.045214702918289024,0.0,0.04128670445665035,0.6081075897435979,-1.96217552381899e-14,4.2049697057677804e-15
Oats|Kansas|2023|spring,Oats,Kansas,2023,frost_cold,0.02296564930842462,0.0,0.04128670445665035,0.6081075897435979,-1.96217552381899e-14,4.2049697057677804e-15
Oats|Kansas|2023|spring,Oats,Kansas,2023,excess_rain,0.02227482547912437,0.0,0.04128670445665035,0.6081075897435979,-1.96217552381899e-14,4.2049697057677804e-15
Oats|Kansas|2023|spring,Oats,Kansas,2023,radiation,-0.0029693796948354464,0.0029693796948354464,0.04128670445665035,0.6081075897435979,-1.96217552381899e-14,4.2049697057677804e-15
Oats|Minnesota|2023|spring,Oats,Minnesota,2023,heat,-0.007932010414458604,0.007932010414458604,0.012258973552721339,0.22754215384615417,-1.96217552381899e-14,-3.757411048965764e-15
Oats|Minnesota|2023|spring,Oats,Minnesota,2023,drought,0.031956673020013066,0.0,0.012258973552721339,0.22754215384615417,-1.96217552381899e-14,-3.757411048965764e-15
Oats|Minnesota|2023|spring,Oats,Minnesota,2023,frost_cold,-0.012047284409011354,0.012047284409011354,0.012258973552721339,0.22754215384615417,-1.96217552381899e-14,-3.757411048965764e-15
Oats|Minnesota|2023|spring,Oats,Minnesota,2023,excess_rain,0.000621145606267106,0.0,0.012258973552721339,0.22754215384615417,-1.96217552381899e-14,-3.757411048965764e-15
Oats|Minnesota|2023|spring,Oats,Minnesota,2023,radiation,-0.00488707348950845,0.00488707348950845,0.012258973552721339,0.22754215384615417,-1.96217552381899e-14,-3.757411048965764e-15
Oats|Montana|2023|spring,Oats,Montana,2023,heat,-0.007681439006171756,0.007681439006171756,-0.003138404249593814,-0.655392273504283,-1.96217552381899e-14,-5.753210408077081e-15
Oats|Montana|2023|spring,Oats,Montana,2023,drought,0.010540915641918704,0.0,-0.003138404249593814,-0.655392273504283,-1.96217552381899e-14,-5.753210408077081e-15
Oats|Montana|2023|spring,Oats,Montana,2023,frost_cold,-0.02836142804009644,0.02836142804009644,-0.003138404249593814,-0.655392273504283,-1.96217552381899e-14,-5.753210408077081e-15
Oats|Montana|2023|spring,Oats,Montana,2023,excess_rain,0.020510730802367073,0.0,-0.003138404249593814,-0.655392273504283,-1.96217552381899e-14,-5.753210408077081e-15
Oats|Montana|2023|spring,Oats,Montana,2023,radiation,-0.0006657103429108235,0.0006657103429108235,-0.003138404249593814,-0.655392273504283,-1.96217552381899e-14,-5.753210408077081e-15
Oats|Nebraska|2023|spring,Oats,Nebraska,2023,heat,-0.04375255086707961,0.04375255086707961,0.08097481924855866,-0.7444368547008542,-1.96217552381899e-14,-7.632783294297951e-16
Oats|Nebraska|2023|spring,Oats,Nebraska,2023,drought,0.060251006259217706,0.0,0.08097481924855866,-0.7444368547008542,-1.96217552381899e-14,-7.632783294297951e-16
Oats|Nebraska|2023|spring,Oats,Nebraska,2023,frost_cold,0.02384243138946355,0.0,0.08097481924855866,-0.7444368547008542,-1.96217552381899e-14,-7.632783294297951e-16
Oats|Nebraska|2023|spring,Oats,Nebraska,2023,excess_rain,0.009726556791324899,0.0,0.08097481924855866,-0.7444368547008542,-1.96217552381899e-14,-7.632783294297951e-16
Oats|Nebraska|2023|spring,Oats,Nebraska,2023,radiation,-0.0007292657817672706,0.0007292657817672706,0.08097481924855866,-0.7444368547008542,-1.96217552381899e-14,-7.632783294297951e-16
Oats|North Dakota|2023|spring,Oats,North Dakota,2023,heat,-0.021309489650655346,0.021309489650655346,0.06675684805862869,0.3724474188034046,-1.96217552381899e-14,5.703770789011742e-15
Oats|North Dakota|2023|spring,Oats,North Dakota,2023,drought,0.0452672256760507,0.0,0.06675684805862869,0.3724474188034046,-1.96217552381899e-14,5.703770789011742e-15
Oats|North Dakota|2023|spring,Oats,North Dakota,2023,frost_cold,0.027159220817611796,0.0,0.06675684805862869,0.3724474188034046,-1.96217552381899e-14,5.703770789011742e-15
Oats|North Dakota|2023|spring,Oats,North Dakota,2023,excess_rain,0.013267746403955335,0.0,0.06675684805862869,0.3724474188034046,-1.96217552381899e-14,5.703770789011742e-15
Oats|North Dakota|2023|spring,Oats,North Dakota,2023,radiation,-0.002699618255663073,0.002699618255663073,0.06675684805862869,0.3724474188034046,-1.96217552381899e-14,5.703770789011742e-15
Oats|Oklahoma|2023|spring,Oats,Oklahoma,2023,heat,-0.04303600567462085,0.04303600567462085,-0.013573196245422997,0.8177181538461546,-1.96217552381899e-14,8.482797797526587e-15
Oats|Oklahoma|2023|spring,Oats,Oklahoma,2023,drought,0.030229574268242278,0.0,-0.013573196245422997,0.8177181538461546,-1.96217552381899e-14,8.482797797526587e-15
Oats|Oklahoma|2023|spring,Oats,Oklahoma,2023,frost_cold,0.009266657309641727,0.0,-0.013573196245422997,0.8177181538461546,-1.96217552381899e-14,8.482797797526587e-15
Oats|Oklahoma|2023|spring,Oats,Oklahoma,2023,excess_rain,0.008854043680713826,0.0,-0.013573196245422997,0.8177181538461546,-1.96217552381899e-14,8.482797797526587e-15
Oats|Oklahoma|2023|spring,Oats,Oklahoma,2023,radiation,-4.2777784566710373e-05,4.2777784566710373e-05,-0.013573196245422997,0.8177181538461546,-1.96217552381899e-14,8.482797797526587e-15
Oats|South Dakota|2023|spring,Oats,South Dakota,2023,heat,-0.04195221975476858,0.04195221975476858,0.03400073392981872,-0.45577388034189736,-1.96217552381899e-14,7.424616477180734e-16
Oats|South Dakota|2023|spring,Oats,South Dakota,2023,drought,0.03632252297855881,0.0,0.03400073392981872,-0.45577388034189736,-1.96217552381899e-14,7.424616477180734e-16
Oats|South Dakota|2023|spring,Oats,South Dakota,2023,frost_cold,0.01261562904879347,0.0,0.03400073392981872,-0.45577388034189736,-1.96217552381899e-14,7.424616477180734e-16
Oats|South Dakota|2023|spring,Oats,South Dakota,2023,excess_rain,0.017993148716374946,0.0,0.03400073392981872,-0.45577388034189736,-1.96217552381899e-14,7.424616477180734e-16
Oats|South Dakota|2023|spring,Oats,South Dakota,2023,radiation,-0.003383699563907302,0.003383699563907302,0.03400073392981872,-0.45577388034189736,-1.96217552381899e-14,7.424616477180734e-16
Oats|Texas|2023|spring,Oats,Texas,2023,heat,-0.1251060093553119,0.1251060093553119,-0.10745099873830417,0.3253278290598238,-1.96217552381899e-14,3.191891195797325e-16
Oats|Texas|2023|spring,Oats,Texas,2023,drought,-0.0352184527103271,0.0352184527103271,-0.10745099873830417,0.3253278290598238,-1.96217552381899e-14,3.191891195797325e-16
Oats|Texas|2023|spring,Oats,Texas,2023,frost_cold,0.036854524743662666,0.0,-0.10745099873830417,0.3253278290598238,-1.96217552381899e-14,3.191891195797325e-16
Oats|Texas|2023|spring,Oats,Texas,2023,excess_rain,0.017159558023664808,0.0,-0.10745099873830417,0.3253278290598238,-1.96217552381899e-14,3.191891195797325e-16
Oats|Texas|2023|spring,Oats,Texas,2023,radiation,0.00026846170174061375,0.0,-0.10745099873830417,0.3253278290598238,-1.96217552381899e-14,3.191891195797325e-16
Wheat|Colorado|2023|winter,Wheat,Colorado,2023,heat,0.045301775648560534,0.0,0.14726434205651712,0.458163350427351,-1.96217552381899e-14,-3.885780586188048e-15
Wheat|Colorado|2023|winter,Wheat,Colorado,2023,drought,0.043547745820942355,0.0,0.14726434205651712,0.458163350427351,-1.96217552381899e-14,-3.885780586188048e-15
Wheat|Colorado|2023|winter,Wheat,Colorado,2023,frost_cold,0.013332695190288155,0.0,0.14726434205651712,0.458163350427351,-1.96217552381899e-14,-3.885780586188048e-15
Wheat|Colorado|2023|winter,Wheat,Colorado,2023,excess_rain,0.029911107802262943,0.0,0.14726434205651712,0.458163350427351,-1.96217552381899e-14,-3.885780586188048e-15
Wheat|Colorado|2023|winter,Wheat,Colorado,2023,radiation,0.015467063253939817,0.0,0.14726434205651712,0.458163350427351,-1.96217552381899e-14,-3.885780586188048e-15
Wheat|Illinois|2023|winter,Wheat,Illinois,2023,heat,0.04602568636579357,0.0,0.19403186783786303,0.8845407521367221,-1.96217552381899e-14,1.4155343563970746e-15
Wheat|Illinois|2023|winter,Wheat,Illinois,2023,drought,0.06940571210705072,0.0,0.19403186783786303,0.8845407521367221,-1.96217552381899e-14,1.4155343563970746e-15
Wheat|Illinois|2023|winter,Wheat,Illinois,2023,frost_cold,-0.011767206467254005,0.011767206467254005,0.19403186783786303,0.8845407521367221,-1.96217552381899e-14,1.4155343563970746e-15
Wheat|Illinois|2023|winter,Wheat,Illinois,2023,excess_rain,0.038981258451788535,0.0,0.19403186783786303,0.8845407521367221,-1.96217552381899e-14,1.4155343563970746e-15
Wheat|Illinois|2023|winter,Wheat,Illinois,2023,radiation,0.02748822391880782,0.0,0.19403186783786303,0.8845407521367221,-1.96217552381899e-14,1.4155343563970746e-15
Wheat|Kansas|2023|winter,Wheat,Kansas,2023,heat,-0.03583902080111146,0.03583902080111146,-0.19042316989851363,-0.25547429059828985,-1.96217552381899e-14,6.661338147750939e-16
Wheat|Kansas|2023|winter,Wheat,Kansas,2023,drought,-0.11084052846462014,0.11084052846462014,-0.19042316989851363,-0.25547429059828985,-1.96217552381899e-14,6.661338147750939e-16
Wheat|Kansas|2023|winter,Wheat,Kansas,2023,frost_cold,-0.036214948743771846,0.036214948743771846,-0.19042316989851363,-0.25547429059828985,-1.96217552381899e-14,6.661338147750939e-16
Wheat|Kansas|2023|winter,Wheat,Kansas,2023,excess_rain,-0.021224168306331174,0.021224168306331174,-0.19042316989851363,-0.25547429059828985,-1.96217552381899e-14,6.661338147750939e-16
Wheat|Kansas|2023|winter,Wheat,Kansas,2023,radiation,0.006718879485315557,0.0,-0.19042316989851363,-0.25547429059828985,-1.96217552381899e-14,6.661338147750939e-16
Wheat|Minnesota|2023|spring,Wheat,Minnesota,2023,heat,-0.004042076932486659,0.004042076932486659,-0.008170006113525214,-0.1569106666667066,-1.96217552381899e-14,3.406996906818449e-15
Wheat|Minnesota|2023|spring,Wheat,Minnesota,2023,drought,0.023010203464220412,0.0,-0.008170006113525214,-0.1569106666667066,-1.96217552381899e-14,3.406996906818449e-15
Wheat|Minnesota|2023|spring,Wheat,Minnesota,2023,frost_cold,-0.016221267839147974,0.016221267839147974,-0.008170006113525214,-0.1569106666667066,-1.96217552381899e-14,3.406996906818449e-15
Wheat|Minnesota|2023|spring,Wheat,Minnesota,2023,excess_rain,0.0010942891777339578,0.0,-0.008170006113525214,-0.1569106666667066,-1.96217552381899e-14,3.406996906818449e-15
Wheat|Minnesota|2023|spring,Wheat,Minnesota,2023,radiation,-0.0035382079592879883,0.0035382079592879883,-0.008170006113525214,-0.1569106666667066,-1.96217552381899e-14,3.406996906818449e-15
Wheat|Montana|2023|spring,Wheat,Montana,2023,heat,0.0005621884278434245,0.0,-0.030146601071126912,0.06449247863247054,-1.96217552381899e-14,-2.831068712794149e-15
Wheat|Montana|2023|spring,Wheat,Montana,2023,drought,-0.003749416303690885,0.003749416303690885,-0.030146601071126912,0.06449247863247054,-1.96217552381899e-14,-2.831068712794149e-15
Wheat|Montana|2023|spring,Wheat,Montana,2023,frost_cold,-0.03140482258986335,0.03140482258986335,-0.030146601071126912,0.06449247863247054,-1.96217552381899e-14,-2.831068712794149e-15
Wheat|Montana|2023|spring,Wheat,Montana,2023,excess_rain,0.014296539432106119,0.0,-0.030146601071126912,0.06449247863247054,-1.96217552381899e-14,-2.831068712794149e-15
Wheat|Montana|2023|spring,Wheat,Montana,2023,radiation,-0.002064105510790028,0.002064105510790028,-0.030146601071126912,0.06449247863247054,-1.96217552381899e-14,-2.831068712794149e-15
Wheat|Nebraska|2023|winter,Wheat,Nebraska,2023,heat,0.03349703515046269,0.0,-0.195560895868961,-0.2959444444444448,-1.96217552381899e-14,-2.7755575615628914e-17
Wheat|Nebraska|2023|winter,Wheat,Nebraska,2023,drought,-0.19002684441116058,0.19002684441116058,-0.195560895868961,-0.2959444444444448,-1.96217552381899e-14,-2.7755575615628914e-17
Wheat|Nebraska|2023|winter,Wheat,Nebraska,2023,frost_cold,-0.019555405528140758,0.019555405528140758,-0.195560895868961,-0.2959444444444448,-1.96217552381899e-14,-2.7755575615628914e-17
Wheat|Nebraska|2023|winter,Wheat,Nebraska,2023,excess_rain,-0.0365216003994116,0.0365216003994116,-0.195560895868961,-0.2959444444444448,-1.96217552381899e-14,-2.7755575615628914e-17
Wheat|Nebraska|2023|winter,Wheat,Nebraska,2023,radiation,0.007366367386711823,0.0,-0.195560895868961,-0.2959444444444448,-1.96217552381899e-14,-2.7755575615628914e-17
Wheat|North Dakota|2023|spring,Wheat,North Dakota,2023,heat,-0.02658827440535631,0.02658827440535631,0.016889611233996394,0.05098605128204836,-1.96217552381899e-14,3.3792413312028202e-15
Wheat|North Dakota|2023|spring,Wheat,North Dakota,2023,drought,0.02775057232042838,0.0,0.016889611233996394,0.05098605128204836,-1.96217552381899e-14,3.3792413312028202e-15
Wheat|North Dakota|2023|spring,Wheat,North Dakota,2023,frost_cold,0.024965600128907868,0.0,0.016889611233996394,0.05098605128204836,-1.96217552381899e-14,3.3792413312028202e-15
Wheat|North Dakota|2023|spring,Wheat,North Dakota,2023,excess_rain,0.003368515572013734,0.0,0.016889611233996394,0.05098605128204836,-1.96217552381899e-14,3.3792413312028202e-15
Wheat|North Dakota|2023|spring,Wheat,North Dakota,2023,radiation,-0.0009236190702866521,0.0009236190702866521,0.016889611233996394,0.05098605128204836,-1.96217552381899e-14,3.3792413312028202e-15
Wheat|Oklahoma|2023|winter,Wheat,Oklahoma,2023,heat,-0.002296935319891354,0.002296935319891354,0.11189175885606557,-0.008637230769228843,-1.96217552381899e-14,-8.465450562766819e-15
Wheat|Oklahoma|2023|winter,Wheat,Oklahoma,2023,drought,0.0881336373307774,0.0,0.11189175885606557,-0.008637230769228843,-1.96217552381899e-14,-8.465450562766819e-15
Wheat|Oklahoma|2023|winter,Wheat,Oklahoma,2023,frost_cold,-0.021205731973489312,0.021205731973489312,0.11189175885606557,-0.008637230769228843,-1.96217552381899e-14,-8.465450562766819e-15
Wheat|Oklahoma|2023|winter,Wheat,Oklahoma,2023,excess_rain,0.03725835009399472,0.0,0.11189175885606557,-0.008637230769228843,-1.96217552381899e-14,-8.465450562766819e-15
Wheat|Oklahoma|2023|winter,Wheat,Oklahoma,2023,radiation,0.009808283593910064,0.0,0.11189175885606557,-0.008637230769228843,-1.96217552381899e-14,-8.465450562766819e-15
Wheat|South Dakota|2023|spring,Wheat,South Dakota,2023,heat,-0.04400112970531497,0.04400112970531497,-0.0030099196750860064,-0.5520818803419081,-1.96217552381899e-14,1.285430095698814e-15
Wheat|South Dakota|2023|spring,Wheat,South Dakota,2023,drought,0.032214234965114476,0.0,-0.0030099196750860064,-0.5520818803419081,-1.96217552381899e-14,1.285430095698814e-15
Wheat|South Dakota|2023|spring,Wheat,South Dakota,2023,frost_cold,0.008341855706838824,0.0,-0.0030099196750860064,-0.5520818803419081,-1.96217552381899e-14,1.285430095698814e-15
Wheat|South Dakota|2023|spring,Wheat,South Dakota,2023,excess_rain,0.0064465428671606345,0.0,-0.0030099196750860064,-0.5520818803419081,-1.96217552381899e-14,1.285430095698814e-15
Wheat|South Dakota|2023|spring,Wheat,South Dakota,2023,radiation,-0.0014556326564133784,0.0014556326564133784,-0.0030099196750860064,-0.5520818803419081,-1.96217552381899e-14,1.285430095698814e-15
Wheat|Texas|2023|winter,Wheat,Texas,2023,heat,-0.020894988712670915,0.020894988712670915,-0.04011825754350588,0.5052055042735053,-1.96217552381899e-14,1.85268467234323e-15
Wheat|Texas|2023|winter,Wheat,Texas,2023,drought,0.0045334870540942075,0.0,-0.04011825754350588,0.5052055042735053,-1.96217552381899e-14,1.85268467234323e-15
Wheat|Texas|2023|winter,Wheat,Texas,2023,frost_cold,-0.03511600705769454,0.03511600705769454,-0.04011825754350588,0.5052055042735053,-1.96217552381899e-14,1.85268467234323e-15
Wheat|Texas|2023|winter,Wheat,Texas,2023,excess_rain,0.008428653818903026,0.0,-0.04011825754350588,0.5052055042735053,-1.96217552381899e-14,1.85268467234323e-15
Wheat|Texas|2023|winter,Wheat,Texas,2023,radiation,0.005957613127277596,0.0,-0.04011825754350588,0.5052055042735053,-1.96217552381899e-14,1.85268467234323e-15
Wheat|Washington|2023|winter,Wheat,Washington,2023,heat,-0.008411701268702205,0.008411701268702205,-0.31774191360401105,-0.7525972649572652,-1.96217552381899e-14,5.551115123125783e-17
Wheat|Washington|2023|winter,Wheat,Washington,2023,drought,-0.10973528838006351,0.10973528838006351,-0.31774191360401105,-0.7525972649572652,-1.96217552381899e-14,5.551115123125783e-17
Wheat|Washington|2023|winter,Wheat,Washington,2023,frost_cold,-0.04189922502140439,0.04189922502140439,-0.31774191360401105,-0.7525972649572652,-1.96217552381899e-14,5.551115123125783e-17
Wheat|Washington|2023|winter,Wheat,Washington,2023,excess_rain,-0.07602960679883344,0.07602960679883344,-0.31774191360401105,-0.7525972649572652,-1.96217552381899e-14,5.551115123125783e-17
Wheat|Washington|2023|winter,Wheat,Washington,2023,radiation,-0.05516408484166394,0.05516408484166394,-0.31774191360401105,-0.7525972649572652,-1.96217552381899e-14,5.551115123125783e-17
Barley|Colorado|2024|spring,Barley,Colorado,2024,heat,0.05435511143497204,0.0,0.11536032700540293,-0.5208575726496658,-1.96217552381899e-14,7.0915495697931874e-15
Barley|Colorado|2024|spring,Barley,Colorado,2024,drought,0.03159438497878134,0.0,0.11536032700540293,-0.5208575726496658,-1.96217552381899e-14,7.0915495697931874e-15
Barley|Colorado|2024|spring,Barley,Colorado,2024,frost_cold,0.01777582231282596,0.0,0.11536032700540293,-0.5208575726496658,-1.96217552381899e-14,7.0915495697931874e-15
Barley|Colorado|2024|spring,Barley,Colorado,2024,excess_rain,0.021165863639927278,0.0,0.11536032700540293,-0.5208575726496658,-1.96217552381899e-14,7.0915495697931874e-15
Barley|Colorado|2024|spring,Barley,Colorado,2024,radiation,0.005664298237534348,0.0,0.11536032700540293,-0.5208575726496658,-1.96217552381899e-14,7.0915495697931874e-15
Barley|Kansas|2024|spring,Barley,Kansas,2024,heat,-0.08554688886177952,0.08554688886177952,-0.11158616612739565,1.6647363760683778,-1.96217552381899e-14,-8.326672684688674e-17
Barley|Kansas|2024|spring,Barley,Kansas,2024,drought,-0.007377801118841031,0.007377801118841031,-0.11158616612739565,1.6647363760683778,-1.96217552381899e-14,-8.326672684688674e-17
Barley|Kansas|2024|spring,Barley,Kansas,2024,frost_cold,0.0017897931998671936,0.0,-0.11158616612739565,1.6647363760683778,-1.96217552381899e-14,-8.326672684688674e-17
Barley|Kansas|2024|spring,Barley,Kansas,2024,excess_rain,0.020057627776386283,0.0,-0.11158616612739565,1.6647363760683778,-1.96217552381899e-14,-8.326672684688674e-17
Barley|Kansas|2024|spring,Barley,Kansas,2024,radiation,-0.002789555162946575,0.002789555162946575,-0.11158616612739565,1.6647363760683778,-1.96217552381899e-14,-8.326672684688674e-17
Barley|Minnesota|2024|spring,Barley,Minnesota,2024,heat,0.043818595590349105,0.0,0.09683251202509346,0.38463182905983295,-1.96217552381899e-14,-1.5265566588595902e-15
Barley|Minnesota|2024|spring,Barley,Minnesota,2024,drought,-0.05298868018055505,0.05298868018055505,0.09683251202509346,0.38463182905983295,-1.96217552381899e-14,-1.5265566588595902e-15
Barley|Minnesota|2024|spring,Barley,Minnesota,2024,frost_cold,0.026524075875142338,0.0,0.09683251202509346,0.38463182905983295,-1.96217552381899e-14,-1.5265566588595902e-15
Barley|Minnesota|2024|spring,Barley,Minnesota,2024,excess_rain,0.066142930015132,0.0,0.09683251202509346,0.38463182905983295,-1.96217552381899e-14,-1.5265566588595902e-15
Barley|Minnesota|2024|spring,Barley,Minnesota,2024,radiation,-0.0052159321564455565,0.0052159321564455565,0.09683251202509346,0.38463182905983295,-1.96217552381899e-14,-1.5265566588595902e-15
Barley|Montana|2024|spring,Barley,Montana,2024,heat,-0.03131539033954947,0.03131539033954947,-0.04392581484740475,-0.27234755555556633,-1.96217552381899e-14,1.3385126340637044e-14
Barley|Montana|2024|spring,Barley,Montana,2024,drought,0.026864714908866955,0.0,-0.04392581484740475,-0.27234755555556633,-1.96217552381899e-14,1.3385126340637044e-14
Barley|Montana|2024|spring,Barley,Montana,2024,frost_cold,0.008387738466857517,0.0,-0.04392581484740475,-0.27234755555556633,-1.96217552381899e-14,1.3385126340637044e-14
Barley|Montana|2024|spring,Barley,Montana,2024,excess_rain,0.014572242905938684,0.0,-0.04392581484740475,-0.27234755555556633,-1.96217552381899e-14,1.3385126340637044e-14
Barley|Montana|2024|spring,Barley,Montana,2024,radiation,-0.010432957176822914,0.010432957176822914,-0.04392581484740475,-0.27234755555556633,-1.96217552381899e-14,1.3385126340637044e-14
Barley|North Dakota|2024|spring,Barley,North Dakota,2024,heat,-0.005040234915238587,0.005040234915238587,0.070963362740531,0.42975890598290345,-1.96217552381899e-14,5.662137425588298e-15
Barley|North Dakota|2024|spring,Barley,North Dakota,2024,drought,0.03912670795781314,0.0,0.070963362740531,0.42975890598290345,-1.96217552381899e-14,5.662137425588298e-15
Barley|North Dakota|2024|spring,Barley,North Dakota,2024,frost_cold,0.026758016639735108,0.0,0.070963362740531,0.42975890598290345,-1.96217552381899e-14,5.662137425588298e-15
Barley|North Dakota|2024|spring,Barley,North Dakota,2024,excess_rain,0.00030610618527732517,0.0,0.070963362740531,0.42975890598290345,-1.96217552381899e-14,5.662137425588298e-15
Barley|North Dakota|2024|spring,Barley,North Dakota,2024,radiation,-0.000853744566458033,0.000853744566458033,0.070963362740531,0.42975890598290345,-1.96217552381899e-14,5.662137425588298e-15
Barley|South Dakota|2024|spring,Barley,South Dakota,2024,heat,-0.04591031521037396,0.04591031521037396,0.0020467987961287635,0.7147338461538597,-1.96217552381899e-14,-1.3029508028061798e-14
Barley|South Dakota|2024|spring,Barley,South Dakota,2024,drought,0.020195309006841397,0.0,0.0020467987961287635,0.7147338461538597,-1.96217552381899e-14,-1.3029508028061798e-14
Barley|South Dakota|2024|spring,Barley,South Dakota,2024,frost_cold,0.024372488331274852,0.0,0.0020467987961287635,0.7147338461538597,-1.96217552381899e-14,-1.3029508028061798e-14
Barley|South Dakota|2024|spring,Barley,South Dakota,2024,excess_rain,0.032400218449502964,0.0,0.0020467987961287635,0.7147338461538597,-1.96217552381899e-14,-1.3029508028061798e-14
Barley|South Dakota|2024|spring,Barley,South Dakota,2024,radiation,-0.0030322498021027123,0.0030322498021027123,0.0020467987961287635,0.7147338461538597,-1.96217552381899e-14,-1.3029508028061798e-14
Barley|Washington|2024|spring,Barley,Washington,2024,heat,-0.03721222179722519,0.03721222179722519,-0.311744478330572,-0.013239418803431935,-1.96217552381899e-14,9.43689570931383e-16
Barley|Washington|2024|spring,Barley,Washington,2024,drought,-0.1409523634787876,0.1409523634787876,-0.311744478330572,-0.013239418803431935,-1.96217552381899e-14,9.43689570931383e-16
Barley|Washington|2024|spring,Barley,Washington,2024,frost_cold,-0.019794793276300633,0.019794793276300633,-0.311744478330572,-0.013239418803431935,-1.96217552381899e-14,9.43689570931383e-16
Barley|Washington|2024|spring,Barley,Washington,2024,excess_rain,-0.07668266972491246,0.07668266972491246,-0.311744478330572,-0.013239418803431935,-1.96217552381899e-14,9.43689570931383e-16
Barley|Washington|2024|spring,Barley,Washington,2024,radiation,-0.012606241478141543,0.012606241478141543,-0.311744478330572,-0.013239418803431935,-1.96217552381899e-14,9.43689570931383e-16
Canola|Minnesota|2024|spring,Canola,Minnesota,2024,heat,0.04693750330237966,0.0,0.1375807065787516,0.15912105263157716,-1.96217552381899e-14,8.326672684688674e-17
Canola|Minnesota|2024|spring,Canola,Minnesota,2024,drought,-0.039937328884154126,0.039937328884154126,0.1375807065787516,0.15912105263157716,-1.96217552381899e-14,8.326672684688674e-17
Canola|Minnesota|2024|spring,Canola,Minnesota,2024,frost_cold,0.021610689710962357,0.0,0.1375807065787516,0.15912105263157716,-1.96217552381899e-14,8.326672684688674e-17
Canola|Minnesota|2024|spring,Canola,Minnesota,2024,excess_rain,0.06782979154253815,0.0,0.1375807065787516,0.15912105263157716,-1.96217552381899e-14,8.326672684688674e-17
Canola|Minnesota|2024|spring,Canola,Minnesota,2024,radiation,-0.004014708811338788,0.004014708811338788,0.1375807065787516,0.15912105263157716,-1.96217552381899e-14,8.326672684688674e-17
Canola|Montana|2024|spring,Canola,Montana,2024,heat,-0.04169098553438351,0.04169098553438351,-0.0335094089073903,-0.8660164215686152,-1.96217552381899e-14,-4.503342143635791e-15
Canola|Montana|2024|spring,Canola,Montana,2024,drought,0.02588556506395781,0.0,-0.0335094089073903,-0.8660164215686152,-1.96217552381899e-14,-4.503342143635791e-15
Canola|Montana|2024|spring,Canola,Montana,2024,frost_cold,0.007180834308464633,0.0,-0.0335094089073903,-0.8660164215686152,-1.96217552381899e-14,-4.503342143635791e-15
Canola|Montana|2024|spring,Canola,Montana,2024,excess_rain,0.01832428676300532,0.0,-0.0335094089073903,-0.8660164215686152,-1.96217552381899e-14,-4.503342143635791e-15
Canola|Montana|2024|spring,Canola,Montana,2024,radiation,-0.008423332204833192,0.008423332204833192,-0.0335094089073903,-0.8660164215686152,-1.96217552381899e-14,-4.503342143635791e-15
Canola|North Dakota|2024|spring,Canola,North Dakota,2024,heat,-0.003547488264586507,0.003547488264586507,0.04388412303143051,0.05135792307692677,-1.96217552381899e-14,1.124100812432971e-15
Canola|North Dakota|2024|spring,Canola,North Dakota,2024,drought,0.028893787876113707,0.0,0.04388412303143051,0.05135792307692677,-1.96217552381899e-14,1.124100812432971e-15
Canola|North Dakota|2024|spring,Canola,North Dakota,2024,frost_cold,0.01923293344960565,0.0,0.04388412303143051,0.05135792307692677,-1.96217552381899e-14,1.124100812432971e-15
Canola|North Dakota|2024|spring,Canola,North Dakota,2024,excess_rain,-0.004647875350475555,0.004647875350475555,0.04388412303143051,0.05135792307692677,-1.96217552381899e-14,1.124100812432971e-15
Canola|North Dakota|2024|spring,Canola,North Dakota,2024,radiation,-0.002414476209835693,0.002414476209835693,0.04388412303143051,0.05135792307692677,-1.96217552381899e-14,1.124100812432971e-15
Canola|Oklahoma|2024|spring,Canola,Oklahoma,2024,heat,-0.054735000303288726,0.054735000303288726,0.05826974508149909,1.7021714285714769,-1.96217552381899e-14,-9.020562075079397e-16
Canola|Oklahoma|2024|spring,Canola,Oklahoma,2024,drought,0.04936688682786987,0.0,0.05826974508149909,1.7021714285714769,-1.96217552381899e-14,-9.020562075079397e-16
Canola|Oklahoma|2024|spring,Canola,Oklahoma,2024,frost_cold,0.02240356401503422,0.0,0.05826974508149909,1.7021714285714769,-1.96217552381899e-14,-9.020562075079397e-16
Canola|Oklahoma|2024|spring,Canola,Oklahoma,2024,excess_rain,0.0397725589011137,0.0,0.05826974508149909,1.7021714285714769,-1.96217552381899e-14,-9.020562075079397e-16
Canola|Oklahoma|2024|spring,Canola,Oklahoma,2024,radiation,-8.150269207092163e-05,8.150269207092163e-05,0.05826974508149909,1.7021714285714769,-1.96217552381899e-14,-9.020562075079397e-16
Canola|Washington|2024|spring,Canola,Washington,2024,heat,-0.0252584993951335,0.0252584993951335,-0.21542902359057003,3.0263100000001484,-1.96217552381899e-14,-1.0547118733938987e-15
Canola|Washington|2024|spring,Canola,Washington,2024,drought,-0.11531058120975388,0.11531058120975388,-0.21542902359057003,3.0263100000001484,-1.96217552381899e-14,-1.0547118733938987e-15
Canola|Washington|2024|spring,Canola,Washington,2024,frost_cold,-0.013358341543502772,0.013358341543502772,-0.21542902359057003,3.0263100000001484,-1.96217552381899e-14,-1.0547118733938987e-15
Canola|Washington|2024|spring,Canola,Washington,2024,excess_rain,-0.07106348042991951,0.07106348042991951,-0.21542902359057003,3.0263100000001484,-1.96217552381899e-14,-1.0547118733938987e-15
Canola|Washington|2024|spring,Canola,Washington,2024,radiation,-0.007730857883552206,0.007730857883552206,-0.21542902359057003,3.0263100000001484,-1.96217552381899e-14,-1.0547118733938987e-15
Oats|Illinois|2024|spring,Oats,Illinois,2024,heat,-0.018974287570303377,0.018974287570303377,0.1280853917684011,0.42993302564102054,-1.96217552381899e-14,-1.1157741397482823e-14
Oats|Illinois|2024|spring,Oats,Illinois,2024,drought,0.04193160476247042,0.0,0.1280853917684011,0.42993302564102054,-1.96217552381899e-14,-1.1157741397482823e-14
Oats|Illinois|2024|spring,Oats,Illinois,2024,frost_cold,0.017497016144671418,0.0,0.1280853917684011,0.42993302564102054,-1.96217552381899e-14,-1.1157741397482823e-14
Oats|Illinois|2024|spring,Oats,Illinois,2024,excess_rain,0.06900418312315847,0.0,0.1280853917684011,0.42993302564102054,-1.96217552381899e-14,-1.1157741397482823e-14
Oats|Illinois|2024|spring,Oats,Illinois,2024,radiation,0.0030049377204186697,0.0,0.1280853917684011,0.42993302564102054,-1.96217552381899e-14,-1.1157741397482823e-14
Oats|Iowa|2024|spring,Oats,Iowa,2024,heat,-0.01731047881385667,0.01731047881385667,0.0382274387057282,0.278486564102566,-1.96217552381899e-14,-2.67841304690819e-15
Oats|Iowa|2024|spring,Oats,Iowa,2024,drought,0.030174096345502638,0.0,0.0382274387057282,0.278486564102566,-1.96217552381899e-14,-2.67841304690819e-15
Oats|Iowa|2024|spring,Oats,Iowa,2024,frost_cold,0.008887947316718816,0.0,0.0382274387057282,0.278486564102566,-1.96217552381899e-14,-2.67841304690819e-15
Oats|Iowa|2024|spring,Oats,Iowa,2024,excess_rain,-0.013023294782233213,0.013023294782233213,0.0382274387057282,0.278486564102566,-1.96217552381899e-14,-2.67841304690819e-15
Oats|Iowa|2024|spring,Oats,Iowa,2024,radiation,-0.00023603137012400723,0.00023603137012400723,0.0382274387057282,0.278486564102566,-1.96217552381899e-14,-2.67841304690819e-15
Oats|Kansas|2024|spring,Oats,Kansas,2024,heat,-0.06391063245851732,0.06391063245851732,0.028541117704514264,0.609174564102573,-1.96217552381899e-14,-3.969047313034935e-15
Oats|Kansas|2024|spring,Oats,Kansas,2024,drought,0.026201128026259485,0.0,0.028541117704514264,0.609174564102573,-1.96217552381899e-14,-3.969047313034935e-15
Oats|Kansas|2024|spring,Oats,Kansas,2024,frost_cold,0.018067674502675823,0.0,0.028541117704514264,0.609174564102573,-1.96217552381899e-14,-3.969047313034935e-15
Oats|Kansas|2024|spring,Oats,Kansas,2024,excess_rain,0.03199126405369771,0.0,0.028541117704514264,0.609174564102573,-1.96217552381899e-14,-3.969047313034935e-15
Oats|Kansas|2024|spring,Oats,Kansas,2024,radiation,-0.0010346585282230585,0.0010346585282230585,0.028541117704514264,0.609174564102573,-1.96217552381899e-14,-3.969047313034935e-15
Oats|Minnesota|2024|spring,Oats,Minnesota,2024,heat,0.036919500170267364,0.0,0.09339930029705688,0.6056849230769235,-1.96217552381899e-14,8.326672684688674e-17
Oats|Minnesota|2024|spring,Oats,Minnesota,2024,drought,-0.04437493975780494,0.04437493975780494,0.09339930029705688,0.6056849230769235,-1.96217552381899e-14,8.326672684688674e-17
Oats|Minnesota|2024|spring,Oats,Minnesota,2024,frost_cold,0.023634701880184253,0.0,0.09339930029705688,0.6056849230769235,-1.96217552381899e-14,8.326672684688674e-17
Oats|Minnesota|2024|spring,Oats,Minnesota,2024,excess_rain,0.05967334493586617,0.0,0.09339930029705688,0.6056849230769235,-1.96217552381899e-14,8.326672684688674e-17
Oats|Minnesota|2024|spring,Oats,Minnesota,2024,radiation,-0.003715392946303424,0.003715392946303424,0.09339930029705688,0.6056849230769235,-1.96217552381899e-14,8.326672684688674e-17
Oats|Montana|2024|spring,Oats,Montana,2024,heat,-0.03785190826436784,0.03785190826436784,-0.01902838545622138,-0.8047530598290698,-1.96217552381899e-14,-6.8833827526759706e-15
Oats|Montana|2024|spring,Oats,Montana,2024,drought,0.03024718512851194,0.0,-0.01902838545622138,-0.8047530598290698,-1.96217552381899e-14,-6.8833827526759706e-15
Oats|Montana|2024|spring,Oats,Montana,2024,frost_cold,0.005057878174836491,0.0,-0.01902838545622138,-0.8047530598290698,-1.96217552381899e-14,-6.8833827526759706e-15
Oats|Montana|2024|spring,Oats,Montana,2024,excess_rain,0.02435803912502581,0.0,-0.01902838545622138,-0.8047530598290698,-1.96217552381899e-14,-6.8833827526759706e-15
Oats|Montana|2024|spring,Oats,Montana,2024,radiation,-0.00669080544218488,0.00669080544218488,-0.01902838545622138,-0.8047530598290698,-1.96217552381899e-14,-6.8833827526759706e-15
Oats|Nebraska|2024|spring,Oats,Nebraska,2024,heat,-0.03116577726317194,0.03116577726317194,0.041881042633276855,-0.19376304273504452,-1.96217552381899e-14,-1.0401401961956935e-14
Oats|Nebraska|2024|spring,Oats,Nebraska,2024,drought,0.0381493404140032,0.0,0.041881042633276855,-0.19376304273504452,-1.96217552381899e-14,-1.0401401961956935e-14
Oats|Nebraska|2024|spring,Oats,Nebraska,2024,frost_cold,0.026304599823201713,0.0,0.041881042633276855,-0.19376304273504452,-1.96217552381899e-14,-1.0401401961956935e-14
Oats|Nebraska|2024|spring,Oats,Nebraska,2024,excess_rain,0.0019628489422481212,0.0,0.041881042633276855,-0.19376304273504452,-1.96217552381899e-14,-1.0401401961956935e-14
Oats|Nebraska|2024|spring,Oats,Nebraska,2024,radiation,0.0009872321540340303,0.0,0.041881042633276855,-0.19376304273504452,-1.96217552381899e-14,-1.0401401961956935e-14
Oats|North Dakota|2024|spring,Oats,North Dakota,2024,heat,0.00030097132910213674,0.0,0.02602612368344801,1.1480214017093888,-1.96217552381899e-14,2.1892210266827306e-15
Oats|North Dakota|2024|spring,Oats,North Dakota,2024,drought,0.028523231920999308,0.0,0.02602612368344801,1.1480214017093888,-1.96217552381899e-14,2.1892210266827306e-15
Oats|North Dakota|2024|spring,Oats,North Dakota,2024,frost_cold,0.019369374527945137,0.0,0.02602612368344801,1.1480214017093888,-1.96217552381899e-14,2.1892210266827306e-15
Oats|North Dakota|2024|spring,Oats,North Dakota,2024,excess_rain,-0.0078012915457183075,0.0078012915457183075,0.02602612368344801,1.1480214017093888,-1.96217552381899e-14,2.1892210266827306e-15
Oats|North Dakota|2024|spring,Oats,North Dakota,2024,radiation,-0.004736121380611956,0.004736121380611956,0.02602612368344801,1.1480214017093888,-1.96217552381899e-14,2.1892210266827306e-15
Oats|South Dakota|2024|spring,Oats,South Dakota,2024,heat,-0.016845725165364586,0.016845725165364586,0.10725548436606755,0.00854690598289487,-1.96217552381899e-14,-1.482147737874584e-14
Oats|South Dakota|2024|spring,Oats,South Dakota,2024,drought,0.04641528688462753,0.0,0.10725548436606755,0.00854690598289487,-1.96217552381899e-14,-1.482147737874584e-14
Oats|South Dakota|2024|spring,Oats,South Dakota,2024,frost_cold,0.0323438487405846,0.0,0.10725548436606755,0.00854690598289487,-1.96217552381899e-14,-1.482147737874584e-14
Oats|South Dakota|2024|spring,Oats,South Dakota,2024,excess_rain,0.028044182667927325,0.0,0.10725548436606755,0.00854690598289487,-1.96217552381899e-14,-1.482147737874584e-14
Oats|South Dakota|2024|spring,Oats,South Dakota,2024,radiation,-0.000587525076732287,0.000587525076732287,0.10725548436606755,0.00854690598289487,-1.96217552381899e-14,-1.482147737874584e-14
Oats|Texas|2024|spring,Oats,Texas,2024,heat,-0.06473844153622176,0.06473844153622176,0.019797128245825257,0.036870837606832074,-1.96217552381899e-14,-1.169203622808368e-15
Oats|Texas|2024|spring,Oats,Texas,2024,drought,0.042222245581660905,0.0,0.019797128245825257,0.036870837606832074,-1.96217552381899e-14,-1.169203622808368e-15
Oats|Texas|2024|spring,Oats,Texas,2024,frost_cold,0.01754601779404259,0.0,0.019797128245825257,0.036870837606832074,-1.96217552381899e-14,-1.169203622808368e-15
Oats|Texas|2024|spring,Oats,Texas,2024,excess_rain,0.038014408384591546,0.0,0.019797128245825257,0.036870837606832074,-1.96217552381899e-14,-1.169203622808368e-15
Oats|Texas|2024|spring,Oats,Texas,2024,radiation,-0.0011432730074476384,0.0011432730074476384,0.019797128245825257,0.036870837606832074,-1.96217552381899e-14,-1.169203622808368e-15
Wheat|Colorado|2024|winter,Wheat,Colorado,2024,heat,0.051486178219853164,0.0,0.1580529679487026,0.052572444444444866,-1.96217552381899e-14,3.0531133177191805e-16
Wheat|Colorado|2024|winter,Wheat,Colorado,2024,drought,0.07754180694448831,0.0,0.1580529679487026,0.052572444444444866,-1.96217552381899e-14,3.0531133177191805e-16
Wheat|Colorado|2024|winter,Wheat,Colorado,2024,frost_cold,-0.007044723145572949,0.007044723145572949,0.1580529679487026,0.052572444444444866,-1.96217552381899e-14,3.0531133177191805e-16
Wheat|Colorado|2024|winter,Wheat,Colorado,2024,excess_rain,0.029438914824669395,0.0,0.1580529679487026,0.052572444444444866,-1.96217552381899e-14,3.0531133177191805e-16
Wheat|Colorado|2024|winter,Wheat,Colorado,2024,radiation,0.016019983478008985,0.0,0.1580529679487026,0.052572444444444866,-1.96217552381899e-14,3.0531133177191805e-16
Wheat|Illinois|2024|winter,Wheat,Illinois,2024,heat,0.039338379095942955,0.0,0.12499781958684686,0.7599296068375665,-1.96217552381899e-14,1.9290125052862095e-15
Wheat|Illinois|2024|winter,Wheat,Illinois,2024,drought,0.06364617671785856,0.0,0.12499781958684686,0.7599296068375665,-1.96217552381899e-14,1.9290125052862095e-15
Wheat|Illinois|2024|winter,Wheat,Illinois,2024,frost_cold,-0.02404131190044908,0.02404131190044908,0.12499781958684686,0.7599296068375665,-1.96217552381899e-14,1.9290125052862095e-15
Wheat|Illinois|2024|winter,Wheat,Illinois,2024,excess_rain,0.004150564117934713,0.0,0.12499781958684686,0.7599296068375665,-1.96217552381899e-14,1.9290125052862095e-15
Wheat|Illinois|2024|winter,Wheat,Illinois,2024,radiation,0.018588595327034545,0.0,0.12499781958684686,0.7599296068375665,-1.96217552381899e-14,1.9290125052862095e-15
Wheat|Kansas|2024|winter,Wheat,Kansas,2024,heat,-0.036874025130949076,0.036874025130949076,0.026788149047350086,0.2793990085470086,-1.96217552381899e-14,-3.4555691641457997e-15
Wheat|Kansas|2024|winter,Wheat,Kansas,2024,drought,0.05974031890933522,0.0,0.026788149047350086,0.2793990085470086,-1.96217552381899e-14,-3.4555691641457997e-15
Wheat|Kansas|2024|winter,Wheat,Kansas,2024,frost_cold,-0.03559662574375743,0.03559662574375743,0.026788149047350086,0.2793990085470086,-1.96217552381899e-14,-3.4555691641457997e-15
Wheat|Kansas|2024|winter,Wheat,Kansas,2024,excess_rain,0.030367199353063583,0.0,0.026788149047350086,0.2793990085470086,-1.96217552381899e-14,-3.4555691641457997e-15
Wheat|Kansas|2024|winter,Wheat,Kansas,2024,radiation,0.005553247046550787,0.0,0.026788149047350086,0.2793990085470086,-1.96217552381899e-14,-3.4555691641457997e-15
Wheat|Minnesota|2024|spring,Wheat,Minnesota,2024,heat,0.0411465946642825,0.0,0.1369432663700722,0.2190854358974086,-1.96217552381899e-14,-1.6653345369377348e-16
Wheat|Minnesota|2024|spring,Wheat,Minnesota,2024,drought,-0.03735411343548205,0.03735411343548205,0.1369432663700722,0.2190854358974086,-1.96217552381899e-14,-1.6653345369377348e-16
Wheat|Minnesota|2024|spring,Wheat,Minnesota,2024,frost_cold,0.028309757761220147,0.0,0.1369432663700722,0.2190854358974086,-1.96217552381899e-14,-1.6653345369377348e-16
Wheat|Minnesota|2024|spring,Wheat,Minnesota,2024,excess_rain,0.06977727335796642,0.0,0.1369432663700722,0.2190854358974086,-1.96217552381899e-14,-1.6653345369377348e-16
Wheat|Minnesota|2024|spring,Wheat,Minnesota,2024,radiation,-0.004075171235235362,0.004075171235235362,0.1369432663700722,0.2190854358974086,-1.96217552381899e-14,-1.6653345369377348e-16
Wheat|Montana|2024|spring,Wheat,Montana,2024,heat,-0.03841580473934851,0.03841580473934851,-0.04812295125842066,-0.15697299145299803,-1.96217552381899e-14,8.743006318923108e-15
Wheat|Montana|2024|spring,Wheat,Montana,2024,drought,0.02198116872937258,0.0,-0.04812295125842066,-0.15697299145299803,-1.96217552381899e-14,8.743006318923108e-15
Wheat|Montana|2024|spring,Wheat,Montana,2024,frost_cold,0.00694721581592384,0.0,-0.04812295125842066,-0.15697299145299803,-1.96217552381899e-14,8.743006318923108e-15
Wheat|Montana|2024|spring,Wheat,Montana,2024,excess_rain,0.019441884019397983,0.0,-0.04812295125842066,-0.15697299145299803,-1.96217552381899e-14,8.743006318923108e-15
Wheat|Montana|2024|spring,Wheat,Montana,2024,radiation,-0.009765862533210929,0.009765862533210929,-0.04812295125842066,-0.15697299145299803,-1.96217552381899e-14,8.743006318923108e-15
Wheat|Nebraska|2024|winter,Wheat,Nebraska,2024,heat,0.059420197760074844,0.0,0.0611695655167378,0.35389316239316004,-1.96217552381899e-14,-1.1449174941446927e-15
Wheat|Nebraska|2024|winter,Wheat,Nebraska,2024,drought,-0.03237464505208,0.03237464505208,0.0611695655167378,0.35389316239316004,-1.96217552381899e-14,-1.1449174941446927e-15
Wheat|Nebraska|2024|winter,Wheat,Nebraska,2024,frost_cold,-0.015706120720416206,0.015706120720416206,0.0611695655167378,0.35389316239316004,-1.96217552381899e-14,-1.1449174941446927e-15
Wheat|Nebraska|2024|winter,Wheat,Nebraska,2024,excess_rain,0.017742516141654317,0.0,0.0611695655167378,0.35389316239316004,-1.96217552381899e-14,-1.1449174941446927e-15
Wheat|Nebraska|2024|winter,Wheat,Nebraska,2024,radiation,0.01556312692764985,0.0,0.0611695655167378,0.35389316239316004,-1.96217552381899e-14,-1.1449174941446927e-15
Wheat|North Dakota|2024|spring,Wheat,North Dakota,2024,heat,-0.010708124672145748,0.010708124672145748,0.016463947495604085,0.6740407179487145,-1.96217552381899e-14,1.9220736113823023e-15
Wheat|North Dakota|2024|spring,Wheat,North Dakota,2024,drought,0.02063996706051578,0.0,0.016463947495604085,0.6740407179487145,-1.96217552381899e-14,1.9220736113823023e-15
Wheat|North Dakota|2024|spring,Wheat,North Dakota,2024,frost_cold,0.017813548408707146,0.0,0.016463947495604085,0.6740407179487145,-1.96217552381899e-14,1.9220736113823023e-15
Wheat|North Dakota|2024|spring,Wheat,North Dakota,2024,excess_rain,-0.003789295767117472,0.003789295767117472,0.016463947495604085,0.6740407179487145,-1.96217552381899e-14,1.9220736113823023e-15
Wheat|North Dakota|2024|spring,Wheat,North Dakota,2024,radiation,-0.0011824024800167572,0.0011824024800167572,0.016463947495604085,0.6740407179487145,-1.96217552381899e-14,1.9220736113823023e-15
Wheat|Oklahoma|2024|winter,Wheat,Oklahoma,2024,heat,-0.0045897461509282825,0.0045897461509282825,-0.05278083749603805,0.6681744615384626,-1.96217552381899e-14,-8.000544671205034e-15
Wheat|Oklahoma|2024|winter,Wheat,Oklahoma,2024,drought,0.044311421071134255,0.0,-0.05278083749603805,0.6681744615384626,-1.96217552381899e-14,-8.000544671205034e-15
Wheat|Oklahoma|2024|winter,Wheat,Oklahoma,2024,frost_cold,-0.052869435365590384,0.052869435365590384,-0.05278083749603805,0.6681744615384626,-1.96217552381899e-14,-8.000544671205034e-15
Wheat|Oklahoma|2024|winter,Wheat,Oklahoma,2024,excess_rain,-0.02270810178279538,0.02270810178279538,-0.05278083749603805,0.6681744615384626,-1.96217552381899e-14,-8.000544671205034e-15
Wheat|Oklahoma|2024|winter,Wheat,Oklahoma,2024,radiation,0.005999483583990389,0.0,-0.05278083749603805,0.6681744615384626,-1.96217552381899e-14,-8.000544671205034e-15
Wheat|South Dakota|2024|spring,Wheat,South Dakota,2024,heat,-0.024022058544623647,0.024022058544623647,0.04072684347912004,0.18043213675210623,-1.96217552381899e-14,-1.314226505400029e-14
Wheat|South Dakota|2024|spring,Wheat,South Dakota,2024,drought,0.026442486726116557,0.0,0.04072684347912004,0.18043213675210623,-1.96217552381899e-14,-1.314226505400029e-14
Wheat|South Dakota|2024|spring,Wheat,South Dakota,2024,frost_cold,0.023793659910597714,0.0,0.04072684347912004,0.18043213675210623,-1.96217552381899e-14,-1.314226505400029e-14
Wheat|South Dakota|2024|spring,Wheat,South Dakota,2024,excess_rain,0.024638992713339834,0.0,0.04072684347912004,0.18043213675210623,-1.96217552381899e-14,-1.314226505400029e-14
Wheat|South Dakota|2024|spring,Wheat,South Dakota,2024,radiation,-0.002828257180027246,0.002828257180027246,0.04072684347912004,0.18043213675210623,-1.96217552381899e-14,-1.314226505400029e-14
Wheat|Texas|2024|winter,Wheat,Texas,2024,heat,-0.001553763827669369,0.001553763827669369,0.20244690335520935,0.10414198290598398,-1.96217552381899e-14,-1.3600232051658168e-15
Wheat|Texas|2024|winter,Wheat,Texas,2024,drought,0.06091466648648296,0.0,0.20244690335520935,0.10414198290598398,-1.96217552381899e-14,-1.3600232051658168e-15
Wheat|Texas|2024|winter,Wheat,Texas,2024,frost_cold,0.009415881555653326,0.0,0.20244690335520935,0.10414198290598398,-1.96217552381899e-14,-1.3600232051658168e-15
Wheat|Texas|2024|winter,Wheat,Texas,2024,excess_rain,0.10137950348124489,0.0,0.20244690335520935,0.10414198290598398,-1.96217552381899e-14,-1.3600232051658168e-15
Wheat|Texas|2024|winter,Wheat,Texas,2024,radiation,0.01578063465568012,0.0,0.20244690335520935,0.10414198290598398,-1.96217552381899e-14,-1.3600232051658168e-15
Wheat|Washington|2024|winter,Wheat,Washington,2024,heat,0.014476780728288379,0.0,-0.06812455121083982,0.1535398290598291,-1.96217552381899e-14,2.0122792321330962e-15
Wheat|Washington|2024|winter,Wheat,Washington,2024,drought,0.0038219060452200845,0.0,-0.06812455121083982,0.1535398290598291,-1.96217552381899e-14,2.0122792321330962e-15
Wheat|Washington|2024|winter,Wheat,Washington,2024,frost_cold,-0.029995873772797603,0.029995873772797603,-0.06812455121083982,0.1535398290598291,-1.96217552381899e-14,2.0122792321330962e-15
Wheat|Washington|2024|winter,Wheat,Washington,2024,excess_rain,-0.0413470274884607,0.0413470274884607,-0.06812455121083982,0.1535398290598291,-1.96217552381899e-14,2.0122792321330962e-15
Wheat|Washington|2024|winter,Wheat,Washington,2024,radiation,-0.01802542558813571,0.01802542558813571,-0.06812455121083982,0.1535398290598291,-1.96217552381899e-14,2.0122792321330962e-15
Barley|Colorado|2025|spring,Barley,Colorado,2025,heat,0.049010696076647514,0.0,0.006752867445533444,-1.6520738461539324,-1.96217552381899e-14,-4.07486544506952e-15
Barley|Colorado|2025|spring,Barley,Colorado,2025,drought,0.01152507534702616,0.0,0.006752867445533444,-1.6520738461539324,-1.96217552381899e-14,-4.07486544506952e-15
Barley|Colorado|2025|spring,Barley,Colorado,2025,frost_cold,-0.03552135223801561,0.03552135223801561,0.006752867445533444,-1.6520738461539324,-1.96217552381899e-14,-4.07486544506952e-15
Barley|Colorado|2025|spring,Barley,Colorado,2025,excess_rain,0.025775645900556265,0.0,0.006752867445533444,-1.6520738461539324,-1.96217552381899e-14,-4.07486544506952e-15
Barley|Colorado|2025|spring,Barley,Colorado,2025,radiation,-0.01414919718792829,0.01414919718792829,0.006752867445533444,-1.6520738461539324,-1.96217552381899e-14,-4.07486544506952e-15
Barley|Kansas|2025|spring,Barley,Kansas,2025,heat,0.00023817821500834123,0.0,0.03857044966047053,0.36501230769230864,-1.96217552381899e-14,4.142519660632615e-15
Barley|Kansas|2025|spring,Barley,Kansas,2025,drought,0.01951694060584739,0.0,0.03857044966047053,0.36501230769230864,-1.96217552381899e-14,4.142519660632615e-15
Barley|Kansas|2025|spring,Barley,Kansas,2025,frost_cold,0.010614270495208493,0.0,0.03857044966047053,0.36501230769230864,-1.96217552381899e-14,4.142519660632615e-15
Barley|Kansas|2025|spring,Barley,Kansas,2025,excess_rain,-0.0048721426877800615,0.0048721426877800615,0.03857044966047053,0.36501230769230864,-1.96217552381899e-14,4.142519660632615e-15
Barley|Kansas|2025|spring,Barley,Kansas,2025,radiation,0.006812223237031366,0.0,0.03857044966047053,0.36501230769230864,-1.96217552381899e-14,4.142519660632615e-15
Barley|Minnesota|2025|spring,Barley,Minnesota,2025,heat,0.02040662658355851,0.0,0.19764717246492594,0.6423569230769282,-1.96217552381899e-14,-3.469446951953614e-15
Barley|Minnesota|2025|spring,Barley,Minnesota,2025,drought,0.007740067264725735,0.0,0.19764717246492594,0.6423569230769282,-1.96217552381899e-14,-3.469446951953614e-15
Barley|Minnesota|2025|spring,Barley,Minnesota,2025,frost_cold,0.06230426147630097,0.0,0.19764717246492594,0.6423569230769282,-1.96217552381899e-14,-3.469446951953614e-15
Barley|Minnesota|2025|spring,Barley,Minnesota,2025,excess_rain,0.044390593618281585,0.0,0.19764717246492594,0.6423569230769282,-1.96217552381899e-14,-3.469446951953614e-15
Barley|Minnesota|2025|spring,Barley,Minnesota,2025,radiation,0.023068567605984098,0.0,0.19764717246492594,0.6423569230769282,-1.96217552381899e-14,-3.469446951953614e-15
Barley|Montana|2025|spring,Barley,Montana,2025,heat,0.02836528526223271,0.0,0.11880062177644168,-0.12746461538462217,-1.96217552381899e-14,2.789435349370706e-15
Barley|Montana|2025|spring,Barley,Montana,2025,drought,0.07169180745384862,0.0,0.11880062177644168,-0.12746461538462217,-1.96217552381899e-14,2.789435349370706e-15
Barley|Montana|2025|spring,Barley,Montana,2025,frost_cold,-0.006437037975819776,0.006437037975819776,0.11880062177644168,-0.12746461538462217,-1.96217552381899e-14,2.789435349370706e-15
Barley|Montana|2025|spring,Barley,Montana,2025,excess_rain,0.020399229425709688,0.0,0.11880062177644168,-0.12746461538462217,-1.96217552381899e-14,2.789435349370706e-15
Barley|Montana|2025|spring,Barley,Montana,2025,radiation,-0.0010922644302787507,0.0010922644302787507,0.11880062177644168,-0.12746461538462217,-1.96217552381899e-14,2.789435349370706e-15
Barley|North Dakota|2025|spring,Barley,North Dakota,2025,heat,-0.008097798583969999,0.008097798583969999,0.007452319048560097,0.6191323076923112,-1.96217552381899e-14,2.7087707077377843e-15
Barley|North Dakota|2025|spring,Barley,North Dakota,2025,drought,0.026514006060582053,0.0,0.007452319048560097,0.6191323076923112,-1.96217552381899e-14,2.7087707077377843e-15
Barley|North Dakota|2025|spring,Barley,North Dakota,2025,frost_cold,-0.004844093640443114,0.004844093640443114,0.007452319048560097,0.6191323076923112,-1.96217552381899e-14,2.7087707077377843e-15
Barley|North Dakota|2025|spring,Barley,North Dakota,2025,excess_rain,-0.003011956314522418,0.003011956314522418,0.007452319048560097,0.6191323076923112,-1.96217552381899e-14,2.7087707077377843e-15
Barley|North Dakota|2025|spring,Barley,North Dakota,2025,radiation,0.007738256890077116,0.0,0.007452319048560097,0.6191323076923112,-1.96217552381899e-14,2.7087707077377843e-15
Barley|South Dakota|2025|spring,Barley,South Dakota,2025,heat,-0.0846083976380328,0.0846083976380328,-0.1709416561457145,0.34183076923078337,-1.96217552381899e-14,9.686695889854491e-15
Barley|South Dakota|2025|spring,Barley,South Dakota,2025,drought,0.0017411459703368724,0.0,-0.1709416561457145,0.34183076923078337,-1.96217552381899e-14,9.686695889854491e-15
Barley|South Dakota|2025|spring,Barley,South Dakota,2025,frost_cold,0.03417447698198935,0.0,-0.1709416561457145,0.34183076923078337,-1.96217552381899e-14,9.686695889854491e-15
Barley|South Dakota|2025|spring,Barley,South Dakota,2025,excess_rain,-0.03478240706197864,0.03478240706197864,-0.1709416561457145,0.34183076923078337,-1.96217552381899e-14,9.686695889854491e-15
Barley|South Dakota|2025|spring,Barley,South Dakota,2025,radiation,0.0002026941849842998,0.0,-0.1709416561457145,0.34183076923078337,-1.96217552381899e-14,9.686695889854491e-15
Barley|Washington|2025|spring,Barley,Washington,2025,heat,0.031858238660717665,0.0,-0.29531335566241357,-0.9386630769230906,-1.96217552381899e-14,-6.106226635438361e-16
Barley|Washington|2025|spring,Barley,Washington,2025,drought,-0.19649790619402413,0.19649790619402413,-0.29531335566241357,-0.9386630769230906,-1.96217552381899e-14,-6.106226635438361e-16
Barley|Washington|2025|spring,Barley,Washington,2025,frost_cold,-0.013705190974203012,0.013705190974203012,-0.29531335566241357,-0.9386630769230906,-1.96217552381899e-14,-6.106226635438361e-16
Barley|Washington|2025|spring,Barley,Washington,2025,excess_rain,-0.10677043423416442,0.10677043423416442,-0.29531335566241357,-0.9386630769230906,-1.96217552381899e-14,-6.106226635438361e-16
Barley|Washington|2025|spring,Barley,Washington,2025,radiation,-0.007995472912873312,0.007995472912873312,-0.29531335566241357,-0.9386630769230906,-1.96217552381899e-14,-6.106226635438361e-16
Canola|Minnesota|2025|spring,Canola,Minnesota,2025,heat,0.015050639235003365,0.0,0.13079404658475774,0.42236403508771936,-1.96217552381899e-14,-1.915134717478395e-15
Canola|Minnesota|2025|spring,Canola,Minnesota,2025,drought,-0.0009942191510257051,0.0009942191510257051,0.13079404658475774,0.42236403508771936,-1.96217552381899e-14,-1.915134717478395e-15
Canola|Minnesota|2025|spring,Canola,Minnesota,2025,frost_cold,0.044485544202689284,0.0,0.13079404658475774,0.42236403508771936,-1.96217552381899e-14,-1.915134717478395e-15
Canola|Minnesota|2025|spring,Canola,Minnesota,2025,excess_rain,0.030910223339115292,0.0,0.13079404658475774,0.42236403508771936,-1.96217552381899e-14,-1.915134717478395e-15
Canola|Minnesota|2025|spring,Canola,Minnesota,2025,radiation,0.0257840841880018,0.0,0.13079404658475774,0.42236403508771936,-1.96217552381899e-14,-1.915134717478395e-15
Canola|Montana|2025|spring,Canola,Montana,2025,heat,0.026058638950591025,0.0,0.10171772737090437,-0.6862191176470454,-1.96217552381899e-14,5.898059818321144e-15
Canola|Montana|2025|spring,Canola,Montana,2025,drought,0.05904171829103387,0.0,0.10171772737090437,-0.6862191176470454,-1.96217552381899e-14,5.898059818321144e-15
Canola|Montana|2025|spring,Canola,Montana,2025,frost_cold,-0.004256608693267534,0.004256608693267534,0.10171772737090437,-0.6862191176470454,-1.96217552381899e-14,5.898059818321144e-15
Canola|Montana|2025|spring,Canola,Montana,2025,excess_rain,0.010889270325902414,0.0,0.10171772737090437,-0.6862191176470454,-1.96217552381899e-14,5.898059818321144e-15
Canola|Montana|2025|spring,Canola,Montana,2025,radiation,0.0004889720891691781,0.0,0.10171772737090437,-0.6862191176470454,-1.96217552381899e-14,5.898059818321144e-15
Canola|North Dakota|2025|spring,Canola,North Dakota,2025,heat,-0.008704787250896082,0.008704787250896082,0.010828347665379944,0.32370353846153943,-1.96217552381899e-14,-1.844011054963346e-15
Canola|North Dakota|2025|spring,Canola,North Dakota,2025,drought,0.025825689213642672,0.0,0.010828347665379944,0.32370353846153943,-1.96217552381899e-14,-1.844011054963346e-15
Canola|North Dakota|2025|spring,Canola,North Dakota,2025,frost_cold,-0.004953872785467947,0.004953872785467947,0.010828347665379944,0.32370353846153943,-1.96217552381899e-14,-1.844011054963346e-15
Canola|North Dakota|2025|spring,Canola,North Dakota,2025,excess_rain,-0.003930659906427209,0.003930659906427209,0.010828347665379944,0.32370353846153943,-1.96217552381899e-14,-1.844011054963346e-15
Canola|North Dakota|2025|spring,Canola,North Dakota,2025,radiation,0.006730193282396786,0.0,0.010828347665379944,0.32370353846153943,-1.96217552381899e-14,-1.844011054963346e-15
Canola|Oklahoma|2025|spring,Canola,Oklahoma,2025,heat,0.0001241314771716069,0.0,0.06743506387870955,0.9440428571429147,-1.96217552381899e-14,1.1934897514720433e-15
Canola|Oklahoma|2025|spring,Canola,Oklahoma,2025,drought,-0.002443859790682802,0.002443859790682802,0.06743506387870955,0.9440428571429147,-1.96217552381899e-14,1.1934897514720433e-15
Canola|Oklahoma|2025|spring,Canola,Oklahoma,2025,frost_cold,0.006004446434706211,0.0,0.06743506387870955,0.9440428571429147,-1.96217552381899e-14,1.1934897514720433e-15
Canola|Oklahoma|2025|spring,Canola,Oklahoma,2025,excess_rain,0.025127573587514773,0.0,0.06743506387870955,0.9440428571429147,-1.96217552381899e-14,1.1934897514720433e-15
Canola|Oklahoma|2025|spring,Canola,Oklahoma,2025,radiation,0.003933508169817825,0.0,0.06743506387870955,0.9440428571429147,-1.96217552381899e-14,1.1934897514720433e-15
Canola|Washington|2025|spring,Canola,Washington,2025,heat,0.02688381638194517,0.0,-0.2584513172375297,2.9479000000001747,-1.96217552381899e-14,-2.7755575615628914e-16
Canola|Washington|2025|spring,Canola,Washington,2025,drought,-0.18615731769727195,0.18615731769727195,-0.2584513172375297,2.9479000000001747,-1.96217552381899e-14,-2.7755575615628914e-16
Canola|Washington|2025|spring,Canola,Washington,2025,frost_cold,-0.014276769876606853,0.014276769876606853,-0.2584513172375297,2.9479000000001747,-1.96217552381899e-14,-2.7755575615628914e-16
Canola|Washington|2025|spring,Canola,Washington,2025,excess_rain,-0.09670863651670406,0.09670863651670406,-0.2584513172375297,2.9479000000001747,-1.96217552381899e-14,-2.7755575615628914e-16
Canola|Washington|2025|spring,Canola,Washington,2025,radiation,-0.006267966719773279,0.006267966719773279,-0.2584513172375297,2.9479000000001747,-1.96217552381899e-14,-2.7755575615628914e-16
Oats|Illinois|2025|spring,Oats,Illinois,2025,heat,-0.048923583481597886,0.048923583481597886,0.07708273273687305,0.6257723076923027,-1.96217552381899e-14,-2.8727020762175925e-15
Oats|Illinois|2025|spring,Oats,Illinois,2025,drought,0.06062989396592451,0.0,0.07708273273687305,0.6257723076923027,-1.96217552381899e-14,-2.8727020762175925e-15
Oats|Illinois|2025|spring,Oats,Illinois,2025,frost_cold,0.030772663049744346,0.0,0.07708273273687305,0.6257723076923027,-1.96217552381899e-14,-2.8727020762175925e-15
Oats|Illinois|2025|spring,Oats,Illinois,2025,excess_rain,0.028938151382705498,0.0,0.07708273273687305,0.6257723076923027,-1.96217552381899e-14,-2.8727020762175925e-15
Oats|Illinois|2025|spring,Oats,Illinois,2025,radiation,0.001005686450890425,0.0,0.07708273273687305,0.6257723076923027,-1.96217552381899e-14,-2.8727020762175925e-15
Oats|Iowa|2025|spring,Oats,Iowa,2025,heat,-0.029657438072198086,0.029657438072198086,-0.04847048860025009,0.6246676923076948,-1.96217552381899e-14,-3.698430450782553e-15
Oats|Iowa|2025|spring,Oats,Iowa,2025,drought,-0.013834604563753256,0.013834604563753256,-0.04847048860025009,0.6246676923076948,-1.96217552381899e-14,-3.698430450782553e-15
Oats|Iowa|2025|spring,Oats,Iowa,2025,frost_cold,0.013194655668780055,0.0,-0.04847048860025009,0.6246676923076948,-1.96217552381899e-14,-3.698430450782553e-15
Oats|Iowa|2025|spring,Oats,Iowa,2025,excess_rain,-0.01654535751944162,0.01654535751944162,-0.04847048860025009,0.6246676923076948,-1.96217552381899e-14,-3.698430450782553e-15
Oats|Iowa|2025|spring,Oats,Iowa,2025,radiation,-0.006036553049128346,0.006036553049128346,-0.04847048860025009,0.6246676923076948,-1.96217552381899e-14,-3.698430450782553e-15
Oats|Kansas|2025|spring,Oats,Kansas,2025,heat,0.012161237640912304,0.0,0.005831354393996354,0.32334153846154745,-1.96217552381899e-14,2.6816222853387472e-14
Oats|Kansas|2025|spring,Oats,Kansas,2025,drought,-0.015041765523846354,0.015041765523846354,0.005831354393996354,0.32334153846154745,-1.96217552381899e-14,2.6816222853387472e-14
Oats|Kansas|2025|spring,Oats,Kansas,2025,frost_cold,0.007642538212799345,0.0,0.005831354393996354,0.32334153846154745,-1.96217552381899e-14,2.6816222853387472e-14
Oats|Kansas|2025|spring,Oats,Kansas,2025,excess_rain,-0.00926890365999112,0.00926890365999112,0.005831354393996354,0.32334153846154745,-1.96217552381899e-14,2.6816222853387472e-14
Oats|Kansas|2025|spring,Oats,Kansas,2025,radiation,0.008270355978669337,0.0,0.005831354393996354,0.32334153846154745,-1.96217552381899e-14,2.6816222853387472e-14
Oats|Minnesota|2025|spring,Oats,Minnesota,2025,heat,0.010147624007185281,0.0,0.13979091296574975,0.5534276923076931,-1.96217552381899e-14,-3.58046925441613e-15
Oats|Minnesota|2025|spring,Oats,Minnesota,2025,drought,0.008137663824389487,0.0,0.13979091296574975,0.5534276923076931,-1.96217552381899e-14,-3.58046925441613e-15
Oats|Minnesota|2025|spring,Oats,Minnesota,2025,frost_cold,0.04648073275925929,0.0,0.13979091296574975,0.5534276923076931,-1.96217552381899e-14,-3.58046925441613e-15
Oats|Minnesota|2025|spring,Oats,Minnesota,2025,excess_rain,0.0280875295882011,0.0,0.13979091296574975,0.5534276923076931,-1.96217552381899e-14,-3.58046925441613e-15
Oats|Minnesota|2025|spring,Oats,Minnesota,2025,radiation,0.025761494261602742,0.0,0.13979091296574975,0.5534276923076931,-1.96217552381899e-14,-3.58046925441613e-15
Oats|Montana|2025|spring,Oats,Montana,2025,heat,0.017720632021398553,0.0,0.056047341434843204,-0.4160138461538565,-1.96217552381899e-14,2.6020852139652106e-15
Oats|Montana|2025|spring,Oats,Montana,2025,drought,0.054229595599234307,0.0,0.056047341434843204,-0.4160138461538565,-1.96217552381899e-14,2.6020852139652106e-15
Oats|Montana|2025|spring,Oats,Montana,2025,frost_cold,-0.008783105264662618,0.008783105264662618,0.056047341434843204,-0.4160138461538565,-1.96217552381899e-14,2.6020852139652106e-15
Oats|Montana|2025|spring,Oats,Montana,2025,excess_rain,0.006487922501934618,0.0,0.056047341434843204,-0.4160138461538565,-1.96217552381899e-14,2.6020852139652106e-15
Oats|Montana|2025|spring,Oats,Montana,2025,radiation,-0.0006441740980641276,0.0006441740980641276,0.056047341434843204,-0.4160138461538565,-1.96217552381899e-14,2.6020852139652106e-15
Oats|Nebraska|2025|spring,Oats,Nebraska,2025,heat,-0.005354048896138476,0.005354048896138476,0.1229984855413004,-0.8982892307692278,-1.96217552381899e-14,-2.833844270355712e-14
Oats|Nebraska|2025|spring,Oats,Nebraska,2025,drought,0.03305721965512735,0.0,0.1229984855413004,-0.8982892307692278,-1.96217552381899e-14,-2.833844270355712e-14
Oats|Nebraska|2025|spring,Oats,Nebraska,2025,frost_cold,0.04309639898866163,0.0,0.1229984855413004,-0.8982892307692278,-1.96217552381899e-14,-2.833844270355712e-14
Oats|Nebraska|2025|spring,Oats,Nebraska,2025,excess_rain,0.030009101602260807,0.0,0.1229984855413004,-0.8982892307692278,-1.96217552381899e-14,-2.833844270355712e-14
Oats|Nebraska|2025|spring,Oats,Nebraska,2025,radiation,-0.0012803902654558836,0.0012803902654558836,0.1229984855413004,-0.8982892307692278,-1.96217552381899e-14,-2.833844270355712e-14
Oats|North Dakota|2025|spring,Oats,North Dakota,2025,heat,-0.006907341460185115,0.006907341460185115,0.028851901131259433,0.3812953846153695,-1.96217552381899e-14,-1.994931997373328e-15
Oats|North Dakota|2025|spring,Oats,North Dakota,2025,drought,0.031052499627063336,0.0,0.028851901131259433,0.3812953846153695,-1.96217552381899e-14,-1.994931997373328e-15
Oats|North Dakota|2025|spring,Oats,North Dakota,2025,frost_cold,-0.008471883461070893,0.008471883461070893,0.028851901131259433,0.3812953846153695,-1.96217552381899e-14,-1.994931997373328e-15
Oats|North Dakota|2025|spring,Oats,North Dakota,2025,excess_rain,0.0065507741431127305,0.0,0.028851901131259433,0.3812953846153695,-1.96217552381899e-14,-1.994931997373328e-15
Oats|North Dakota|2025|spring,Oats,North Dakota,2025,radiation,0.006299022264842482,0.0,0.028851901131259433,0.3812953846153695,-1.96217552381899e-14,-1.994931997373328e-15
Oats|South Dakota|2025|spring,Oats,South Dakota,2025,heat,-0.028893842605186404,0.028893842605186404,0.07801507565225028,-0.10093230769231276,-1.96217552381899e-14,-8.007483565108942e-15
Oats|South Dakota|2025|spring,Oats,South Dakota,2025,drought,0.03911382569270613,0.0,0.07801507565225028,-0.10093230769231276,-1.96217552381899e-14,-8.007483565108942e-15
Oats|South Dakota|2025|spring,Oats,South Dakota,2025,frost_cold,0.041550089857865985,0.0,0.07801507565225028,-0.10093230769231276,-1.96217552381899e-14,-8.007483565108942e-15
Oats|South Dakota|2025|spring,Oats,South Dakota,2025,excess_rain,0.010613570334735162,0.0,0.07801507565225028,-0.10093230769231276,-1.96217552381899e-14,-8.007483565108942e-15
Oats|South Dakota|2025|spring,Oats,South Dakota,2025,radiation,0.002594756127364943,0.0,0.07801507565225028,-0.10093230769231276,-1.96217552381899e-14,-8.007483565108942e-15
Oats|Texas|2025|spring,Oats,Texas,2025,heat,-0.046992162378536415,0.046992162378536415,0.03598640640007961,0.2864138461538406,-1.96217552381899e-14,2.914335439641036e-16
Oats|Texas|2025|spring,Oats,Texas,2025,drought,0.039235732602576234,0.0,0.03598640640007961,0.2864138461538406,-1.96217552381899e-14,2.914335439641036e-16
Oats|Texas|2025|spring,Oats,Texas,2025,frost_cold,0.013363056355066195,0.0,0.03598640640007961,0.2864138461538406,-1.96217552381899e-14,2.914335439641036e-16
Oats|Texas|2025|spring,Oats,Texas,2025,excess_rain,0.02813173106574892,0.0,0.03598640640007961,0.2864138461538406,-1.96217552381899e-14,2.914335439641036e-16
Oats|Texas|2025|spring,Oats,Texas,2025,radiation,0.0038310327089587765,0.0,0.03598640640007961,0.2864138461538406,-1.96217552381899e-14,2.914335439641036e-16
Wheat|Colorado|2025|winter,Wheat,Colorado,2025,heat,0.0037093533672694886,0.0,-0.25375058767807096,0.2521815384615391,-1.96217552381899e-14,-9.992007221626409e-16
Wheat|Colorado|2025|winter,Wheat,Colorado,2025,drought,-0.20758577926161798,0.20758577926161798,-0.25375058767807096,0.2521815384615391,-1.96217552381899e-14,-9.992007221626409e-16
Wheat|Colorado|2025|winter,Wheat,Colorado,2025,frost_cold,-0.017367711507031376,0.017367711507031376,-0.25375058767807096,0.2521815384615391,-1.96217552381899e-14,-9.992007221626409e-16
Wheat|Colorado|2025|winter,Wheat,Colorado,2025,excess_rain,-6.051448096344985e-05,6.051448096344985e-05,-0.25375058767807096,0.2521815384615391,-1.96217552381899e-14,-9.992007221626409e-16
Wheat|Colorado|2025|winter,Wheat,Colorado,2025,radiation,-0.003635816715855978,0.003635816715855978,-0.25375058767807096,0.2521815384615391,-1.96217552381899e-14,-9.992007221626409e-16
Wheat|Illinois|2025|winter,Wheat,Illinois,2025,heat,0.02197776522924421,0.0,0.16257145705125203,0.8370184615384249,-1.96217552381899e-14,-1.582067810090848e-15
Wheat|Illinois|2025|winter,Wheat,Illinois,2025,drought,0.04292297314307818,0.0,0.16257145705125203,0.8370184615384249,-1.96217552381899e-14,-1.582067810090848e-15
Wheat|Illinois|2025|winter,Wheat,Illinois,2025,frost_cold,-0.025912650598582443,0.025912650598582443,0.16257145705125203,0.8370184615384249,-1.96217552381899e-14,-1.582067810090848e-15
Wheat|Illinois|2025|winter,Wheat,Illinois,2025,excess_rain,0.07899700699944778,0.0,0.16257145705125203,0.8370184615384249,-1.96217552381899e-14,-1.582067810090848e-15
Wheat|Illinois|2025|winter,Wheat,Illinois,2025,radiation,0.02088931893055744,0.0,0.16257145705125203,0.8370184615384249,-1.96217552381899e-14,-1.582067810090848e-15
Wheat|Kansas|2025|winter,Wheat,Kansas,2025,heat,-0.014146827385701484,0.014146827385701484,-0.04861433455447413,0.8142723076923084,-1.96217552381899e-14,-3.400058012914542e-15
Wheat|Kansas|2025|winter,Wheat,Kansas,2025,drought,-0.01918298179903842,0.01918298179903842,-0.04861433455447413,0.8142723076923084,-1.96217552381899e-14,-3.400058012914542e-15
Wheat|Kansas|2025|winter,Wheat,Kansas,2025,frost_cold,-0.034325587641701016,0.034325587641701016,-0.04861433455447413,0.8142723076923084,-1.96217552381899e-14,-3.400058012914542e-15
Wheat|Kansas|2025|winter,Wheat,Kansas,2025,excess_rain,0.011498674846593209,0.0,-0.04861433455447413,0.8142723076923084,-1.96217552381899e-14,-3.400058012914542e-15
Wheat|Kansas|2025|winter,Wheat,Kansas,2025,radiation,0.010144022355355015,0.0,-0.04861433455447413,0.8142723076923084,-1.96217552381899e-14,-3.400058012914542e-15
Wheat|Minnesota|2025|spring,Wheat,Minnesota,2025,heat,0.01339490553612353,0.0,0.1548270009774239,0.19158153846150938,-1.96217552381899e-14,-2.3592239273284576e-15
Wheat|Minnesota|2025|spring,Wheat,Minnesota,2025,drought,0.002575119514360562,0.0,0.1548270009774239,0.19158153846150938,-1.96217552381899e-14,-2.3592239273284576e-15
Wheat|Minnesota|2025|spring,Wheat,Minnesota,2025,frost_cold,0.05614391504828258,0.0,0.1548270009774239,0.19158153846150938,-1.96217552381899e-14,-2.3592239273284576e-15
Wheat|Minnesota|2025|spring,Wheat,Minnesota,2025,excess_rain,0.035319332017859265,0.0,0.1548270009774239,0.19158153846150938,-1.96217552381899e-14,-2.3592239273284576e-15
Wheat|Minnesota|2025|spring,Wheat,Minnesota,2025,radiation,0.029620961910991093,0.0,0.1548270009774239,0.19158153846150938,-1.96217552381899e-14,-2.3592239273284576e-15
Wheat|Montana|2025|spring,Wheat,Montana,2025,heat,0.02298452966179837,0.0,0.07001067219069955,0.018261538461533444,-1.96217552381899e-14,1.2351231148954867e-14
Wheat|Montana|2025|spring,Wheat,Montana,2025,drought,0.05138986313305831,0.0,0.07001067219069955,0.018261538461533444,-1.96217552381899e-14,1.2351231148954867e-14
Wheat|Montana|2025|spring,Wheat,Montana,2025,frost_cold,-0.007127357713193616,0.007127357713193616,0.07001067219069955,0.018261538461533444,-1.96217552381899e-14,1.2351231148954867e-14
Wheat|Montana|2025|spring,Wheat,Montana,2025,excess_rain,0.011394995189688676,0.0,0.07001067219069955,0.018261538461533444,-1.96217552381899e-14,1.2351231148954867e-14
Wheat|Montana|2025|spring,Wheat,Montana,2025,radiation,0.0009603938032591758,0.0,0.07001067219069955,0.018261538461533444,-1.96217552381899e-14,1.2351231148954867e-14
Wheat|Nebraska|2025|winter,Wheat,Nebraska,2025,heat,0.034708560534567445,0.0,-0.05753310799634008,-0.005169230769235256,-1.96217552381899e-14,2.3037127760972e-15
Wheat|Nebraska|2025|winter,Wheat,Nebraska,2025,drought,-0.11354801632431034,0.11354801632431034,-0.05753310799634008,-0.005169230769235256,-1.96217552381899e-14,2.3037127760972e-15
Wheat|Nebraska|2025|winter,Wheat,Nebraska,2025,frost_cold,-0.016651758555906754,0.016651758555906754,-0.05753310799634008,-0.005169230769235256,-1.96217552381899e-14,2.3037127760972e-15
Wheat|Nebraska|2025|winter,Wheat,Nebraska,2025,excess_rain,0.015164008185785107,0.0,-0.05753310799634008,-0.005169230769235256,-1.96217552381899e-14,2.3037127760972e-15
Wheat|Nebraska|2025|winter,Wheat,Nebraska,2025,radiation,0.008985068531895868,0.0,-0.05753310799634008,-0.005169230769235256,-1.96217552381899e-14,2.3037127760972e-15
Wheat|North Dakota|2025|spring,Wheat,North Dakota,2025,heat,-0.010325494495583199,0.010325494495583199,0.00924823113864726,0.3622953846153947,-1.96217552381899e-14,1.465841337200402e-15
Wheat|North Dakota|2025|spring,Wheat,North Dakota,2025,drought,0.02911623685852961,0.0,0.00924823113864726,0.3622953846153947,-1.96217552381899e-14,1.465841337200402e-15
Wheat|North Dakota|2025|spring,Wheat,North Dakota,2025,frost_cold,-0.00619293306567591,0.00619293306567591,0.00924823113864726,0.3622953846153947,-1.96217552381899e-14,1.465841337200402e-15
Wheat|North Dakota|2025|spring,Wheat,North Dakota,2025,excess_rain,-0.002319264841761662,0.002319264841761662,0.00924823113864726,0.3622953846153947,-1.96217552381899e-14,1.465841337200402e-15
Wheat|North Dakota|2025|spring,Wheat,North Dakota,2025,radiation,0.0070604173672450515,0.0,0.00924823113864726,0.3622953846153947,-1.96217552381899e-14,1.465841337200402e-15
Wheat|Oklahoma|2025|winter,Wheat,Oklahoma,2025,heat,0.013511852641224899,0.0,0.12830305555555407,0.6724861538461542,-1.96217552381899e-14,1.2490009027033011e-15
Wheat|Oklahoma|2025|winter,Wheat,Oklahoma,2025,drought,0.021594664845845872,0.0,0.12830305555555407,0.6724861538461542,-1.96217552381899e-14,1.2490009027033011e-15
Wheat|Oklahoma|2025|winter,Wheat,Oklahoma,2025,frost_cold,-0.014991818297096733,0.014991818297096733,0.12830305555555407,0.6724861538461542,-1.96217552381899e-14,1.2490009027033011e-15
Wheat|Oklahoma|2025|winter,Wheat,Oklahoma,2025,excess_rain,0.10084165669430714,0.0,0.12830305555555407,0.6724861538461542,-1.96217552381899e-14,1.2490009027033011e-15
Wheat|Oklahoma|2025|winter,Wheat,Oklahoma,2025,radiation,0.009463474324966432,0.0,0.12830305555555407,0.6724861538461542,-1.96217552381899e-14,1.2490009027033011e-15
Wheat|South Dakota|2025|spring,Wheat,South Dakota,2025,heat,-0.042075026519979734,0.042075026519979734,0.02485482440982236,-0.2773538461538654,-1.96217552381899e-14,2.8657631823136853e-15
Wheat|South Dakota|2025|spring,Wheat,South Dakota,2025,drought,0.038554068347183834,0.0,0.02485482440982236,-0.2773538461538654,-1.96217552381899e-14,2.8657631823136853e-15
Wheat|South Dakota|2025|spring,Wheat,South Dakota,2025,frost_cold,0.03428849696487592,0.0,0.02485482440982236,-0.2773538461538654,-1.96217552381899e-14,2.8657631823136853e-15
Wheat|South Dakota|2025|spring,Wheat,South Dakota,2025,excess_rain,0.000609918209673964,0.0,0.02485482440982236,-0.2773538461538654,-1.96217552381899e-14,2.8657631823136853e-15
Wheat|South Dakota|2025|spring,Wheat,South Dakota,2025,radiation,-0.00018640667143197563,0.00018640667143197563,0.02485482440982236,-0.2773538461538654,-1.96217552381899e-14,2.8657631823136853e-15
Wheat|Texas|2025|winter,Wheat,Texas,2025,heat,-0.049933785582521636,0.049933785582521636,-0.09693163213268491,0.510078461538463,-1.96217552381899e-14,3.566591466608315e-15
Wheat|Texas|2025|winter,Wheat,Texas,2025,drought,-0.05044054278399662,0.05044054278399662,-0.09693163213268491,0.510078461538463,-1.96217552381899e-14,3.566591466608315e-15
Wheat|Texas|2025|winter,Wheat,Texas,2025,frost_cold,-0.01153154544670776,0.01153154544670776,-0.09693163213268491,0.510078461538463,-1.96217552381899e-14,3.566591466608315e-15
Wheat|Texas|2025|winter,Wheat,Texas,2025,excess_rain,0.002752875327850051,0.0,-0.09693163213268491,0.510078461538463,-1.96217552381899e-14,3.566591466608315e-15
Wheat|Texas|2025|winter,Wheat,Texas,2025,radiation,0.005853831668806584,0.0,-0.09693163213268491,0.510078461538463,-1.96217552381899e-14,3.566591466608315e-15
Wheat|Washington|2025|winter,Wheat,Washington,2025,heat,0.003569777134591573,0.0,0.0415420725783269,0.04417692307692267,-1.96217552381899e-14,2.7755575615628914e-16
Wheat|Washington|2025|winter,Wheat,Washington,2025,drought,0.022583134490537317,0.0,0.0415420725783269,0.04417692307692267,-1.96217552381899e-14,2.7755575615628914e-16
Wheat|Washington|2025|winter,Wheat,Washington,2025,frost_cold,-0.01317160594394875,0.01317160594394875,0.0415420725783269,0.04417692307692267,-1.96217552381899e-14,2.7755575615628914e-16
Wheat|Washington|2025|winter,Wheat,Washington,2025,excess_rain,0.021621206734126194,0.0,0.0415420725783269,0.04417692307692267,-1.96217552381899e-14,2.7755575615628914e-16
Wheat|Washington|2025|winter,Wheat,Washington,2025,radiation,0.00022707164188007136,0.0,0.0415420725783269,0.04417692307692267,-1.96217552381899e-14,2.7755575615628914e-16
